{"type": "FeatureCollection", "_meta": {"source": "OpenStreetMap Overpass", "coord_system": "GCJ-02"}, "features": [{"type": "Feature", "properties": {"osm_id": 26483920, "name": "浙江宾馆", "kind": "other", "network": "", "operator": "", "route_ref": ""}, "geometry": {"type": "Point", "coordinates": [120.12613844124677, 30.23525319685373]}}, {"type": "Feature", "properties": {"osm_id": 26483924, "name": "双峰", "kind": "other", "network": "", "operator": "", "route_ref": ""}, "geometry": {"type": "Point", "coordinates": [120.12430737804901, 30.232491344418758]}}, {"type": "Feature", "properties": {"osm_id": 27446941, "name": "丝绸博物馆", "kind": "other", "network": "", "operator": "", "route_ref": ""}, "geometry": {"type": "Point", "coordinates": [120.15270092015656, 30.22265603536693]}}, {"type": "Feature", "properties": {"osm_id": 27446968, "name": "动物园东", "kind": "other", "network": "", "operator": "", "route_ref": ""}, "geometry": {"type": "Point", "coordinates": [120.13719567228127, 30.213373913606333]}}, {"type": "Feature", "properties": {"osm_id": 331273899, "name": "赤山埠", "kind": "other", "network": "", "operator": "", "route_ref": ""}, "geometry": {"type": "Point", "coordinates": [120.13823927905499, 30.223632785274894]}}, {"type": "Feature", "properties": {"osm_id": 604278237, "name": "钱塘江", "kind": "subway", "network": "", "operator": "", "route_ref": ""}, "geometry": {"type": "Point", "coordinates": [120.15959450880442, 30.177394689680483]}}, {"type": "Feature", "properties": {"osm_id": 604278239, "name": "南星桥", "kind": "subway", "network": "", "operator": "", "route_ref": ""}, "geometry": {"type": "Point", "coordinates": [120.17161366244318, 30.217253496704824]}}, {"type": "Feature", "properties": {"osm_id": 748722167, "name": "钱塘江大桥南岸", "kind": "bus", "network": "", "operator": "", "route_ref": ""}, "geometry": {"type": "Point", "coordinates": [120.14946332230234, 30.18553812286679]}}, {"type": "Feature", "properties": {"osm_id": 748722169, "name": "钱塘江大桥南岸", "kind": "bus", "network": "", "operator": "", "route_ref": ""}, "geometry": {"type": "Point", "coordinates": [120.15028967331862, 30.18533718260256]}}, {"type": "Feature", "properties": {"osm_id": 770741689, "name": "闸口", "kind": "bus", "network": "", "operator": "", "route_ref": ""}, "geometry": {"type": "Point", "coordinates": [120.15136697382631, 30.203522614178613]}}, {"type": "Feature", "properties": {"osm_id": 1251278867, "name": "复兴城市家园", "kind": "other", "network": "", "operator": "", "route_ref": ""}, "geometry": {"type": "Point", "coordinates": [120.15612763120505, 30.208416260320167]}}, {"type": "Feature", "properties": {"osm_id": 1253600989, "name": "闸口", "kind": "bus", "network": "", "operator": "", "route_ref": ""}, "geometry": {"type": "Point", "coordinates": [120.15095969211703, 30.203595084861103]}}, {"type": "Feature", "properties": {"osm_id": 1286463052, "name": "协同桥", "kind": "other", "network": "", "operator": "", "route_ref": ""}, "geometry": {"type": "Point", "coordinates": [120.22738338031525, 30.190937889184628]}}, {"type": "Feature", "properties": {"osm_id": 1668896898, "name": "滨文路光裕路口", "kind": "other", "network": "", "operator": "", "route_ref": ""}, "geometry": {"type": "Point", "coordinates": [120.1971280361427, 30.17335261758201]}}, {"type": "Feature", "properties": {"osm_id": 1668896987, "name": "江晖南路滨文路口", "kind": "other", "network": "", "operator": "", "route_ref": ""}, "geometry": {"type": "Point", "coordinates": [120.21165062698466, 30.16977821190209]}}, {"type": "Feature", "properties": {"osm_id": 1696278000, "name": "上仓桥", "kind": "other", "network": "", "operator": "", "route_ref": ""}, "geometry": {"type": "Point", "coordinates": [120.17045207740638, 30.23077926370886]}}, {"type": "Feature", "properties": {"osm_id": 1705881473, "name": "甘水巷", "kind": "other", "network": "", "operator": "", "route_ref": ""}, "geometry": {"type": "Point", "coordinates": [120.14459341047244, 30.200647190524137]}}, {"type": "Feature", "properties": {"osm_id": 1734958910, "name": "月湾潭", "kind": "other", "network": "", "operator": "", "route_ref": ""}, "geometry": {"type": "Point", "coordinates": [120.19499023709857, 30.170704342242868]}}, {"type": "Feature", "properties": {"osm_id": 1800571165, "name": "铁岭关", "kind": "bus", "network": "", "operator": "", "route_ref": ""}, "geometry": {"type": "Point", "coordinates": [120.2182077546644, 30.188608295768972]}}, {"type": "Feature", "properties": {"osm_id": 1800592562, "name": "春晓路滨和路口", "kind": "bus", "network": "", "operator": "", "route_ref": ""}, "geometry": {"type": "Point", "coordinates": [120.21408889857601, 30.20042286556697]}}, {"type": "Feature", "properties": {"osm_id": 1979829669, "name": "三廊庙", "kind": "other", "network": "", "operator": "", "route_ref": ""}, "geometry": {"type": "Point", "coordinates": [120.1762880528047, 30.220005541540907]}}, {"type": "Feature", "properties": {"osm_id": 2302549494, "name": "东冠公交总站", "kind": "bus", "network": "", "operator": "", "route_ref": ""}, "geometry": {"type": "Point", "coordinates": [120.1601165618057, 30.162657511473043]}}, {"type": "Feature", "properties": {"osm_id": 2302549496, "name": "彩虹城", "kind": "bus", "network": "", "operator": "", "route_ref": ""}, "geometry": {"type": "Point", "coordinates": [120.15652939976786, 30.187127088090527]}}, {"type": "Feature", "properties": {"osm_id": 2302549616, "name": "钱江湾花园总站", "kind": "bus", "network": "", "operator": "", "route_ref": ""}, "geometry": {"type": "Point", "coordinates": [120.13515956806026, 30.176735578696608]}}, {"type": "Feature", "properties": {"osm_id": 2314451577, "name": "六眼井", "kind": "other", "network": "", "operator": "", "route_ref": ""}, "geometry": {"type": "Point", "coordinates": [120.22457538816488, 30.188900842517963]}}, {"type": "Feature", "properties": {"osm_id": 2697099761, "name": "美政路", "kind": "bus", "network": "", "operator": "", "route_ref": ""}, "geometry": {"type": "Point", "coordinates": [120.16963773670614, 30.211990691837748]}}, {"type": "Feature", "properties": {"osm_id": 2907234980, "name": "凤凰新村", "kind": "other", "network": "", "operator": "", "route_ref": ""}, "geometry": {"type": "Point", "coordinates": [120.1689101029399, 30.22143752953993]}}, {"type": "Feature", "properties": {"osm_id": 2918158242, "name": "富春路候潮东路口", "kind": "other", "network": "", "operator": "", "route_ref": ""}, "geometry": {"type": "Point", "coordinates": [120.18757802370271, 30.22177857728218]}}, {"type": "Feature", "properties": {"osm_id": 2933008084, "name": "滨和路", "kind": "railway", "network": "", "operator": "", "route_ref": ""}, "geometry": {"type": "Point", "coordinates": [120.21760380514692, 30.199485386673846]}}, {"type": "Feature", "properties": {"osm_id": 2933008085, "name": "西兴", "kind": "railway", "network": "", "operator": "", "route_ref": ""}, "geometry": {"type": "Point", "coordinates": [120.2206591843909, 30.18732505681431]}}, {"type": "Feature", "properties": {"osm_id": 2933008086, "name": "近江", "kind": "railway", "network": "", "operator": "", "route_ref": ""}, "geometry": {"type": "Point", "coordinates": [120.19743705899018, 30.23098166019505]}}, {"type": "Feature", "properties": {"osm_id": 2933013374, "name": "滨康路", "kind": "railway", "network": "", "operator": "", "route_ref": ""}, "geometry": {"type": "Point", "coordinates": [120.23112865968008, 30.183706765739792]}}, {"type": "Feature", "properties": {"osm_id": 3110732875, "name": "联庄", "kind": "railway", "network": "", "operator": "", "route_ref": ""}, "geometry": {"type": "Point", "coordinates": [120.15184411303686, 30.186289983054714]}}, {"type": "Feature", "properties": {"osm_id": 3365335828, "name": "时代大道秋溢路口", "kind": "other", "network": "", "operator": "", "route_ref": ""}, "geometry": {"type": "Point", "coordinates": [120.1886203161523, 30.187592499256425]}}, {"type": "Feature", "properties": {"osm_id": 3365335833, "name": "中兴立交", "kind": "other", "network": "", "operator": "", "route_ref": ""}, "geometry": {"type": "Point", "coordinates": [120.18696045223078, 30.195516231519747]}}, {"type": "Feature", "properties": {"osm_id": 3455581720, "name": "钱江", "kind": "other", "network": "", "operator": "", "route_ref": ""}, "geometry": {"type": "Point", "coordinates": [120.18195301760606, 30.19192350007662]}}, {"type": "Feature", "properties": {"osm_id": 3508240338, "name": "双贤桥", "kind": "other", "network": "", "operator": "", "route_ref": ""}, "geometry": {"type": "Point", "coordinates": [120.18585077738946, 30.145684203407676]}}, {"type": "Feature", "properties": {"osm_id": 3517602836, "name": "冠浦桥东", "kind": "other", "network": "", "operator": "", "route_ref": ""}, "geometry": {"type": "Point", "coordinates": [120.17973250314198, 30.158875468906615]}}, {"type": "Feature", "properties": {"osm_id": 3517602840, "name": "冠浦桥东", "kind": "other", "network": "", "operator": "", "route_ref": ""}, "geometry": {"type": "Point", "coordinates": [120.17983013231166, 30.16033383249145]}}, {"type": "Feature", "properties": {"osm_id": 3554145894, "name": "时代大道秋溢路口", "kind": "bus", "network": "", "operator": "", "route_ref": ""}, "geometry": {"type": "Point", "coordinates": [120.18870307262488, 30.18757754684485]}}, {"type": "Feature", "properties": {"osm_id": 3554145895, "name": "红新园", "kind": "bus", "network": "", "operator": "", "route_ref": ""}, "geometry": {"type": "Point", "coordinates": [120.19017210791885, 30.18664262238531]}}, {"type": "Feature", "properties": {"osm_id": 3554145896, "name": "羊前圩", "kind": "bus", "network": "", "operator": "", "route_ref": ""}, "geometry": {"type": "Point", "coordinates": [120.19496255217747, 30.18679755460244]}}, {"type": "Feature", "properties": {"osm_id": 3554145898, "name": "江边", "kind": "bus", "network": "", "operator": "", "route_ref": ""}, "geometry": {"type": "Point", "coordinates": [120.19218496171504, 30.196034829561647]}}, {"type": "Feature", "properties": {"osm_id": 3554145899, "name": "江边", "kind": "bus", "network": "", "operator": "", "route_ref": ""}, "geometry": {"type": "Point", "coordinates": [120.19250849538469, 30.196816188353345]}}, {"type": "Feature", "properties": {"osm_id": 3554145902, "name": "滨盛路建业路口", "kind": "bus", "network": "", "operator": "", "route_ref": ""}, "geometry": {"type": "Point", "coordinates": [120.17688975415767, 30.19382894803487]}}, {"type": "Feature", "properties": {"osm_id": 3554145903, "name": "滨盛路建业路口", "kind": "bus", "network": "", "operator": "", "route_ref": ""}, "geometry": {"type": "Point", "coordinates": [120.17705269500189, 30.194192057497975]}}, {"type": "Feature", "properties": {"osm_id": 3621293318, "name": "羊前圩", "kind": "bus", "network": "", "operator": "", "route_ref": ""}, "geometry": {"type": "Point", "coordinates": [120.1976665312369, 30.18658924348822]}}, {"type": "Feature", "properties": {"osm_id": 3727813586, "name": "大资福庙前", "kind": "other", "network": "", "operator": "", "route_ref": ""}, "geometry": {"type": "Point", "coordinates": [120.16311428524553, 30.21212666256247]}}, {"type": "Feature", "properties": {"osm_id": 3776037816, "name": "钱江", "kind": "bus", "network": "", "operator": "", "route_ref": ""}, "geometry": {"type": "Point", "coordinates": [120.1818275672768, 30.19162322166702]}}, {"type": "Feature", "properties": {"osm_id": 3776037817, "name": "江三", "kind": "bus", "network": "", "operator": "", "route_ref": ""}, "geometry": {"type": "Point", "coordinates": [120.17612598499069, 30.18947628619998]}}, {"type": "Feature", "properties": {"osm_id": 3776037818, "name": "江三", "kind": "bus", "network": "", "operator": "", "route_ref": ""}, "geometry": {"type": "Point", "coordinates": [120.17812282684618, 30.18995483176655]}}, {"type": "Feature", "properties": {"osm_id": 3787640588, "name": "共联村", "kind": "bus", "network": "", "operator": "", "route_ref": ""}, "geometry": {"type": "Point", "coordinates": [120.21485814657103, 30.208395155410894]}}, {"type": "Feature", "properties": {"osm_id": 3787640592, "name": "泰安路丹枫路口", "kind": "bus", "network": "", "operator": "", "route_ref": ""}, "geometry": {"type": "Point", "coordinates": [120.2097113869377, 30.209378174291633]}}, {"type": "Feature", "properties": {"osm_id": 3787640593, "name": "共联村", "kind": "bus", "network": "", "operator": "", "route_ref": ""}, "geometry": {"type": "Point", "coordinates": [120.21504547786296, 30.208024083145705]}}, {"type": "Feature", "properties": {"osm_id": 3787640594, "name": "江陵路缤纷街口", "kind": "bus", "network": "", "operator": "", "route_ref": ""}, "geometry": {"type": "Point", "coordinates": [120.21612801773396, 30.211041621103792]}}, {"type": "Feature", "properties": {"osm_id": 3787640595, "name": "江陵路缤纷街口", "kind": "bus", "network": "", "operator": "", "route_ref": ""}, "geometry": {"type": "Point", "coordinates": [120.21571626555068, 30.211015461267124]}}, {"type": "Feature", "properties": {"osm_id": 3787640596, "name": "江陵路月明路口", "kind": "bus", "network": "", "operator": "", "route_ref": ""}, "geometry": {"type": "Point", "coordinates": [120.2166598354779, 30.206638479120116]}}, {"type": "Feature", "properties": {"osm_id": 3787640597, "name": "江陵路月明路口", "kind": "bus", "network": "", "operator": "", "route_ref": ""}, "geometry": {"type": "Point", "coordinates": [120.21693053451432, 30.20682974015534]}}, {"type": "Feature", "properties": {"osm_id": 3953406141, "name": "地铁长河站C口", "kind": "other", "network": "", "operator": "", "route_ref": ""}, "geometry": {"type": "Point", "coordinates": [120.19056687673711, 30.19644927061328]}}, {"type": "Feature", "properties": {"osm_id": 3953406142, "name": "滨盛路时代大道口", "kind": "bus", "network": "", "operator": "", "route_ref": ""}, "geometry": {"type": "Point", "coordinates": [120.18696752906374, 30.19908799838276]}}, {"type": "Feature", "properties": {"osm_id": 3953406143, "name": "滨盛路时代大道口", "kind": "bus", "network": "", "operator": "", "route_ref": ""}, "geometry": {"type": "Point", "coordinates": [120.18663106869909, 30.19845958862852]}}, {"type": "Feature", "properties": {"osm_id": 3953406144, "name": "滨盛桥", "kind": "bus", "network": "", "operator": "", "route_ref": ""}, "geometry": {"type": "Point", "coordinates": [120.18177123065239, 30.196355157855987]}}, {"type": "Feature", "properties": {"osm_id": 3953406145, "name": "滨盛桥", "kind": "bus", "network": "", "operator": "", "route_ref": ""}, "geometry": {"type": "Point", "coordinates": [120.18120497516719, 30.19577679464878]}}, {"type": "Feature", "properties": {"osm_id": 3953406149, "name": "长河路同人街口", "kind": "bus", "network": "", "operator": "", "route_ref": ""}, "geometry": {"type": "Point", "coordinates": [120.190536206155, 30.202940261489324]}}, {"type": "Feature", "properties": {"osm_id": 3953406150, "name": "滨盛路长河路口", "kind": "bus", "network": "", "operator": "", "route_ref": ""}, "geometry": {"type": "Point", "coordinates": [120.19227360580658, 30.202037978419295]}}, {"type": "Feature", "properties": {"osm_id": 4059699012, "name": "虎跑", "kind": "bus", "network": "", "operator": "", "route_ref": ""}, "geometry": {"type": "Point", "coordinates": [120.13513865572105, 30.210269227370215]}}, {"type": "Feature", "properties": {"osm_id": 4150499124, "name": "双峰", "kind": "bus", "network": "", "operator": "", "route_ref": ""}, "geometry": {"type": "Point", "coordinates": [120.12425897043379, 30.232520588290342]}}, {"type": "Feature", "properties": {"osm_id": 4150499126, "name": "浙江宾馆", "kind": "bus", "network": "", "operator": "", "route_ref": ""}, "geometry": {"type": "Point", "coordinates": [120.12595456273019, 30.23486093920223]}}, {"type": "Feature", "properties": {"osm_id": 4160512399, "name": "动物园", "kind": "bus", "network": "", "operator": "", "route_ref": ""}, "geometry": {"type": "Point", "coordinates": [120.13571833215433, 30.214982385240862]}}, {"type": "Feature", "properties": {"osm_id": 4316712194, "name": "泰围园", "kind": "other", "network": "", "operator": "", "route_ref": ""}, "geometry": {"type": "Point", "coordinates": [120.18870461681175, 30.202570582442537]}}, {"type": "Feature", "properties": {"osm_id": 4316712196, "name": "泰围园", "kind": "bus", "network": "", "operator": "", "route_ref": ""}, "geometry": {"type": "Point", "coordinates": [120.18864788935453, 30.202647990559708]}}, {"type": "Feature", "properties": {"osm_id": 4316712197, "name": "滨盛路长河路口", "kind": "bus", "network": "", "operator": "", "route_ref": ""}, "geometry": {"type": "Point", "coordinates": [120.19255148671554, 30.201804667972542]}}, {"type": "Feature", "properties": {"osm_id": 4327828309, "name": "时代大道秋溢路口", "kind": "bus", "network": "", "operator": "", "route_ref": ""}, "geometry": {"type": "Point", "coordinates": [120.18824563896008, 30.18789130062433]}}, {"type": "Feature", "properties": {"osm_id": 4327828310, "name": "红新园", "kind": "bus", "network": "", "operator": "", "route_ref": ""}, "geometry": {"type": "Point", "coordinates": [120.19048477631301, 30.186369242111013]}}, {"type": "Feature", "properties": {"osm_id": 4427428609, "name": "净寺", "kind": "bus", "network": "", "operator": "", "route_ref": ""}, "geometry": {"type": "Point", "coordinates": [120.1497082059831, 30.229880517659012]}}, {"type": "Feature", "properties": {"osm_id": 4427428682, "name": "长桥", "kind": "bus", "network": "", "operator": "", "route_ref": ""}, "geometry": {"type": "Point", "coordinates": [120.1528449058602, 30.229574555476127]}}, {"type": "Feature", "properties": {"osm_id": 4820240819, "name": "白马湖北", "kind": "other", "network": "", "operator": "", "route_ref": ""}, "geometry": {"type": "Point", "coordinates": [120.20091550286926, 30.16026562806815]}}, {"type": "Feature", "properties": {"osm_id": 4820437414, "name": "北塘头", "kind": "bus", "network": "", "operator": "", "route_ref": ""}, "geometry": {"type": "Point", "coordinates": [120.1833418968971, 30.186189028934677]}}, {"type": "Feature", "properties": {"osm_id": 4820437415, "name": "北塘头", "kind": "bus", "network": "", "operator": "", "route_ref": ""}, "geometry": {"type": "Point", "coordinates": [120.18357827470074, 30.185966876392822]}}, {"type": "Feature", "properties": {"osm_id": 4820437420, "name": "滨安路时代大道口", "kind": "bus", "network": "", "operator": "", "route_ref": ""}, "geometry": {"type": "Point", "coordinates": [120.18674852007427, 30.186433495285264]}}, {"type": "Feature", "properties": {"osm_id": 4820437542, "name": "长河路滨安路口", "kind": "bus", "network": "", "operator": "", "route_ref": ""}, "geometry": {"type": "Point", "coordinates": [120.19587558059318, 30.18813091524648]}}, {"type": "Feature", "properties": {"osm_id": 4820437543, "name": "长河路滨安路口", "kind": "bus", "network": "", "operator": "", "route_ref": ""}, "geometry": {"type": "Point", "coordinates": [120.19628957114985, 30.187607970016106]}}, {"type": "Feature", "properties": {"osm_id": 4920068304, "name": "滨文路公交总站外", "kind": "bus", "network": "", "operator": "", "route_ref": ""}, "geometry": {"type": "Point", "coordinates": [120.16608520211268, 30.173739959397246]}}, {"type": "Feature", "properties": {"osm_id": 5014435526, "name": "西浦路", "kind": "railway", "network": "", "operator": "", "route_ref": ""}, "geometry": {"type": "Point", "coordinates": [120.13713501814982, 30.168528174188875]}}, {"type": "Feature", "properties": {"osm_id": 5014435536, "name": "星民", "kind": "railway", "network": "", "operator": "", "route_ref": ""}, "geometry": {"type": "Point", "coordinates": [120.22388198403848, 30.21316095642503]}}, {"type": "Feature", "properties": {"osm_id": 5014435537, "name": "江汉路", "kind": "railway", "network": "", "operator": "", "route_ref": ""}, "geometry": {"type": "Point", "coordinates": [120.20480402447939, 30.20277982782476]}}, {"type": "Feature", "properties": {"osm_id": 5014435539, "name": "建业路", "kind": "railway", "network": "", "operator": "", "route_ref": ""}, "geometry": {"type": "Point", "coordinates": [120.18041953582981, 30.19110694868821]}}, {"type": "Feature", "properties": {"osm_id": 5014435542, "name": "诚业路", "kind": "railway", "network": "", "operator": "", "route_ref": ""}, "geometry": {"type": "Point", "coordinates": [120.16980041788774, 30.186560178495213]}}, {"type": "Feature", "properties": {"osm_id": 5017443419, "name": "中医药大学", "kind": "railway", "network": "", "operator": "", "route_ref": ""}, "geometry": {"type": "Point", "coordinates": [120.14636342354879, 30.17577107558098]}}, {"type": "Feature", "properties": {"osm_id": 5017444213, "name": "滨康路", "kind": "railway", "network": "", "operator": "", "route_ref": ""}, "geometry": {"type": "Point", "coordinates": [120.23110562866735, 30.182839047574]}}, {"type": "Feature", "properties": {"osm_id": 5022513762, "name": "望江门", "kind": "other", "network": "", "operator": "", "route_ref": ""}, "geometry": {"type": "Point", "coordinates": [120.17621436013489, 30.235357618276463]}}, {"type": "Feature", "properties": {"osm_id": 5025989987, "name": "雄镇楼", "kind": "other", "network": "", "operator": "", "route_ref": ""}, "geometry": {"type": "Point", "coordinates": [120.17294867804837, 30.228242490776942]}}, {"type": "Feature", "properties": {"osm_id": 5027322484, "name": "复兴路紫花路口", "kind": "other", "network": "", "operator": "", "route_ref": ""}, "geometry": {"type": "Point", "coordinates": [120.17058537884363, 30.214100139138427]}}, {"type": "Feature", "properties": {"osm_id": 5044611381, "name": "滨文路公交总站", "kind": "other", "network": "", "operator": "", "route_ref": ""}, "geometry": {"type": "Point", "coordinates": [120.16502546161635, 30.172851078900266]}}, {"type": "Feature", "properties": {"osm_id": 5052405856, "name": "里太祖湾", "kind": "other", "network": "", "operator": "", "route_ref": ""}, "geometry": {"type": "Point", "coordinates": [120.16725829304613, 30.215112915344434]}}, {"type": "Feature", "properties": {"osm_id": 5081858286, "name": "长河路滨和路口", "kind": "bus", "network": "", "operator": "", "route_ref": ""}, "geometry": {"type": "Point", "coordinates": [120.1947977748561, 30.193478056761332]}}, {"type": "Feature", "properties": {"osm_id": 5081858287, "name": "滨安路江虹路口", "kind": "bus", "network": "", "operator": "", "route_ref": ""}, "geometry": {"type": "Point", "coordinates": [120.20182375045715, 30.186915463727985]}}, {"type": "Feature", "properties": {"osm_id": 5081858288, "name": "滨安路江虹路口", "kind": "bus", "network": "", "operator": "", "route_ref": ""}, "geometry": {"type": "Point", "coordinates": [120.20438648665149, 30.186632999247422]}}, {"type": "Feature", "properties": {"osm_id": 5081858289, "name": "滨安路江淑路口", "kind": "bus", "network": "", "operator": "", "route_ref": ""}, "geometry": {"type": "Point", "coordinates": [120.20837198256868, 30.186721919772342]}}, {"type": "Feature", "properties": {"osm_id": 5092079416, "name": "古海月桥", "kind": "other", "network": "", "operator": "", "route_ref": ""}, "geometry": {"type": "Point", "coordinates": [120.16357018397625, 30.207809684926982]}}, {"type": "Feature", "properties": {"osm_id": 5094667980, "name": "江汉东路新联路口", "kind": "bus", "network": "", "operator": "", "route_ref": ""}, "geometry": {"type": "Point", "coordinates": [120.22558431076486, 30.197703515357674]}}, {"type": "Feature", "properties": {"osm_id": 5094667981, "name": "江汉东路新联路口", "kind": "bus", "network": "", "operator": "", "route_ref": ""}, "geometry": {"type": "Point", "coordinates": [120.22697210726857, 30.19754821302649]}}, {"type": "Feature", "properties": {"osm_id": 5094667982, "name": "江汉路公交总站外", "kind": "bus", "network": "", "operator": "", "route_ref": ""}, "geometry": {"type": "Point", "coordinates": [120.2160367436464, 30.196696767452973]}}, {"type": "Feature", "properties": {"osm_id": 5094667983, "name": "江汉路公交总站外", "kind": "bus", "network": "", "operator": "", "route_ref": ""}, "geometry": {"type": "Point", "coordinates": [120.21636856895087, 30.196547926041617]}}, {"type": "Feature", "properties": {"osm_id": 5094667995, "name": "滨兴东苑", "kind": "bus", "network": "", "operator": "", "route_ref": ""}, "geometry": {"type": "Point", "coordinates": [120.2013849974717, 30.19608942235638]}}, {"type": "Feature", "properties": {"osm_id": 5094667996, "name": "滨兴东苑", "kind": "bus", "network": "", "operator": "", "route_ref": ""}, "geometry": {"type": "Point", "coordinates": [120.20119777820238, 30.195765116102]}}, {"type": "Feature", "properties": {"osm_id": 5110741805, "name": "白马湖小区白鹤苑", "kind": "other", "network": "", "operator": "", "route_ref": ""}, "geometry": {"type": "Point", "coordinates": [120.20969852378569, 30.167097448354735]}}, {"type": "Feature", "properties": {"osm_id": 5122411872, "name": "三廊庙公交总站", "kind": "other", "network": "", "operator": "", "route_ref": ""}, "geometry": {"type": "Point", "coordinates": [120.17586515426028, 30.217979215067473]}}, {"type": "Feature", "properties": {"osm_id": 5122414388, "name": "南星桥", "kind": "railway", "network": "", "operator": "", "route_ref": ""}, "geometry": {"type": "Point", "coordinates": [120.1777719367395, 30.216932844276123]}}, {"type": "Feature", "properties": {"osm_id": 5128726906, "name": "白金海岸14幢", "kind": "other", "network": "", "operator": "", "route_ref": ""}, "geometry": {"type": "Point", "coordinates": [120.1883646042437, 30.202466600721905]}}, {"type": "Feature", "properties": {"osm_id": 5141045427, "name": "南山路万松岭路口", "kind": "bus", "network": "", "operator": "", "route_ref": ""}, "geometry": {"type": "Point", "coordinates": [120.15631640223586, 30.234580704946623]}}, {"type": "Feature", "properties": {"osm_id": 5168332655, "name": "上满觉陇", "kind": "bus", "network": "", "operator": "", "route_ref": ""}, "geometry": {"type": "Point", "coordinates": [120.12302729647756, 30.216891398314186]}}, {"type": "Feature", "properties": {"osm_id": 5177521238, "name": "江畔云庐5幢", "kind": "other", "network": "", "operator": "", "route_ref": ""}, "geometry": {"type": "Point", "coordinates": [120.15724683575735, 30.17614157395135]}}, {"type": "Feature", "properties": {"osm_id": 5177896106, "name": "滨文路明德路口", "kind": "other", "network": "", "operator": "", "route_ref": ""}, "geometry": {"type": "Point", "coordinates": [120.15389676082354, 30.173549424279194]}}, {"type": "Feature", "properties": {"osm_id": 5177915515, "name": "滨文路公交总站外", "kind": "bus", "network": "", "operator": "", "route_ref": ""}, "geometry": {"type": "Point", "coordinates": [120.16413583538846, 30.173461734780602]}}, {"type": "Feature", "properties": {"osm_id": 5177915516, "name": "楼下里", "kind": "bus", "network": "", "operator": "", "route_ref": ""}, "geometry": {"type": "Point", "coordinates": [120.16709277328545, 30.172072628882646]}}, {"type": "Feature", "properties": {"osm_id": 5177915517, "name": "楼下里", "kind": "bus", "network": "", "operator": "", "route_ref": ""}, "geometry": {"type": "Point", "coordinates": [120.16746222035032, 30.17141771772611]}}, {"type": "Feature", "properties": {"osm_id": 5177915518, "name": "岩大房", "kind": "bus", "network": "", "operator": "", "route_ref": ""}, "geometry": {"type": "Point", "coordinates": [120.16712764239713, 30.1693616624703]}}, {"type": "Feature", "properties": {"osm_id": 5177915519, "name": "岩大房", "kind": "bus", "network": "", "operator": "", "route_ref": ""}, "geometry": {"type": "Point", "coordinates": [120.16753531956219, 30.16922990013573]}}, {"type": "Feature", "properties": {"osm_id": 5177915520, "name": "滨文路明德路口", "kind": "bus", "network": "", "operator": "", "route_ref": ""}, "geometry": {"type": "Point", "coordinates": [120.15390374637893, 30.17360911479505]}}, {"type": "Feature", "properties": {"osm_id": 5177915621, "name": "滨文路明德路口", "kind": "bus", "network": "", "operator": "", "route_ref": ""}, "geometry": {"type": "Point", "coordinates": [120.15577398911186, 30.173484721218358]}}, {"type": "Feature", "properties": {"osm_id": 5177915622, "name": "滨文路浦沿路口", "kind": "bus", "network": "", "operator": "", "route_ref": ""}, "geometry": {"type": "Point", "coordinates": [120.1486141706587, 30.172160825256846]}}, {"type": "Feature", "properties": {"osm_id": 5181607007, "name": "浦沿横塘里", "kind": "other", "network": "", "operator": "", "route_ref": ""}, "geometry": {"type": "Point", "coordinates": [120.14434326530176, 30.1558136203351]}}, {"type": "Feature", "properties": {"osm_id": 5182825391, "name": "地铁浦沿站A口", "kind": "bus", "network": "", "operator": "", "route_ref": ""}, "geometry": {"type": "Point", "coordinates": [120.15479805513358, 30.16183987165779]}}, {"type": "Feature", "properties": {"osm_id": 5182825401, "name": "蔡何家", "kind": "bus", "network": "", "operator": "", "route_ref": ""}, "geometry": {"type": "Point", "coordinates": [120.15979667043057, 30.164846357152733]}}, {"type": "Feature", "properties": {"osm_id": 5182825402, "name": "蔡何家", "kind": "bus", "network": "", "operator": "", "route_ref": ""}, "geometry": {"type": "Point", "coordinates": [120.16051415110906, 30.1655220001078]}}, {"type": "Feature", "properties": {"osm_id": 5189712293, "name": "时代大道秋溢路口", "kind": "other", "network": "", "operator": "", "route_ref": ""}, "geometry": {"type": "Point", "coordinates": [120.18831583431302, 30.187905372314503]}}, {"type": "Feature", "properties": {"osm_id": 5248293718, "name": "三廊庙", "kind": "bus", "network": "", "operator": "", "route_ref": ""}, "geometry": {"type": "Point", "coordinates": [120.17626204197911, 30.218942524147057]}}, {"type": "Feature", "properties": {"osm_id": 5265725523, "name": "杭二中", "kind": "bus", "network": "", "operator": "", "route_ref": ""}, "geometry": {"type": "Point", "coordinates": [120.1371115262089, 30.176248999077693]}}, {"type": "Feature", "properties": {"osm_id": 5265725524, "name": "杭二中", "kind": "bus", "network": "", "operator": "", "route_ref": ""}, "geometry": {"type": "Point", "coordinates": [120.13884361002182, 30.17605791437938]}}, {"type": "Feature", "properties": {"osm_id": 5267932748, "name": "地铁中医药大学站B口", "kind": "bus", "network": "", "operator": "", "route_ref": ""}, "geometry": {"type": "Point", "coordinates": [120.14447803623803, 30.176142940113735]}}, {"type": "Feature", "properties": {"osm_id": 5267932749, "name": "地铁中医药大学站B口", "kind": "bus", "network": "", "operator": "", "route_ref": ""}, "geometry": {"type": "Point", "coordinates": [120.14500690015501, 30.176420860463534]}}, {"type": "Feature", "properties": {"osm_id": 5338553775, "name": "钱江路飞云江路口", "kind": "bus", "network": "", "operator": "", "route_ref": ""}, "geometry": {"type": "Point", "coordinates": [120.17839316583387, 30.21806443940094]}}, {"type": "Feature", "properties": {"osm_id": 5338553776, "name": "钱江路飞云江路口", "kind": "bus", "network": "", "operator": "", "route_ref": ""}, "geometry": {"type": "Point", "coordinates": [120.17849114713474, 30.217771136100506]}}, {"type": "Feature", "properties": {"osm_id": 5392913693, "name": "近江", "kind": "railway", "network": "", "operator": "", "route_ref": ""}, "geometry": {"type": "Point", "coordinates": [120.19779763791291, 30.230796127571]}}, {"type": "Feature", "properties": {"osm_id": 5454990227, "name": "江陵路", "kind": "railway", "network": "", "operator": "", "route_ref": ""}, "geometry": {"type": "Point", "coordinates": [120.21656156625399, 30.209137346675]}}, {"type": "Feature", "properties": {"osm_id": 5492634554, "name": "浴鹄湾", "kind": "bus", "network": "", "operator": "", "route_ref": ""}, "geometry": {"type": "Point", "coordinates": [120.1363854352659, 30.23079036661633]}}, {"type": "Feature", "properties": {"osm_id": 5492634555, "name": "浴鹄湾", "kind": "bus", "network": "", "operator": "", "route_ref": ""}, "geometry": {"type": "Point", "coordinates": [120.13717267266448, 30.229263454304977]}}, {"type": "Feature", "properties": {"osm_id": 5492634556, "name": "赤山埠", "kind": "bus", "network": "", "operator": "", "route_ref": ""}, "geometry": {"type": "Point", "coordinates": [120.1381870130652, 30.223748861880956]}}, {"type": "Feature", "properties": {"osm_id": 5492634587, "name": "新生", "kind": "bus", "network": "", "operator": "", "route_ref": ""}, "geometry": {"type": "Point", "coordinates": [120.146710343029, 30.174917208322473]}}, {"type": "Feature", "properties": {"osm_id": 5492634588, "name": "新生", "kind": "bus", "network": "", "operator": "", "route_ref": ""}, "geometry": {"type": "Point", "coordinates": [120.14667346135087, 30.17398812883274]}}, {"type": "Feature", "properties": {"osm_id": 5492634589, "name": "滨文路浦沿路口", "kind": "bus", "network": "", "operator": "", "route_ref": ""}, "geometry": {"type": "Point", "coordinates": [120.14627302557801, 30.17181156044928]}}, {"type": "Feature", "properties": {"osm_id": 5492634591, "name": "滨文路公交总站", "kind": "bus", "network": "", "operator": "", "route_ref": ""}, "geometry": {"type": "Point", "coordinates": [120.16496205183626, 30.17288719688233]}}, {"type": "Feature", "properties": {"osm_id": 5495348678, "name": "于谦祠", "kind": "bus", "network": "", "operator": "", "route_ref": ""}, "geometry": {"type": "Point", "coordinates": [120.132809802972, 30.22855585046408]}}, {"type": "Feature", "properties": {"osm_id": 5495348679, "name": "于谦祠", "kind": "bus", "network": "", "operator": "", "route_ref": ""}, "geometry": {"type": "Point", "coordinates": [120.13311510058459, 30.22817717007434]}}, {"type": "Feature", "properties": {"osm_id": 5495348687, "name": "彩虹城", "kind": "bus", "network": "", "operator": "", "route_ref": ""}, "geometry": {"type": "Point", "coordinates": [120.15810236107735, 30.18765416723985]}}, {"type": "Feature", "properties": {"osm_id": 5495348695, "name": "伟业路滨盛路口", "kind": "bus", "network": "", "operator": "", "route_ref": ""}, "geometry": {"type": "Point", "coordinates": [120.15895813789221, 30.18685502249184]}}, {"type": "Feature", "properties": {"osm_id": 5495348696, "name": "伟业路滨盛路口", "kind": "bus", "network": "", "operator": "", "route_ref": ""}, "geometry": {"type": "Point", "coordinates": [120.15915476232111, 30.186739869231634]}}, {"type": "Feature", "properties": {"osm_id": 5495348699, "name": "伟业路滨康路口", "kind": "other", "network": "", "operator": "", "route_ref": ""}, "geometry": {"type": "Point", "coordinates": [120.15916963125862, 30.18093469005022]}}, {"type": "Feature", "properties": {"osm_id": 5495348701, "name": "伟业路滨康路口", "kind": "bus", "network": "", "operator": "", "route_ref": ""}, "geometry": {"type": "Point", "coordinates": [120.1592929725762, 30.180894269698808]}}, {"type": "Feature", "properties": {"osm_id": 5495348720, "name": "南环路公交总站", "kind": "bus", "network": "", "operator": "", "route_ref": ""}, "geometry": {"type": "Point", "coordinates": [120.15467078825935, 30.17818999657485]}}, {"type": "Feature", "properties": {"osm_id": 5495348821, "name": "南环路公交总站", "kind": "bus", "network": "", "operator": "", "route_ref": ""}, "geometry": {"type": "Point", "coordinates": [120.15466838784575, 30.178105197197585]}}, {"type": "Feature", "properties": {"osm_id": 5498653461, "name": "望江门", "kind": "bus", "network": "", "operator": "", "route_ref": ""}, "geometry": {"type": "Point", "coordinates": [120.17625044986954, 30.235336448483388]}}, {"type": "Feature", "properties": {"osm_id": 5498653462, "name": "建兰中学", "kind": "bus", "network": "", "operator": "", "route_ref": ""}, "geometry": {"type": "Point", "coordinates": [120.17440773725266, 30.232329418254906]}}, {"type": "Feature", "properties": {"osm_id": 5498653463, "name": "建兰中学", "kind": "bus", "network": "", "operator": "", "route_ref": ""}, "geometry": {"type": "Point", "coordinates": [120.17390905678995, 30.2313859942749]}}, {"type": "Feature", "properties": {"osm_id": 5498653464, "name": "雄镇楼", "kind": "bus", "network": "", "operator": "", "route_ref": ""}, "geometry": {"type": "Point", "coordinates": [120.17289115026576, 30.228236298875625]}}, {"type": "Feature", "properties": {"osm_id": 5498653465, "name": "雄镇楼", "kind": "bus", "network": "", "operator": "", "route_ref": ""}, "geometry": {"type": "Point", "coordinates": [120.17299191230192, 30.227814080191248]}}, {"type": "Feature", "properties": {"osm_id": 5498653468, "name": "雄镇楼", "kind": "bus", "network": "", "operator": "", "route_ref": ""}, "geometry": {"type": "Point", "coordinates": [120.17333450825274, 30.225724893755018]}}, {"type": "Feature", "properties": {"osm_id": 5502412465, "name": "南山路万松岭路口", "kind": "bus", "network": "", "operator": "", "route_ref": ""}, "geometry": {"type": "Point", "coordinates": [120.15671169073936, 30.234701628818566]}}, {"type": "Feature", "properties": {"osm_id": 5502412466, "name": "长桥", "kind": "bus", "network": "", "operator": "", "route_ref": ""}, "geometry": {"type": "Point", "coordinates": [120.15366675072491, 30.229884598615328]}}, {"type": "Feature", "properties": {"osm_id": 5502412473, "name": "苏堤", "kind": "bus", "network": "", "operator": "", "route_ref": ""}, "geometry": {"type": "Point", "coordinates": [120.14098114232009, 30.227167288027815]}}, {"type": "Feature", "properties": {"osm_id": 5502412475, "name": "赤山埠", "kind": "bus", "network": "", "operator": "", "route_ref": ""}, "geometry": {"type": "Point", "coordinates": [120.13825993129235, 30.223648458983604]}}, {"type": "Feature", "properties": {"osm_id": 5502412476, "name": "动物园", "kind": "bus", "network": "", "operator": "", "route_ref": ""}, "geometry": {"type": "Point", "coordinates": [120.13620660231499, 30.21490586784491]}}, {"type": "Feature", "properties": {"osm_id": 5502412478, "name": "虎跑", "kind": "bus", "network": "", "operator": "", "route_ref": ""}, "geometry": {"type": "Point", "coordinates": [120.13516150919072, 30.209153035713356]}}, {"type": "Feature", "properties": {"osm_id": 5502412479, "name": "钱江大桥", "kind": "bus", "network": "", "operator": "", "route_ref": ""}, "geometry": {"type": "Point", "coordinates": [120.13778167324016, 30.20250074308753]}}, {"type": "Feature", "properties": {"osm_id": 5502412480, "name": "钱江大桥", "kind": "bus", "network": "", "operator": "", "route_ref": ""}, "geometry": {"type": "Point", "coordinates": [120.13824690893696, 30.202947254703027]}}, {"type": "Feature", "properties": {"osm_id": 5502412481, "name": "六和塔", "kind": "bus", "network": "", "operator": "", "route_ref": ""}, "geometry": {"type": "Point", "coordinates": [120.13444821614196, 30.197286972408335]}}, {"type": "Feature", "properties": {"osm_id": 5502412482, "name": "六和塔", "kind": "bus", "network": "", "operator": "", "route_ref": ""}, "geometry": {"type": "Point", "coordinates": [120.13448112426912, 30.19707592202653]}}, {"type": "Feature", "properties": {"osm_id": 5502412492, "name": "浙大之江校区", "kind": "bus", "network": "", "operator": "", "route_ref": ""}, "geometry": {"type": "Point", "coordinates": [120.12795264236186, 30.19254531025344]}}, {"type": "Feature", "properties": {"osm_id": 5502412493, "name": "浙大之江校区", "kind": "bus", "network": "", "operator": "", "route_ref": ""}, "geometry": {"type": "Point", "coordinates": [120.12734603631499, 30.19236659883136]}}, {"type": "Feature", "properties": {"osm_id": 5502521716, "name": "耀江福村", "kind": "bus", "network": "", "operator": "", "route_ref": ""}, "geometry": {"type": "Point", "coordinates": [120.1993027993459, 30.234785345890735]}}, {"type": "Feature", "properties": {"osm_id": 5502521717, "name": "耀江福村", "kind": "bus", "network": "", "operator": "", "route_ref": ""}, "geometry": {"type": "Point", "coordinates": [120.19928017871732, 30.234990398908526]}}, {"type": "Feature", "properties": {"osm_id": 5502521718, "name": "近江六园", "kind": "bus", "network": "", "operator": "", "route_ref": ""}, "geometry": {"type": "Point", "coordinates": [120.19979736998496, 30.232748466581548]}}, {"type": "Feature", "properties": {"osm_id": 5502521719, "name": "近江六园", "kind": "bus", "network": "", "operator": "", "route_ref": ""}, "geometry": {"type": "Point", "coordinates": [120.20019528468903, 30.232811703145064]}}, {"type": "Feature", "properties": {"osm_id": 5502521829, "name": "望江东路雷霆路口", "kind": "bus", "network": "", "operator": "", "route_ref": ""}, "geometry": {"type": "Point", "coordinates": [120.1937200394114, 30.228277577287987]}}, {"type": "Feature", "properties": {"osm_id": 5502521830, "name": "望江东路雷霆路口", "kind": "bus", "network": "", "operator": "", "route_ref": ""}, "geometry": {"type": "Point", "coordinates": [120.19279927384595, 30.2282294146708]}}, {"type": "Feature", "properties": {"osm_id": 5502521831, "name": "雷霆路望江东路口", "kind": "bus", "network": "", "operator": "", "route_ref": ""}, "geometry": {"type": "Point", "coordinates": [120.19317687509216, 30.229248810064973]}}, {"type": "Feature", "properties": {"osm_id": 5502521832, "name": "近江公交总站", "kind": "bus", "network": "", "operator": "", "route_ref": ""}, "geometry": {"type": "Point", "coordinates": [120.19543197018324, 30.231876605692527]}}, {"type": "Feature", "properties": {"osm_id": 5502521834, "name": "富春路婺江路口", "kind": "bus", "network": "", "operator": "", "route_ref": ""}, "geometry": {"type": "Point", "coordinates": [120.19682197071128, 30.229664730977028]}}, {"type": "Feature", "properties": {"osm_id": 5502521835, "name": "富春路婺江路口", "kind": "bus", "network": "", "operator": "", "route_ref": ""}, "geometry": {"type": "Point", "coordinates": [120.19671051023687, 30.22998774628888]}}, {"type": "Feature", "properties": {"osm_id": 5560987250, "name": "金城路萧邮路口", "kind": "bus", "network": "", "operator": "", "route_ref": ""}, "geometry": {"type": "Point", "coordinates": [120.23611440113369, 30.183076662898824]}}, {"type": "Feature", "properties": {"osm_id": 5561040463, "name": "风彩立交", "kind": "bus", "network": "", "operator": "", "route_ref": ""}, "geometry": {"type": "Point", "coordinates": [120.23381604295832, 30.17194054308744]}}, {"type": "Feature", "properties": {"osm_id": 5561040464, "name": "风彩立交", "kind": "bus", "network": "", "operator": "", "route_ref": ""}, "geometry": {"type": "Point", "coordinates": [120.23319975507034, 30.171875909939832]}}, {"type": "Feature", "properties": {"osm_id": 5561042238, "name": "地铁湘湖站（C·E）", "kind": "bus", "network": "", "operator": "", "route_ref": ""}, "geometry": {"type": "Point", "coordinates": [120.23420015560656, 30.166319950232136]}}, {"type": "Feature", "properties": {"osm_id": 5561042239, "name": "地铁湘湖站（C·E）", "kind": "bus", "network": "", "operator": "", "route_ref": ""}, "geometry": {"type": "Point", "coordinates": [120.2348934125029, 30.164753592275844]}}, {"type": "Feature", "properties": {"osm_id": 5561274228, "name": "望秋立交", "kind": "bus", "network": "", "operator": "", "route_ref": ""}, "geometry": {"type": "Point", "coordinates": [120.18749270501884, 30.23412977135352]}}, {"type": "Feature", "properties": {"osm_id": 5561274229, "name": "望秋立交", "kind": "bus", "network": "", "operator": "", "route_ref": ""}, "geometry": {"type": "Point", "coordinates": [120.18787745229154, 30.23387174408987]}}, {"type": "Feature", "properties": {"osm_id": 5568851605, "name": "白塔岭", "kind": "bus", "network": "", "operator": "", "route_ref": ""}, "geometry": {"type": "Point", "coordinates": [120.14391015705283, 30.19945284205766]}}, {"type": "Feature", "properties": {"osm_id": 5568851606, "name": "白塔岭", "kind": "bus", "network": "", "operator": "", "route_ref": ""}, "geometry": {"type": "Point", "coordinates": [120.14487628381441, 30.199471306844924]}}, {"type": "Feature", "properties": {"osm_id": 5568851607, "name": "水澄桥", "kind": "bus", "network": "", "operator": "", "route_ref": ""}, "geometry": {"type": "Point", "coordinates": [120.15314459000186, 30.204853938187927]}}, {"type": "Feature", "properties": {"osm_id": 5568851608, "name": "水澄桥", "kind": "bus", "network": "", "operator": "", "route_ref": ""}, "geometry": {"type": "Point", "coordinates": [120.15465781003772, 30.20531700819432]}}, {"type": "Feature", "properties": {"osm_id": 5568851610, "name": "小井头", "kind": "bus", "network": "", "operator": "", "route_ref": ""}, "geometry": {"type": "Point", "coordinates": [120.15725093121459, 30.20711223819358]}}, {"type": "Feature", "properties": {"osm_id": 5568851615, "name": "海月桥", "kind": "bus", "network": "", "operator": "", "route_ref": ""}, "geometry": {"type": "Point", "coordinates": [120.16198866920728, 30.20963016018323]}}, {"type": "Feature", "properties": {"osm_id": 5568851616, "name": "海月桥", "kind": "bus", "network": "", "operator": "", "route_ref": ""}, "geometry": {"type": "Point", "coordinates": [120.1618229198297, 30.20923673723326]}}, {"type": "Feature", "properties": {"osm_id": 5568851617, "name": "美政桥", "kind": "bus", "network": "", "operator": "", "route_ref": ""}, "geometry": {"type": "Point", "coordinates": [120.16580750523549, 30.211629995975972]}}, {"type": "Feature", "properties": {"osm_id": 5568851618, "name": "美政桥", "kind": "bus", "network": "", "operator": "", "route_ref": ""}, "geometry": {"type": "Point", "coordinates": [120.1661785993812, 30.211552805935593]}}, {"type": "Feature", "properties": {"osm_id": 5568851620, "name": "复兴路紫花路口", "kind": "bus", "network": "", "operator": "", "route_ref": ""}, "geometry": {"type": "Point", "coordinates": [120.17054889207463, 30.214147810478934]}}, {"type": "Feature", "properties": {"osm_id": 5568852421, "name": "复兴路紫花路口", "kind": "bus", "network": "", "operator": "", "route_ref": ""}, "geometry": {"type": "Point", "coordinates": [120.17051297258023, 30.21382565875432]}}, {"type": "Feature", "properties": {"osm_id": 5568852431, "name": "复兴公交总站", "kind": "other", "network": "", "operator": "", "route_ref": ""}, "geometry": {"type": "Point", "coordinates": [120.16792103765722, 30.212929852961693]}}, {"type": "Feature", "properties": {"osm_id": 5568852436, "name": "复兴公交总站", "kind": "bus", "network": "", "operator": "", "route_ref": ""}, "geometry": {"type": "Point", "coordinates": [120.1678476642522, 30.213026395256072]}}, {"type": "Feature", "properties": {"osm_id": 5568852437, "name": "复兴公交总站", "kind": "bus", "network": "", "operator": "", "route_ref": ""}, "geometry": {"type": "Point", "coordinates": [120.16790448815296, 30.21294428462695]}}, {"type": "Feature", "properties": {"osm_id": 5568852438, "name": "复兴公交总站", "kind": "bus", "network": "", "operator": "", "route_ref": ""}, "geometry": {"type": "Point", "coordinates": [120.16794945010635, 30.212894897995298]}}, {"type": "Feature", "properties": {"osm_id": 5572696658, "name": "江陵路公交总站", "kind": "bus", "network": "", "operator": "", "route_ref": ""}, "geometry": {"type": "Point", "coordinates": [120.21724443695027, 30.210641052913246]}}, {"type": "Feature", "properties": {"osm_id": 5572696663, "name": "江陵路滨盛路口", "kind": "bus", "network": "", "operator": "", "route_ref": ""}, "geometry": {"type": "Point", "coordinates": [120.21463292571971, 30.212644203436298]}}, {"type": "Feature", "properties": {"osm_id": 5572696664, "name": "江陵路滨盛路口", "kind": "bus", "network": "", "operator": "", "route_ref": ""}, "geometry": {"type": "Point", "coordinates": [120.21384202488929, 30.213027602448904]}}, {"type": "Feature", "properties": {"osm_id": 5572714379, "name": "扬帆路丹枫路口南", "kind": "bus", "network": "", "operator": "", "route_ref": ""}, "geometry": {"type": "Point", "coordinates": [120.22995681221161, 30.222335647917113]}}, {"type": "Feature", "properties": {"osm_id": 5577799696, "name": "稠银大厦·昆仑中心", "kind": "bus", "network": "", "operator": "", "route_ref": ""}, "geometry": {"type": "Point", "coordinates": [120.19526626784857, 30.22981635299806]}}, {"type": "Feature", "properties": {"osm_id": 5599825013, "name": "滨兴路江晖路口", "kind": "bus", "network": "", "operator": "", "route_ref": ""}, "geometry": {"type": "Point", "coordinates": [120.21189929138275, 30.192421717258053]}}, {"type": "Feature", "properties": {"osm_id": 5599825014, "name": "滨兴路江晖路口", "kind": "bus", "network": "", "operator": "", "route_ref": ""}, "geometry": {"type": "Point", "coordinates": [120.20830740281714, 30.192241673263478]}}, {"type": "Feature", "properties": {"osm_id": 5599825015, "name": "滨兴路江虹路口", "kind": "bus", "network": "", "operator": "", "route_ref": ""}, "geometry": {"type": "Point", "coordinates": [120.20416319801413, 30.191723791195297]}}, {"type": "Feature", "properties": {"osm_id": 5599826466, "name": "滨兴路江虹路口", "kind": "bus", "network": "", "operator": "", "route_ref": ""}, "geometry": {"type": "Point", "coordinates": [120.20450482297795, 30.192047261567513]}}, {"type": "Feature", "properties": {"osm_id": 5604066521, "name": "浙江宾馆", "kind": "bus", "network": "", "operator": "", "route_ref": ""}, "geometry": {"type": "Point", "coordinates": [120.12620930409321, 30.235252630761586]}}, {"type": "Feature", "properties": {"osm_id": 5604066527, "name": "双峰", "kind": "bus", "network": "", "operator": "", "route_ref": ""}, "geometry": {"type": "Point", "coordinates": [120.12374635455396, 30.231792674799323]}}, {"type": "Feature", "properties": {"osm_id": 5604066549, "name": "水乐洞", "kind": "bus", "network": "", "operator": "", "route_ref": ""}, "geometry": {"type": "Point", "coordinates": [120.12332846388774, 30.218217831761]}}, {"type": "Feature", "properties": {"osm_id": 5604066554, "name": "满觉陇", "kind": "bus", "network": "", "operator": "", "route_ref": ""}, "geometry": {"type": "Point", "coordinates": [120.12806838702919, 30.21937856819152]}}, {"type": "Feature", "properties": {"osm_id": 5604066566, "name": "水乐洞", "kind": "bus", "network": "", "operator": "", "route_ref": ""}, "geometry": {"type": "Point", "coordinates": [120.1231489818975, 30.21813047451734]}}, {"type": "Feature", "properties": {"osm_id": 5604066843, "name": "满觉陇", "kind": "bus", "network": "", "operator": "", "route_ref": ""}, "geometry": {"type": "Point", "coordinates": [120.12736545399419, 30.218950735030234]}}, {"type": "Feature", "properties": {"osm_id": 5604066844, "name": "四眼井", "kind": "bus", "network": "", "operator": "", "route_ref": ""}, "geometry": {"type": "Point", "coordinates": [120.13302083850022, 30.217928217632682]}}, {"type": "Feature", "properties": {"osm_id": 5604066845, "name": "四眼井", "kind": "bus", "network": "", "operator": "", "route_ref": ""}, "geometry": {"type": "Point", "coordinates": [120.13229059551482, 30.218660304167233]}}, {"type": "Feature", "properties": {"osm_id": 5604111026, "name": "阔石板", "kind": "bus", "network": "", "operator": "", "route_ref": ""}, "geometry": {"type": "Point", "coordinates": [120.15529639347719, 30.228768353926718]}}, {"type": "Feature", "properties": {"osm_id": 5604111027, "name": "阔石板", "kind": "bus", "network": "", "operator": "", "route_ref": ""}, "geometry": {"type": "Point", "coordinates": [120.15483544178242, 30.22820480328076]}}, {"type": "Feature", "properties": {"osm_id": 5604111031, "name": "丝绸博物馆", "kind": "bus", "network": "", "operator": "", "route_ref": ""}, "geometry": {"type": "Point", "coordinates": [120.1529141966754, 30.223444530477085]}}, {"type": "Feature", "properties": {"osm_id": 5604111032, "name": "丝绸博物馆", "kind": "bus", "network": "", "operator": "", "route_ref": ""}, "geometry": {"type": "Point", "coordinates": [120.15277252300042, 30.222665816607783]}}, {"type": "Feature", "properties": {"osm_id": 5604111033, "name": "玉皇飞云", "kind": "bus", "network": "", "operator": "", "route_ref": ""}, "geometry": {"type": "Point", "coordinates": [120.15164608964658, 30.219877306136276]}}, {"type": "Feature", "properties": {"osm_id": 5604111034, "name": "南观音洞", "kind": "bus", "network": "", "operator": "", "route_ref": ""}, "geometry": {"type": "Point", "coordinates": [120.15205529916437, 30.214346892234097]}}, {"type": "Feature", "properties": {"osm_id": 5604111035, "name": "施家山", "kind": "bus", "network": "", "operator": "", "route_ref": ""}, "geometry": {"type": "Point", "coordinates": [120.15430319694144, 30.208806304391583]}}, {"type": "Feature", "properties": {"osm_id": 5604111036, "name": "施家山", "kind": "bus", "network": "", "operator": "", "route_ref": ""}, "geometry": {"type": "Point", "coordinates": [120.15433587119523, 30.209584693119787]}}, {"type": "Feature", "properties": {"osm_id": 5614677544, "name": "钱江湾花园总站", "kind": "bus", "network": "", "operator": "", "route_ref": ""}, "geometry": {"type": "Point", "coordinates": [120.13510658435109, 30.17668764194571]}}, {"type": "Feature", "properties": {"osm_id": 5614677545, "name": "钱江湾花园总站", "kind": "bus", "network": "", "operator": "", "route_ref": ""}, "geometry": {"type": "Point", "coordinates": [120.13523570077598, 30.176804287657916]}}, {"type": "Feature", "properties": {"osm_id": 5614677546, "name": "钱江湾花园总站", "kind": "other", "network": "", "operator": "", "route_ref": ""}, "geometry": {"type": "Point", "coordinates": [120.13529437082603, 30.17684661695487]}}, {"type": "Feature", "properties": {"osm_id": 5614677552, "name": "滨康路诚业路口", "kind": "bus", "network": "", "operator": "", "route_ref": ""}, "geometry": {"type": "Point", "coordinates": [120.16941821758556, 30.18128306400339]}}, {"type": "Feature", "properties": {"osm_id": 5614677553, "name": "滨康路诚业路口", "kind": "bus", "network": "", "operator": "", "route_ref": ""}, "geometry": {"type": "Point", "coordinates": [120.17320436563541, 30.181156639300553]}}, {"type": "Feature", "properties": {"osm_id": 5614677557, "name": "信诚路滨安路口", "kind": "bus", "network": "", "operator": "", "route_ref": ""}, "geometry": {"type": "Point", "coordinates": [120.17437826311325, 30.182624184838115]}}, {"type": "Feature", "properties": {"osm_id": 5614677558, "name": "信诚路滨安路口", "kind": "bus", "network": "", "operator": "", "route_ref": ""}, "geometry": {"type": "Point", "coordinates": [120.17406328183435, 30.18349141748237]}}, {"type": "Feature", "properties": {"osm_id": 5614677559, "name": "信诚路江南大道口", "kind": "bus", "network": "", "operator": "", "route_ref": ""}, "geometry": {"type": "Point", "coordinates": [120.17341571277618, 30.186910791755487]}}, {"type": "Feature", "properties": {"osm_id": 5614677560, "name": "信诚路江南大道口", "kind": "bus", "network": "", "operator": "", "route_ref": ""}, "geometry": {"type": "Point", "coordinates": [120.17372746022376, 30.186714794296456]}}, {"type": "Feature", "properties": {"osm_id": 5614677561, "name": "中兴桥", "kind": "bus", "network": "", "operator": "", "route_ref": ""}, "geometry": {"type": "Point", "coordinates": [120.19630498961965, 30.19798454207873]}}, {"type": "Feature", "properties": {"osm_id": 5614677562, "name": "中兴桥", "kind": "bus", "network": "", "operator": "", "route_ref": ""}, "geometry": {"type": "Point", "coordinates": [120.1960224286959, 30.198508960786693]}}, {"type": "Feature", "properties": {"osm_id": 5614677563, "name": "江二村", "kind": "bus", "network": "", "operator": "", "route_ref": ""}, "geometry": {"type": "Point", "coordinates": [120.20231834084174, 30.201664873061027]}}, {"type": "Feature", "properties": {"osm_id": 5614677564, "name": "江二村", "kind": "bus", "network": "", "operator": "", "route_ref": ""}, "geometry": {"type": "Point", "coordinates": [120.2027533562094, 30.201454852328528]}}, {"type": "Feature", "properties": {"osm_id": 5614677565, "name": "江一村", "kind": "bus", "network": "", "operator": "", "route_ref": ""}, "geometry": {"type": "Point", "coordinates": [120.20675564184693, 30.203970637724474]}}, {"type": "Feature", "properties": {"osm_id": 5614677566, "name": "江一村", "kind": "bus", "network": "", "operator": "", "route_ref": ""}, "geometry": {"type": "Point", "coordinates": [120.20712477383431, 30.203752157667775]}}, {"type": "Feature", "properties": {"osm_id": 5614677567, "name": "星光大道南口", "kind": "bus", "network": "", "operator": "", "route_ref": ""}, "geometry": {"type": "Point", "coordinates": [120.21060848350811, 30.206055774349064]}}, {"type": "Feature", "properties": {"osm_id": 5614677568, "name": "星光大道南口", "kind": "bus", "network": "", "operator": "", "route_ref": ""}, "geometry": {"type": "Point", "coordinates": [120.21009469535201, 30.205310083554206]}}, {"type": "Feature", "properties": {"osm_id": 5628081639, "name": "洞桥吴", "kind": "bus", "network": "", "operator": "", "route_ref": ""}, "geometry": {"type": "Point", "coordinates": [120.15555768761075, 30.150762823777075]}}, {"type": "Feature", "properties": {"osm_id": 5628081640, "name": "洞桥吴", "kind": "bus", "network": "", "operator": "", "route_ref": ""}, "geometry": {"type": "Point", "coordinates": [120.15598452444951, 30.151256003777213]}}, {"type": "Feature", "properties": {"osm_id": 5628081641, "name": "楼下虞", "kind": "bus", "network": "", "operator": "", "route_ref": ""}, "geometry": {"type": "Point", "coordinates": [120.1554484605718, 30.15629407905331]}}, {"type": "Feature", "properties": {"osm_id": 5628081642, "name": "楼下虞", "kind": "bus", "network": "", "operator": "", "route_ref": ""}, "geometry": {"type": "Point", "coordinates": [120.15590273608693, 30.15459214517096]}}, {"type": "Feature", "properties": {"osm_id": 5628081643, "name": "浦沿路东冠路口", "kind": "bus", "network": "", "operator": "", "route_ref": ""}, "geometry": {"type": "Point", "coordinates": [120.1515730164704, 30.163270023998635]}}, {"type": "Feature", "properties": {"osm_id": 5628081644, "name": "浦沿路东冠路口", "kind": "bus", "network": "", "operator": "", "route_ref": ""}, "geometry": {"type": "Point", "coordinates": [120.15204490179703, 30.16184649706358]}}, {"type": "Feature", "properties": {"osm_id": 5628081645, "name": "杨家墩", "kind": "bus", "network": "", "operator": "", "route_ref": ""}, "geometry": {"type": "Point", "coordinates": [120.1487786396973, 30.168705635408152]}}, {"type": "Feature", "properties": {"osm_id": 5628081646, "name": "杨家墩", "kind": "bus", "network": "", "operator": "", "route_ref": ""}, "geometry": {"type": "Point", "coordinates": [120.14930175402809, 30.16653242332783]}}, {"type": "Feature", "properties": {"osm_id": 5628081648, "name": "浦沿路滨文路口", "kind": "bus", "network": "", "operator": "", "route_ref": ""}, "geometry": {"type": "Point", "coordinates": [120.14760175027703, 30.170836068070507]}}, {"type": "Feature", "properties": {"osm_id": 5628081649, "name": "六和路新和路口", "kind": "bus", "network": "", "operator": "", "route_ref": ""}, "geometry": {"type": "Point", "coordinates": [120.14037364990514, 30.17891614780166]}}, {"type": "Feature", "properties": {"osm_id": 5628081650, "name": "六和路新和路口", "kind": "bus", "network": "", "operator": "", "route_ref": ""}, "geometry": {"type": "Point", "coordinates": [120.1400809517781, 30.178774645347247]}}, {"type": "Feature", "properties": {"osm_id": 5628081652, "name": "六和桥", "kind": "bus", "network": "", "operator": "", "route_ref": ""}, "geometry": {"type": "Point", "coordinates": [120.1376904486587, 30.18430888442084]}}, {"type": "Feature", "properties": {"osm_id": 5628081653, "name": "六和桥", "kind": "bus", "network": "", "operator": "", "route_ref": ""}, "geometry": {"type": "Point", "coordinates": [120.13747742346456, 30.18399274826066]}}, {"type": "Feature", "properties": {"osm_id": 5628114235, "name": "东信大道闻涛路口", "kind": "bus", "network": "", "operator": "", "route_ref": ""}, "geometry": {"type": "Point", "coordinates": [120.15260420369637, 30.190838631468736]}}, {"type": "Feature", "properties": {"osm_id": 5628114236, "name": "东信大道闻涛路口", "kind": "bus", "network": "", "operator": "", "route_ref": ""}, "geometry": {"type": "Point", "coordinates": [120.15233544881715, 30.190882880351484]}}, {"type": "Feature", "properties": {"osm_id": 5628114287, "name": "滨盛路伟业路口", "kind": "bus", "network": "", "operator": "", "route_ref": ""}, "geometry": {"type": "Point", "coordinates": [120.16092964720177, 30.188151167779964]}}, {"type": "Feature", "properties": {"osm_id": 5628114288, "name": "滨盛路伟业路口", "kind": "bus", "network": "", "operator": "", "route_ref": ""}, "geometry": {"type": "Point", "coordinates": [120.16105028450549, 30.18800664457151]}}, {"type": "Feature", "properties": {"osm_id": 5628114289, "name": "滨盛路火炬大道口", "kind": "bus", "network": "", "operator": "", "route_ref": ""}, "geometry": {"type": "Point", "coordinates": [120.16385784550744, 30.188852294472994]}}, {"type": "Feature", "properties": {"osm_id": 5628114290, "name": "滨盛路火炬大道口", "kind": "bus", "network": "", "operator": "", "route_ref": ""}, "geometry": {"type": "Point", "coordinates": [120.16398715323464, 30.188710351521546]}}, {"type": "Feature", "properties": {"osm_id": 5628114293, "name": "横街埠西", "kind": "bus", "network": "", "operator": "", "route_ref": ""}, "geometry": {"type": "Point", "coordinates": [120.1673491286832, 30.190162418228667]}}, {"type": "Feature", "properties": {"osm_id": 5628114294, "name": "横街埠西", "kind": "bus", "network": "", "operator": "", "route_ref": ""}, "geometry": {"type": "Point", "coordinates": [120.16855445879607, 30.190389584135225]}}, {"type": "Feature", "properties": {"osm_id": 5628114296, "name": "省儿保滨江院区", "kind": "bus", "network": "", "operator": "", "route_ref": ""}, "geometry": {"type": "Point", "coordinates": [120.17330440183325, 30.19234345413395]}}, {"type": "Feature", "properties": {"osm_id": 5628114297, "name": "省儿保滨江院区", "kind": "bus", "network": "", "operator": "", "route_ref": ""}, "geometry": {"type": "Point", "coordinates": [120.1733258607695, 30.19262252698863]}}, {"type": "Feature", "properties": {"osm_id": 5628474371, "name": "地铁诚业路站", "kind": "bus", "network": "", "operator": "", "route_ref": ""}, "geometry": {"type": "Point", "coordinates": [120.16854933378197, 30.186331607883027]}}, {"type": "Feature", "properties": {"osm_id": 5628474372, "name": "地铁诚业路站", "kind": "bus", "network": "", "operator": "", "route_ref": ""}, "geometry": {"type": "Point", "coordinates": [120.17125959569321, 30.187093563240627]}}, {"type": "Feature", "properties": {"osm_id": 5628474374, "name": "火炬大道惠商街口", "kind": "bus", "network": "", "operator": "", "route_ref": ""}, "geometry": {"type": "Point", "coordinates": [120.16662046759537, 30.186284392872718]}}, {"type": "Feature", "properties": {"osm_id": 5629822591, "name": "滨康路南川路口", "kind": "bus", "network": "", "operator": "", "route_ref": ""}, "geometry": {"type": "Point", "coordinates": [120.17738304308817, 30.18151785500716]}}, {"type": "Feature", "properties": {"osm_id": 5629822592, "name": "滨康路南川路口", "kind": "bus", "network": "", "operator": "", "route_ref": ""}, "geometry": {"type": "Point", "coordinates": [120.179759192037, 30.181263853909115]}}, {"type": "Feature", "properties": {"osm_id": 5629822593, "name": "长江小区", "kind": "bus", "network": "", "operator": "", "route_ref": ""}, "geometry": {"type": "Point", "coordinates": [120.18444263995319, 30.181586969732063]}}, {"type": "Feature", "properties": {"osm_id": 5629822594, "name": "长江小区", "kind": "bus", "network": "", "operator": "", "route_ref": ""}, "geometry": {"type": "Point", "coordinates": [120.1862491671044, 30.1813140968232]}}, {"type": "Feature", "properties": {"osm_id": 5629822595, "name": "滨康路长江路口", "kind": "bus", "network": "", "operator": "", "route_ref": ""}, "geometry": {"type": "Point", "coordinates": [120.1905334422333, 30.18164874750155]}}, {"type": "Feature", "properties": {"osm_id": 5629822596, "name": "滨康路长江路口", "kind": "bus", "network": "", "operator": "", "route_ref": ""}, "geometry": {"type": "Point", "coordinates": [120.19083613494924, 30.181301184033412]}}, {"type": "Feature", "properties": {"osm_id": 5629822597, "name": "滨康路长河路口", "kind": "bus", "network": "", "operator": "", "route_ref": ""}, "geometry": {"type": "Point", "coordinates": [120.19483847807062, 30.18166774817436]}}, {"type": "Feature", "properties": {"osm_id": 5629822598, "name": "滨康路长河路口", "kind": "bus", "network": "", "operator": "", "route_ref": ""}, "geometry": {"type": "Point", "coordinates": [120.1978883812429, 30.18138063515757]}}, {"type": "Feature", "properties": {"osm_id": 5629822599, "name": "襄七房", "kind": "bus", "network": "", "operator": "", "route_ref": ""}, "geometry": {"type": "Point", "coordinates": [120.20185862635044, 30.181726878784165]}}, {"type": "Feature", "properties": {"osm_id": 5629822600, "name": "襄七房", "kind": "bus", "network": "", "operator": "", "route_ref": ""}, "geometry": {"type": "Point", "coordinates": [120.20441956777134, 30.18142021861187]}}, {"type": "Feature", "properties": {"osm_id": 5629822601, "name": "滨康小区", "kind": "bus", "network": "", "operator": "", "route_ref": ""}, "geometry": {"type": "Point", "coordinates": [120.20877711705837, 30.181386877816028]}}, {"type": "Feature", "properties": {"osm_id": 5629822602, "name": "滨康小区", "kind": "bus", "network": "", "operator": "", "route_ref": ""}, "geometry": {"type": "Point", "coordinates": [120.20897225395466, 30.181733500773785]}}, {"type": "Feature", "properties": {"osm_id": 5629822603, "name": "滨康路聚工路口", "kind": "bus", "network": "", "operator": "", "route_ref": ""}, "geometry": {"type": "Point", "coordinates": [120.21484517920574, 30.181773859707423]}}, {"type": "Feature", "properties": {"osm_id": 5629822604, "name": "滨康路聚工路口", "kind": "bus", "network": "", "operator": "", "route_ref": ""}, "geometry": {"type": "Point", "coordinates": [120.21450604605852, 30.181423102391495]}}, {"type": "Feature", "properties": {"osm_id": 5629822605, "name": "曹家章", "kind": "bus", "network": "", "operator": "", "route_ref": ""}, "geometry": {"type": "Point", "coordinates": [120.22106264140663, 30.18149492735418]}}, {"type": "Feature", "properties": {"osm_id": 5629822606, "name": "曹家章", "kind": "bus", "network": "", "operator": "", "route_ref": ""}, "geometry": {"type": "Point", "coordinates": [120.22075971281858, 30.18178889493895]}}, {"type": "Feature", "properties": {"osm_id": 5629848131, "name": "善庆庄东", "kind": "bus", "network": "", "operator": "", "route_ref": ""}, "geometry": {"type": "Point", "coordinates": [120.22690827201647, 30.183477915528513]}}, {"type": "Feature", "properties": {"osm_id": 5629848132, "name": "善庆庄东", "kind": "bus", "network": "", "operator": "", "route_ref": ""}, "geometry": {"type": "Point", "coordinates": [120.2265425676253, 30.183391973968334]}}, {"type": "Feature", "properties": {"osm_id": 5629848149, "name": "西陵", "kind": "bus", "network": "", "operator": "", "route_ref": ""}, "geometry": {"type": "Point", "coordinates": [120.22569729043839, 30.185568923265826]}}, {"type": "Feature", "properties": {"osm_id": 5629848150, "name": "西陵", "kind": "bus", "network": "", "operator": "", "route_ref": ""}, "geometry": {"type": "Point", "coordinates": [120.22574890860923, 30.185803880933975]}}, {"type": "Feature", "properties": {"osm_id": 5629848156, "name": "西兴叉口", "kind": "bus", "network": "", "operator": "", "route_ref": ""}, "geometry": {"type": "Point", "coordinates": [120.22078007289213, 30.186689185704868]}}, {"type": "Feature", "properties": {"osm_id": 5629848157, "name": "西兴叉口", "kind": "bus", "network": "", "operator": "", "route_ref": ""}, "geometry": {"type": "Point", "coordinates": [120.22106942760945, 30.186359131832027]}}, {"type": "Feature", "properties": {"osm_id": 5629848166, "name": "西兴公交总站", "kind": "bus", "network": "", "operator": "", "route_ref": ""}, "geometry": {"type": "Point", "coordinates": [120.22005726815689, 30.18715456454777]}}, {"type": "Feature", "properties": {"osm_id": 5629848167, "name": "西兴公交总站", "kind": "bus", "network": "", "operator": "", "route_ref": ""}, "geometry": {"type": "Point", "coordinates": [120.22003321430425, 30.187081990080234]}}, {"type": "Feature", "properties": {"osm_id": 5629848168, "name": "西兴公交总站", "kind": "bus", "network": "", "operator": "", "route_ref": ""}, "geometry": {"type": "Point", "coordinates": [120.22002023532923, 30.186995701736357]}}, {"type": "Feature", "properties": {"osm_id": 5629848173, "name": "花园徐", "kind": "bus", "network": "", "operator": "", "route_ref": ""}, "geometry": {"type": "Point", "coordinates": [120.21783532732677, 30.18302451483923]}}, {"type": "Feature", "properties": {"osm_id": 5629848174, "name": "花园徐", "kind": "bus", "network": "", "operator": "", "route_ref": ""}, "geometry": {"type": "Point", "coordinates": [120.21815323504315, 30.183255925090943]}}, {"type": "Feature", "properties": {"osm_id": 5629882732, "name": "黄山新小区", "kind": "bus", "network": "", "operator": "", "route_ref": ""}, "geometry": {"type": "Point", "coordinates": [120.15866950108905, 30.139666501532716]}}, {"type": "Feature", "properties": {"osm_id": 5629882733, "name": "黄山新小区", "kind": "bus", "network": "", "operator": "", "route_ref": ""}, "geometry": {"type": "Point", "coordinates": [120.15856417270456, 30.139301278153294]}}, {"type": "Feature", "properties": {"osm_id": 5629882734, "name": "龙山", "kind": "bus", "network": "", "operator": "", "route_ref": ""}, "geometry": {"type": "Point", "coordinates": [120.15708040345112, 30.143958399577716]}}, {"type": "Feature", "properties": {"osm_id": 5629882735, "name": "龙山", "kind": "bus", "network": "", "operator": "", "route_ref": ""}, "geometry": {"type": "Point", "coordinates": [120.15664954727333, 30.144191654754636]}}, {"type": "Feature", "properties": {"osm_id": 5629885828, "name": "冠二村", "kind": "bus", "network": "", "operator": "", "route_ref": ""}, "geometry": {"type": "Point", "coordinates": [120.16999975922873, 30.173877473806453]}}, {"type": "Feature", "properties": {"osm_id": 5629885829, "name": "冠二村", "kind": "bus", "network": "", "operator": "", "route_ref": ""}, "geometry": {"type": "Point", "coordinates": [120.17125364358598, 30.173124990118957]}}, {"type": "Feature", "properties": {"osm_id": 5629885840, "name": "祠堂前", "kind": "bus", "network": "", "operator": "", "route_ref": ""}, "geometry": {"type": "Point", "coordinates": [120.17520908171906, 30.173234631081417]}}, {"type": "Feature", "properties": {"osm_id": 5629885841, "name": "祠堂前", "kind": "bus", "network": "", "operator": "", "route_ref": ""}, "geometry": {"type": "Point", "coordinates": [120.176628750909, 30.173646461823754]}}, {"type": "Feature", "properties": {"osm_id": 5629885842, "name": "上新庙", "kind": "bus", "network": "", "operator": "", "route_ref": ""}, "geometry": {"type": "Point", "coordinates": [120.18151145972791, 30.17302521802711]}}, {"type": "Feature", "properties": {"osm_id": 5629885843, "name": "上新庙", "kind": "bus", "network": "", "operator": "", "route_ref": ""}, "geometry": {"type": "Point", "coordinates": [120.18112734628862, 30.173482758794425]}}, {"type": "Feature", "properties": {"osm_id": 5629885844, "name": "长河高级中学", "kind": "bus", "network": "", "operator": "", "route_ref": ""}, "geometry": {"type": "Point", "coordinates": [120.18709709140724, 30.173207999047527]}}, {"type": "Feature", "properties": {"osm_id": 5629885845, "name": "长河高级中学", "kind": "bus", "network": "", "operator": "", "route_ref": ""}, "geometry": {"type": "Point", "coordinates": [120.189812993652, 30.172704795409377]}}, {"type": "Feature", "properties": {"osm_id": 5629885846, "name": "滨文路长江路口", "kind": "bus", "network": "", "operator": "", "route_ref": ""}, "geometry": {"type": "Point", "coordinates": [120.19206341392947, 30.173209042096307]}}, {"type": "Feature", "properties": {"osm_id": 5629885847, "name": "滨文路长江路口", "kind": "bus", "network": "", "operator": "", "route_ref": ""}, "geometry": {"type": "Point", "coordinates": [120.19417395209761, 30.173051171649842]}}, {"type": "Feature", "properties": {"osm_id": 5629892122, "name": "滨文路光裕路口", "kind": "bus", "network": "", "operator": "", "route_ref": ""}, "geometry": {"type": "Point", "coordinates": [120.19710120542459, 30.173283161221924]}}, {"type": "Feature", "properties": {"osm_id": 5629892123, "name": "滨文路光裕路口", "kind": "bus", "network": "", "operator": "", "route_ref": ""}, "geometry": {"type": "Point", "coordinates": [120.19791157361887, 30.173628980403148]}}, {"type": "Feature", "properties": {"osm_id": 5629892124, "name": "张家西", "kind": "bus", "network": "", "operator": "", "route_ref": ""}, "geometry": {"type": "Point", "coordinates": [120.20420780477436, 30.17269800386882]}}, {"type": "Feature", "properties": {"osm_id": 5629892125, "name": "张家西", "kind": "bus", "network": "", "operator": "", "route_ref": ""}, "geometry": {"type": "Point", "coordinates": [120.20613488448653, 30.173004475083076]}}, {"type": "Feature", "properties": {"osm_id": 5629907848, "name": "滨康小区东", "kind": "bus", "network": "", "operator": "", "route_ref": ""}, "geometry": {"type": "Point", "coordinates": [120.2114664147414, 30.17992407535744]}}, {"type": "Feature", "properties": {"osm_id": 5629907849, "name": "滨康小区东", "kind": "bus", "network": "", "operator": "", "route_ref": ""}, "geometry": {"type": "Point", "coordinates": [120.21085976039545, 30.18061117776459]}}, {"type": "Feature", "properties": {"osm_id": 5629907850, "name": "江晖路滨安路口", "kind": "bus", "network": "", "operator": "", "route_ref": ""}, "geometry": {"type": "Point", "coordinates": [120.21079738141225, 30.18505675991476]}}, {"type": "Feature", "properties": {"osm_id": 5629907851, "name": "江晖路滨安路口", "kind": "bus", "network": "", "operator": "", "route_ref": ""}, "geometry": {"type": "Point", "coordinates": [120.21110054878693, 30.185218728902342]}}, {"type": "Feature", "properties": {"osm_id": 5629907852, "name": "滨安路聚业路口", "kind": "bus", "network": "", "operator": "", "route_ref": ""}, "geometry": {"type": "Point", "coordinates": [120.21468289708606, 30.18707551110162]}}, {"type": "Feature", "properties": {"osm_id": 5629907853, "name": "滨安路聚业路口", "kind": "bus", "network": "", "operator": "", "route_ref": ""}, "geometry": {"type": "Point", "coordinates": [120.21443825019715, 30.186810229996087]}}, {"type": "Feature", "properties": {"osm_id": 5629907854, "name": "滨康路东", "kind": "bus", "network": "", "operator": "", "route_ref": ""}, "geometry": {"type": "Point", "coordinates": [120.23095226873248, 30.182490562471123]}}, {"type": "Feature", "properties": {"osm_id": 5629907855, "name": "滨康路东", "kind": "bus", "network": "", "operator": "", "route_ref": ""}, "geometry": {"type": "Point", "coordinates": [120.23038419115407, 30.182720560500808]}}, {"type": "Feature", "properties": {"osm_id": 5629907857, "name": "地铁滨康路站A口", "kind": "bus", "network": "", "operator": "", "route_ref": ""}, "geometry": {"type": "Point", "coordinates": [120.23195435436345, 30.184002193716093]}}, {"type": "Feature", "properties": {"osm_id": 5629907858, "name": "地铁滨康路站A口", "kind": "bus", "network": "", "operator": "", "route_ref": ""}, "geometry": {"type": "Point", "coordinates": [120.23119990697886, 30.184580043932677]}}, {"type": "Feature", "properties": {"osm_id": 5634354980, "name": "滨盛路通和路口", "kind": "bus", "network": "", "operator": "", "route_ref": ""}, "geometry": {"type": "Point", "coordinates": [120.21154135360388, 30.212860716584]}}, {"type": "Feature", "properties": {"osm_id": 5634354981, "name": "滨盛路通和路口", "kind": "bus", "network": "", "operator": "", "route_ref": ""}, "geometry": {"type": "Point", "coordinates": [120.21195643509431, 30.212780220186552]}}, {"type": "Feature", "properties": {"osm_id": 5634354982, "name": "春晓路月明路口", "kind": "bus", "network": "", "operator": "", "route_ref": ""}, "geometry": {"type": "Point", "coordinates": [120.21376071334947, 30.20449923152786]}}, {"type": "Feature", "properties": {"osm_id": 5634354983, "name": "春晓路月明路口", "kind": "bus", "network": "", "operator": "", "route_ref": ""}, "geometry": {"type": "Point", "coordinates": [120.21357625671229, 30.204554488350613]}}, {"type": "Feature", "properties": {"osm_id": 5634354984, "name": "春晓路滨和路口", "kind": "bus", "network": "", "operator": "", "route_ref": ""}, "geometry": {"type": "Point", "coordinates": [120.21433440948363, 30.200310725414564]}}, {"type": "Feature", "properties": {"osm_id": 5634354985, "name": "八图园巷", "kind": "other", "network": "", "operator": "", "route_ref": ""}, "geometry": {"type": "Point", "coordinates": [120.21188087187332, 30.19648414217216]}}, {"type": "Feature", "properties": {"osm_id": 5634354986, "name": "八图园巷", "kind": "bus", "network": "", "operator": "", "route_ref": ""}, "geometry": {"type": "Point", "coordinates": [120.21350457100768, 30.19660687294114]}}, {"type": "Feature", "properties": {"osm_id": 5634354987, "name": "八图园巷", "kind": "bus", "network": "", "operator": "", "route_ref": ""}, "geometry": {"type": "Point", "coordinates": [120.21186021607905, 30.19641076788698]}}, {"type": "Feature", "properties": {"osm_id": 5634354991, "name": "春波小区", "kind": "bus", "network": "", "operator": "", "route_ref": ""}, "geometry": {"type": "Point", "coordinates": [120.21056282675094, 30.190699257796922]}}, {"type": "Feature", "properties": {"osm_id": 5634354992, "name": "春波小区", "kind": "bus", "network": "", "operator": "", "route_ref": ""}, "geometry": {"type": "Point", "coordinates": [120.21093658918463, 30.19051040687958]}}, {"type": "Feature", "properties": {"osm_id": 5634354993, "name": "滨安路江淑路口", "kind": "bus", "network": "", "operator": "", "route_ref": ""}, "geometry": {"type": "Point", "coordinates": [120.20956899385807, 30.187021346135868]}}, {"type": "Feature", "properties": {"osm_id": 5634394755, "name": "滨安路时代大道口", "kind": "bus", "network": "", "operator": "", "route_ref": ""}, "geometry": {"type": "Point", "coordinates": [120.1858158482001, 30.18611961028308]}}, {"type": "Feature", "properties": {"osm_id": 5634394756, "name": "滨安路南川路口", "kind": "bus", "network": "", "operator": "", "route_ref": ""}, "geometry": {"type": "Point", "coordinates": [120.17866879597493, 30.185261886528203]}}, {"type": "Feature", "properties": {"osm_id": 5634394757, "name": "滨安路南川路口", "kind": "bus", "network": "", "operator": "", "route_ref": ""}, "geometry": {"type": "Point", "coordinates": [120.1789498722342, 30.185495965812137]}}, {"type": "Feature", "properties": {"osm_id": 5634394758, "name": "滨安路信诚路口", "kind": "bus", "network": "", "operator": "", "route_ref": ""}, "geometry": {"type": "Point", "coordinates": [120.17538959810837, 30.184698563125195]}}, {"type": "Feature", "properties": {"osm_id": 5634394759, "name": "滨安路信诚路口", "kind": "bus", "network": "", "operator": "", "route_ref": ""}, "geometry": {"type": "Point", "coordinates": [120.17650069008353, 30.185063577646677]}}, {"type": "Feature", "properties": {"osm_id": 5634394766, "name": "横街埠", "kind": "bus", "network": "", "operator": "", "route_ref": ""}, "geometry": {"type": "Point", "coordinates": [120.17190186738586, 30.190636117675623]}}, {"type": "Feature", "properties": {"osm_id": 5634394767, "name": "横街埠", "kind": "bus", "network": "", "operator": "", "route_ref": ""}, "geometry": {"type": "Point", "coordinates": [120.17238658137427, 30.19025168647095]}}, {"type": "Feature", "properties": {"osm_id": 5634394770, "name": "高家圩", "kind": "bus", "network": "", "operator": "", "route_ref": ""}, "geometry": {"type": "Point", "coordinates": [120.13725364915008, 30.18045258732288]}}, {"type": "Feature", "properties": {"osm_id": 5634394771, "name": "高家圩", "kind": "bus", "network": "", "operator": "", "route_ref": ""}, "geometry": {"type": "Point", "coordinates": [120.13613183824346, 30.180230710648644]}}, {"type": "Feature", "properties": {"osm_id": 5634513104, "name": "时代大道山河路口", "kind": "bus", "network": "", "operator": "", "route_ref": ""}, "geometry": {"type": "Point", "coordinates": [120.18210215601636, 30.137765303892742]}}, {"type": "Feature", "properties": {"osm_id": 5634513105, "name": "时代大道山河路口", "kind": "bus", "network": "", "operator": "", "route_ref": ""}, "geometry": {"type": "Point", "coordinates": [120.18170574982018, 30.137889552261267]}}, {"type": "Feature", "properties": {"osm_id": 5634599400, "name": "时代大道南川路口", "kind": "bus", "network": "", "operator": "", "route_ref": ""}, "geometry": {"type": "Point", "coordinates": [120.18149357365623, 30.14976856978727]}}, {"type": "Feature", "properties": {"osm_id": 5634599401, "name": "时代大道南川路口", "kind": "bus", "network": "", "operator": "", "route_ref": ""}, "geometry": {"type": "Point", "coordinates": [120.18224616145731, 30.148988832262322]}}, {"type": "Feature", "properties": {"osm_id": 5634599405, "name": "孔家里", "kind": "bus", "network": "", "operator": "", "route_ref": ""}, "geometry": {"type": "Point", "coordinates": [120.18317557753245, 30.154828062182094]}}, {"type": "Feature", "properties": {"osm_id": 5634599406, "name": "孔家里", "kind": "bus", "network": "", "operator": "", "route_ref": ""}, "geometry": {"type": "Point", "coordinates": [120.18268346950461, 30.155136294587944]}}, {"type": "Feature", "properties": {"osm_id": 5634599408, "name": "姚江路银鼓路口", "kind": "bus", "network": "", "operator": "", "route_ref": ""}, "geometry": {"type": "Point", "coordinates": [120.18096433005222, 30.221327991638596]}}, {"type": "Feature", "properties": {"osm_id": 5634599409, "name": "二凉亭", "kind": "bus", "network": "", "operator": "", "route_ref": ""}, "geometry": {"type": "Point", "coordinates": [120.181105054935, 30.226663075161312]}}, {"type": "Feature", "properties": {"osm_id": 5634599410, "name": "二凉亭", "kind": "bus", "network": "", "operator": "", "route_ref": ""}, "geometry": {"type": "Point", "coordinates": [120.18183519516707, 30.226946620217802]}}, {"type": "Feature", "properties": {"osm_id": 5634599411, "name": "望江门外", "kind": "bus", "network": "", "operator": "", "route_ref": ""}, "geometry": {"type": "Point", "coordinates": [120.1847071477729, 30.230640492646216]}}, {"type": "Feature", "properties": {"osm_id": 5634599412, "name": "望江门外", "kind": "bus", "network": "", "operator": "", "route_ref": ""}, "geometry": {"type": "Point", "coordinates": [120.18463071611319, 30.231136469689623]}}, {"type": "Feature", "properties": {"osm_id": 5634599413, "name": "大通桥东", "kind": "bus", "network": "", "operator": "", "route_ref": ""}, "geometry": {"type": "Point", "coordinates": [120.18800015636441, 30.231048619265515]}}, {"type": "Feature", "properties": {"osm_id": 5634599414, "name": "大通桥东", "kind": "bus", "network": "", "operator": "", "route_ref": ""}, "geometry": {"type": "Point", "coordinates": [120.18683587510832, 30.230957860566292]}}, {"type": "Feature", "properties": {"osm_id": 5634599415, "name": "木材新村", "kind": "bus", "network": "", "operator": "", "route_ref": ""}, "geometry": {"type": "Point", "coordinates": [120.1797057884236, 30.22357690970242]}}, {"type": "Feature", "properties": {"osm_id": 5634599416, "name": "木材新村", "kind": "bus", "network": "", "operator": "", "route_ref": ""}, "geometry": {"type": "Point", "coordinates": [120.17809421675621, 30.222286170755787]}}, {"type": "Feature", "properties": {"osm_id": 5634599417, "name": "钱江路望江东路口", "kind": "bus", "network": "", "operator": "", "route_ref": ""}, "geometry": {"type": "Point", "coordinates": [120.18956186956768, 30.228469980380048]}}, {"type": "Feature", "properties": {"osm_id": 5634599418, "name": "钱江路望江东路口", "kind": "bus", "network": "", "operator": "", "route_ref": ""}, "geometry": {"type": "Point", "coordinates": [120.19163877440408, 30.230110426424613]}}, {"type": "Feature", "properties": {"osm_id": 5634599420, "name": "钱江路甬江路口", "kind": "bus", "network": "", "operator": "", "route_ref": ""}, "geometry": {"type": "Point", "coordinates": [120.18816360922996, 30.226644818023225]}}, {"type": "Feature", "properties": {"osm_id": 5652751489, "name": "低碳科技馆", "kind": "bus", "network": "", "operator": "", "route_ref": ""}, "geometry": {"type": "Point", "coordinates": [120.20262534171104, 30.209203584537168]}}, {"type": "Feature", "properties": {"osm_id": 5652751490, "name": "低碳科技馆", "kind": "bus", "network": "", "operator": "", "route_ref": ""}, "geometry": {"type": "Point", "coordinates": [120.20234148049201, 30.208922931988916]}}, {"type": "Feature", "properties": {"osm_id": 5652751491, "name": "江汉路科技馆街口", "kind": "bus", "network": "", "operator": "", "route_ref": ""}, "geometry": {"type": "Point", "coordinates": [120.20190854107625, 30.207653770245752]}}, {"type": "Feature", "properties": {"osm_id": 5652751492, "name": "江汉路科技馆街口", "kind": "bus", "network": "", "operator": "", "route_ref": ""}, "geometry": {"type": "Point", "coordinates": [120.20166122330282, 30.207826386943637]}}, {"type": "Feature", "properties": {"osm_id": 5652751493, "name": "星光大道东", "kind": "bus", "network": "", "operator": "", "route_ref": ""}, "geometry": {"type": "Point", "coordinates": [120.21068525686064, 30.2080266724339]}}, {"type": "Feature", "properties": {"osm_id": 5665359119, "name": "钱江路衢江路口", "kind": "bus", "network": "", "operator": "", "route_ref": ""}, "geometry": {"type": "Point", "coordinates": [120.19695501832832, 30.235924243484735]}}, {"type": "Feature", "properties": {"osm_id": 5722310090, "name": "江汉路新月路口", "kind": "bus", "network": "", "operator": "", "route_ref": ""}, "geometry": {"type": "Point", "coordinates": [120.2039652699272, 30.204373850722245]}}, {"type": "Feature", "properties": {"osm_id": 5722310091, "name": "江汉路新月路口", "kind": "bus", "network": "", "operator": "", "route_ref": ""}, "geometry": {"type": "Point", "coordinates": [120.20383609548225, 30.204170446946872]}}, {"type": "Feature", "properties": {"osm_id": 5722338621, "name": "地铁滨和路站（B·C）", "kind": "bus", "network": "", "operator": "", "route_ref": ""}, "geometry": {"type": "Point", "coordinates": [120.21539972223412, 30.19917873492966]}}, {"type": "Feature", "properties": {"osm_id": 5722338622, "name": "地铁滨和路站（B·C）", "kind": "bus", "network": "", "operator": "", "route_ref": ""}, "geometry": {"type": "Point", "coordinates": [120.21660497873302, 30.19958667306745]}}, {"type": "Feature", "properties": {"osm_id": 5722338623, "name": "江陵路滨和路口", "kind": "bus", "network": "", "operator": "", "route_ref": ""}, "geometry": {"type": "Point", "coordinates": [120.21791877580291, 30.198007012893207]}}, {"type": "Feature", "properties": {"osm_id": 5722338624, "name": "江陵路滨和路口", "kind": "bus", "network": "", "operator": "", "route_ref": ""}, "geometry": {"type": "Point", "coordinates": [120.21759797551925, 30.19775500567933]}}, {"type": "Feature", "properties": {"osm_id": 5722338625, "name": "迎春小区", "kind": "bus", "network": "", "operator": "", "route_ref": ""}, "geometry": {"type": "Point", "coordinates": [120.22032810595108, 30.197145018307808]}}, {"type": "Feature", "properties": {"osm_id": 5722338626, "name": "迎春小区", "kind": "bus", "network": "", "operator": "", "route_ref": ""}, "geometry": {"type": "Point", "coordinates": [120.22211311966535, 30.197244847744145]}}, {"type": "Feature", "properties": {"osm_id": 5722340244, "name": "滨盛路安业路口", "kind": "bus", "network": "", "operator": "", "route_ref": ""}, "geometry": {"type": "Point", "coordinates": [120.20143550703929, 30.20629487423396]}}, {"type": "Feature", "properties": {"osm_id": 5722340245, "name": "滨盛路江汉路口", "kind": "bus", "network": "", "operator": "", "route_ref": ""}, "geometry": {"type": "Point", "coordinates": [120.20128902904881, 30.20659673315706]}}, {"type": "Feature", "properties": {"osm_id": 5722371277, "name": "滨盛路江虹路口", "kind": "bus", "network": "", "operator": "", "route_ref": ""}, "geometry": {"type": "Point", "coordinates": [120.19755222026158, 30.204298215890557]}}, {"type": "Feature", "properties": {"osm_id": 5722371278, "name": "滨盛路江虹路口", "kind": "bus", "network": "", "operator": "", "route_ref": ""}, "geometry": {"type": "Point", "coordinates": [120.19724799079987, 30.204551053527712]}}, {"type": "Feature", "properties": {"osm_id": 5723142340, "name": "三廊庙", "kind": "bus", "network": "", "operator": "", "route_ref": ""}, "geometry": {"type": "Point", "coordinates": [120.17588858907332, 30.2192361488479]}}, {"type": "Feature", "properties": {"osm_id": 5723142344, "name": "上仓桥", "kind": "bus", "network": "", "operator": "", "route_ref": ""}, "geometry": {"type": "Point", "coordinates": [120.17077878499339, 30.23061123861517]}}, {"type": "Feature", "properties": {"osm_id": 5723142345, "name": "上仓桥", "kind": "bus", "network": "", "operator": "", "route_ref": ""}, "geometry": {"type": "Point", "coordinates": [120.17053472982404, 30.230777708457683]}}, {"type": "Feature", "properties": {"osm_id": 5794780232, "name": "扬帆路丹枫路口北", "kind": "bus", "network": "", "operator": "", "route_ref": ""}, "geometry": {"type": "Point", "coordinates": [120.2289258572059, 30.22321683344941]}}, {"type": "Feature", "properties": {"osm_id": 6116545566, "name": "明豪大厦南", "kind": "bus", "network": "", "operator": "", "route_ref": ""}, "geometry": {"type": "Point", "coordinates": [120.20802063276393, 30.21038656035683]}}, {"type": "Feature", "properties": {"osm_id": 6439000875, "name": "于谦祠", "kind": "other", "network": "", "operator": "", "route_ref": ""}, "geometry": {"type": "Point", "coordinates": [120.13280491159627, 30.22853125445246]}}, {"type": "Feature", "properties": {"osm_id": 6496588718, "name": "空军疗养院", "kind": "bus", "network": "", "operator": "", "route_ref": ""}, "geometry": {"type": "Point", "coordinates": [120.13069800405204, 30.235134181516813]}}, {"type": "Feature", "properties": {"osm_id": 6496588719, "name": "空军疗养院", "kind": "bus", "network": "", "operator": "", "route_ref": ""}, "geometry": {"type": "Point", "coordinates": [120.1310486650779, 30.235179901243246]}}, {"type": "Feature", "properties": {"osm_id": 6496588725, "name": "六部桥西", "kind": "bus", "network": "", "operator": "", "route_ref": ""}, "geometry": {"type": "Point", "coordinates": [120.16939654164263, 30.227291303531658]}}, {"type": "Feature", "properties": {"osm_id": 6496588729, "name": "凤山门", "kind": "bus", "network": "", "operator": "", "route_ref": ""}, "geometry": {"type": "Point", "coordinates": [120.17204575379051, 30.224255927073624]}}, {"type": "Feature", "properties": {"osm_id": 6496588730, "name": "凤山门", "kind": "bus", "network": "", "operator": "", "route_ref": ""}, "geometry": {"type": "Point", "coordinates": [120.17190561082775, 30.224692819666725]}}, {"type": "Feature", "properties": {"osm_id": 6505799704, "name": "湘湖", "kind": "railway", "network": "", "operator": "", "route_ref": ""}, "geometry": {"type": "Point", "coordinates": [120.23460911163507, 30.1677336024267]}}, {"type": "Feature", "properties": {"osm_id": 6505799721, "name": "滨康路", "kind": "railway", "network": "", "operator": "", "route_ref": ""}, "geometry": {"type": "Point", "coordinates": [120.23123248537269, 30.183791582029986]}}, {"type": "Feature", "properties": {"osm_id": 6505799737, "name": "西兴", "kind": "railway", "network": "", "operator": "", "route_ref": ""}, "geometry": {"type": "Point", "coordinates": [120.22073832213297, 30.18741516763721]}}, {"type": "Feature", "properties": {"osm_id": 6505799745, "name": "滨和路", "kind": "railway", "network": "", "operator": "", "route_ref": ""}, "geometry": {"type": "Point", "coordinates": [120.2177961737444, 30.19949794380595]}}, {"type": "Feature", "properties": {"osm_id": 6505799749, "name": "江陵路", "kind": "railway", "network": "杭州地铁", "operator": "杭州杭港地铁有限公司", "route_ref": ""}, "geometry": {"type": "Point", "coordinates": [120.2167468460476, 30.20917130861193]}}, {"type": "Feature", "properties": {"osm_id": 6505799756, "name": "近江", "kind": "railway", "network": "", "operator": "", "route_ref": ""}, "geometry": {"type": "Point", "coordinates": [120.19755783170982, 30.23109996063036]}}, {"type": "Feature", "properties": {"osm_id": 6512837813, "name": "复兴路", "kind": "railway", "network": "", "operator": "", "route_ref": ""}, "geometry": {"type": "Point", "coordinates": [120.16383154450945, 30.2105318620914]}}, {"type": "Feature", "properties": {"osm_id": 6574388483, "name": "联庄社区", "kind": "bus", "network": "", "operator": "", "route_ref": ""}, "geometry": {"type": "Point", "coordinates": [120.15497172558368, 30.1827211735105]}}, {"type": "Feature", "properties": {"osm_id": 6574388484, "name": "江南大道东信大道口", "kind": "bus", "network": "", "operator": "", "route_ref": ""}, "geometry": {"type": "Point", "coordinates": [120.15358318156873, 30.18361276605243]}}, {"type": "Feature", "properties": {"osm_id": 6574388894, "name": "钱江路望江东路口", "kind": "other", "network": "", "operator": "", "route_ref": ""}, "geometry": {"type": "Point", "coordinates": [120.18957941393893, 30.22841674474886]}}, {"type": "Feature", "properties": {"osm_id": 6574388922, "name": "六部桥东", "kind": "bus", "network": "", "operator": "", "route_ref": ""}, "geometry": {"type": "Point", "coordinates": [120.17056986823, 30.227722833269734]}}, {"type": "Feature", "properties": {"osm_id": 6574412387, "name": "联庄社区", "kind": "bus", "network": "", "operator": "", "route_ref": ""}, "geometry": {"type": "Point", "coordinates": [120.15739734956763, 30.182592478503715]}}, {"type": "Feature", "properties": {"osm_id": 6574412391, "name": "地铁伟业路站（A·D）", "kind": "bus", "network": "", "operator": "", "route_ref": ""}, "geometry": {"type": "Point", "coordinates": [120.16073983026513, 30.182582961577527]}}, {"type": "Feature", "properties": {"osm_id": 6574412395, "name": "流金巷", "kind": "bus", "network": "", "operator": "", "route_ref": ""}, "geometry": {"type": "Point", "coordinates": [120.1651040969105, 30.184378908131595]}}, {"type": "Feature", "properties": {"osm_id": 6578195779, "name": "西兴路滨安路口", "kind": "bus", "network": "", "operator": "", "route_ref": ""}, "geometry": {"type": "Point", "coordinates": [120.22779633108165, 30.186444685223126]}}, {"type": "Feature", "properties": {"osm_id": 6578195780, "name": "西兴路滨安路口", "kind": "bus", "network": "", "operator": "", "route_ref": ""}, "geometry": {"type": "Point", "coordinates": [120.22774299091346, 30.187168168826506]}}, {"type": "Feature", "properties": {"osm_id": 6578235396, "name": "张家西南", "kind": "bus", "network": "", "operator": "", "route_ref": ""}, "geometry": {"type": "Point", "coordinates": [120.20293101556443, 30.170491176934686]}}, {"type": "Feature", "properties": {"osm_id": 6578235397, "name": "张家西南", "kind": "bus", "network": "", "operator": "", "route_ref": ""}, "geometry": {"type": "Point", "coordinates": [120.20324112228764, 30.170908090028515]}}, {"type": "Feature", "properties": {"osm_id": 6578235422, "name": "长河汤家桥", "kind": "bus", "network": "", "operator": "", "route_ref": ""}, "geometry": {"type": "Point", "coordinates": [120.19714178039867, 30.165911717919922]}}, {"type": "Feature", "properties": {"osm_id": 6578235423, "name": "长河汤家桥", "kind": "bus", "network": "", "operator": "", "route_ref": ""}, "geometry": {"type": "Point", "coordinates": [120.19765620030364, 30.165379013146207]}}, {"type": "Feature", "properties": {"osm_id": 6578235426, "name": "白马湖路腾龙路口", "kind": "bus", "network": "", "operator": "", "route_ref": ""}, "geometry": {"type": "Point", "coordinates": [120.19424122456239, 30.15937136541736]}}, {"type": "Feature", "properties": {"osm_id": 6578235427, "name": "白马湖路腾龙路口", "kind": "bus", "network": "", "operator": "", "route_ref": ""}, "geometry": {"type": "Point", "coordinates": [120.19644306597623, 30.160212832642085]}}, {"type": "Feature", "properties": {"osm_id": 6578235434, "name": "山一村", "kind": "bus", "network": "", "operator": "", "route_ref": ""}, "geometry": {"type": "Point", "coordinates": [120.18592409486426, 30.15570646118975]}}, {"type": "Feature", "properties": {"osm_id": 6578235435, "name": "山一村", "kind": "bus", "network": "", "operator": "", "route_ref": ""}, "geometry": {"type": "Point", "coordinates": [120.18670715247575, 30.155335298086637]}}, {"type": "Feature", "properties": {"osm_id": 6578235439, "name": "孔家里西", "kind": "bus", "network": "", "operator": "", "route_ref": ""}, "geometry": {"type": "Point", "coordinates": [120.18197570838338, 30.15666357176137]}}, {"type": "Feature", "properties": {"osm_id": 6578235440, "name": "孔家里西", "kind": "bus", "network": "", "operator": "", "route_ref": ""}, "geometry": {"type": "Point", "coordinates": [120.18073832446781, 30.15687450755529]}}, {"type": "Feature", "properties": {"osm_id": 6578235442, "name": "十五间头", "kind": "bus", "network": "", "operator": "", "route_ref": ""}, "geometry": {"type": "Point", "coordinates": [120.17464218911205, 30.158934394705984]}}, {"type": "Feature", "properties": {"osm_id": 6578235443, "name": "十五间头", "kind": "bus", "network": "", "operator": "", "route_ref": ""}, "geometry": {"type": "Point", "coordinates": [120.17452681490579, 30.158686304728192]}}, {"type": "Feature", "properties": {"osm_id": 6578235444, "name": "许家里", "kind": "bus", "network": "", "operator": "", "route_ref": ""}, "geometry": {"type": "Point", "coordinates": [120.17051014515452, 30.160890747748716]}}, {"type": "Feature", "properties": {"osm_id": 6578235445, "name": "许家里", "kind": "bus", "network": "", "operator": "", "route_ref": ""}, "geometry": {"type": "Point", "coordinates": [120.17152494050994, 30.160100314124318]}}, {"type": "Feature", "properties": {"osm_id": 6578235458, "name": "老店里", "kind": "bus", "network": "", "operator": "", "route_ref": ""}, "geometry": {"type": "Point", "coordinates": [120.16858095087889, 30.166185741827775]}}, {"type": "Feature", "properties": {"osm_id": 6578235459, "name": "老店里", "kind": "bus", "network": "", "operator": "", "route_ref": ""}, "geometry": {"type": "Point", "coordinates": [120.16941164475918, 30.1634699942202]}}, {"type": "Feature", "properties": {"osm_id": 6612485656, "name": "花园周", "kind": "other", "network": "", "operator": "", "route_ref": ""}, "geometry": {"type": "Point", "coordinates": [120.18193693232213, 30.172350291852155]}}, {"type": "Feature", "properties": {"osm_id": 7438242092, "name": "近江", "kind": "railway", "network": "", "operator": "", "route_ref": ""}, "geometry": {"type": "Point", "coordinates": [120.19793524519812, 30.230680683602614]}}, {"type": "Feature", "properties": {"osm_id": 7442098349, "name": "滨康路", "kind": "railway", "network": "", "operator": "", "route_ref": ""}, "geometry": {"type": "Point", "coordinates": [120.231145246197, 30.182678207217222]}}, {"type": "Feature", "properties": {"osm_id": 7443726877, "name": "地铁湘湖站西", "kind": "bus", "network": "", "operator": "", "route_ref": ""}, "geometry": {"type": "Point", "coordinates": [120.23252332724039, 30.167459776517966]}}, {"type": "Feature", "properties": {"osm_id": 7443726878, "name": "地铁湘湖站西", "kind": "bus", "network": "", "operator": "", "route_ref": ""}, "geometry": {"type": "Point", "coordinates": [120.23320686967455, 30.167324035818865]}}, {"type": "Feature", "properties": {"osm_id": 7443754819, "name": "甬江路", "kind": "railway", "network": "", "operator": "", "route_ref": ""}, "geometry": {"type": "Point", "coordinates": [120.190737986918, 30.224152053519553]}}, {"type": "Feature", "properties": {"osm_id": 7443754831, "name": "南星桥", "kind": "railway", "network": "", "operator": "", "route_ref": ""}, "geometry": {"type": "Point", "coordinates": [120.17805125131468, 30.217571955370612]}}, {"type": "Feature", "properties": {"osm_id": 7443754832, "name": "甬江路", "kind": "railway", "network": "", "operator": "", "route_ref": ""}, "geometry": {"type": "Point", "coordinates": [120.1906094700306, 30.224271994349323]}}, {"type": "Feature", "properties": {"osm_id": 7443754844, "name": "复兴路", "kind": "railway", "network": "", "operator": "", "route_ref": ""}, "geometry": {"type": "Point", "coordinates": [120.16392196599091, 30.21038268824373]}}, {"type": "Feature", "properties": {"osm_id": 7443754846, "name": "南星桥", "kind": "railway", "network": "", "operator": "", "route_ref": ""}, "geometry": {"type": "Point", "coordinates": [120.17793850107248, 30.21770507674197]}}, {"type": "Feature", "properties": {"osm_id": 7443754849, "name": "南星桥", "kind": "railway", "network": "", "operator": "", "route_ref": ""}, "geometry": {"type": "Point", "coordinates": [120.17762357491257, 30.21684341935888]}}, {"type": "Feature", "properties": {"osm_id": 7491972881, "name": "水澄桥", "kind": "railway", "network": "", "operator": "", "route_ref": ""}, "geometry": {"type": "Point", "coordinates": [120.15218636116623, 30.203947585679316]}}, {"type": "Feature", "properties": {"osm_id": 7491972883, "name": "水澄桥", "kind": "railway", "network": "", "operator": "", "route_ref": ""}, "geometry": {"type": "Point", "coordinates": [120.15209921297385, 30.20408953766398]}}, {"type": "Feature", "properties": {"osm_id": 7492010096, "name": "联庄", "kind": "railway", "network": "", "operator": "", "route_ref": ""}, "geometry": {"type": "Point", "coordinates": [120.15203249071847, 30.186232969232698]}}, {"type": "Feature", "properties": {"osm_id": 7492010107, "name": "杨家墩", "kind": "railway", "network": "", "operator": "", "route_ref": ""}, "geometry": {"type": "Point", "coordinates": [120.14892637287916, 30.167858669759077]}}, {"type": "Feature", "properties": {"osm_id": 7492010112, "name": "浦沿", "kind": "railway", "network": "", "operator": "", "route_ref": ""}, "geometry": {"type": "Point", "coordinates": [120.15365269691674, 30.15877901134332]}}, {"type": "Feature", "properties": {"osm_id": 7492010113, "name": "浦沿", "kind": "railway", "network": "", "operator": "", "route_ref": ""}, "geometry": {"type": "Point", "coordinates": [120.15380906620115, 30.158833149494402]}}, {"type": "Feature", "properties": {"osm_id": 7492010115, "name": "杨家墩", "kind": "railway", "network": "", "operator": "", "route_ref": ""}, "geometry": {"type": "Point", "coordinates": [120.1487369765737, 30.167821669396975]}}, {"type": "Feature", "properties": {"osm_id": 7492010116, "name": "中医药大学", "kind": "railway", "network": "", "operator": "", "route_ref": ""}, "geometry": {"type": "Point", "coordinates": [120.14653218454968, 30.175801117591714]}}, {"type": "Feature", "properties": {"osm_id": 7492697344, "name": "候潮门", "kind": "railway", "network": "", "operator": "", "route_ref": ""}, "geometry": {"type": "Point", "coordinates": [120.17300706040069, 30.22654496628868]}}, {"type": "Feature", "properties": {"osm_id": 7492697350, "name": "候潮门", "kind": "railway", "network": "", "operator": "", "route_ref": ""}, "geometry": {"type": "Point", "coordinates": [120.17315192643437, 30.22655769380254]}}, {"type": "Feature", "properties": {"osm_id": 7502324365, "name": "长河", "kind": "railway", "network": "", "operator": "", "route_ref": ""}, "geometry": {"type": "Point", "coordinates": [120.19386921910326, 30.197093676450834]}}, {"type": "Feature", "properties": {"osm_id": 7502324372, "name": "长河", "kind": "railway", "network": "", "operator": "", "route_ref": ""}, "geometry": {"type": "Point", "coordinates": [120.19404103412532, 30.197157275067568]}}, {"type": "Feature", "properties": {"osm_id": 7502324373, "name": "长河", "kind": "railway", "network": "", "operator": "", "route_ref": ""}, "geometry": {"type": "Point", "coordinates": [120.19460663889035, 30.197340684472245]}}, {"type": "Feature", "properties": {"osm_id": 7502324380, "name": "聚才路", "kind": "railway", "network": "", "operator": "", "route_ref": ""}, "geometry": {"type": "Point", "coordinates": [120.19844223229576, 30.182453433986986]}}, {"type": "Feature", "properties": {"osm_id": 7502324384, "name": "江晖路", "kind": "railway", "network": "", "operator": "", "route_ref": ""}, "geometry": {"type": "Point", "coordinates": [120.21109804975951, 30.181524972185635]}}, {"type": "Feature", "properties": {"osm_id": 7502343290, "name": "聚才路", "kind": "railway", "network": "", "operator": "", "route_ref": ""}, "geometry": {"type": "Point", "coordinates": [120.19854735242505, 30.182590160701803]}}, {"type": "Feature", "properties": {"osm_id": 7502343291, "name": "江晖路", "kind": "railway", "network": "", "operator": "", "route_ref": ""}, "geometry": {"type": "Point", "coordinates": [120.21109287607501, 30.181689686654366]}}, {"type": "Feature", "properties": {"osm_id": 7768771040, "name": "白马湖路腾龙路口", "kind": "other", "network": "", "operator": "", "route_ref": ""}, "geometry": {"type": "Point", "coordinates": [120.19427781664791, 30.15932649923086]}}, {"type": "Feature", "properties": {"osm_id": 8761556600, "name": "固陵路北", "kind": "other", "network": "", "operator": "", "route_ref": ""}, "geometry": {"type": "Point", "coordinates": [120.22673816465823, 30.194011168319065]}}, {"type": "Feature", "properties": {"osm_id": 8761556605, "name": "协同村", "kind": "bus", "network": "", "operator": "", "route_ref": ""}, "geometry": {"type": "Point", "coordinates": [120.23276704283722, 30.194576332020766]}}, {"type": "Feature", "properties": {"osm_id": 8761556606, "name": "协同村", "kind": "bus", "network": "", "operator": "", "route_ref": ""}, "geometry": {"type": "Point", "coordinates": [120.23260184742016, 30.194895378199284]}}, {"type": "Feature", "properties": {"osm_id": 8761556660, "name": "铁岭关", "kind": "bus", "network": "", "operator": "", "route_ref": ""}, "geometry": {"type": "Point", "coordinates": [120.21788885354077, 30.188436488403912]}}, {"type": "Feature", "properties": {"osm_id": 8761556662, "name": "江陵路江汉路口", "kind": "bus", "network": "", "operator": "", "route_ref": ""}, "geometry": {"type": "Point", "coordinates": [120.21812364232332, 30.195883148805187]}}, {"type": "Feature", "properties": {"osm_id": 8761556663, "name": "江陵路江汉路口", "kind": "bus", "network": "", "operator": "", "route_ref": ""}, "geometry": {"type": "Point", "coordinates": [120.21784075030796, 30.195577289476525]}}, {"type": "Feature", "properties": {"osm_id": 8761556664, "name": "江陵路启智街口", "kind": "bus", "network": "", "operator": "", "route_ref": ""}, "geometry": {"type": "Point", "coordinates": [120.21761679247568, 30.20089824354493]}}, {"type": "Feature", "properties": {"osm_id": 8761556665, "name": "江陵路启智街口", "kind": "bus", "network": "", "operator": "", "route_ref": ""}, "geometry": {"type": "Point", "coordinates": [120.21731245533294, 30.20061101583123]}}, {"type": "Feature", "properties": {"osm_id": 8761556666, "name": "月明路江陵路口", "kind": "bus", "network": "", "operator": "", "route_ref": ""}, "geometry": {"type": "Point", "coordinates": [120.21587925366643, 30.20453368314047]}}, {"type": "Feature", "properties": {"osm_id": 8761556667, "name": "月明路江陵路口", "kind": "bus", "network": "", "operator": "", "route_ref": ""}, "geometry": {"type": "Point", "coordinates": [120.21486167881419, 30.20404241053025]}}, {"type": "Feature", "properties": {"osm_id": 8938727601, "name": "星民", "kind": "railway", "network": "杭州地铁", "operator": "杭州地铁", "route_ref": ""}, "geometry": {"type": "Point", "coordinates": [120.22381343263642, 30.213274937342536]}}, {"type": "Feature", "properties": {"osm_id": 8938729264, "name": "江汉路", "kind": "railway", "network": "", "operator": "", "route_ref": ""}, "geometry": {"type": "Point", "coordinates": [120.20472813315216, 30.202889954094015]}}, {"type": "Feature", "properties": {"osm_id": 8938729265, "name": "江陵路", "kind": "railway", "network": "", "operator": "", "route_ref": ""}, "geometry": {"type": "Point", "coordinates": [120.21661315658038, 30.209236985414357]}}, {"type": "Feature", "properties": {"osm_id": 8938729373, "name": "诚业路", "kind": "railway", "network": "", "operator": "", "route_ref": ""}, "geometry": {"type": "Point", "coordinates": [120.16973671793075, 30.186675303008418]}}, {"type": "Feature", "properties": {"osm_id": 8938729427, "name": "西浦路", "kind": "railway", "network": "", "operator": "", "route_ref": ""}, "geometry": {"type": "Point", "coordinates": [120.13708464624091, 30.168649943582125]}}, {"type": "Feature", "properties": {"osm_id": 8940445091, "name": "博览中心", "kind": "railway", "network": "", "operator": "", "route_ref": ""}, "geometry": {"type": "Point", "coordinates": [120.23642280109561, 30.23268185335576]}}, {"type": "Feature", "properties": {"osm_id": 8940577933, "name": "奥体中心", "kind": "railway", "network": "", "operator": "", "route_ref": ""}, "geometry": {"type": "Point", "coordinates": [120.2329051912253, 30.22353706902179]}}, {"type": "Feature", "properties": {"osm_id": 8940624010, "name": "奥体中心", "kind": "railway", "network": "", "operator": "", "route_ref": ""}, "geometry": {"type": "Point", "coordinates": [120.23271761036025, 30.22358461951886]}}, {"type": "Feature", "properties": {"osm_id": 8982332627, "name": "湘湖", "kind": "railway", "network": "", "operator": "", "route_ref": ""}, "geometry": {"type": "Point", "coordinates": [120.2344553580626, 30.167722913608547]}}, {"type": "Feature", "properties": {"osm_id": 8983303243, "name": "中医药大学", "kind": "railway", "network": "", "operator": "", "route_ref": ""}, "geometry": {"type": "Point", "coordinates": [120.14655502526259, 30.175807382711213]}}, {"type": "Feature", "properties": {"osm_id": 8983303258, "name": "中医药大学", "kind": "railway", "network": "", "operator": "", "route_ref": ""}, "geometry": {"type": "Point", "coordinates": [120.146337590694, 30.175766615019445]}}, {"type": "Feature", "properties": {"osm_id": 8985066293, "name": "奥体中心", "kind": "railway", "network": "", "operator": "", "route_ref": ""}, "geometry": {"type": "Point", "coordinates": [120.23302043561232, 30.22399110867241]}}, {"type": "Feature", "properties": {"osm_id": 8997356671, "name": "江陵路", "kind": "railway", "network": "", "operator": "", "route_ref": ""}, "geometry": {"type": "Point", "coordinates": [120.2166820856804, 30.209073286822296]}}, {"type": "Feature", "properties": {"osm_id": 8997356711, "name": "地铁长河站", "kind": "other", "network": "", "operator": "", "route_ref": ""}, "geometry": {"type": "Point", "coordinates": [120.19432006292642, 30.19624253547123]}}, {"type": "Feature", "properties": {"osm_id": 8997356714, "name": "长河", "kind": "railway", "network": "", "operator": "", "route_ref": ""}, "geometry": {"type": "Point", "coordinates": [120.19453884458775, 30.197496411937745]}}, {"type": "Feature", "properties": {"osm_id": 8997363162, "name": "建业路", "kind": "railway", "network": "", "operator": "", "route_ref": ""}, "geometry": {"type": "Point", "coordinates": [120.18035852813513, 30.191221969156953]}}, {"type": "Feature", "properties": {"osm_id": 8997363163, "name": "伟业路", "kind": "railway", "network": "", "operator": "", "route_ref": ""}, "geometry": {"type": "Point", "coordinates": [120.15907842019874, 30.18243711548764]}}, {"type": "Feature", "properties": {"osm_id": 8997363164, "name": "伟业路", "kind": "railway", "network": "", "operator": "", "route_ref": ""}, "geometry": {"type": "Point", "coordinates": [120.15909954879896, 30.182311272682373]}}, {"type": "Feature", "properties": {"osm_id": 9442277467, "name": "近江", "kind": "subway", "network": "", "operator": "杭州杭港地铁有限公司，杭州地铁集团运营分公司", "route_ref": "1，4"}, "geometry": {"type": "Point", "coordinates": [120.1978787079559, 30.230745585014393]}}, {"type": "Feature", "properties": {"osm_id": 9442277468, "name": "近江", "kind": "subway", "network": "", "operator": "杭州杭港地铁有限公司，杭州地铁集团运营分公司", "route_ref": "1，4"}, "geometry": {"type": "Point", "coordinates": [120.19755253656632, 30.230980661428944]}}, {"type": "Feature", "properties": {"osm_id": 9444815303, "name": "江陵路", "kind": "subway", "network": "杭州地铁", "operator": "杭州杭港地铁有限公司、杭州地铁集团运营分公司", "route_ref": "1,6"}, "geometry": {"type": "Point", "coordinates": [120.21665714981658, 30.209160724074323]}}, {"type": "Feature", "properties": {"osm_id": 9446435231, "name": "滨和路", "kind": "subway", "network": "", "operator": "杭州杭港地铁有限公司", "route_ref": "1"}, "geometry": {"type": "Point", "coordinates": [120.21769679640231, 30.19949086910967]}}, {"type": "Feature", "properties": {"osm_id": 9446435261, "name": "西兴", "kind": "subway", "network": "杭州地铁", "operator": "杭州杭港地铁有限公司", "route_ref": "1"}, "geometry": {"type": "Point", "coordinates": [120.22069910246903, 30.187369911781254]}}, {"type": "Feature", "properties": {"osm_id": 9446435299, "name": "滨康路", "kind": "subway", "network": "杭州地铁", "operator": "杭州杭港地铁有限公司", "route_ref": "1"}, "geometry": {"type": "Point", "coordinates": [120.23118696092018, 30.183744318249612]}}, {"type": "Feature", "properties": {"osm_id": 9446435300, "name": "滨康路", "kind": "subway", "network": "杭州地铁", "operator": "杭州杭港地铁有限公司", "route_ref": "1"}, "geometry": {"type": "Point", "coordinates": [120.23111849943118, 30.182757133177553]}}, {"type": "Feature", "properties": {"osm_id": 9446435363, "name": "湘湖", "kind": "subway", "network": "", "operator": "杭州杭港地铁有限公司", "route_ref": "1"}, "geometry": {"type": "Point", "coordinates": [120.23453712679226, 30.16772745433521]}}, {"type": "Feature", "properties": {"osm_id": 9446899123, "name": "甬江路", "kind": "subway", "network": "杭州地铁", "operator": "杭州地铁集团运营分公司", "route_ref": "4"}, "geometry": {"type": "Point", "coordinates": [120.19066629971964, 30.22420848714629]}}, {"type": "Feature", "properties": {"osm_id": 9446899240, "name": "南星桥", "kind": "subway", "network": "", "operator": "杭州地铁集团运营分公司，杭州杭港地铁五号线有限公司", "route_ref": "4"}, "geometry": {"type": "Point", "coordinates": [120.17769655900197, 30.216883183774968]}}, {"type": "Feature", "properties": {"osm_id": 9446899241, "name": "南星桥", "kind": "subway", "network": "", "operator": "杭州地铁集团运营有限公司，杭州杭港地铁五号线有限公司", "route_ref": "4"}, "geometry": {"type": "Point", "coordinates": [120.17797707966186, 30.217638799718213]}}, {"type": "Feature", "properties": {"osm_id": 9446899290, "name": "侯潮门", "kind": "subway", "network": "杭州地铁", "operator": "杭州杭港地铁五号线有限公司", "route_ref": "5"}, "geometry": {"type": "Point", "coordinates": [120.17308253374813, 30.22654482388127]}}, {"type": "Feature", "properties": {"osm_id": 9447737677, "name": "江汉路", "kind": "subway", "network": "", "operator": "杭州地铁集团运营有限公司", "route_ref": "6"}, "geometry": {"type": "Point", "coordinates": [120.20475296230433, 30.20282301112031]}}, {"type": "Feature", "properties": {"osm_id": 9447737703, "name": "长河", "kind": "subway", "network": "杭州地铁", "operator": "杭州地铁集团运营有限公司、杭州杭港地铁五号线有限公司", "route_ref": "5，6"}, "geometry": {"type": "Point", "coordinates": [120.1945661600696, 30.197414059581334]}}, {"type": "Feature", "properties": {"osm_id": 9447744369, "name": "长河", "kind": "subway", "network": "杭州地铁", "operator": "杭州地铁集团运营有限公司、杭州杭港地铁五号线有限公司", "route_ref": "5，6"}, "geometry": {"type": "Point", "coordinates": [120.19396475015319, 30.197138209290504]}}, {"type": "Feature", "properties": {"osm_id": 9447744426, "name": "星民", "kind": "subway", "network": "", "operator": "杭州地铁集团运营有限公司", "route_ref": "6"}, "geometry": {"type": "Point", "coordinates": [120.223840573461, 30.21322590505658]}}, {"type": "Feature", "properties": {"osm_id": 9449086505, "name": "奥体中心", "kind": "subway", "network": "", "operator": "杭州地铁集团运营有限公司", "route_ref": "6，7"}, "geometry": {"type": "Point", "coordinates": [120.23280705713961, 30.22355144691975]}}, {"type": "Feature", "properties": {"osm_id": 9449086506, "name": "奥体中心", "kind": "subway", "network": "", "operator": "杭州地铁集团运营有限公司", "route_ref": "6，7"}, "geometry": {"type": "Point", "coordinates": [120.23304499983358, 30.224055293753324]}}, {"type": "Feature", "properties": {"osm_id": 9449086546, "name": "博览中心", "kind": "subway", "network": "", "operator": "杭州地铁集团运营有限公司", "route_ref": "6"}, "geometry": {"type": "Point", "coordinates": [120.2365477029294, 30.232592665059776]}}, {"type": "Feature", "properties": {"osm_id": 9451837572, "name": "建业路", "kind": "subway", "network": "杭州地铁", "operator": "杭州地铁集团运营有限公司", "route_ref": "6"}, "geometry": {"type": "Point", "coordinates": [120.18038743644556, 30.191160711751987]}}, {"type": "Feature", "properties": {"osm_id": 9451837587, "name": "诚业路", "kind": "subway", "network": "杭州地铁", "operator": "杭州地铁集团运营有限公司", "route_ref": "6"}, "geometry": {"type": "Point", "coordinates": [120.16976383169157, 30.186613249425076]}}, {"type": "Feature", "properties": {"osm_id": 9451837606, "name": "伟业路", "kind": "subway", "network": "杭州地铁", "operator": "杭州地铁集团运营有限公司", "route_ref": "6"}, "geometry": {"type": "Point", "coordinates": [120.15908250512689, 30.182397706565403]}}, {"type": "Feature", "properties": {"osm_id": 9451837619, "name": "中医药大学", "kind": "subway", "network": "杭州地铁", "operator": "杭州地铁集团运营有限公司", "route_ref": "4，6"}, "geometry": {"type": "Point", "coordinates": [120.14644311653731, 30.175787653929596]}}, {"type": "Feature", "properties": {"osm_id": 9452281729, "name": "西浦路", "kind": "subway", "network": "杭州地铁", "operator": "杭州地铁集团运营有限公司", "route_ref": "6"}, "geometry": {"type": "Point", "coordinates": [120.13710030416898, 30.16858532104234]}}, {"type": "Feature", "properties": {"osm_id": 9455565076, "name": "聚才路", "kind": "subway", "network": "", "operator": "杭州杭港地铁五号线有限公司", "route_ref": "5"}, "geometry": {"type": "Point", "coordinates": [120.19849080354545, 30.18252375420291]}}, {"type": "Feature", "properties": {"osm_id": 9455565077, "name": "江晖路", "kind": "subway", "network": "杭州地铁", "operator": "杭州杭港地铁五号线有限公司", "route_ref": "5"}, "geometry": {"type": "Point", "coordinates": [120.21109666022802, 30.18161037782187]}}, {"type": "Feature", "properties": {"osm_id": 9459566285, "name": "复兴路", "kind": "subway", "network": "杭州地铁", "operator": "杭州地铁集团运营有限公司", "route_ref": "4"}, "geometry": {"type": "Point", "coordinates": [120.16387201932724, 30.210458883925227]}}, {"type": "Feature", "properties": {"osm_id": 9459580720, "name": "水澄桥", "kind": "subway", "network": "杭州地铁", "operator": "杭州地铁集团运营有限公司", "route_ref": "4"}, "geometry": {"type": "Point", "coordinates": [120.15213810031764, 30.204022469661123]}}, {"type": "Feature", "properties": {"osm_id": 9459580735, "name": "联庄", "kind": "subway", "network": "", "operator": "杭州地铁集团运营有限公司", "route_ref": "4"}, "geometry": {"type": "Point", "coordinates": [120.15193725545052, 30.186268628277695]}}, {"type": "Feature", "properties": {"osm_id": 9459580791, "name": "杨家墩", "kind": "subway", "network": "", "operator": "杭州地铁集团运营有限公司", "route_ref": "4"}, "geometry": {"type": "Point", "coordinates": [120.14882833344288, 30.167836224841285]}}, {"type": "Feature", "properties": {"osm_id": 9459580796, "name": "浦沿", "kind": "subway", "network": "", "operator": "杭州地铁集团运营有限公司", "route_ref": "4"}, "geometry": {"type": "Point", "coordinates": [120.15373317489065, 30.158801976474276]}}, {"type": "Feature", "properties": {"osm_id": 9533971028, "name": "滨兴北苑", "kind": "other", "network": "", "operator": "", "route_ref": ""}, "geometry": {"type": "Point", "coordinates": [120.19604931351293, 30.19442310981414]}}, {"type": "Feature", "properties": {"osm_id": 9863208815, "name": "奥体中心", "kind": "railway", "network": "", "operator": "", "route_ref": ""}, "geometry": {"type": "Point", "coordinates": [120.2330738591688, 30.224146977320398]}}, {"type": "Feature", "properties": {"osm_id": 9898780562, "name": "浦沿十间楼", "kind": "other", "network": "", "operator": "", "route_ref": ""}, "geometry": {"type": "Point", "coordinates": [120.17183467454005, 30.17159753831155]}}, {"type": "Feature", "properties": {"osm_id": 11284316578, "name": "紫花路", "kind": "other", "network": "", "operator": "", "route_ref": ""}, "geometry": {"type": "Point", "coordinates": [120.17189497007553, 30.213093516935185]}}, {"type": "Feature", "properties": {"osm_id": 11294961531, "name": "万岭松路南山路口", "kind": "other", "network": "", "operator": "", "route_ref": ""}, "geometry": {"type": "Point", "coordinates": [120.15734773408681, 30.23296849826908]}}, {"type": "Feature", "properties": {"osm_id": 11294961558, "name": "万岭松", "kind": "other", "network": "", "operator": "", "route_ref": ""}, "geometry": {"type": "Point", "coordinates": [120.16196555841292, 30.227716626515495]}}, {"type": "Feature", "properties": {"osm_id": 11430499676, "name": "凤凰里街7号", "kind": "other", "network": "", "operator": "", "route_ref": ""}, "geometry": {"type": "Point", "coordinates": [120.1666464319512, 30.22012735899044]}}, {"type": "Feature", "properties": {"osm_id": 11430499678, "name": "凤凰里街7号", "kind": "other", "network": "", "operator": "", "route_ref": ""}, "geometry": {"type": "Point", "coordinates": [120.16645430331543, 30.22014171570289]}}, {"type": "Feature", "properties": {"osm_id": 11430499685, "name": "凤凰山", "kind": "other", "network": "", "operator": "", "route_ref": ""}, "geometry": {"type": "Point", "coordinates": [120.16644420606194, 30.221008089206794]}}, {"type": "Feature", "properties": {"osm_id": 11434258636, "name": "飞云江路三廊庙", "kind": "other", "network": "", "operator": "", "route_ref": ""}, "geometry": {"type": "Point", "coordinates": [120.17648299873362, 30.217997247535653]}}, {"type": "Feature", "properties": {"osm_id": 11434258637, "name": "飞云江路三廊庙", "kind": "other", "network": "", "operator": "", "route_ref": ""}, "geometry": {"type": "Point", "coordinates": [120.17664939147703, 30.217911527502235]}}, {"type": "Feature", "properties": {"osm_id": 11464696782, "name": "六部桥西", "kind": "other", "network": "", "operator": "", "route_ref": ""}, "geometry": {"type": "Point", "coordinates": [120.16959654632684, 30.227320031081227]}}, {"type": "Feature", "properties": {"osm_id": 11824727793, "name": "月湾潭", "kind": "other", "network": "", "operator": "", "route_ref": ""}, "geometry": {"type": "Point", "coordinates": [120.19512523851448, 30.170511997763573]}}, {"type": "Feature", "properties": {"osm_id": 12089269052, "name": "火炬大道惠商街口", "kind": "bus", "network": "", "operator": "", "route_ref": ""}, "geometry": {"type": "Point", "coordinates": [120.1662964394976, 30.186414098550323]}}, {"type": "Feature", "properties": {"osm_id": 12089269054, "name": "永久桥", "kind": "bus", "network": "", "operator": "", "route_ref": ""}, "geometry": {"type": "Point", "coordinates": [120.1673254639166, 30.18378347447449]}}, {"type": "Feature", "properties": {"osm_id": 12089269055, "name": "火炬大道滨安路口", "kind": "bus", "network": "", "operator": "", "route_ref": ""}, "geometry": {"type": "Point", "coordinates": [120.16740691554091, 30.182517168358338]}}, {"type": "Feature", "properties": {"osm_id": 12089825277, "name": "地铁聚才路站A口", "kind": "bus", "network": "", "operator": "", "route_ref": ""}, "geometry": {"type": "Point", "coordinates": [120.19970477395852, 30.182747207178526]}}, {"type": "Feature", "properties": {"osm_id": 12089825278, "name": "地铁聚才路站A口", "kind": "bus", "network": "", "operator": "", "route_ref": ""}, "geometry": {"type": "Point", "coordinates": [120.19989972355857, 30.18255927118612]}}, {"type": "Feature", "properties": {"osm_id": 12089825279, "name": "地铁聚才路站D口", "kind": "bus", "network": "", "operator": "", "route_ref": ""}, "geometry": {"type": "Point", "coordinates": [120.19891326584295, 30.181690399977857]}}, {"type": "Feature", "properties": {"osm_id": 12089825280, "name": "滨康路聚才路口", "kind": "bus", "network": "", "operator": "", "route_ref": ""}, "geometry": {"type": "Point", "coordinates": [120.2006903669128, 30.181401698800922]}}, {"type": "Feature", "properties": {"osm_id": 12323850735, "name": "海潮雅园一园", "kind": "bus", "network": "", "operator": "", "route_ref": ""}, "geometry": {"type": "Point", "coordinates": [120.18160528340539, 30.231743181541923]}}, {"type": "Feature", "properties": {"osm_id": 12323850736, "name": "甬江路银鼓路口", "kind": "bus", "network": "", "operator": "", "route_ref": ""}, "geometry": {"type": "Point", "coordinates": [120.18447352911268, 30.2280972540673]}}, {"type": "Feature", "properties": {"osm_id": 12323850737, "name": "上灰团巷", "kind": "bus", "network": "", "operator": "", "route_ref": ""}, "geometry": {"type": "Point", "coordinates": [120.18110034599479, 30.233563060444215]}}, {"type": "Feature", "properties": {"osm_id": 12323879200, "name": "海潮寺", "kind": "bus", "network": "", "operator": "", "route_ref": ""}, "geometry": {"type": "Point", "coordinates": [120.18173416467232, 30.230147128108168]}}, {"type": "Feature", "properties": {"osm_id": 12323880301, "name": "海潮寺", "kind": "bus", "network": "", "operator": "", "route_ref": ""}, "geometry": {"type": "Point", "coordinates": [120.1820602501152, 30.230863264678266]}}, {"type": "Feature", "properties": {"osm_id": 12623179255, "name": "海潮雅园一园", "kind": "other", "network": "", "operator": "", "route_ref": ""}, "geometry": {"type": "Point", "coordinates": [120.18157776279476, 30.231708530889208]}}, {"type": "Feature", "properties": {"osm_id": 12623179256, "name": "上灰团巷", "kind": "other", "network": "", "operator": "", "route_ref": ""}, "geometry": {"type": "Point", "coordinates": [120.1811391284428, 30.233545186141257]}}, {"type": "Feature", "properties": {"osm_id": 12623179257, "name": "海潮寺", "kind": "other", "network": "", "operator": "", "route_ref": ""}, "geometry": {"type": "Point", "coordinates": [120.18169179412882, 30.23018061011108]}}, {"type": "Feature", "properties": {"osm_id": 12623179258, "name": "海潮寺", "kind": "other", "network": "", "operator": "", "route_ref": ""}, "geometry": {"type": "Point", "coordinates": [120.18210212297822, 30.230838684281576]}}, {"type": "Feature", "properties": {"osm_id": 12623179264, "name": "二凉亭", "kind": "other", "network": "", "operator": "", "route_ref": ""}, "geometry": {"type": "Point", "coordinates": [120.18124453711765, 30.226657312144493]}}, {"type": "Feature", "properties": {"osm_id": 12623179265, "name": "二凉亭", "kind": "other", "network": "", "operator": "", "route_ref": ""}, "geometry": {"type": "Point", "coordinates": [120.1817708899146, 30.226977243194387]}}, {"type": "Feature", "properties": {"osm_id": 12623179266, "name": "甬江路银鼓路口", "kind": "other", "network": "", "operator": "", "route_ref": ""}, "geometry": {"type": "Point", "coordinates": [120.1845485088328, 30.22812621610321]}}, {"type": "Feature", "properties": {"osm_id": 12623918424, "name": "近江公交总站", "kind": "other", "network": "", "operator": "", "route_ref": ""}, "geometry": {"type": "Point", "coordinates": [120.1954520128756, 30.231869370071575]}}, {"type": "Feature", "properties": {"osm_id": 12625385872, "name": "雄镇楼", "kind": "other", "network": "", "operator": "", "route_ref": ""}, "geometry": {"type": "Point", "coordinates": [120.17326860593163, 30.225721817936112]}}, {"type": "Feature", "properties": {"osm_id": 12625385873, "name": "雄镇楼", "kind": "other", "network": "", "operator": "", "route_ref": ""}, "geometry": {"type": "Point", "coordinates": [120.17290816256842, 30.2277996372054]}}, {"type": "Feature", "properties": {"osm_id": 12625385875, "name": "三廊庙公交总站", "kind": "bus", "network": "", "operator": "", "route_ref": ""}, "geometry": {"type": "Point", "coordinates": [120.17592616907804, 30.21795789834766]}}, {"type": "Feature", "properties": {"osm_id": 12625385876, "name": "市肿瘤医院", "kind": "bus", "network": "", "operator": "", "route_ref": ""}, "geometry": {"type": "Point", "coordinates": [120.16861588319445, 30.229801233396906]}}, {"type": "Feature", "properties": {"osm_id": 12625385877, "name": "市肿瘤医院", "kind": "other", "network": "", "operator": "", "route_ref": ""}, "geometry": {"type": "Point", "coordinates": [120.1686278507401, 30.22983991371994]}}, {"type": "Feature", "properties": {"osm_id": 12625417636, "name": "耀江福村", "kind": "other", "network": "", "operator": "", "route_ref": ""}, "geometry": {"type": "Point", "coordinates": [120.19921794661542, 30.234946601021]}}, {"type": "Feature", "properties": {"osm_id": 12625417637, "name": "耀江福村", "kind": "other", "network": "", "operator": "", "route_ref": ""}, "geometry": {"type": "Point", "coordinates": [120.1993395002687, 30.234809785613404]}}, {"type": "Feature", "properties": {"osm_id": 12625417638, "name": "近江六园", "kind": "other", "network": "", "operator": "", "route_ref": ""}, "geometry": {"type": "Point", "coordinates": [120.19983925187127, 30.23271029345199]}}, {"type": "Feature", "properties": {"osm_id": 12625417639, "name": "近江六园", "kind": "other", "network": "", "operator": "", "route_ref": ""}, "geometry": {"type": "Point", "coordinates": [120.20016247672427, 30.232838760021735]}}, {"type": "Feature", "properties": {"osm_id": 12625417640, "name": "富春路婺江路口", "kind": "other", "network": "", "operator": "", "route_ref": ""}, "geometry": {"type": "Point", "coordinates": [120.19677450712595, 30.229704415895398]}}, {"type": "Feature", "properties": {"osm_id": 12625417641, "name": "富春路婺江路口", "kind": "other", "network": "", "operator": "", "route_ref": ""}, "geometry": {"type": "Point", "coordinates": [120.19676335974462, 30.22996115289016]}}, {"type": "Feature", "properties": {"osm_id": 12625417642, "name": "稠银大厦·昆仑中心", "kind": "other", "network": "", "operator": "", "route_ref": ""}, "geometry": {"type": "Point", "coordinates": [120.19516903870526, 30.229761019841092]}}, {"type": "Feature", "properties": {"osm_id": 12627942808, "name": "凤山新村", "kind": "bus", "network": "", "operator": "", "route_ref": ""}, "geometry": {"type": "Point", "coordinates": [120.16805393488332, 30.22475674192546]}}, {"type": "Feature", "properties": {"osm_id": 12627942809, "name": "凤凰新村", "kind": "bus", "network": "", "operator": "", "route_ref": ""}, "geometry": {"type": "Point", "coordinates": [120.1688504804019, 30.221431640556368]}}, {"type": "Feature", "properties": {"osm_id": 12627942810, "name": "笤帚湾", "kind": "bus", "network": "", "operator": "", "route_ref": ""}, "geometry": {"type": "Point", "coordinates": [120.16917041312705, 30.22009605792243]}}, {"type": "Feature", "properties": {"osm_id": 12627942811, "name": "凤凰里街7号", "kind": "bus", "network": "", "operator": "", "route_ref": ""}, "geometry": {"type": "Point", "coordinates": [120.16667355426563, 30.22016101085894]}}, {"type": "Feature", "properties": {"osm_id": 12627942812, "name": "凤凰里街7号", "kind": "bus", "network": "", "operator": "", "route_ref": ""}, "geometry": {"type": "Point", "coordinates": [120.16641680997037, 30.220087281674253]}}, {"type": "Feature", "properties": {"osm_id": 12627942813, "name": "凤凰山", "kind": "bus", "network": "", "operator": "", "route_ref": ""}, "geometry": {"type": "Point", "coordinates": [120.16637950165192, 30.2210515117215]}}, {"type": "Feature", "properties": {"osm_id": 12627942814, "name": "凤凰山", "kind": "bus", "network": "", "operator": "", "route_ref": ""}, "geometry": {"type": "Point", "coordinates": [120.16650253235407, 30.2210002807308]}}, {"type": "Feature", "properties": {"osm_id": 12627942815, "name": "凤凰山", "kind": "other", "network": "", "operator": "", "route_ref": ""}, "geometry": {"type": "Point", "coordinates": [120.16644450860933, 30.22104909125178]}}, {"type": "Feature", "properties": {"osm_id": 12627942816, "name": "凤山新村", "kind": "other", "network": "", "operator": "", "route_ref": ""}, "geometry": {"type": "Point", "coordinates": [120.16812861193677, 30.224751502441112]}}, {"type": "Feature", "properties": {"osm_id": 12627949113, "name": "南山路万松岭路口", "kind": "other", "network": "", "operator": "", "route_ref": ""}, "geometry": {"type": "Point", "coordinates": [120.15662503686312, 30.234701579147334]}}, {"type": "Feature", "properties": {"osm_id": 12627949114, "name": "南山路万松岭路口", "kind": "other", "network": "", "operator": "", "route_ref": ""}, "geometry": {"type": "Point", "coordinates": [120.1564251924847, 30.23456511560374]}}, {"type": "Feature", "properties": {"osm_id": 12627949115, "name": "万岭松路南山路口", "kind": "bus", "network": "", "operator": "", "route_ref": ""}, "geometry": {"type": "Point", "coordinates": [120.15729817134932, 30.232920281344292]}}, {"type": "Feature", "properties": {"osm_id": 12627949116, "name": "万岭松", "kind": "bus", "network": "", "operator": "", "route_ref": ""}, "geometry": {"type": "Point", "coordinates": [120.16175877102624, 30.22782530729936]}}, {"type": "Feature", "properties": {"osm_id": 12627949117, "name": "万岭松", "kind": "bus", "network": "", "operator": "", "route_ref": ""}, "geometry": {"type": "Point", "coordinates": [120.16195937213188, 30.227665034211654]}}, {"type": "Feature", "properties": {"osm_id": 12627949118, "name": "万岭松", "kind": "other", "network": "", "operator": "", "route_ref": ""}, "geometry": {"type": "Point", "coordinates": [120.16174560672502, 30.227793228888217]}}, {"type": "Feature", "properties": {"osm_id": 12627949119, "name": "凤山门", "kind": "other", "network": "", "operator": "", "route_ref": ""}, "geometry": {"type": "Point", "coordinates": [120.17188437150173, 30.224656657284406]}}, {"type": "Feature", "properties": {"osm_id": 12627949120, "name": "凤山门", "kind": "other", "network": "", "operator": "", "route_ref": ""}, "geometry": {"type": "Point", "coordinates": [120.17208832975223, 30.22429994975809]}}, {"type": "Feature", "properties": {"osm_id": 12628740497, "name": "西浦路新和路口", "kind": "bus", "network": "", "operator": "", "route_ref": ""}, "geometry": {"type": "Point", "coordinates": [120.13467127121834, 30.177890022660325]}}, {"type": "Feature", "properties": {"osm_id": 12628740498, "name": "西浦路新和路口", "kind": "bus", "network": "", "operator": "", "route_ref": ""}, "geometry": {"type": "Point", "coordinates": [120.13489617798369, 30.178065955594775]}}, {"type": "Feature", "properties": {"osm_id": 12628740499, "name": "西浦路新和路口", "kind": "other", "network": "", "operator": "", "route_ref": ""}, "geometry": {"type": "Point", "coordinates": [120.13479389437607, 30.177889773332193]}}, {"type": "Feature", "properties": {"osm_id": 12628740500, "name": "西浦路新和路口", "kind": "other", "network": "", "operator": "", "route_ref": ""}, "geometry": {"type": "Point", "coordinates": [120.13479181281961, 30.178052082473844]}}, {"type": "Feature", "properties": {"osm_id": 12628740501, "name": "高家圩", "kind": "other", "network": "", "operator": "", "route_ref": ""}, "geometry": {"type": "Point", "coordinates": [120.13726671433956, 30.180403068346827]}}, {"type": "Feature", "properties": {"osm_id": 12628740502, "name": "高家圩", "kind": "other", "network": "", "operator": "", "route_ref": ""}, "geometry": {"type": "Point", "coordinates": [120.13614391612073, 30.18029839825112]}}, {"type": "Feature", "properties": {"osm_id": 12628740503, "name": "六和路新和路口", "kind": "other", "network": "", "operator": "", "route_ref": ""}, "geometry": {"type": "Point", "coordinates": [120.14031917975059, 30.17887832148804]}}, {"type": "Feature", "properties": {"osm_id": 12628740504, "name": "六和路新和路口", "kind": "other", "network": "", "operator": "", "route_ref": ""}, "geometry": {"type": "Point", "coordinates": [120.14014749257235, 30.178808255235836]}}, {"type": "Feature", "properties": {"osm_id": 12628740505, "name": "地铁中医药大学站B口", "kind": "other", "network": "", "operator": "", "route_ref": ""}, "geometry": {"type": "Point", "coordinates": [120.14503173167932, 30.17636812105914]}}, {"type": "Feature", "properties": {"osm_id": 12628740506, "name": "地铁中医药大学站B口", "kind": "other", "network": "", "operator": "", "route_ref": ""}, "geometry": {"type": "Point", "coordinates": [120.14447205678516, 30.17620475148079]}}, {"type": "Feature", "properties": {"osm_id": 12628740507, "name": "新生", "kind": "other", "network": "", "operator": "", "route_ref": ""}, "geometry": {"type": "Point", "coordinates": [120.14671914226986, 30.173996758749073]}}, {"type": "Feature", "properties": {"osm_id": 12628740520, "name": "新生", "kind": "other", "network": "", "operator": "", "route_ref": ""}, "geometry": {"type": "Point", "coordinates": [120.14665798169271, 30.174933189653803]}}, {"type": "Feature", "properties": {"osm_id": 12628740523, "name": "滨文路浦沿路口", "kind": "other", "network": "", "operator": "", "route_ref": ""}, "geometry": {"type": "Point", "coordinates": [120.1486066938162, 30.1721986385434]}}, {"type": "Feature", "properties": {"osm_id": 12628740524, "name": "滨文路浦沿路口", "kind": "other", "network": "", "operator": "", "route_ref": ""}, "geometry": {"type": "Point", "coordinates": [120.14630693264127, 30.171759806536677]}}, {"type": "Feature", "properties": {"osm_id": 12628740525, "name": "滨文路明德路口", "kind": "other", "network": "", "operator": "", "route_ref": ""}, "geometry": {"type": "Point", "coordinates": [120.15577269540684, 30.173516124660292]}}, {"type": "Feature", "properties": {"osm_id": 12628740526, "name": "滨文路公交总站外", "kind": "other", "network": "", "operator": "", "route_ref": ""}, "geometry": {"type": "Point", "coordinates": [120.16604720867761, 30.173668726846834]}}, {"type": "Feature", "properties": {"osm_id": 12628740527, "name": "滨文路公交总站外", "kind": "other", "network": "", "operator": "", "route_ref": ""}, "geometry": {"type": "Point", "coordinates": [120.16413045338724, 30.17348744562826]}}, {"type": "Feature", "properties": {"osm_id": 12628740528, "name": "滨康路诚业路口", "kind": "other", "network": "", "operator": "", "route_ref": ""}, "geometry": {"type": "Point", "coordinates": [120.17314076575683, 30.181266563978635]}}, {"type": "Feature", "properties": {"osm_id": 12628740529, "name": "滨康路诚业路口", "kind": "other", "network": "", "operator": "", "route_ref": ""}, "geometry": {"type": "Point", "coordinates": [120.16940694506172, 30.181209181972097]}}, {"type": "Feature", "properties": {"osm_id": 12628740530, "name": "信诚路滨安路口", "kind": "other", "network": "", "operator": "", "route_ref": ""}, "geometry": {"type": "Point", "coordinates": [120.17431176341512, 30.182630610782667]}}, {"type": "Feature", "properties": {"osm_id": 12628740531, "name": "信诚路滨安路口", "kind": "other", "network": "", "operator": "", "route_ref": ""}, "geometry": {"type": "Point", "coordinates": [120.17413935387772, 30.18349787403912]}}, {"type": "Feature", "properties": {"osm_id": 12628740532, "name": "信诚路江南大道口", "kind": "other", "network": "", "operator": "", "route_ref": ""}, "geometry": {"type": "Point", "coordinates": [120.17367960378368, 30.18671288458623]}}, {"type": "Feature", "properties": {"osm_id": 12628740533, "name": "信诚路江南大道口", "kind": "other", "network": "", "operator": "", "route_ref": ""}, "geometry": {"type": "Point", "coordinates": [120.17349308208163, 30.18693014656331]}}, {"type": "Feature", "properties": {"osm_id": 12628740534, "name": "江三", "kind": "other", "network": "", "operator": "", "route_ref": ""}, "geometry": {"type": "Point", "coordinates": [120.17808135916312, 30.190048414528885]}}, {"type": "Feature", "properties": {"osm_id": 12628740535, "name": "江三", "kind": "other", "network": "", "operator": "", "route_ref": ""}, "geometry": {"type": "Point", "coordinates": [120.17614243122823, 30.189424352684018]}}, {"type": "Feature", "properties": {"osm_id": 12628740536, "name": "钱江", "kind": "bus", "network": "", "operator": "", "route_ref": ""}, "geometry": {"type": "Point", "coordinates": [120.18191144911165, 30.19201148241316]}}, {"type": "Feature", "properties": {"osm_id": 12628740537, "name": "钱江", "kind": "other", "network": "", "operator": "", "route_ref": ""}, "geometry": {"type": "Point", "coordinates": [120.18183325435986, 30.191672013288983]}}, {"type": "Feature", "properties": {"osm_id": 12628740538, "name": "江边", "kind": "other", "network": "", "operator": "", "route_ref": ""}, "geometry": {"type": "Point", "coordinates": [120.19254877469062, 30.196757813281693]}}, {"type": "Feature", "properties": {"osm_id": 12628740539, "name": "江边", "kind": "other", "network": "", "operator": "", "route_ref": ""}, "geometry": {"type": "Point", "coordinates": [120.19212614190002, 30.196163441584808]}}, {"type": "Feature", "properties": {"osm_id": 12628740540, "name": "中兴桥", "kind": "other", "network": "", "operator": "", "route_ref": ""}, "geometry": {"type": "Point", "coordinates": [120.19627517677868, 30.198024195947866]}}, {"type": "Feature", "properties": {"osm_id": 12628740541, "name": "中兴桥", "kind": "other", "network": "", "operator": "", "route_ref": ""}, "geometry": {"type": "Point", "coordinates": [120.19606191399791, 30.198467489843456]}}, {"type": "Feature", "properties": {"osm_id": 12628740546, "name": "江二村", "kind": "other", "network": "", "operator": "", "route_ref": ""}, "geometry": {"type": "Point", "coordinates": [120.20269611757108, 30.201551750594327]}}, {"type": "Feature", "properties": {"osm_id": 12628740547, "name": "江二村", "kind": "other", "network": "", "operator": "", "route_ref": ""}, "geometry": {"type": "Point", "coordinates": [120.20236740389609, 30.20160358960832]}}, {"type": "Feature", "properties": {"osm_id": 12628740548, "name": "江一村", "kind": "other", "network": "", "operator": "", "route_ref": ""}, "geometry": {"type": "Point", "coordinates": [120.20709934228793, 30.20378989875432]}}, {"type": "Feature", "properties": {"osm_id": 12628740549, "name": "江一村", "kind": "other", "network": "", "operator": "", "route_ref": ""}, "geometry": {"type": "Point", "coordinates": [120.20679254162941, 30.20390907746077]}}, {"type": "Feature", "properties": {"osm_id": 12628740550, "name": "星光大道南口", "kind": "other", "network": "", "operator": "", "route_ref": ""}, "geometry": {"type": "Point", "coordinates": [120.21006118585144, 30.205396837445164]}}, {"type": "Feature", "properties": {"osm_id": 12628740551, "name": "星光大道南口", "kind": "other", "network": "", "operator": "", "route_ref": ""}, "geometry": {"type": "Point", "coordinates": [120.21067670528355, 30.205938468773546]}}, {"type": "Feature", "properties": {"osm_id": 12628740552, "name": "共联村", "kind": "other", "network": "", "operator": "", "route_ref": ""}, "geometry": {"type": "Point", "coordinates": [120.21496417312018, 30.20808789572059]}}, {"type": "Feature", "properties": {"osm_id": 12628740553, "name": "共联村", "kind": "other", "network": "", "operator": "", "route_ref": ""}, "geometry": {"type": "Point", "coordinates": [120.21493645325887, 30.20827334335099]}}, {"type": "Feature", "properties": {"osm_id": 12628740554, "name": "星泽路丹枫街口", "kind": "bus", "network": "", "operator": "", "route_ref": ""}, "geometry": {"type": "Point", "coordinates": [120.21527281117336, 30.213634803243636]}}, {"type": "Feature", "properties": {"osm_id": 12628740555, "name": "星泽路丹枫街口", "kind": "other", "network": "", "operator": "", "route_ref": ""}, "geometry": {"type": "Point", "coordinates": [120.21530853104807, 30.21367135780525]}}, {"type": "Feature", "properties": {"osm_id": 12628740556, "name": "星耀城", "kind": "bus", "network": "", "operator": "", "route_ref": ""}, "geometry": {"type": "Point", "coordinates": [120.21597297423992, 30.212245894589692]}}, {"type": "Feature", "properties": {"osm_id": 12628740557, "name": "星耀城", "kind": "bus", "network": "", "operator": "", "route_ref": ""}, "geometry": {"type": "Point", "coordinates": [120.21581773256453, 30.212246098942998]}}, {"type": "Feature", "properties": {"osm_id": 12628740558, "name": "星耀城", "kind": "other", "network": "", "operator": "", "route_ref": ""}, "geometry": {"type": "Point", "coordinates": [120.21593616404694, 30.212305446468395]}}, {"type": "Feature", "properties": {"osm_id": 12628740559, "name": "星耀城", "kind": "other", "network": "", "operator": "", "route_ref": ""}, "geometry": {"type": "Point", "coordinates": [120.21582770651317, 30.21220968366391]}}, {"type": "Feature", "properties": {"osm_id": 12628740560, "name": "江陵路缤纷街口", "kind": "other", "network": "", "operator": "", "route_ref": ""}, "geometry": {"type": "Point", "coordinates": [120.21603323172073, 30.210990642437643]}}, {"type": "Feature", "properties": {"osm_id": 12628740561, "name": "江陵路缤纷街口", "kind": "other", "network": "", "operator": "", "route_ref": ""}, "geometry": {"type": "Point", "coordinates": [120.21579508573352, 30.21104525893936]}}, {"type": "Feature", "properties": {"osm_id": 12628740562, "name": "钱江湾花园总站", "kind": "bus", "network": "", "operator": "", "route_ref": ""}, "geometry": {"type": "Point", "coordinates": [120.13532151100956, 30.17687018437319]}}, {"type": "Feature", "properties": {"osm_id": 12628740563, "name": "钱江湾花园总站", "kind": "other", "network": "", "operator": "", "route_ref": ""}, "geometry": {"type": "Point", "coordinates": [120.1352158431283, 30.17677101080411]}}, {"type": "Feature", "properties": {"osm_id": 12628740564, "name": "钱江湾花园总站", "kind": "other", "network": "", "operator": "", "route_ref": ""}, "geometry": {"type": "Point", "coordinates": [120.13508143853296, 30.17665337147201]}}, {"type": "Feature", "properties": {"osm_id": 12628740565, "name": "钱江湾花园总站", "kind": "other", "network": "", "operator": "", "route_ref": ""}, "geometry": {"type": "Point", "coordinates": [120.1351422050821, 30.1767068989128]}}, {"type": "Feature", "properties": {"osm_id": 12628740566, "name": "江陵路滨盛路口", "kind": "other", "network": "", "operator": "", "route_ref": ""}, "geometry": {"type": "Point", "coordinates": [120.21389679783451, 30.213062829444176]}}, {"type": "Feature", "properties": {"osm_id": 12628740567, "name": "江陵路滨盛路口", "kind": "other", "network": "", "operator": "", "route_ref": ""}, "geometry": {"type": "Point", "coordinates": [120.21457046564007, 30.21256138297784]}}, {"type": "Feature", "properties": {"osm_id": 12632047676, "name": "东冠公交总站", "kind": "other", "network": "", "operator": "", "route_ref": ""}, "geometry": {"type": "Point", "coordinates": [120.15992002817705, 30.162634661174753]}}, {"type": "Feature", "properties": {"osm_id": 12632047677, "name": "汤吴家", "kind": "bus", "network": "", "operator": "", "route_ref": ""}, "geometry": {"type": "Point", "coordinates": [120.15798447619738, 30.15647378302184]}}, {"type": "Feature", "properties": {"osm_id": 12632047678, "name": "汤吴家", "kind": "other", "network": "", "operator": "", "route_ref": ""}, "geometry": {"type": "Point", "coordinates": [120.15802495281882, 30.15638350912781]}}, {"type": "Feature", "properties": {"osm_id": 12632047679, "name": "汤吴家", "kind": "bus", "network": "", "operator": "", "route_ref": ""}, "geometry": {"type": "Point", "coordinates": [120.1582197792746, 30.156195060875138]}}, {"type": "Feature", "properties": {"osm_id": 12632047680, "name": "汤吴家", "kind": "other", "network": "", "operator": "", "route_ref": ""}, "geometry": {"type": "Point", "coordinates": [120.15819206626954, 30.15628581245367]}}, {"type": "Feature", "properties": {"osm_id": 12632047681, "name": "赫然桥", "kind": "other", "network": "", "operator": "", "route_ref": ""}, "geometry": {"type": "Point", "coordinates": [120.16117174469758, 30.159600619230186]}}, {"type": "Feature", "properties": {"osm_id": 12632047682, "name": "赫然桥", "kind": "bus", "network": "", "operator": "", "route_ref": ""}, "geometry": {"type": "Point", "coordinates": [120.16109516678716, 30.159594456671627]}}, {"type": "Feature", "properties": {"osm_id": 12632047683, "name": "赫然桥", "kind": "bus", "network": "", "operator": "", "route_ref": ""}, "geometry": {"type": "Point", "coordinates": [120.16142408550509, 30.159301655383306]}}, {"type": "Feature", "properties": {"osm_id": 12632047684, "name": "赫然桥", "kind": "other", "network": "", "operator": "", "route_ref": ""}, "geometry": {"type": "Point", "coordinates": [120.16132736409497, 30.15926732839706]}}, {"type": "Feature", "properties": {"osm_id": 12632047685, "name": "浦沿", "kind": "bus", "network": "", "operator": "", "route_ref": ""}, "geometry": {"type": "Point", "coordinates": [120.15397540686615, 30.158883370231155]}}, {"type": "Feature", "properties": {"osm_id": 12632047686, "name": "浦沿", "kind": "bus", "network": "", "operator": "", "route_ref": ""}, "geometry": {"type": "Point", "coordinates": [120.15403418125797, 30.158150447186795]}}, {"type": "Feature", "properties": {"osm_id": 12632047687, "name": "浦沿", "kind": "other", "network": "", "operator": "", "route_ref": ""}, "geometry": {"type": "Point", "coordinates": [120.15393033055152, 30.158859745631645]}}, {"type": "Feature", "properties": {"osm_id": 12632047688, "name": "浦沿", "kind": "other", "network": "", "operator": "", "route_ref": ""}, "geometry": {"type": "Point", "coordinates": [120.15409630830531, 30.1581551422358]}}, {"type": "Feature", "properties": {"osm_id": 12632047689, "name": "楼下虞", "kind": "other", "network": "", "operator": "", "route_ref": ""}, "geometry": {"type": "Point", "coordinates": [120.15595947769677, 30.154614948085992]}}, {"type": "Feature", "properties": {"osm_id": 12632047690, "name": "楼下虞", "kind": "other", "network": "", "operator": "", "route_ref": ""}, "geometry": {"type": "Point", "coordinates": [120.15538084768079, 30.156255093775798]}}, {"type": "Feature", "properties": {"osm_id": 12632047691, "name": "浦沿路东冠路口", "kind": "other", "network": "", "operator": "", "route_ref": ""}, "geometry": {"type": "Point", "coordinates": [120.15207601811707, 30.16186864631733]}}, {"type": "Feature", "properties": {"osm_id": 12632047692, "name": "浦沿路东冠路口", "kind": "other", "network": "", "operator": "", "route_ref": ""}, "geometry": {"type": "Point", "coordinates": [120.15151068348553, 30.16322662503684]}}, {"type": "Feature", "properties": {"osm_id": 12632047693, "name": "杨家墩", "kind": "other", "network": "", "operator": "", "route_ref": ""}, "geometry": {"type": "Point", "coordinates": [120.1494022857489, 30.16655596329183]}}, {"type": "Feature", "properties": {"osm_id": 12632047694, "name": "杨家墩", "kind": "other", "network": "", "operator": "", "route_ref": ""}, "geometry": {"type": "Point", "coordinates": [120.14867072652704, 30.16868590592672]}}, {"type": "Feature", "properties": {"osm_id": 12632047695, "name": "浦沿路滨文路口", "kind": "other", "network": "", "operator": "", "route_ref": ""}, "geometry": {"type": "Point", "coordinates": [120.14770258330648, 30.17083531041423]}}, {"type": "Feature", "properties": {"osm_id": 12632047696, "name": "六和桥", "kind": "other", "network": "", "operator": "", "route_ref": ""}, "geometry": {"type": "Point", "coordinates": [120.13753848222063, 30.184020670035622]}}, {"type": "Feature", "properties": {"osm_id": 12632047697, "name": "六和桥", "kind": "other", "network": "", "operator": "", "route_ref": ""}, "geometry": {"type": "Point", "coordinates": [120.1376361736496, 30.184274153764104]}}, {"type": "Feature", "properties": {"osm_id": 12632047698, "name": "东信大道闻涛路口", "kind": "other", "network": "", "operator": "", "route_ref": ""}, "geometry": {"type": "Point", "coordinates": [120.15253888319593, 30.190828739724186]}}, {"type": "Feature", "properties": {"osm_id": 12632047699, "name": "东信大道闻涛路口", "kind": "other", "network": "", "operator": "", "route_ref": ""}, "geometry": {"type": "Point", "coordinates": [120.1523782301202, 30.19087360888328]}}, {"type": "Feature", "properties": {"osm_id": 12632051801, "name": "彩虹城", "kind": "other", "network": "", "operator": "", "route_ref": ""}, "geometry": {"type": "Point", "coordinates": [120.15652083071035, 30.187205906498406]}}, {"type": "Feature", "properties": {"osm_id": 12632051802, "name": "彩虹城", "kind": "other", "network": "", "operator": "", "route_ref": ""}, "geometry": {"type": "Point", "coordinates": [120.15811392242794, 30.18758824393644]}}, {"type": "Feature", "properties": {"osm_id": 12632051803, "name": "滨盛路伟业路口", "kind": "other", "network": "", "operator": "", "route_ref": ""}, "geometry": {"type": "Point", "coordinates": [120.16101678850409, 30.188085708340555]}}, {"type": "Feature", "properties": {"osm_id": 12632051804, "name": "滨盛路伟业路口", "kind": "other", "network": "", "operator": "", "route_ref": ""}, "geometry": {"type": "Point", "coordinates": [120.16093732159376, 30.18811175220586]}}, {"type": "Feature", "properties": {"osm_id": 12632051805, "name": "滨盛路火炬大道口", "kind": "other", "network": "", "operator": "", "route_ref": ""}, "geometry": {"type": "Point", "coordinates": [120.16396283101835, 30.18878449941314]}}, {"type": "Feature", "properties": {"osm_id": 12632051806, "name": "滨盛路火炬大道口", "kind": "other", "network": "", "operator": "", "route_ref": ""}, "geometry": {"type": "Point", "coordinates": [120.16387110279716, 30.188807968201896]}}, {"type": "Feature", "properties": {"osm_id": 12632051807, "name": "横街埠西", "kind": "other", "network": "", "operator": "", "route_ref": ""}, "geometry": {"type": "Point", "coordinates": [120.16739768222853, 30.190137526840537]}}, {"type": "Feature", "properties": {"osm_id": 12632051808, "name": "横街埠西", "kind": "other", "network": "", "operator": "", "route_ref": ""}, "geometry": {"type": "Point", "coordinates": [120.16848945794204, 30.190453308418984]}}, {"type": "Feature", "properties": {"osm_id": 12632051809, "name": "省儿保滨江院区", "kind": "other", "network": "", "operator": "", "route_ref": ""}, "geometry": {"type": "Point", "coordinates": [120.17328008078947, 30.192414303427054]}}, {"type": "Feature", "properties": {"osm_id": 12632051810, "name": "省儿保滨江院区", "kind": "other", "network": "", "operator": "", "route_ref": ""}, "geometry": {"type": "Point", "coordinates": [120.1733589561082, 30.192559361490662]}}, {"type": "Feature", "properties": {"osm_id": 12632051811, "name": "滨盛路建业路口", "kind": "other", "network": "", "operator": "", "route_ref": ""}, "geometry": {"type": "Point", "coordinates": [120.17708648710625, 30.19411578986449]}}, {"type": "Feature", "properties": {"osm_id": 12632051812, "name": "滨盛路建业路口", "kind": "other", "network": "", "operator": "", "route_ref": ""}, "geometry": {"type": "Point", "coordinates": [120.17686164496999, 30.193905004899797]}}, {"type": "Feature", "properties": {"osm_id": 12632051815, "name": "东冠公交总站", "kind": "bus", "network": "", "operator": "", "route_ref": ""}, "geometry": {"type": "Point", "coordinates": [120.16001226230368, 30.162643697063682]}}, {"type": "Feature", "properties": {"osm_id": 12632051816, "name": "东冠公交总站", "kind": "other", "network": "", "operator": "", "route_ref": ""}, "geometry": {"type": "Point", "coordinates": [120.1600683997587, 30.162641296855682]}}, {"type": "Feature", "properties": {"osm_id": 12635649927, "name": "缤纷北苑北", "kind": "other", "network": "", "operator": "", "route_ref": ""}, "geometry": {"type": "Point", "coordinates": [120.22167910335274, 30.219949627176028]}}, {"type": "Feature", "properties": {"osm_id": 12635649928, "name": "缤纷北苑北", "kind": "other", "network": "", "operator": "", "route_ref": ""}, "geometry": {"type": "Point", "coordinates": [120.22145335015199, 30.21958046413908]}}, {"type": "Feature", "properties": {"osm_id": 12635649929, "name": "缤纷北苑北", "kind": "bus", "network": "", "operator": "", "route_ref": ""}, "geometry": {"type": "Point", "coordinates": [120.2215108205883, 30.21948469175595]}}, {"type": "Feature", "properties": {"osm_id": 12635649930, "name": "缤纷北苑北", "kind": "bus", "network": "", "operator": "", "route_ref": ""}, "geometry": {"type": "Point", "coordinates": [120.22162861706087, 30.220036190675973]}}, {"type": "Feature", "properties": {"osm_id": 12635649936, "name": "滨兴路江晖路口", "kind": "other", "network": "", "operator": "", "route_ref": ""}, "geometry": {"type": "Point", "coordinates": [120.21186238738055, 30.192496773333534]}}, {"type": "Feature", "properties": {"osm_id": 12635649937, "name": "滨兴路江晖路口", "kind": "other", "network": "", "operator": "", "route_ref": ""}, "geometry": {"type": "Point", "coordinates": [120.20832056247856, 30.192157449391182]}}, {"type": "Feature", "properties": {"osm_id": 12635649938, "name": "滨兴路江虹路口", "kind": "other", "network": "", "operator": "", "route_ref": ""}, "geometry": {"type": "Point", "coordinates": [120.20451120027248, 30.19197604802139]}}, {"type": "Feature", "properties": {"osm_id": 12635649939, "name": "滨兴路江虹路口", "kind": "other", "network": "", "operator": "", "route_ref": ""}, "geometry": {"type": "Point", "coordinates": [120.20416140652833, 30.1917693962276]}}, {"type": "Feature", "properties": {"osm_id": 12635649944, "name": "长河高级中学", "kind": "other", "network": "", "operator": "", "route_ref": ""}, "geometry": {"type": "Point", "coordinates": [120.18709878284582, 30.173164994260745]}}, {"type": "Feature", "properties": {"osm_id": 12635649945, "name": "长河高级中学", "kind": "other", "network": "", "operator": "", "route_ref": ""}, "geometry": {"type": "Point", "coordinates": [120.18980173131249, 30.172763118173084]}}, {"type": "Feature", "properties": {"osm_id": 12635649946, "name": "上新庙", "kind": "other", "network": "", "operator": "", "route_ref": ""}, "geometry": {"type": "Point", "coordinates": [120.1811262431541, 30.173405657883833]}}, {"type": "Feature", "properties": {"osm_id": 12635649947, "name": "上新庙", "kind": "other", "network": "", "operator": "", "route_ref": ""}, "geometry": {"type": "Point", "coordinates": [120.18151136356965, 30.17306781985145]}}, {"type": "Feature", "properties": {"osm_id": 12635649948, "name": "祠堂前", "kind": "other", "network": "", "operator": "", "route_ref": ""}, "geometry": {"type": "Point", "coordinates": [120.17662256279624, 30.173566270416455]}}, {"type": "Feature", "properties": {"osm_id": 12635649949, "name": "祠堂前", "kind": "other", "network": "", "operator": "", "route_ref": ""}, "geometry": {"type": "Point", "coordinates": [120.17521636644612, 30.173313720364302]}}, {"type": "Feature", "properties": {"osm_id": 12635649950, "name": "冠二村", "kind": "other", "network": "", "operator": "", "route_ref": ""}, "geometry": {"type": "Point", "coordinates": [120.17123440932843, 30.173222030037525]}}, {"type": "Feature", "properties": {"osm_id": 12635649956, "name": "冠二村", "kind": "other", "network": "", "operator": "", "route_ref": ""}, "geometry": {"type": "Point", "coordinates": [120.17002398029854, 30.173799725371772]}}, {"type": "Feature", "properties": {"osm_id": 12635649957, "name": "地铁浦沿站A口", "kind": "other", "network": "", "operator": "", "route_ref": ""}, "geometry": {"type": "Point", "coordinates": [120.15466551172639, 30.161662191445277]}}, {"type": "Feature", "properties": {"osm_id": 12635649958, "name": "地铁浦沿站A口", "kind": "other", "network": "", "operator": "", "route_ref": ""}, "geometry": {"type": "Point", "coordinates": [120.15483783782983, 30.161771901549272]}}, {"type": "Feature", "properties": {"osm_id": 12635649959, "name": "地铁浦沿站A口", "kind": "bus", "network": "", "operator": "", "route_ref": ""}, "geometry": {"type": "Point", "coordinates": [120.15472454145691, 30.16160468900532]}}, {"type": "Feature", "properties": {"osm_id": 12635649960, "name": "蔡何家", "kind": "other", "network": "", "operator": "", "route_ref": ""}, "geometry": {"type": "Point", "coordinates": [120.16056968345612, 30.165442697909693]}}, {"type": "Feature", "properties": {"osm_id": 12635649961, "name": "蔡何家", "kind": "other", "network": "", "operator": "", "route_ref": ""}, "geometry": {"type": "Point", "coordinates": [120.15974313008206, 30.164906154545992]}}, {"type": "Feature", "properties": {"osm_id": 12635649994, "name": "近江小区", "kind": "bus", "network": "", "operator": "", "route_ref": ""}, "geometry": {"type": "Point", "coordinates": [120.20319929556136, 30.235592354129725]}}, {"type": "Feature", "properties": {"osm_id": 12635649995, "name": "近江小区", "kind": "other", "network": "", "operator": "", "route_ref": ""}, "geometry": {"type": "Point", "coordinates": [120.20314314769551, 30.23561964700576]}}, {"type": "Feature", "properties": {"osm_id": 12635649996, "name": "近江小区", "kind": "bus", "network": "", "operator": "", "route_ref": ""}, "geometry": {"type": "Point", "coordinates": [120.20275786645983, 30.235479462260514]}}, {"type": "Feature", "properties": {"osm_id": 12635649997, "name": "近江小区", "kind": "other", "network": "", "operator": "", "route_ref": ""}, "geometry": {"type": "Point", "coordinates": [120.20280643307845, 30.23543968038368]}}, {"type": "Feature", "properties": {"osm_id": 12635649998, "name": "地铁近江站", "kind": "other", "network": "", "operator": "", "route_ref": ""}, "geometry": {"type": "Point", "coordinates": [120.19721172735166, 30.231446380933146]}}, {"type": "Feature", "properties": {"osm_id": 12635649999, "name": "地铁近江站", "kind": "bus", "network": "", "operator": "", "route_ref": ""}, "geometry": {"type": "Point", "coordinates": [120.1972553084274, 30.231481808240826]}}, {"type": "Feature", "properties": {"osm_id": 12635650000, "name": "望潮路雷霆路口", "kind": "other", "network": "", "operator": "", "route_ref": ""}, "geometry": {"type": "Point", "coordinates": [120.1939608553593, 30.230725718176586]}}, {"type": "Feature", "properties": {"osm_id": 12635651001, "name": "望潮路雷霆路口", "kind": "bus", "network": "", "operator": "", "route_ref": ""}, "geometry": {"type": "Point", "coordinates": [120.19393811571997, 30.230671054694053]}}, {"type": "Feature", "properties": {"osm_id": 12635651002, "name": "近江", "kind": "other", "network": "", "operator": "", "route_ref": ""}, "geometry": {"type": "Point", "coordinates": [120.19596225181132, 30.231630461407008]}}, {"type": "Feature", "properties": {"osm_id": 12635651003, "name": "近江", "kind": "other", "network": "", "operator": "", "route_ref": ""}, "geometry": {"type": "Point", "coordinates": [120.195459439106, 30.23123521270391]}}, {"type": "Feature", "properties": {"osm_id": 12635651004, "name": "近江", "kind": "bus", "network": "", "operator": "", "route_ref": ""}, "geometry": {"type": "Point", "coordinates": [120.19598558336476, 30.231598518478503]}}, {"type": "Feature", "properties": {"osm_id": 12635651005, "name": "近江", "kind": "bus", "network": "", "operator": "", "route_ref": ""}, "geometry": {"type": "Point", "coordinates": [120.19539362982405, 30.2312894317948]}}, {"type": "Feature", "properties": {"osm_id": 12635651006, "name": "钱江路婺江路口", "kind": "bus", "network": "", "operator": "", "route_ref": ""}, "geometry": {"type": "Point", "coordinates": [120.19525215013469, 30.233930266358353]}}, {"type": "Feature", "properties": {"osm_id": 12635651007, "name": "钱江路婺江路口", "kind": "bus", "network": "", "operator": "", "route_ref": ""}, "geometry": {"type": "Point", "coordinates": [120.19315519613322, 30.232358064768203]}}, {"type": "Feature", "properties": {"osm_id": 12635651008, "name": "钱江路婺江路口", "kind": "other", "network": "", "operator": "", "route_ref": ""}, "geometry": {"type": "Point", "coordinates": [120.19518654094631, 30.233989485742573]}}, {"type": "Feature", "properties": {"osm_id": 12635651009, "name": "钱江路婺江路口", "kind": "other", "network": "", "operator": "", "route_ref": ""}, "geometry": {"type": "Point", "coordinates": [120.19325331134796, 30.23231558687888]}}, {"type": "Feature", "properties": {"osm_id": 12635651010, "name": "钱江路望江东路口", "kind": "other", "network": "", "operator": "", "route_ref": ""}, "geometry": {"type": "Point", "coordinates": [120.19151802680969, 30.230150546848026]}}, {"type": "Feature", "properties": {"osm_id": 12635651011, "name": "江晖路江南大道口", "kind": "other", "network": "", "operator": "", "route_ref": ""}, "geometry": {"type": "Point", "coordinates": [120.2096980052732, 30.203151550348274]}}, {"type": "Feature", "properties": {"osm_id": 12635651012, "name": "江晖路江南大道口", "kind": "other", "network": "", "operator": "", "route_ref": ""}, "geometry": {"type": "Point", "coordinates": [120.2092533626771, 30.2036851375224]}}, {"type": "Feature", "properties": {"osm_id": 12635651013, "name": "江晖路江南大道口", "kind": "bus", "network": "", "operator": "", "route_ref": ""}, "geometry": {"type": "Point", "coordinates": [120.20980992879832, 30.20318618717792]}}, {"type": "Feature", "properties": {"osm_id": 12635651014, "name": "江晖路江南大道口", "kind": "bus", "network": "", "operator": "", "route_ref": ""}, "geometry": {"type": "Point", "coordinates": [120.20917585485309, 30.203655451201904]}}, {"type": "Feature", "properties": {"osm_id": 12635651015, "name": "江晖路滨和路口", "kind": "bus", "network": "", "operator": "", "route_ref": ""}, "geometry": {"type": "Point", "coordinates": [120.21042503084001, 30.199930614257358]}}, {"type": "Feature", "properties": {"osm_id": 12635651016, "name": "江晖路滨和路口", "kind": "other", "network": "", "operator": "", "route_ref": ""}, "geometry": {"type": "Point", "coordinates": [120.210347222349, 30.19991532700026]}}, {"type": "Feature", "properties": {"osm_id": 12635651017, "name": "江晖路滨和路口", "kind": "bus", "network": "", "operator": "", "route_ref": ""}, "geometry": {"type": "Point", "coordinates": [120.21019200591033, 30.19747822932793]}}, {"type": "Feature", "properties": {"osm_id": 12635651018, "name": "江晖路滨和路口", "kind": "other", "network": "", "operator": "", "route_ref": ""}, "geometry": {"type": "Point", "coordinates": [120.2102832787697, 30.19747069543718]}}, {"type": "Feature", "properties": {"osm_id": 12635651019, "name": "春波小区", "kind": "other", "network": "", "operator": "", "route_ref": ""}, "geometry": {"type": "Point", "coordinates": [120.21084820647555, 30.190506134546023]}}, {"type": "Feature", "properties": {"osm_id": 12635651020, "name": "春波小区", "kind": "other", "network": "", "operator": "", "route_ref": ""}, "geometry": {"type": "Point", "coordinates": [120.21066437637982, 30.19070561048375]}}, {"type": "Feature", "properties": {"osm_id": 12635651021, "name": "江晖路滨安路口", "kind": "other", "network": "", "operator": "", "route_ref": ""}, "geometry": {"type": "Point", "coordinates": [120.21102553240299, 30.185209936725784]}}, {"type": "Feature", "properties": {"osm_id": 12635651022, "name": "江晖路滨安路口", "kind": "other", "network": "", "operator": "", "route_ref": ""}, "geometry": {"type": "Point", "coordinates": [120.2108760867782, 30.18504824556418]}}, {"type": "Feature", "properties": {"osm_id": 12635651023, "name": "滨康小区东", "kind": "other", "network": "", "operator": "", "route_ref": ""}, "geometry": {"type": "Point", "coordinates": [120.21138481877846, 30.17997749455723]}}, {"type": "Feature", "properties": {"osm_id": 12635651024, "name": "滨康小区东", "kind": "other", "network": "", "operator": "", "route_ref": ""}, "geometry": {"type": "Point", "coordinates": [120.21092919581798, 30.180688480567916]}}, {"type": "Feature", "properties": {"osm_id": 12635651025, "name": "张家西", "kind": "other", "network": "", "operator": "", "route_ref": ""}, "geometry": {"type": "Point", "coordinates": [120.20613946463227, 30.17290806423371]}}, {"type": "Feature", "properties": {"osm_id": 12635651026, "name": "张家西", "kind": "other", "network": "", "operator": "", "route_ref": ""}, "geometry": {"type": "Point", "coordinates": [120.20419983453624, 30.172803120648993]}}, {"type": "Feature", "properties": {"osm_id": 12635651044, "name": "滨文路光裕路口", "kind": "other", "network": "", "operator": "", "route_ref": ""}, "geometry": {"type": "Point", "coordinates": [120.19791157168311, 30.17360557949732]}}, {"type": "Feature", "properties": {"osm_id": 12635651045, "name": "月湾潭", "kind": "bus", "network": "", "operator": "", "route_ref": ""}, "geometry": {"type": "Point", "coordinates": [120.19504897311664, 30.17073474012382]}}, {"type": "Feature", "properties": {"osm_id": 12635651046, "name": "月湾潭", "kind": "bus", "network": "", "operator": "", "route_ref": ""}, "geometry": {"type": "Point", "coordinates": [120.19504895199606, 30.170479630593196]}}, {"type": "Feature", "properties": {"osm_id": 12635651047, "name": "长河汤家桥", "kind": "other", "network": "", "operator": "", "route_ref": ""}, "geometry": {"type": "Point", "coordinates": [120.19753024943738, 30.165355328836583]}}, {"type": "Feature", "properties": {"osm_id": 12635651048, "name": "长河汤家桥", "kind": "other", "network": "", "operator": "", "route_ref": ""}, "geometry": {"type": "Point", "coordinates": [120.19725157799701, 30.165966030399062]}}, {"type": "Feature", "properties": {"osm_id": 12635651049, "name": "白马湖北", "kind": "bus", "network": "", "operator": "", "route_ref": ""}, "geometry": {"type": "Point", "coordinates": [120.20098352549807, 30.160356318060966]}}, {"type": "Feature", "properties": {"osm_id": 12635651050, "name": "白马湖北", "kind": "bus", "network": "", "operator": "", "route_ref": ""}, "geometry": {"type": "Point", "coordinates": [120.20053156075464, 30.160415872501613]}}, {"type": "Feature", "properties": {"osm_id": 12635651051, "name": "白马湖北", "kind": "other", "network": "", "operator": "", "route_ref": ""}, "geometry": {"type": "Point", "coordinates": [120.20059459827323, 30.16052917108881]}}, {"type": "Feature", "properties": {"osm_id": 12635651052, "name": "白马湖南", "kind": "bus", "network": "", "operator": "", "route_ref": ""}, "geometry": {"type": "Point", "coordinates": [120.20476307734101, 30.15741988295283]}}, {"type": "Feature", "properties": {"osm_id": 12635651053, "name": "白马湖南", "kind": "other", "network": "", "operator": "", "route_ref": ""}, "geometry": {"type": "Point", "coordinates": [120.20473933832831, 30.157402820075607]}}, {"type": "Feature", "properties": {"osm_id": 12635651054, "name": "白马湖南", "kind": "bus", "network": "", "operator": "", "route_ref": ""}, "geometry": {"type": "Point", "coordinates": [120.20593741699703, 30.156315299389142]}}, {"type": "Feature", "properties": {"osm_id": 12635651055, "name": "白马湖南", "kind": "other", "network": "", "operator": "", "route_ref": ""}, "geometry": {"type": "Point", "coordinates": [120.2059839017649, 30.156382128931604]}}, {"type": "Feature", "properties": {"osm_id": 12635651056, "name": "映翠雅苑", "kind": "bus", "network": "", "operator": "", "route_ref": ""}, "geometry": {"type": "Point", "coordinates": [120.20856970355298, 30.15310146662919]}}, {"type": "Feature", "properties": {"osm_id": 12635651057, "name": "映翠雅苑", "kind": "other", "network": "", "operator": "", "route_ref": ""}, "geometry": {"type": "Point", "coordinates": [120.20846626498766, 30.15309922209279]}}, {"type": "Feature", "properties": {"osm_id": 12635651058, "name": "映翠雅苑", "kind": "bus", "network": "", "operator": "", "route_ref": ""}, "geometry": {"type": "Point", "coordinates": [120.20837165321822, 30.152477845849955]}}, {"type": "Feature", "properties": {"osm_id": 12635651059, "name": "映翠雅苑", "kind": "other", "network": "", "operator": "", "route_ref": ""}, "geometry": {"type": "Point", "coordinates": [120.20846511637085, 30.15247540502831]}}, {"type": "Feature", "properties": {"osm_id": 12641274660, "name": "十亩田", "kind": "bus", "network": "", "operator": "", "route_ref": ""}, "geometry": {"type": "Point", "coordinates": [120.1594810193037, 30.20572403592519]}}, {"type": "Feature", "properties": {"osm_id": 12641274661, "name": "十亩田", "kind": "bus", "network": "", "operator": "", "route_ref": ""}, "geometry": {"type": "Point", "coordinates": [120.15971903298015, 30.205732813307446]}}, {"type": "Feature", "properties": {"osm_id": 12641274662, "name": "十亩田", "kind": "other", "network": "", "operator": "", "route_ref": ""}, "geometry": {"type": "Point", "coordinates": [120.15969630245566, 30.20577825623833]}}, {"type": "Feature", "properties": {"osm_id": 12641274663, "name": "十亩田", "kind": "other", "network": "", "operator": "", "route_ref": ""}, "geometry": {"type": "Point", "coordinates": [120.15950434843381, 30.205681692167836]}}, {"type": "Feature", "properties": {"osm_id": 12641274664, "name": "化仙桥", "kind": "other", "network": "", "operator": "", "route_ref": ""}, "geometry": {"type": "Point", "coordinates": [120.15787067337558, 30.204872231388045]}}, {"type": "Feature", "properties": {"osm_id": 12641274665, "name": "化仙桥", "kind": "bus", "network": "", "operator": "", "route_ref": ""}, "geometry": {"type": "Point", "coordinates": [120.1578280979873, 30.204906307872683]}}, {"type": "Feature", "properties": {"osm_id": 12641274666, "name": "复兴南苑西", "kind": "bus", "network": "", "operator": "", "route_ref": ""}, "geometry": {"type": "Point", "coordinates": [120.16574726409108, 30.207826690185048]}}, {"type": "Feature", "properties": {"osm_id": 12641274667, "name": "复兴南苑西", "kind": "other", "network": "", "operator": "", "route_ref": ""}, "geometry": {"type": "Point", "coordinates": [120.16567986112804, 30.20779731290096]}}, {"type": "Feature", "properties": {"osm_id": 12641274668, "name": "之江路化仙桥路口", "kind": "bus", "network": "", "operator": "", "route_ref": ""}, "geometry": {"type": "Point", "coordinates": [120.15968408701977, 30.203987380620262]}}, {"type": "Feature", "properties": {"osm_id": 12641274669, "name": "之江路化仙桥路口", "kind": "other", "network": "", "operator": "", "route_ref": ""}, "geometry": {"type": "Point", "coordinates": [120.15966295185864, 30.204032620649272]}}, {"type": "Feature", "properties": {"osm_id": 12641274671, "name": "施家山", "kind": "other", "network": "", "operator": "", "route_ref": ""}, "geometry": {"type": "Point", "coordinates": [120.1544070074114, 30.20881632882901]}}, {"type": "Feature", "properties": {"osm_id": 12641274672, "name": "南观音洞", "kind": "other", "network": "", "operator": "", "route_ref": ""}, "geometry": {"type": "Point", "coordinates": [120.15208739719499, 30.214184829464063]}}, {"type": "Feature", "properties": {"osm_id": 12641274673, "name": "南观音洞", "kind": "bus", "network": "", "operator": "", "route_ref": ""}, "geometry": {"type": "Point", "coordinates": [120.15201160438332, 30.214169853966368]}}, {"type": "Feature", "properties": {"osm_id": 12641274674, "name": "南观音洞", "kind": "other", "network": "", "operator": "", "route_ref": ""}, "geometry": {"type": "Point", "coordinates": [120.15202896737294, 30.214297032823012]}}, {"type": "Feature", "properties": {"osm_id": 12641274675, "name": "玉皇飞云", "kind": "other", "network": "", "operator": "", "route_ref": ""}, "geometry": {"type": "Point", "coordinates": [120.15174840704188, 30.219854036095878]}}, {"type": "Feature", "properties": {"osm_id": 12641274676, "name": "丝绸博物馆", "kind": "other", "network": "", "operator": "", "route_ref": ""}, "geometry": {"type": "Point", "coordinates": [120.15298698960036, 30.223379604600375]}}, {"type": "Feature", "properties": {"osm_id": 12641274677, "name": "阔石板", "kind": "other", "network": "", "operator": "", "route_ref": ""}, "geometry": {"type": "Point", "coordinates": [120.15494383343969, 30.228157515182644]}}, {"type": "Feature", "properties": {"osm_id": 12641274678, "name": "阔石板", "kind": "other", "network": "", "operator": "", "route_ref": ""}, "geometry": {"type": "Point", "coordinates": [120.15522758615286, 30.228756370913306]}}, {"type": "Feature", "properties": {"osm_id": 12641311416, "name": "古海月桥", "kind": "bus", "network": "", "operator": "", "route_ref": ""}, "geometry": {"type": "Point", "coordinates": [120.1633804364423, 30.207752227766214]}}, {"type": "Feature", "properties": {"osm_id": 12641311417, "name": "古海月桥", "kind": "bus", "network": "", "operator": "", "route_ref": ""}, "geometry": {"type": "Point", "coordinates": [120.16359440988248, 30.20777503877889]}}, {"type": "Feature", "properties": {"osm_id": 12641311418, "name": "古海月桥", "kind": "other", "network": "", "operator": "", "route_ref": ""}, "geometry": {"type": "Point", "coordinates": [120.16339169991542, 30.207711104934752]}}, {"type": "Feature", "properties": {"osm_id": 12649600401, "name": "飞云江路三廊庙", "kind": "bus", "network": "", "operator": "", "route_ref": ""}, "geometry": {"type": "Point", "coordinates": [120.17661070376049, 30.21786389774188]}}, {"type": "Feature", "properties": {"osm_id": 12649600402, "name": "飞云江路三廊庙", "kind": "bus", "network": "", "operator": "", "route_ref": ""}, "geometry": {"type": "Point", "coordinates": [120.1765011472082, 30.218033315435793]}}, {"type": "Feature", "properties": {"osm_id": 12649600403, "name": "钱江路飞云江路口", "kind": "other", "network": "", "operator": "", "route_ref": ""}, "geometry": {"type": "Point", "coordinates": [120.17843553323965, 30.217999955336275]}}, {"type": "Feature", "properties": {"osm_id": 12649600404, "name": "钱江路飞云江路口", "kind": "other", "network": "", "operator": "", "route_ref": ""}, "geometry": {"type": "Point", "coordinates": [120.17846134100523, 30.217823595669817]}}, {"type": "Feature", "properties": {"osm_id": 12649600409, "name": "候潮东路富春路口", "kind": "other", "network": "", "operator": "", "route_ref": ""}, "geometry": {"type": "Point", "coordinates": [120.18647707189555, 30.221826814800334]}}, {"type": "Feature", "properties": {"osm_id": 12649600410, "name": "候潮东路富春路口", "kind": "bus", "network": "", "operator": "", "route_ref": ""}, "geometry": {"type": "Point", "coordinates": [120.18654307939447, 30.2218549943541]}}, {"type": "Feature", "properties": {"osm_id": 12649793247, "name": "通江桥", "kind": "other", "network": "", "operator": "", "route_ref": ""}, "geometry": {"type": "Point", "coordinates": [120.17124454432198, 30.23483976192946]}}, {"type": "Feature", "properties": {"osm_id": 12649793248, "name": "通江桥", "kind": "bus", "network": "", "operator": "", "route_ref": ""}, "geometry": {"type": "Point", "coordinates": [120.1713119424307, 30.234841335295663]}}, {"type": "Feature", "properties": {"osm_id": 12649793249, "name": "通江桥", "kind": "bus", "network": "", "operator": "", "route_ref": ""}, "geometry": {"type": "Point", "coordinates": [120.1707148221407, 30.233537164233596]}}, {"type": "Feature", "properties": {"osm_id": 12649793250, "name": "通江桥", "kind": "other", "network": "", "operator": "", "route_ref": ""}, "geometry": {"type": "Point", "coordinates": [120.17075829120945, 30.23352838196554]}}, {"type": "Feature", "properties": {"osm_id": 12649793251, "name": "上仓桥", "kind": "other", "network": "", "operator": "", "route_ref": ""}, "geometry": {"type": "Point", "coordinates": [120.17076073976645, 30.23061987310909]}}, {"type": "Feature", "properties": {"osm_id": 12649793252, "name": "上仓桥", "kind": "other", "network": "", "operator": "", "route_ref": ""}, "geometry": {"type": "Point", "coordinates": [120.17057012421115, 30.230782042311322]}}, {"type": "Feature", "properties": {"osm_id": 12649793253, "name": "六部桥东", "kind": "other", "network": "", "operator": "", "route_ref": ""}, "geometry": {"type": "Point", "coordinates": [120.17032774548358, 30.22715614951288]}}, {"type": "Feature", "properties": {"osm_id": 12649793254, "name": "六部桥东", "kind": "bus", "network": "", "operator": "", "route_ref": ""}, "geometry": {"type": "Point", "coordinates": [120.1702416021204, 30.22714221018488]}}, {"type": "Feature", "properties": {"osm_id": 12649793255, "name": "六部桥东", "kind": "other", "network": "", "operator": "", "route_ref": ""}, "geometry": {"type": "Point", "coordinates": [120.17049798308697, 30.227718467921818]}}, {"type": "Feature", "properties": {"osm_id": 12652997243, "name": "空军疗养院", "kind": "other", "network": "", "operator": "", "route_ref": ""}, "geometry": {"type": "Point", "coordinates": [120.13103289567287, 30.23514561611112]}}, {"type": "Feature", "properties": {"osm_id": 12652997244, "name": "空军疗养院", "kind": "other", "network": "", "operator": "", "route_ref": ""}, "geometry": {"type": "Point", "coordinates": [120.13075408711966, 30.23515262177263]}}, {"type": "Feature", "properties": {"osm_id": 12652997245, "name": "浴鹄湾", "kind": "other", "network": "", "operator": "", "route_ref": ""}, "geometry": {"type": "Point", "coordinates": [120.13634183348758, 30.230758519655115]}}, {"type": "Feature", "properties": {"osm_id": 12652997246, "name": "浴鹄湾", "kind": "other", "network": "", "operator": "", "route_ref": ""}, "geometry": {"type": "Point", "coordinates": [120.13723632536322, 30.229284973538384]}}, {"type": "Feature", "properties": {"osm_id": 12652997247, "name": "苏堤", "kind": "other", "network": "", "operator": "", "route_ref": ""}, "geometry": {"type": "Point", "coordinates": [120.14102143459142, 30.22706732495585]}}, {"type": "Feature", "properties": {"osm_id": 12652997248, "name": "苏堤南口", "kind": "other", "network": "", "operator": "", "route_ref": ""}, "geometry": {"type": "Point", "coordinates": [120.14569155421204, 30.22879162362821]}}, {"type": "Feature", "properties": {"osm_id": 12652997249, "name": "苏堤南口", "kind": "bus", "network": "", "operator": "", "route_ref": ""}, "geometry": {"type": "Point", "coordinates": [120.14572356862266, 30.22876307307875]}}, {"type": "Feature", "properties": {"osm_id": 12652997254, "name": "净寺", "kind": "other", "network": "", "operator": "", "route_ref": ""}, "geometry": {"type": "Point", "coordinates": [120.14974170583186, 30.229765155863436]}}, {"type": "Feature", "properties": {"osm_id": 12652997255, "name": "长桥", "kind": "other", "network": "", "operator": "", "route_ref": ""}, "geometry": {"type": "Point", "coordinates": [120.15287941710628, 30.229654703355283]}}, {"type": "Feature", "properties": {"osm_id": 12652997256, "name": "长桥", "kind": "other", "network": "", "operator": "", "route_ref": ""}, "geometry": {"type": "Point", "coordinates": [120.15369107459671, 30.22978505079131]}}, {"type": "Feature", "properties": {"osm_id": 12655685189, "name": "滨盛路星光大道口", "kind": "other", "network": "", "operator": "", "route_ref": ""}, "geometry": {"type": "Point", "coordinates": [120.21003405713188, 30.211487220733886]}}, {"type": "Feature", "properties": {"osm_id": 12655685190, "name": "滨盛路星光大道口", "kind": "other", "network": "", "operator": "", "route_ref": ""}, "geometry": {"type": "Point", "coordinates": [120.20934924284167, 30.21118731406406]}}, {"type": "Feature", "properties": {"osm_id": 12655685191, "name": "滨盛路星光大道口", "kind": "bus", "network": "", "operator": "", "route_ref": ""}, "geometry": {"type": "Point", "coordinates": [120.21008352944072, 30.211431144896483]}}, {"type": "Feature", "properties": {"osm_id": 12655685192, "name": "滨盛路星光大道口", "kind": "bus", "network": "", "operator": "", "route_ref": ""}, "geometry": {"type": "Point", "coordinates": [120.20929418568198, 30.21124459912912]}}, {"type": "Feature", "properties": {"osm_id": 12655685193, "name": "科技馆街星飞路口", "kind": "bus", "network": "", "operator": "", "route_ref": ""}, "geometry": {"type": "Point", "coordinates": [120.2065599465514, 30.211211645202596]}}, {"type": "Feature", "properties": {"osm_id": 12655685194, "name": "科技馆街星飞路口", "kind": "bus", "network": "", "operator": "", "route_ref": ""}, "geometry": {"type": "Point", "coordinates": [120.20677399257399, 30.211192813286896]}}, {"type": "Feature", "properties": {"osm_id": 12655685195, "name": "科技馆街星飞路口", "kind": "other", "network": "", "operator": "", "route_ref": ""}, "geometry": {"type": "Point", "coordinates": [120.20659515038226, 30.211148487064605]}}, {"type": "Feature", "properties": {"osm_id": 12655685196, "name": "科技馆街星飞路口", "kind": "other", "network": "", "operator": "", "route_ref": ""}, "geometry": {"type": "Point", "coordinates": [120.20674886102742, 30.211236954634778]}}, {"type": "Feature", "properties": {"osm_id": 12655685197, "name": "低碳科技馆", "kind": "other", "network": "", "operator": "", "route_ref": ""}, "geometry": {"type": "Point", "coordinates": [120.20231415857896, 30.208978879842267]}}, {"type": "Feature", "properties": {"osm_id": 12655685198, "name": "低碳科技馆", "kind": "other", "network": "", "operator": "", "route_ref": ""}, "geometry": {"type": "Point", "coordinates": [120.20266114132794, 30.209150423189456]}}, {"type": "Feature", "properties": {"osm_id": 12655685199, "name": "江汉路科技馆街口", "kind": "other", "network": "", "operator": "", "route_ref": ""}, "geometry": {"type": "Point", "coordinates": [120.20169632911974, 30.20783492957559]}}, {"type": "Feature", "properties": {"osm_id": 12655685200, "name": "江汉路科技馆街口", "kind": "other", "network": "", "operator": "", "route_ref": ""}, "geometry": {"type": "Point", "coordinates": [120.20182516431701, 30.20763240614096]}}, {"type": "Feature", "properties": {"osm_id": 12655729201, "name": "滨盛路安业路口", "kind": "other", "network": "", "operator": "", "route_ref": ""}, "geometry": {"type": "Point", "coordinates": [120.20141736062399, 30.20634830717197]}}, {"type": "Feature", "properties": {"osm_id": 12655729202, "name": "滨盛路江汉路口", "kind": "other", "network": "", "operator": "", "route_ref": ""}, "geometry": {"type": "Point", "coordinates": [120.20132482491283, 30.20651136919905]}}, {"type": "Feature", "properties": {"osm_id": 12655729203, "name": "浙大二院滨江院区", "kind": "other", "network": "", "operator": "", "route_ref": ""}, "geometry": {"type": "Point", "coordinates": [120.20021096483377, 30.201770867226333]}}, {"type": "Feature", "properties": {"osm_id": 12655729204, "name": "浙大二院滨江院区", "kind": "other", "network": "", "operator": "", "route_ref": ""}, "geometry": {"type": "Point", "coordinates": [120.1999630101916, 30.202572225477514]}}, {"type": "Feature", "properties": {"osm_id": 12655729205, "name": "浙大二院滨江院区", "kind": "bus", "network": "", "operator": "", "route_ref": ""}, "geometry": {"type": "Point", "coordinates": [120.20006952216744, 30.202617449135825]}}, {"type": "Feature", "properties": {"osm_id": 12655729206, "name": "浙大二院滨江院区", "kind": "bus", "network": "", "operator": "", "route_ref": ""}, "geometry": {"type": "Point", "coordinates": [120.20012828895376, 30.201745704419665]}}, {"type": "Feature", "properties": {"osm_id": 12655729207, "name": "地铁长河站B口", "kind": "bus", "network": "", "operator": "", "route_ref": ""}, "geometry": {"type": "Point", "coordinates": [120.19381156005086, 30.198011525120663]}}, {"type": "Feature", "properties": {"osm_id": 12655729208, "name": "地铁长河站B口", "kind": "other", "network": "", "operator": "", "route_ref": ""}, "geometry": {"type": "Point", "coordinates": [120.19373019173247, 30.198002569110606]}}, {"type": "Feature", "properties": {"osm_id": 12655729209, "name": "地铁长河站", "kind": "bus", "network": "", "operator": "", "route_ref": ""}, "geometry": {"type": "Point", "coordinates": [120.19422802312316, 30.196219097067704]}}, {"type": "Feature", "properties": {"osm_id": 12655729210, "name": "长河路滨和路口", "kind": "other", "network": "", "operator": "", "route_ref": ""}, "geometry": {"type": "Point", "coordinates": [120.19503020148272, 30.193310639703807]}}, {"type": "Feature", "properties": {"osm_id": 12655729211, "name": "长河路滨和路口", "kind": "other", "network": "", "operator": "", "route_ref": ""}, "geometry": {"type": "Point", "coordinates": [120.19488383163124, 30.193490705865983]}}, {"type": "Feature", "properties": {"osm_id": 12655729212, "name": "长河路滨和路口", "kind": "bus", "network": "", "operator": "", "route_ref": ""}, "geometry": {"type": "Point", "coordinates": [120.19509063085204, 30.193318733893516]}}, {"type": "Feature", "properties": {"osm_id": 12655729213, "name": "长河路滨安路口", "kind": "other", "network": "", "operator": "", "route_ref": ""}, "geometry": {"type": "Point", "coordinates": [120.19592643761875, 30.188136126727333]}}, {"type": "Feature", "properties": {"osm_id": 12655729214, "name": "长河路滨安路口", "kind": "other", "network": "", "operator": "", "route_ref": ""}, "geometry": {"type": "Point", "coordinates": [120.19618396873244, 30.18761335403155]}}, {"type": "Feature", "properties": {"osm_id": 12655729215, "name": "长河路滨康路口", "kind": "other", "network": "", "operator": "", "route_ref": ""}, "geometry": {"type": "Point", "coordinates": [120.19662530960555, 30.18257046406557]}}, {"type": "Feature", "properties": {"osm_id": 12655729216, "name": "长河路滨康路口", "kind": "other", "network": "", "operator": "", "route_ref": ""}, "geometry": {"type": "Point", "coordinates": [120.1964178608772, 30.183397759923132]}}, {"type": "Feature", "properties": {"osm_id": 12655729217, "name": "长河路滨康路口", "kind": "bus", "network": "", "operator": "", "route_ref": ""}, "geometry": {"type": "Point", "coordinates": [120.19673231046113, 30.18258297911985]}}, {"type": "Feature", "properties": {"osm_id": 12655729218, "name": "长河路滨康路口", "kind": "bus", "network": "", "operator": "", "route_ref": ""}, "geometry": {"type": "Point", "coordinates": [120.19633389630364, 30.183390505548036]}}, {"type": "Feature", "properties": {"osm_id": 12655729219, "name": "长二村", "kind": "other", "network": "", "operator": "", "route_ref": ""}, "geometry": {"type": "Point", "coordinates": [120.19573945298656, 30.17835662931489]}}, {"type": "Feature", "properties": {"osm_id": 12655729220, "name": "长二村", "kind": "other", "network": "", "operator": "", "route_ref": ""}, "geometry": {"type": "Point", "coordinates": [120.19599692589948, 30.178344779351587]}}, {"type": "Feature", "properties": {"osm_id": 12655729221, "name": "长二村", "kind": "bus", "network": "", "operator": "", "route_ref": ""}, "geometry": {"type": "Point", "coordinates": [120.19600181834815, 30.17841987390176]}}, {"type": "Feature", "properties": {"osm_id": 12655729222, "name": "长二村", "kind": "bus", "network": "", "operator": "", "route_ref": ""}, "geometry": {"type": "Point", "coordinates": [120.19574503060113, 30.17827661628663]}}, {"type": "Feature", "properties": {"osm_id": 12655729223, "name": "绿香街长江路口", "kind": "other", "network": "", "operator": "", "route_ref": ""}, "geometry": {"type": "Point", "coordinates": [120.19158075177731, 30.178561924237123]}}, {"type": "Feature", "properties": {"osm_id": 12655729224, "name": "绿香街长江路口", "kind": "other", "network": "", "operator": "", "route_ref": ""}, "geometry": {"type": "Point", "coordinates": [120.19173001999405, 30.178553954973406]}}, {"type": "Feature", "properties": {"osm_id": 12655729225, "name": "绿香街长江路口", "kind": "bus", "network": "", "operator": "", "route_ref": ""}, "geometry": {"type": "Point", "coordinates": [120.19170648418637, 30.1785086955002]}}, {"type": "Feature", "properties": {"osm_id": 12655729226, "name": "绿香街长江路口", "kind": "bus", "network": "", "operator": "", "route_ref": ""}, "geometry": {"type": "Point", "coordinates": [120.19158883365598, 30.178624812255915]}}, {"type": "Feature", "properties": {"osm_id": 12655729227, "name": "长江小区南", "kind": "other", "network": "", "operator": "", "route_ref": ""}, "geometry": {"type": "Point", "coordinates": [120.18716762219807, 30.177272429637643]}}, {"type": "Feature", "properties": {"osm_id": 12655729228, "name": "长江小区南", "kind": "other", "network": "", "operator": "", "route_ref": ""}, "geometry": {"type": "Point", "coordinates": [120.18663259023069, 30.17716971476373]}}, {"type": "Feature", "properties": {"osm_id": 12655729229, "name": "长江小区南", "kind": "bus", "network": "", "operator": "", "route_ref": ""}, "geometry": {"type": "Point", "coordinates": [120.18663837017546, 30.17713360260323]}}, {"type": "Feature", "properties": {"osm_id": 12655729230, "name": "长江小区南", "kind": "bus", "network": "", "operator": "", "route_ref": ""}, "geometry": {"type": "Point", "coordinates": [120.18714918319053, 30.177352966956782]}}, {"type": "Feature", "properties": {"osm_id": 12655729231, "name": "南环路傅家圩", "kind": "other", "network": "", "operator": "", "route_ref": ""}, "geometry": {"type": "Point", "coordinates": [120.18156775292256, 30.177356983424474]}}, {"type": "Feature", "properties": {"osm_id": 12655729232, "name": "南环路傅家圩", "kind": "other", "network": "", "operator": "", "route_ref": ""}, "geometry": {"type": "Point", "coordinates": [120.1810087342043, 30.177474740586327]}}, {"type": "Feature", "properties": {"osm_id": 12655729233, "name": "南环路傅家圩", "kind": "bus", "network": "", "operator": "", "route_ref": ""}, "geometry": {"type": "Point", "coordinates": [120.181551892539, 30.177263709486454]}}, {"type": "Feature", "properties": {"osm_id": 12655729234, "name": "南环路傅家圩", "kind": "bus", "network": "", "operator": "", "route_ref": ""}, "geometry": {"type": "Point", "coordinates": [120.18102509289548, 30.17756611348493]}}, {"type": "Feature", "properties": {"osm_id": 12655729235, "name": "南环路信诚路口", "kind": "other", "network": "", "operator": "", "route_ref": ""}, "geometry": {"type": "Point", "coordinates": [120.17278294089192, 30.177696590840593]}}, {"type": "Feature", "properties": {"osm_id": 12655729236, "name": "南环路信诚路口", "kind": "other", "network": "", "operator": "", "route_ref": ""}, "geometry": {"type": "Point", "coordinates": [120.1757649669673, 30.17748524817296]}}, {"type": "Feature", "properties": {"osm_id": 12655729237, "name": "南环路信诚路口", "kind": "bus", "network": "", "operator": "", "route_ref": ""}, "geometry": {"type": "Point", "coordinates": [120.17577034251171, 30.177385933976648]}}, {"type": "Feature", "properties": {"osm_id": 12655729238, "name": "南环路信诚路口", "kind": "bus", "network": "", "operator": "", "route_ref": ""}, "geometry": {"type": "Point", "coordinates": [120.17279940012764, 30.17779966399218]}}, {"type": "Feature", "properties": {"osm_id": 12655729239, "name": "诚业路南环路口", "kind": "other", "network": "", "operator": "", "route_ref": ""}, "geometry": {"type": "Point", "coordinates": [120.17107164380121, 30.17975299812408]}}, {"type": "Feature", "properties": {"osm_id": 12655729240, "name": "诚业路南环路口", "kind": "other", "network": "", "operator": "", "route_ref": ""}, "geometry": {"type": "Point", "coordinates": [120.17107116948809, 30.180042711098505]}}, {"type": "Feature", "properties": {"osm_id": 12655729241, "name": "诚业路南环路口", "kind": "bus", "network": "", "operator": "", "route_ref": ""}, "geometry": {"type": "Point", "coordinates": [120.17097844622882, 30.180031384910436]}}, {"type": "Feature", "properties": {"osm_id": 12655729242, "name": "诚业路南环路口", "kind": "bus", "network": "", "operator": "", "route_ref": ""}, "geometry": {"type": "Point", "coordinates": [120.17113884154317, 30.179741171301494]}}, {"type": "Feature", "properties": {"osm_id": 12655729243, "name": "滨康路火炬大道口", "kind": "other", "network": "", "operator": "", "route_ref": ""}, "geometry": {"type": "Point", "coordinates": [120.16445340463002, 30.180663043707348]}}, {"type": "Feature", "properties": {"osm_id": 12655729244, "name": "滨康路火炬大道口", "kind": "other", "network": "", "operator": "", "route_ref": ""}, "geometry": {"type": "Point", "coordinates": [120.16461313556299, 30.1806840515825]}}, {"type": "Feature", "properties": {"osm_id": 12655729245, "name": "滨康路火炬大道口", "kind": "bus", "network": "", "operator": "", "route_ref": ""}, "geometry": {"type": "Point", "coordinates": [120.16463247321096, 30.180620513421818]}}, {"type": "Feature", "properties": {"osm_id": 12655729246, "name": "滨康路火炬大道口", "kind": "bus", "network": "", "operator": "", "route_ref": ""}, "geometry": {"type": "Point", "coordinates": [120.16446667870822, 30.180820225982167]}}, {"type": "Feature", "properties": {"osm_id": 12655729247, "name": "滨康路西", "kind": "other", "network": "", "operator": "", "route_ref": ""}, "geometry": {"type": "Point", "coordinates": [120.1602002790314, 30.180024118527754]}}, {"type": "Feature", "properties": {"osm_id": 12655729248, "name": "滨康路西", "kind": "other", "network": "", "operator": "", "route_ref": ""}, "geometry": {"type": "Point", "coordinates": [120.16051427365765, 30.180074359315032]}}, {"type": "Feature", "properties": {"osm_id": 12655729249, "name": "滨康路西", "kind": "bus", "network": "", "operator": "", "route_ref": ""}, "geometry": {"type": "Point", "coordinates": [120.16055664626747, 30.180020381218]}}, {"type": "Feature", "properties": {"osm_id": 12655729250, "name": "滨康路西", "kind": "bus", "network": "", "operator": "", "route_ref": ""}, "geometry": {"type": "Point", "coordinates": [120.16016618642381, 30.180127783725812]}}, {"type": "Feature", "properties": {"osm_id": 12655729251, "name": "南环路伟业路口", "kind": "other", "network": "", "operator": "", "route_ref": ""}, "geometry": {"type": "Point", "coordinates": [120.15767289994207, 30.178274515725523]}}, {"type": "Feature", "properties": {"osm_id": 12655729252, "name": "南环路伟业路口", "kind": "other", "network": "", "operator": "", "route_ref": ""}, "geometry": {"type": "Point", "coordinates": [120.15758485829159, 30.17835747317237]}}, {"type": "Feature", "properties": {"osm_id": 12655729253, "name": "南环路伟业路口", "kind": "bus", "network": "", "operator": "", "route_ref": ""}, "geometry": {"type": "Point", "coordinates": [120.15766800984444, 30.178226222309945]}}, {"type": "Feature", "properties": {"osm_id": 12655729254, "name": "南环路伟业路口", "kind": "bus", "network": "", "operator": "", "route_ref": ""}, "geometry": {"type": "Point", "coordinates": [120.1575904486602, 30.178432666474322]}}, {"type": "Feature", "properties": {"osm_id": 12655729255, "name": "南环路公交总站外", "kind": "other", "network": "", "operator": "", "route_ref": ""}, "geometry": {"type": "Point", "coordinates": [120.15212174766287, 30.179142916775586]}}, {"type": "Feature", "properties": {"osm_id": 12655729256, "name": "南环路公交总站外", "kind": "bus", "network": "", "operator": "", "route_ref": ""}, "geometry": {"type": "Point", "coordinates": [120.15207257952363, 30.179102896519332]}}, {"type": "Feature", "properties": {"osm_id": 12655729257, "name": "南环路公交总站外", "kind": "bus", "network": "", "operator": "", "route_ref": ""}, "geometry": {"type": "Point", "coordinates": [120.1526370203967, 30.17906025758711]}}, {"type": "Feature", "properties": {"osm_id": 12655729259, "name": "南环路公交总站外", "kind": "other", "network": "", "operator": "", "route_ref": ""}, "geometry": {"type": "Point", "coordinates": [120.15260759716217, 30.17900700439217]}}, {"type": "Feature", "properties": {"osm_id": 12655729260, "name": "春晓路江南大道口", "kind": "other", "network": "", "operator": "", "route_ref": ""}, "geometry": {"type": "Point", "coordinates": [120.21430001391968, 30.206646712265805]}}, {"type": "Feature", "properties": {"osm_id": 12655729261, "name": "滨江区政府", "kind": "other", "network": "", "operator": "", "route_ref": ""}, "geometry": {"type": "Point", "coordinates": [120.2130072967337, 30.209151532093003]}}, {"type": "Feature", "properties": {"osm_id": 12655729262, "name": "滨江区政府", "kind": "bus", "network": "", "operator": "", "route_ref": ""}, "geometry": {"type": "Point", "coordinates": [120.21292758555028, 30.209120741488725]}}, {"type": "Feature", "properties": {"osm_id": 12655729263, "name": "春晓路江南大道口", "kind": "bus", "network": "", "operator": "", "route_ref": ""}, "geometry": {"type": "Point", "coordinates": [120.21420643492203, 30.206647939660474]}}, {"type": "Feature", "properties": {"osm_id": 12655729264, "name": "春晓路月明路口", "kind": "other", "network": "", "operator": "", "route_ref": ""}, "geometry": {"type": "Point", "coordinates": [120.21366633652306, 30.204484660495456]}}, {"type": "Feature", "properties": {"osm_id": 12655729265, "name": "春晓路月明路口", "kind": "other", "network": "", "operator": "", "route_ref": ""}, "geometry": {"type": "Point", "coordinates": [120.2136527752084, 30.204562383375727]}}, {"type": "Feature", "properties": {"osm_id": 12655729266, "name": "温馨社区", "kind": "other", "network": "", "operator": "", "route_ref": ""}, "geometry": {"type": "Point", "coordinates": [120.214687675181, 30.201481408390308]}}, {"type": "Feature", "properties": {"osm_id": 12655729267, "name": "温馨社区", "kind": "other", "network": "", "operator": "", "route_ref": ""}, "geometry": {"type": "Point", "coordinates": [120.21508474841454, 30.201511976450227]}}, {"type": "Feature", "properties": {"osm_id": 12655729268, "name": "温馨社区", "kind": "bus", "network": "", "operator": "", "route_ref": ""}, "geometry": {"type": "Point", "coordinates": [120.2150729801048, 30.201563094892624]}}, {"type": "Feature", "properties": {"osm_id": 12655729269, "name": "温馨社区", "kind": "bus", "network": "", "operator": "", "route_ref": ""}, "geometry": {"type": "Point", "coordinates": [120.21469824259566, 30.2013870891771]}}, {"type": "Feature", "properties": {"osm_id": 12655729270, "name": "启智桥", "kind": "bus", "network": "", "operator": "", "route_ref": ""}, "geometry": {"type": "Point", "coordinates": [120.21885910841819, 30.201941244854883]}}, {"type": "Feature", "properties": {"osm_id": 12655729271, "name": "启智桥", "kind": "other", "network": "", "operator": "", "route_ref": ""}, "geometry": {"type": "Point", "coordinates": [120.21883796212646, 30.20202607541169]}}, {"type": "Feature", "properties": {"osm_id": 12655729272, "name": "启智桥", "kind": "bus", "network": "", "operator": "", "route_ref": ""}, "geometry": {"type": "Point", "coordinates": [120.21862583750607, 30.20209824148221]}}, {"type": "Feature", "properties": {"osm_id": 12655729273, "name": "启智桥", "kind": "other", "network": "", "operator": "", "route_ref": ""}, "geometry": {"type": "Point", "coordinates": [120.2186518713532, 30.201995703801874]}}, {"type": "Feature", "properties": {"osm_id": 12655729274, "name": "江南实验月明校区", "kind": "bus", "network": "", "operator": "", "route_ref": ""}, "geometry": {"type": "Point", "coordinates": [120.22229097890363, 30.202476916905113]}}, {"type": "Feature", "properties": {"osm_id": 12655729275, "name": "江南实验月明校区", "kind": "other", "network": "", "operator": "", "route_ref": ""}, "geometry": {"type": "Point", "coordinates": [120.2222761173484, 30.20256693849231]}}, {"type": "Feature", "properties": {"osm_id": 12655729276, "name": "江南实验月明校区", "kind": "bus", "network": "", "operator": "", "route_ref": ""}, "geometry": {"type": "Point", "coordinates": [120.22153347536867, 30.202535585019366]}}, {"type": "Feature", "properties": {"osm_id": 12655729277, "name": "江南实验月明校区", "kind": "other", "network": "", "operator": "", "route_ref": ""}, "geometry": {"type": "Point", "coordinates": [120.22155861560992, 30.20245545177369]}}, {"type": "Feature", "properties": {"osm_id": 12655729278, "name": "新州花苑南", "kind": "other", "network": "", "operator": "", "route_ref": ""}, "geometry": {"type": "Point", "coordinates": [120.22424868642904, 30.202769778789264]}}, {"type": "Feature", "properties": {"osm_id": 12655729279, "name": "新州花苑南", "kind": "other", "network": "", "operator": "", "route_ref": ""}, "geometry": {"type": "Point", "coordinates": [120.22532723612092, 30.20279184475518]}}, {"type": "Feature", "properties": {"osm_id": 12655729280, "name": "新州花苑南", "kind": "bus", "network": "", "operator": "", "route_ref": ""}, "geometry": {"type": "Point", "coordinates": [120.2253264435404, 30.20286294936678]}}, {"type": "Feature", "properties": {"osm_id": 12655729281, "name": "新州花苑南", "kind": "bus", "network": "", "operator": "", "route_ref": ""}, "geometry": {"type": "Point", "coordinates": [120.2242503757025, 30.202680872247218]}}, {"type": "Feature", "properties": {"osm_id": 12655729282, "name": "新联路江汉东路口", "kind": "bus", "network": "", "operator": "", "route_ref": ""}, "geometry": {"type": "Point", "coordinates": [120.22631456392374, 30.198653522128353]}}, {"type": "Feature", "properties": {"osm_id": 12655729283, "name": "新联路江汉东路口", "kind": "other", "network": "", "operator": "", "route_ref": ""}, "geometry": {"type": "Point", "coordinates": [120.22622553706687, 30.198659611921553]}}, {"type": "Feature", "properties": {"osm_id": 12655729284, "name": "江汉东路新联路口", "kind": "other", "network": "", "operator": "", "route_ref": ""}, "geometry": {"type": "Point", "coordinates": [120.22559378637341, 30.197633402080047]}}, {"type": "Feature", "properties": {"osm_id": 12655729285, "name": "江汉东路新联路口", "kind": "other", "network": "", "operator": "", "route_ref": ""}, "geometry": {"type": "Point", "coordinates": [120.22700974315683, 30.197643380888046]}}, {"type": "Feature", "properties": {"osm_id": 12655729286, "name": "西兴路江汉东路口", "kind": "other", "network": "", "operator": "", "route_ref": ""}, "geometry": {"type": "Point", "coordinates": [120.2291041092259, 30.19621752663914]}}, {"type": "Feature", "properties": {"osm_id": 12655729287, "name": "西兴路江汉东路口", "kind": "other", "network": "", "operator": "", "route_ref": ""}, "geometry": {"type": "Point", "coordinates": [120.22894285235526, 30.19679720309901]}}, {"type": "Feature", "properties": {"osm_id": 12655729288, "name": "西兴路江汉东路口", "kind": "bus", "network": "", "operator": "", "route_ref": ""}, "geometry": {"type": "Point", "coordinates": [120.22917298314282, 30.19621506378438]}}, {"type": "Feature", "properties": {"osm_id": 12655729289, "name": "西兴路江汉东路口", "kind": "bus", "network": "", "operator": "", "route_ref": ""}, "geometry": {"type": "Point", "coordinates": [120.22887847060974, 30.19679726223208]}}, {"type": "Feature", "properties": {"osm_id": 12655729290, "name": "官河桥", "kind": "other", "network": "", "operator": "", "route_ref": ""}, "geometry": {"type": "Point", "coordinates": [120.22843982700195, 30.18884908664215]}}, {"type": "Feature", "properties": {"osm_id": 12655729291, "name": "官河桥", "kind": "other", "network": "", "operator": "", "route_ref": ""}, "geometry": {"type": "Point", "coordinates": [120.22901509645354, 30.190431528321504]}}, {"type": "Feature", "properties": {"osm_id": 12655729292, "name": "官河桥", "kind": "bus", "network": "", "operator": "", "route_ref": ""}, "geometry": {"type": "Point", "coordinates": [120.2290948499931, 30.19042615520622]}}, {"type": "Feature", "properties": {"osm_id": 12655729293, "name": "官河桥", "kind": "bus", "network": "", "operator": "", "route_ref": ""}, "geometry": {"type": "Point", "coordinates": [120.22836117388796, 30.188859560694784]}}, {"type": "Feature", "properties": {"osm_id": 12655729294, "name": "西兴路滨安路口", "kind": "other", "network": "", "operator": "", "route_ref": ""}, "geometry": {"type": "Point", "coordinates": [120.22770780031914, 30.186476771367893]}}, {"type": "Feature", "properties": {"osm_id": 12655729295, "name": "西兴路滨安路口", "kind": "other", "network": "", "operator": "", "route_ref": ""}, "geometry": {"type": "Point", "coordinates": [120.22781635203644, 30.187157198206375]}}, {"type": "Feature", "properties": {"osm_id": 12655729296, "name": "善庆庄东", "kind": "other", "network": "", "operator": "", "route_ref": ""}, "geometry": {"type": "Point", "coordinates": [120.22664796339464, 30.183377468515705]}}, {"type": "Feature", "properties": {"osm_id": 12655729297, "name": "善庆庄东", "kind": "other", "network": "", "operator": "", "route_ref": ""}, "geometry": {"type": "Point", "coordinates": [120.22681994220217, 30.18348930310152]}}, {"type": "Feature", "properties": {"osm_id": 12655729298, "name": "曹家章", "kind": "other", "network": "", "operator": "", "route_ref": ""}, "geometry": {"type": "Point", "coordinates": [120.2210579583228, 30.181579136402792]}}, {"type": "Feature", "properties": {"osm_id": 12655729299, "name": "曹家章", "kind": "other", "network": "", "operator": "", "route_ref": ""}, "geometry": {"type": "Point", "coordinates": [120.22075831022147, 30.181720893691036]}}, {"type": "Feature", "properties": {"osm_id": 12655729300, "name": "滨康路聚工路口", "kind": "other", "network": "", "operator": "", "route_ref": ""}, "geometry": {"type": "Point", "coordinates": [120.21484417690661, 30.181717558655706]}}, {"type": "Feature", "properties": {"osm_id": 12655729301, "name": "滨康路聚工路口", "kind": "other", "network": "", "operator": "", "route_ref": ""}, "geometry": {"type": "Point", "coordinates": [120.21449567945498, 30.18153232106929]}}, {"type": "Feature", "properties": {"osm_id": 12655729302, "name": "江晖南路滨文路口", "kind": "other", "network": "", "operator": "", "route_ref": ""}, "geometry": {"type": "Point", "coordinates": [120.2117753634983, 30.17026975229998]}}, {"type": "Feature", "properties": {"osm_id": 12655729303, "name": "江晖南路滨文路口", "kind": "bus", "network": "", "operator": "", "route_ref": ""}, "geometry": {"type": "Point", "coordinates": [120.21188619598762, 30.17029729557699]}}, {"type": "Feature", "properties": {"osm_id": 12655729304, "name": "江晖南路滨文路口", "kind": "bus", "network": "", "operator": "", "route_ref": ""}, "geometry": {"type": "Point", "coordinates": [120.21153830235404, 30.169792272967552]}}, {"type": "Feature", "properties": {"osm_id": 12655729305, "name": "白马湖小区白鹤苑", "kind": "bus", "network": "", "operator": "", "route_ref": ""}, "geometry": {"type": "Point", "coordinates": [120.20909254324697, 30.16711514764682]}}, {"type": "Feature", "properties": {"osm_id": 12655729306, "name": "白马湖小区白鹤苑", "kind": "bus", "network": "", "operator": "", "route_ref": ""}, "geometry": {"type": "Point", "coordinates": [120.20971329634204, 30.167211630667218]}}, {"type": "Feature", "properties": {"osm_id": 12655729307, "name": "白马湖小区白鹤苑", "kind": "other", "network": "", "operator": "", "route_ref": ""}, "geometry": {"type": "Point", "coordinates": [120.20910801103655, 30.167195827504646]}}, {"type": "Feature", "properties": {"osm_id": 12655729308, "name": "白马湖小区凤凰苑", "kind": "bus", "network": "", "operator": "", "route_ref": ""}, "geometry": {"type": "Point", "coordinates": [120.2053443646729, 30.166014754027312]}}, {"type": "Feature", "properties": {"osm_id": 12655729309, "name": "白马湖小区凤凰苑", "kind": "bus", "network": "", "operator": "", "route_ref": ""}, "geometry": {"type": "Point", "coordinates": [120.20538986207502, 30.16621178943011]}}, {"type": "Feature", "properties": {"osm_id": 12655729310, "name": "白马湖小区凤凰苑", "kind": "other", "network": "", "operator": "", "route_ref": ""}, "geometry": {"type": "Point", "coordinates": [120.20541718583702, 30.166153044359707]}}, {"type": "Feature", "properties": {"osm_id": 12655729311, "name": "白马湖小区凤凰苑", "kind": "other", "network": "", "operator": "", "route_ref": ""}, "geometry": {"type": "Point", "coordinates": [120.20530287858095, 30.16608062169512]}}, {"type": "Feature", "properties": {"osm_id": 12655729312, "name": "白马湖小区鸿雁苑", "kind": "other", "network": "", "operator": "", "route_ref": ""}, "geometry": {"type": "Point", "coordinates": [120.20374159020304, 30.164855363177875]}}, {"type": "Feature", "properties": {"osm_id": 12655729313, "name": "白马湖小区鸿雁苑", "kind": "other", "network": "", "operator": "", "route_ref": ""}, "geometry": {"type": "Point", "coordinates": [120.20354900535152, 30.166107917325476]}}, {"type": "Feature", "properties": {"osm_id": 12655729314, "name": "白马湖小区鸿雁苑", "kind": "bus", "network": "", "operator": "", "route_ref": ""}, "geometry": {"type": "Point", "coordinates": [120.2036563213656, 30.16612174500631]}}, {"type": "Feature", "properties": {"osm_id": 12655729315, "name": "白马湖小区鸿雁苑", "kind": "bus", "network": "", "operator": "", "route_ref": ""}, "geometry": {"type": "Point", "coordinates": [120.20361871339736, 30.16481855956583]}}, {"type": "Feature", "properties": {"osm_id": 12655729316, "name": "汤家桥东", "kind": "bus", "network": "", "operator": "", "route_ref": ""}, "geometry": {"type": "Point", "coordinates": [120.20285889028027, 30.16302482652513]}}, {"type": "Feature", "properties": {"osm_id": 12655729317, "name": "汤家桥东", "kind": "bus", "network": "", "operator": "", "route_ref": ""}, "geometry": {"type": "Point", "coordinates": [120.20186915120671, 30.163054245458667]}}, {"type": "Feature", "properties": {"osm_id": 12655729318, "name": "汤家桥东", "kind": "other", "network": "", "operator": "", "route_ref": ""}, "geometry": {"type": "Point", "coordinates": [120.20187143880854, 30.162979039122252]}}, {"type": "Feature", "properties": {"osm_id": 12655729319, "name": "汤家桥东", "kind": "other", "network": "", "operator": "", "route_ref": ""}, "geometry": {"type": "Point", "coordinates": [120.2028615890719, 30.163097424626667]}}, {"type": "Feature", "properties": {"osm_id": 12655729320, "name": "白马湖路腾龙路口", "kind": "other", "network": "", "operator": "", "route_ref": ""}, "geometry": {"type": "Point", "coordinates": [120.1964090684062, 30.160296194467147]}}, {"type": "Feature", "properties": {"osm_id": 12655729321, "name": "冠山小区", "kind": "bus", "network": "", "operator": "", "route_ref": ""}, "geometry": {"type": "Point", "coordinates": [120.19706729193629, 30.157510363381952]}}, {"type": "Feature", "properties": {"osm_id": 12655729322, "name": "冠山小区", "kind": "other", "network": "", "operator": "", "route_ref": ""}, "geometry": {"type": "Point", "coordinates": [120.19700536262782, 30.157479169395145]}}, {"type": "Feature", "properties": {"osm_id": 12655729323, "name": "冠山小区", "kind": "bus", "network": "", "operator": "", "route_ref": ""}, "geometry": {"type": "Point", "coordinates": [120.19628366073653, 30.158365249319502]}}, {"type": "Feature", "properties": {"osm_id": 12655729324, "name": "冠山小区", "kind": "other", "network": "", "operator": "", "route_ref": ""}, "geometry": {"type": "Point", "coordinates": [120.19635765606772, 30.158405721952928]}}, {"type": "Feature", "properties": {"osm_id": 12655729325, "name": "天马路湖西路口", "kind": "bus", "network": "", "operator": "", "route_ref": ""}, "geometry": {"type": "Point", "coordinates": [120.19519449964952, 30.15071821712127]}}, {"type": "Feature", "properties": {"osm_id": 12655729326, "name": "天马路湖西路口", "kind": "other", "network": "", "operator": "", "route_ref": ""}, "geometry": {"type": "Point", "coordinates": [120.19522490953277, 30.15066966231768]}}, {"type": "Feature", "properties": {"osm_id": 12655729327, "name": "天马路湖西路口", "kind": "bus", "network": "", "operator": "", "route_ref": ""}, "geometry": {"type": "Point", "coordinates": [120.19604232126946, 30.15090693948234]}}, {"type": "Feature", "properties": {"osm_id": 12655729328, "name": "天马路湖西路口", "kind": "other", "network": "", "operator": "", "route_ref": ""}, "geometry": {"type": "Point", "coordinates": [120.1960095198958, 30.150982198882208]}}, {"type": "Feature", "properties": {"osm_id": 12655729329, "name": "湘北桥", "kind": "bus", "network": "", "operator": "", "route_ref": ""}, "geometry": {"type": "Point", "coordinates": [120.18903743888386, 30.147240969761967]}}, {"type": "Feature", "properties": {"osm_id": 12655729330, "name": "湘北桥", "kind": "other", "network": "", "operator": "", "route_ref": ""}, "geometry": {"type": "Point", "coordinates": [120.18910852644075, 30.147183738100047]}}, {"type": "Feature", "properties": {"osm_id": 12655729331, "name": "湘北桥", "kind": "bus", "network": "", "operator": "", "route_ref": ""}, "geometry": {"type": "Point", "coordinates": [120.18992807265515, 30.147617354531405]}}, {"type": "Feature", "properties": {"osm_id": 12655729332, "name": "湘北桥", "kind": "other", "network": "", "operator": "", "route_ref": ""}, "geometry": {"type": "Point", "coordinates": [120.18986017509764, 30.147674779807723]}}, {"type": "Feature", "properties": {"osm_id": 12655729333, "name": "双贤桥", "kind": "bus", "network": "", "operator": "", "route_ref": ""}, "geometry": {"type": "Point", "coordinates": [120.18588158087387, 30.14561854440125]}}, {"type": "Feature", "properties": {"osm_id": 12655729334, "name": "双贤桥", "kind": "bus", "network": "", "operator": "", "route_ref": ""}, "geometry": {"type": "Point", "coordinates": [120.18507925345887, 30.14559683600913]}}, {"type": "Feature", "properties": {"osm_id": 12655729335, "name": "双贤桥", "kind": "other", "network": "", "operator": "", "route_ref": ""}, "geometry": {"type": "Point", "coordinates": [120.18509141329172, 30.145547111997303]}}, {"type": "Feature", "properties": {"osm_id": 12655729336, "name": "张家里", "kind": "other", "network": "", "operator": "", "route_ref": ""}, "geometry": {"type": "Point", "coordinates": [120.18759103180969, 30.141882181418495]}}, {"type": "Feature", "properties": {"osm_id": 12655729337, "name": "张家里", "kind": "bus", "network": "", "operator": "", "route_ref": ""}, "geometry": {"type": "Point", "coordinates": [120.18755274938557, 30.141943253583694]}}, {"type": "Feature", "properties": {"osm_id": 12655729338, "name": "湖西路湘滨路口", "kind": "bus", "network": "", "operator": "", "route_ref": ""}, "geometry": {"type": "Point", "coordinates": [120.19626145164047, 30.14785656992574]}}, {"type": "Feature", "properties": {"osm_id": 12655729339, "name": "湖西路湘滨路口", "kind": "other", "network": "", "operator": "", "route_ref": ""}, "geometry": {"type": "Point", "coordinates": [120.19632088679752, 30.147883867314782]}}, {"type": "Feature", "properties": {"osm_id": 12655729340, "name": "长河湘滨路总站", "kind": "bus", "network": "", "operator": "", "route_ref": ""}, "geometry": {"type": "Point", "coordinates": [120.19344213702723, 30.14529856139021]}}, {"type": "Feature", "properties": {"osm_id": 12655729341, "name": "江陵路公交总站", "kind": "other", "network": "", "operator": "", "route_ref": ""}, "geometry": {"type": "Point", "coordinates": [120.21719205076613, 30.210582816587046]}}, {"type": "Feature", "properties": {"osm_id": 12655729342, "name": "长河湘滨路总站", "kind": "other", "network": "", "operator": "", "route_ref": ""}, "geometry": {"type": "Point", "coordinates": [120.1934674573038, 30.14521051393111]}}, {"type": "Feature", "properties": {"osm_id": 12657088929, "name": "望江门外", "kind": "other", "network": "", "operator": "", "route_ref": ""}, "geometry": {"type": "Point", "coordinates": [120.18468441580332, 30.230647035496023]}}, {"type": "Feature", "properties": {"osm_id": 12657088930, "name": "望江门外", "kind": "other", "network": "", "operator": "", "route_ref": ""}, "geometry": {"type": "Point", "coordinates": [120.18464995599395, 30.23110063130302]}}, {"type": "Feature", "properties": {"osm_id": 12657088931, "name": "木材新村", "kind": "other", "network": "", "operator": "", "route_ref": ""}, "geometry": {"type": "Point", "coordinates": [120.17968076406417, 30.223584157407934]}}, {"type": "Feature", "properties": {"osm_id": 12657088932, "name": "木材新村", "kind": "other", "network": "", "operator": "", "route_ref": ""}, "geometry": {"type": "Point", "coordinates": [120.17813220030342, 30.222257697116397]}}, {"type": "Feature", "properties": {"osm_id": 12657088933, "name": "三廊庙", "kind": "other", "network": "", "operator": "", "route_ref": ""}, "geometry": {"type": "Point", "coordinates": [120.1762114954796, 30.218961320928294]}}, {"type": "Feature", "properties": {"osm_id": 12657088934, "name": "三廊庙", "kind": "other", "network": "", "operator": "", "route_ref": ""}, "geometry": {"type": "Point", "coordinates": [120.17592647281738, 30.219207675415124]}}, {"type": "Feature", "properties": {"osm_id": 12657088935, "name": "三廊庙", "kind": "other", "network": "", "operator": "", "route_ref": ""}, "geometry": {"type": "Point", "coordinates": [120.17657227511148, 30.219725586321417]}}, {"type": "Feature", "properties": {"osm_id": 12657088936, "name": "三廊庙", "kind": "bus", "network": "", "operator": "", "route_ref": ""}, "geometry": {"type": "Point", "coordinates": [120.17622315027076, 30.220034066101157]}}, {"type": "Feature", "properties": {"osm_id": 12657088937, "name": "三廊庙", "kind": "bus", "network": "", "operator": "", "route_ref": ""}, "geometry": {"type": "Point", "coordinates": [120.17661893367683, 30.219711197161374]}}, {"type": "Feature", "properties": {"osm_id": 12657088938, "name": "复兴路紫花路口", "kind": "other", "network": "", "operator": "", "route_ref": ""}, "geometry": {"type": "Point", "coordinates": [120.17047987499872, 30.21386552324949]}}, {"type": "Feature", "properties": {"osm_id": 12657088939, "name": "复兴公交总站", "kind": "other", "network": "", "operator": "", "route_ref": ""}, "geometry": {"type": "Point", "coordinates": [120.16787617569926, 30.21298283961135]}}, {"type": "Feature", "properties": {"osm_id": 12657088940, "name": "复兴公交总站", "kind": "other", "network": "", "operator": "", "route_ref": ""}, "geometry": {"type": "Point", "coordinates": [120.16797975803728, 30.212873440287638]}}, {"type": "Feature", "properties": {"osm_id": 12657088968, "name": "浙大之江校区", "kind": "other", "network": "", "operator": "", "route_ref": ""}, "geometry": {"type": "Point", "coordinates": [120.12744533310577, 30.19229249844076]}}, {"type": "Feature", "properties": {"osm_id": 12657088969, "name": "浙大之江校区", "kind": "other", "network": "", "operator": "", "route_ref": ""}, "geometry": {"type": "Point", "coordinates": [120.12792230361525, 30.1925504406663]}}, {"type": "Feature", "properties": {"osm_id": 12657088989, "name": "地铁婺江路站E口", "kind": "other", "network": "", "operator": "", "route_ref": ""}, "geometry": {"type": "Point", "coordinates": [120.19209912798745, 30.23590220855404]}}, {"type": "Feature", "properties": {"osm_id": 12657088990, "name": "地铁婺江路站E口", "kind": "bus", "network": "", "operator": "", "route_ref": ""}, "geometry": {"type": "Point", "coordinates": [120.19214719258802, 30.23594032499712]}}, {"type": "Feature", "properties": {"osm_id": 12657088991, "name": "望秋立交", "kind": "other", "network": "", "operator": "", "route_ref": ""}, "geometry": {"type": "Point", "coordinates": [120.18795523575845, 30.234015111187148]}}, {"type": "Feature", "properties": {"osm_id": 12657088992, "name": "望秋立交", "kind": "bus", "network": "", "operator": "", "route_ref": ""}, "geometry": {"type": "Point", "coordinates": [120.18801764879267, 30.2339710932238]}}, {"type": "Feature", "properties": {"osm_id": 12657088993, "name": "望秋立交", "kind": "other", "network": "", "operator": "", "route_ref": ""}, "geometry": {"type": "Point", "coordinates": [120.18783418193135, 30.233901725882923]}}, {"type": "Feature", "properties": {"osm_id": 12657088994, "name": "望秋立交", "kind": "other", "network": "", "operator": "", "route_ref": ""}, "geometry": {"type": "Point", "coordinates": [120.18756857677641, 30.234069327148788]}}, {"type": "Feature", "properties": {"osm_id": 12657088995, "name": "望江路海潮路口", "kind": "other", "network": "", "operator": "", "route_ref": ""}, "geometry": {"type": "Point", "coordinates": [120.18358519167788, 30.233133463787528]}}, {"type": "Feature", "properties": {"osm_id": 12657088996, "name": "望江路海潮路口", "kind": "other", "network": "", "operator": "", "route_ref": ""}, "geometry": {"type": "Point", "coordinates": [120.18222549023518, 30.2336585509041]}}, {"type": "Feature", "properties": {"osm_id": 12657088997, "name": "望江路海潮路口", "kind": "bus", "network": "", "operator": "", "route_ref": ""}, "geometry": {"type": "Point", "coordinates": [120.18220105807218, 30.233597192433155]}}, {"type": "Feature", "properties": {"osm_id": 12657088998, "name": "望江路海潮路口", "kind": "bus", "network": "", "operator": "", "route_ref": ""}, "geometry": {"type": "Point", "coordinates": [120.18361839822316, 30.23319820623009]}}, {"type": "Feature", "properties": {"osm_id": 12657091106, "name": "上仓桥", "kind": "bus", "network": "", "operator": "", "route_ref": ""}, "geometry": {"type": "Point", "coordinates": [120.17043692257559, 30.230776891987095]}}, {"type": "Feature", "properties": {"osm_id": 12657091107, "name": "赤山埠", "kind": "other", "network": "", "operator": "", "route_ref": ""}, "geometry": {"type": "Point", "coordinates": [120.1382739028344, 30.223704644153337]}}, {"type": "Feature", "properties": {"osm_id": 12657091108, "name": "动物园", "kind": "other", "network": "", "operator": "", "route_ref": ""}, "geometry": {"type": "Point", "coordinates": [120.13582448789303, 30.214973852108727]}}, {"type": "Feature", "properties": {"osm_id": 12657091109, "name": "动物园", "kind": "other", "network": "", "operator": "", "route_ref": ""}, "geometry": {"type": "Point", "coordinates": [120.13612668682445, 30.214906968701783]}}, {"type": "Feature", "properties": {"osm_id": 12657091110, "name": "虎跑", "kind": "other", "network": "", "operator": "", "route_ref": ""}, "geometry": {"type": "Point", "coordinates": [120.1350767007532, 30.209140239257565]}}, {"type": "Feature", "properties": {"osm_id": 12657091111, "name": "虎跑", "kind": "other", "network": "", "operator": "", "route_ref": ""}, "geometry": {"type": "Point", "coordinates": [120.13521587906222, 30.210256431557593]}}, {"type": "Feature", "properties": {"osm_id": 12657091112, "name": "杭帮菜博物馆", "kind": "bus", "network": "", "operator": "", "route_ref": ""}, "geometry": {"type": "Point", "coordinates": [120.14556914961146, 30.20605531291969]}}, {"type": "Feature", "properties": {"osm_id": 12657091113, "name": "杭帮菜博物馆", "kind": "bus", "network": "", "operator": "", "route_ref": ""}, "geometry": {"type": "Point", "coordinates": [120.14538992016749, 30.206127488038817]}}, {"type": "Feature", "properties": {"osm_id": 12657091114, "name": "杭帮菜博物馆", "kind": "other", "network": "", "operator": "", "route_ref": ""}, "geometry": {"type": "Point", "coordinates": [120.14542941221676, 30.206060224660934]}}, {"type": "Feature", "properties": {"osm_id": 12657091115, "name": "杭帮菜博物馆", "kind": "other", "network": "", "operator": "", "route_ref": ""}, "geometry": {"type": "Point", "coordinates": [120.1455401288928, 30.20610285948961]}}, {"type": "Feature", "properties": {"osm_id": 12657091116, "name": "江洋畈", "kind": "other", "network": "", "operator": "", "route_ref": ""}, "geometry": {"type": "Point", "coordinates": [120.1427167017966, 30.205648312494635]}}, {"type": "Feature", "properties": {"osm_id": 12657091117, "name": "江洋畈", "kind": "other", "network": "", "operator": "", "route_ref": ""}, "geometry": {"type": "Point", "coordinates": [120.14186991421437, 30.205577222258963]}}, {"type": "Feature", "properties": {"osm_id": 12657091118, "name": "江洋畈", "kind": "bus", "network": "", "operator": "", "route_ref": ""}, "geometry": {"type": "Point", "coordinates": [120.1427145126715, 30.205711819131892]}}, {"type": "Feature", "properties": {"osm_id": 12657091119, "name": "江洋畈", "kind": "bus", "network": "", "operator": "", "route_ref": ""}, "geometry": {"type": "Point", "coordinates": [120.14186362488718, 30.205518327984098]}}, {"type": "Feature", "properties": {"osm_id": 12657091120, "name": "钱江大桥", "kind": "other", "network": "", "operator": "", "route_ref": ""}, "geometry": {"type": "Point", "coordinates": [120.13818435829445, 30.2029563378457]}}, {"type": "Feature", "properties": {"osm_id": 12657091121, "name": "钱江大桥", "kind": "other", "network": "", "operator": "", "route_ref": ""}, "geometry": {"type": "Point", "coordinates": [120.13784183084356, 30.2024973641129]}}, {"type": "Feature", "properties": {"osm_id": 12657091158, "name": "白塔岭", "kind": "other", "network": "", "operator": "", "route_ref": ""}, "geometry": {"type": "Point", "coordinates": [120.14486162634687, 30.19952803172113]}}, {"type": "Feature", "properties": {"osm_id": 12657091159, "name": "白塔岭", "kind": "other", "network": "", "operator": "", "route_ref": ""}, "geometry": {"type": "Point", "coordinates": [120.14393339329433, 30.199399105027076]}}, {"type": "Feature", "properties": {"osm_id": 12657091160, "name": "六和塔", "kind": "other", "network": "", "operator": "", "route_ref": ""}, "geometry": {"type": "Point", "coordinates": [120.1344591756342, 30.197099649762073]}}, {"type": "Feature", "properties": {"osm_id": 12657091161, "name": "六和塔", "kind": "other", "network": "", "operator": "", "route_ref": ""}, "geometry": {"type": "Point", "coordinates": [120.13446507534856, 30.197252850311404]}}, {"type": "Feature", "properties": {"osm_id": 12657091162, "name": "闸口", "kind": "other", "network": "", "operator": "", "route_ref": ""}, "geometry": {"type": "Point", "coordinates": [120.15135431154013, 30.20355913691621]}}, {"type": "Feature", "properties": {"osm_id": 12657091163, "name": "闸口", "kind": "other", "network": "", "operator": "", "route_ref": ""}, "geometry": {"type": "Point", "coordinates": [120.15097604422473, 30.203555856049714]}}, {"type": "Feature", "properties": {"osm_id": 12657091164, "name": "地铁婺江路站E口", "kind": "other", "network": "", "operator": "", "route_ref": ""}, "geometry": {"type": "Point", "coordinates": [120.19171544647443, 30.23603520833132]}}, {"type": "Feature", "properties": {"osm_id": 12657091165, "name": "地铁婺江路站E口", "kind": "bus", "network": "", "operator": "", "route_ref": ""}, "geometry": {"type": "Point", "coordinates": [120.19171175244766, 30.235978810882465]}}, {"type": "Feature", "properties": {"osm_id": 12697084961, "name": "安十房", "kind": "other", "network": "", "operator": "", "route_ref": ""}, "geometry": {"type": "Point", "coordinates": [120.20087668787701, 30.172088613462716]}}, {"type": "Feature", "properties": {"osm_id": 12697084962, "name": "安十房", "kind": "bus", "network": "", "operator": "", "route_ref": ""}, "geometry": {"type": "Point", "coordinates": [120.20098948191819, 30.172096926353564]}}, {"type": "Feature", "properties": {"osm_id": 12697084970, "name": "孙家埭", "kind": "other", "network": "", "operator": "", "route_ref": ""}, "geometry": {"type": "Point", "coordinates": [120.19864414642612, 30.170074293906634]}}, {"type": "Feature", "properties": {"osm_id": 12697084971, "name": "孙家埭", "kind": "other", "network": "", "operator": "", "route_ref": ""}, "geometry": {"type": "Point", "coordinates": [120.19864307655216, 30.17040190796176]}}, {"type": "Feature", "properties": {"osm_id": 12697084972, "name": "孙家埭", "kind": "bus", "network": "", "operator": "", "route_ref": ""}, "geometry": {"type": "Point", "coordinates": [120.19857772951295, 30.170065506649458]}}, {"type": "Feature", "properties": {"osm_id": 12697084973, "name": "孙家埭", "kind": "bus", "network": "", "operator": "", "route_ref": ""}, "geometry": {"type": "Point", "coordinates": [120.19873651678822, 30.170386148420118]}}, {"type": "Feature", "properties": {"osm_id": 12697084974, "name": "滨康路长江路口", "kind": "other", "network": "", "operator": "", "route_ref": ""}, "geometry": {"type": "Point", "coordinates": [120.19083006307218, 30.18142760039445]}}, {"type": "Feature", "properties": {"osm_id": 12697084975, "name": "滨康路长江路口", "kind": "other", "network": "", "operator": "", "route_ref": ""}, "geometry": {"type": "Point", "coordinates": [120.19053482951078, 30.181544240538404]}}, {"type": "Feature", "properties": {"osm_id": 12697084976, "name": "平达弄", "kind": "other", "network": "", "operator": "", "route_ref": ""}, "geometry": {"type": "Point", "coordinates": [120.19146163926658, 30.18028441054324]}}, {"type": "Feature", "properties": {"osm_id": 12697084977, "name": "拾排里", "kind": "other", "network": "", "operator": "", "route_ref": ""}, "geometry": {"type": "Point", "coordinates": [120.1900767025672, 30.1796369926561]}}, {"type": "Feature", "properties": {"osm_id": 12697084978, "name": "拾排里", "kind": "bus", "network": "", "operator": "", "route_ref": ""}, "geometry": {"type": "Point", "coordinates": [120.18997080990081, 30.179626484928356]}}, {"type": "Feature", "properties": {"osm_id": 12697084979, "name": "平达弄", "kind": "bus", "network": "", "operator": "", "route_ref": ""}, "geometry": {"type": "Point", "coordinates": [120.19145895101408, 30.180332217397513]}}, {"type": "Feature", "properties": {"osm_id": 12697084982, "name": "中兴立交", "kind": "bus", "network": "", "operator": "", "route_ref": ""}, "geometry": {"type": "Point", "coordinates": [120.18631101415764, 30.196069661151785]}}, {"type": "Feature", "properties": {"osm_id": 12697084983, "name": "中兴立交", "kind": "bus", "network": "", "operator": "", "route_ref": ""}, "geometry": {"type": "Point", "coordinates": [120.18699694531637, 30.195523564429966]}}, {"type": "Feature", "properties": {"osm_id": 12697084984, "name": "中兴立交", "kind": "other", "network": "", "operator": "", "route_ref": ""}, "geometry": {"type": "Point", "coordinates": [120.18636575282883, 30.196073359879897]}}, {"type": "Feature", "properties": {"osm_id": 12697084985, "name": "聚园路聚业路口", "kind": "bus", "network": "", "operator": "", "route_ref": ""}, "geometry": {"type": "Point", "coordinates": [120.21648405157349, 30.178935473153487]}}, {"type": "Feature", "properties": {"osm_id": 12697084986, "name": "聚园路聚业路口", "kind": "other", "network": "", "operator": "", "route_ref": ""}, "geometry": {"type": "Point", "coordinates": [120.21645722067045, 30.179028811900274]}}, {"type": "Feature", "properties": {"osm_id": 12697084987, "name": "聚园路聚业路口", "kind": "bus", "network": "", "operator": "", "route_ref": ""}, "geometry": {"type": "Point", "coordinates": [120.21671952708986, 30.179097474499905]}}, {"type": "Feature", "properties": {"osm_id": 12697084988, "name": "聚园路聚业路口", "kind": "other", "network": "", "operator": "", "route_ref": ""}, "geometry": {"type": "Point", "coordinates": [120.21670375724011, 30.17902699198631]}}, {"type": "Feature", "properties": {"osm_id": 12697084993, "name": "聚园路江晖路口", "kind": "bus", "network": "", "operator": "", "route_ref": ""}, "geometry": {"type": "Point", "coordinates": [120.21275650692097, 30.178977609008452]}}, {"type": "Feature", "properties": {"osm_id": 12697084994, "name": "聚园路江晖路口", "kind": "other", "network": "", "operator": "", "route_ref": ""}, "geometry": {"type": "Point", "coordinates": [120.21275371932629, 30.179046615762697]}}, {"type": "Feature", "properties": {"osm_id": 12697084995, "name": "聚园路江晖路口", "kind": "bus", "network": "", "operator": "", "route_ref": ""}, "geometry": {"type": "Point", "coordinates": [120.21257724950927, 30.179107665716735]}}, {"type": "Feature", "properties": {"osm_id": 12697084996, "name": "聚园路江晖路口", "kind": "other", "network": "", "operator": "", "route_ref": ""}, "geometry": {"type": "Point", "coordinates": [120.21256657040526, 30.17904877827984]}}, {"type": "Feature", "properties": {"osm_id": 12697084997, "name": "滨安路江淑路口", "kind": "other", "network": "", "operator": "", "route_ref": ""}, "geometry": {"type": "Point", "coordinates": [120.20959672012555, 30.18696800273264]}}, {"type": "Feature", "properties": {"osm_id": 12697084998, "name": "滨安路江淑路口", "kind": "other", "network": "", "operator": "", "route_ref": ""}, "geometry": {"type": "Point", "coordinates": [120.2083504444617, 30.186810256215452]}}, {"type": "Feature", "properties": {"osm_id": 12697121603, "name": "秋溢路江虹路口", "kind": "bus", "network": "", "operator": "", "route_ref": ""}, "geometry": {"type": "Point", "coordinates": [120.20402736576497, 30.18941039997443]}}, {"type": "Feature", "properties": {"osm_id": 12697121604, "name": "秋溢路江虹路口", "kind": "other", "network": "", "operator": "", "route_ref": ""}, "geometry": {"type": "Point", "coordinates": [120.20401598631742, 30.18929481284666]}}, {"type": "Feature", "properties": {"osm_id": 12697121605, "name": "秋溢路江虹路口", "kind": "bus", "network": "", "operator": "", "route_ref": ""}, "geometry": {"type": "Point", "coordinates": [120.20354582383419, 30.189174762696915]}}, {"type": "Feature", "properties": {"osm_id": 12697121606, "name": "秋溢路江虹路口", "kind": "other", "network": "", "operator": "", "route_ref": ""}, "geometry": {"type": "Point", "coordinates": [120.20355131851876, 30.189286959034355]}}, {"type": "Feature", "properties": {"osm_id": 12697121607, "name": "秋溢路江淑路口", "kind": "bus", "network": "", "operator": "", "route_ref": ""}, "geometry": {"type": "Point", "coordinates": [120.20633612035013, 30.189409157726253]}}, {"type": "Feature", "properties": {"osm_id": 12697121608, "name": "秋溢路江淑路口", "kind": "other", "network": "", "operator": "", "route_ref": ""}, "geometry": {"type": "Point", "coordinates": [120.2065050773424, 30.189337092333513]}}, {"type": "Feature", "properties": {"osm_id": 12697121609, "name": "秋溢路江淑路口", "kind": "bus", "network": "", "operator": "", "route_ref": ""}, "geometry": {"type": "Point", "coordinates": [120.2065180419077, 30.189313771171104]}}, {"type": "Feature", "properties": {"osm_id": 12697121610, "name": "秋溢路江淑路口", "kind": "other", "network": "", "operator": "", "route_ref": ""}, "geometry": {"type": "Point", "coordinates": [120.20633910641996, 30.189334249618017]}}, {"type": "Feature", "properties": {"osm_id": 12697121611, "name": "江虹路秋溢路口", "kind": "other", "network": "", "operator": "", "route_ref": ""}, "geometry": {"type": "Point", "coordinates": [120.20304146730895, 30.187960322184004]}}, {"type": "Feature", "properties": {"osm_id": 12697121612, "name": "江虹路秋溢路口", "kind": "other", "network": "", "operator": "", "route_ref": ""}, "geometry": {"type": "Point", "coordinates": [120.20285013267524, 30.188610762582396]}}, {"type": "Feature", "properties": {"osm_id": 12697121613, "name": "江虹路秋溢路口", "kind": "bus", "network": "", "operator": "", "route_ref": ""}, "geometry": {"type": "Point", "coordinates": [120.20313910760424, 30.187972064491813]}}, {"type": "Feature", "properties": {"osm_id": 12697121614, "name": "江虹路秋溢路口", "kind": "bus", "network": "", "operator": "", "route_ref": ""}, "geometry": {"type": "Point", "coordinates": [120.20277543217827, 30.188605683811044]}}, {"type": "Feature", "properties": {"osm_id": 12697121615, "name": "滨安路江虹路口", "kind": "other", "network": "", "operator": "", "route_ref": ""}, "geometry": {"type": "Point", "coordinates": [120.20180669063319, 30.186844588598134]}}, {"type": "Feature", "properties": {"osm_id": 12697121616, "name": "滨安路江虹路口", "kind": "other", "network": "", "operator": "", "route_ref": ""}, "geometry": {"type": "Point", "coordinates": [120.2043641553592, 30.18675114017387]}}, {"type": "Feature", "properties": {"osm_id": 12697121617, "name": "英飞特大厦", "kind": "other", "network": "", "operator": "", "route_ref": ""}, "geometry": {"type": "Point", "coordinates": [120.20297000358816, 30.184886500145634]}}, {"type": "Feature", "properties": {"osm_id": 12697121618, "name": "英飞特大厦", "kind": "bus", "network": "", "operator": "", "route_ref": ""}, "geometry": {"type": "Point", "coordinates": [120.202850024414, 30.18488659500545]}}, {"type": "Feature", "properties": {"osm_id": 12697121619, "name": "聚才路滨安路口", "kind": "bus", "network": "", "operator": "", "route_ref": ""}, "geometry": {"type": "Point", "coordinates": [120.19980589120945, 30.185095639563567]}}, {"type": "Feature", "properties": {"osm_id": 12697121620, "name": "聚才路滨安路口", "kind": "other", "network": "", "operator": "", "route_ref": ""}, "geometry": {"type": "Point", "coordinates": [120.19969260211872, 30.185095430209365]}}, {"type": "Feature", "properties": {"osm_id": 12697121621, "name": "江二路聚才路口", "kind": "bus", "network": "", "operator": "", "route_ref": ""}, "geometry": {"type": "Point", "coordinates": [120.20047458951473, 30.184227380611617]}}, {"type": "Feature", "properties": {"osm_id": 12697121622, "name": "江二路聚才路口", "kind": "other", "network": "", "operator": "", "route_ref": ""}, "geometry": {"type": "Point", "coordinates": [120.20047448228708, 30.18413667681868]}}, {"type": "Feature", "properties": {"osm_id": 12697121623, "name": "地铁聚才路站D口", "kind": "other", "network": "", "operator": "", "route_ref": ""}, "geometry": {"type": "Point", "coordinates": [120.19891754773747, 30.181614689486704]}}, {"type": "Feature", "properties": {"osm_id": 12697121624, "name": "滨康路长河路口", "kind": "other", "network": "", "operator": "", "route_ref": ""}, "geometry": {"type": "Point", "coordinates": [120.19793844983774, 30.181475553374074]}}, {"type": "Feature", "properties": {"osm_id": 12697121625, "name": "滨康路长河路口", "kind": "other", "network": "", "operator": "", "route_ref": ""}, "geometry": {"type": "Point", "coordinates": [120.19485691886175, 30.181585012188535]}}, {"type": "Feature", "properties": {"osm_id": 12697121626, "name": "地铁聚才路站A口", "kind": "other", "network": "", "operator": "", "route_ref": ""}, "geometry": {"type": "Point", "coordinates": [120.19978553673145, 30.18255946317302]}}, {"type": "Feature", "properties": {"osm_id": 12697121627, "name": "地铁聚才路站A口", "kind": "other", "network": "", "operator": "", "route_ref": ""}, "geometry": {"type": "Point", "coordinates": [120.19978046481253, 30.18273027905939]}}, {"type": "Feature", "properties": {"osm_id": 12697121632, "name": "南环路江陵路口", "kind": "other", "network": "", "operator": "", "route_ref": ""}, "geometry": {"type": "Point", "coordinates": [120.21942713716032, 30.176193258065926]}}, {"type": "Feature", "properties": {"osm_id": 12697121635, "name": "南环路江陵路口", "kind": "bus", "network": "", "operator": "", "route_ref": ""}, "geometry": {"type": "Point", "coordinates": [120.21943032464819, 30.176126051501218]}}, {"type": "Feature", "properties": {"osm_id": 12697121636, "name": "网商路滨康路口", "kind": "bus", "network": "", "operator": "", "route_ref": ""}, "geometry": {"type": "Point", "coordinates": [120.19347169164989, 30.17948627561125]}}, {"type": "Feature", "properties": {"osm_id": 12697121637, "name": "网商路滨康路口", "kind": "other", "network": "", "operator": "", "route_ref": ""}, "geometry": {"type": "Point", "coordinates": [120.19332620860106, 30.17949343488378]}}, {"type": "Feature", "properties": {"osm_id": 12697121638, "name": "阡陌路丹枫路口", "kind": "bus", "network": "", "operator": "", "route_ref": ""}, "geometry": {"type": "Point", "coordinates": [120.21665562895909, 30.214922162567753]}}, {"type": "Feature", "properties": {"osm_id": 12697121639, "name": "阡陌路丹枫路口", "kind": "bus", "network": "", "operator": "", "route_ref": ""}, "geometry": {"type": "Point", "coordinates": [120.21667699263108, 30.215072843956776]}}, {"type": "Feature", "properties": {"osm_id": 12697121640, "name": "阡陌路丹枫路口", "kind": "other", "network": "", "operator": "", "route_ref": ""}, "geometry": {"type": "Point", "coordinates": [120.21663727916965, 30.215022792385323]}}, {"type": "Feature", "properties": {"osm_id": 12697121641, "name": "阡陌路丹枫路口", "kind": "other", "network": "", "operator": "", "route_ref": ""}, "geometry": {"type": "Point", "coordinates": [120.21670262466333, 30.214958103885447]}}, {"type": "Feature", "properties": {"osm_id": 12697121642, "name": "阡陌路滨盛路口", "kind": "bus", "network": "", "operator": "", "route_ref": ""}, "geometry": {"type": "Point", "coordinates": [120.21509557732692, 30.21669742429677]}}, {"type": "Feature", "properties": {"osm_id": 12697121643, "name": "阡陌路滨盛路口", "kind": "other", "network": "", "operator": "", "route_ref": ""}, "geometry": {"type": "Point", "coordinates": [120.21501565710075, 30.216614326249008]}}, {"type": "Feature", "properties": {"osm_id": 12697121644, "name": "阡陌路滨盛路口", "kind": "bus", "network": "", "operator": "", "route_ref": ""}, "geometry": {"type": "Point", "coordinates": [120.21475307711341, 30.216679283058273]}}, {"type": "Feature", "properties": {"osm_id": 12697121645, "name": "阡陌路滨盛路口", "kind": "other", "network": "", "operator": "", "route_ref": ""}, "geometry": {"type": "Point", "coordinates": [120.21487070756852, 30.216752829253835]}}, {"type": "Feature", "properties": {"osm_id": 12697121646, "name": "科技馆街西兴路口", "kind": "bus", "network": "", "operator": "", "route_ref": ""}, "geometry": {"type": "Point", "coordinates": [120.21586652442295, 30.2195658783459]}}, {"type": "Feature", "properties": {"osm_id": 12697121647, "name": "科技馆街西兴路口", "kind": "other", "network": "", "operator": "", "route_ref": ""}, "geometry": {"type": "Point", "coordinates": [120.21593436175334, 30.219492084434368]}}, {"type": "Feature", "properties": {"osm_id": 12697121665, "name": "扬帆路丹枫路口北", "kind": "bus", "network": "", "operator": "", "route_ref": ""}, "geometry": {"type": "Point", "coordinates": [120.22865574892714, 30.22314627803495]}}, {"type": "Feature", "properties": {"osm_id": 12697121666, "name": "扬帆路丹枫路口北", "kind": "other", "network": "", "operator": "", "route_ref": ""}, "geometry": {"type": "Point", "coordinates": [120.2286893906377, 30.223192849890182]}}, {"type": "Feature", "properties": {"osm_id": 12697121667, "name": "扬帆路丹枫路口北", "kind": "other", "network": "", "operator": "", "route_ref": ""}, "geometry": {"type": "Point", "coordinates": [120.22889391203958, 30.223169959749992]}}, {"type": "Feature", "properties": {"osm_id": 12697121672, "name": "奥体街飞虹路口", "kind": "bus", "network": "", "operator": "", "route_ref": ""}, "geometry": {"type": "Point", "coordinates": [120.2257674194673, 30.22645871052119]}}, {"type": "Feature", "properties": {"osm_id": 12697121673, "name": "奥体街飞虹路口", "kind": "bus", "network": "", "operator": "", "route_ref": ""}, "geometry": {"type": "Point", "coordinates": [120.22577551735634, 30.22662561341465]}}, {"type": "Feature", "properties": {"osm_id": 12697121674, "name": "奥体街飞虹路口", "kind": "other", "network": "", "operator": "", "route_ref": ""}, "geometry": {"type": "Point", "coordinates": [120.22581064545813, 30.226587775033956]}}, {"type": "Feature", "properties": {"osm_id": 12697121675, "name": "奥体街飞虹路口", "kind": "other", "network": "", "operator": "", "route_ref": ""}, "geometry": {"type": "Point", "coordinates": [120.2257154238691, 30.22648896569158]}}, {"type": "Feature", "properties": {"osm_id": 12697121677, "name": "科技馆街飞虹路口", "kind": "bus", "network": "", "operator": "", "route_ref": ""}, "geometry": {"type": "Point", "coordinates": [120.22436748783271, 30.227537844059725]}}, {"type": "Feature", "properties": {"osm_id": 12697121678, "name": "科技馆街飞虹路口", "kind": "other", "network": "", "operator": "", "route_ref": ""}, "geometry": {"type": "Point", "coordinates": [120.2242737821911, 30.227606848734393]}}, {"type": "Feature", "properties": {"osm_id": 12697121679, "name": "建业路滨盛路口", "kind": "other", "network": "", "operator": "", "route_ref": ""}, "geometry": {"type": "Point", "coordinates": [120.17806436137867, 30.195445705830956]}}, {"type": "Feature", "properties": {"osm_id": 12697121680, "name": "江尚景苑", "kind": "other", "network": "", "operator": "", "route_ref": ""}, "geometry": {"type": "Point", "coordinates": [120.17697421603596, 30.196407215194803]}}, {"type": "Feature", "properties": {"osm_id": 12697121681, "name": "闻涛诚苑东区", "kind": "other", "network": "", "operator": "", "route_ref": ""}, "geometry": {"type": "Point", "coordinates": [120.17468698855606, 30.195206481352034]}}, {"type": "Feature", "properties": {"osm_id": 12697121682, "name": "国慷街儿康路口", "kind": "other", "network": "", "operator": "", "route_ref": ""}, "geometry": {"type": "Point", "coordinates": [120.17285551234558, 30.194289095106896]}}, {"type": "Feature", "properties": {"osm_id": 12697121683, "name": "信诚路滨盛路口", "kind": "other", "network": "", "operator": "", "route_ref": ""}, "geometry": {"type": "Point", "coordinates": [120.17126483424884, 30.19251520559285]}}, {"type": "Feature", "properties": {"osm_id": 12697121684, "name": "信诚路滨盛路口", "kind": "bus", "network": "", "operator": "", "route_ref": ""}, "geometry": {"type": "Point", "coordinates": [120.17134050834684, 30.192525263747985]}}, {"type": "Feature", "properties": {"osm_id": 12697121685, "name": "国慷街儿康路口", "kind": "bus", "network": "", "operator": "", "route_ref": ""}, "geometry": {"type": "Point", "coordinates": [120.17291034463778, 30.194251789854135]}}, {"type": "Feature", "properties": {"osm_id": 12697121686, "name": "闻涛诚苑东区", "kind": "bus", "network": "", "operator": "", "route_ref": ""}, "geometry": {"type": "Point", "coordinates": [120.17476634288023, 30.19512002708882]}}, {"type": "Feature", "properties": {"osm_id": 12697121687, "name": "江尚景苑", "kind": "bus", "network": "", "operator": "", "route_ref": ""}, "geometry": {"type": "Point", "coordinates": [120.17702077072597, 30.196342123890048]}}, {"type": "Feature", "properties": {"osm_id": 12697121688, "name": "建业路滨盛路口", "kind": "bus", "network": "", "operator": "", "route_ref": ""}, "geometry": {"type": "Point", "coordinates": [120.17799945352604, 30.195412926931642]}}, {"type": "Feature", "properties": {"osm_id": 12697121689, "name": "滨江青少年活动中心北", "kind": "other", "network": "", "operator": "", "route_ref": ""}, "geometry": {"type": "Point", "coordinates": [120.17919492488085, 30.194923143584752]}}, {"type": "Feature", "properties": {"osm_id": 12697121690, "name": "滨江青少年活动中心北", "kind": "bus", "network": "", "operator": "", "route_ref": ""}, "geometry": {"type": "Point", "coordinates": [120.17922682461123, 30.19486818063621]}}, {"type": "Feature", "properties": {"osm_id": 12697121691, "name": "滨盛桥", "kind": "other", "network": "", "operator": "", "route_ref": ""}, "geometry": {"type": "Point", "coordinates": [120.181792361667, 30.196285114625383]}}, {"type": "Feature", "properties": {"osm_id": 12697121692, "name": "滨盛桥", "kind": "other", "network": "", "operator": "", "route_ref": ""}, "geometry": {"type": "Point", "coordinates": [120.18119032577566, 30.195858126265517]}}, {"type": "Feature", "properties": {"osm_id": 12697121693, "name": "诚品路国慷街口", "kind": "other", "network": "", "operator": "", "route_ref": ""}, "geometry": {"type": "Point", "coordinates": [120.1818370487804, 30.197729803141335]}}, {"type": "Feature", "properties": {"osm_id": 12697121694, "name": "诚品路国慷街口", "kind": "bus", "network": "", "operator": "", "route_ref": ""}, "geometry": {"type": "Point", "coordinates": [120.18192000491196, 30.197777149566505]}}, {"type": "Feature", "properties": {"osm_id": 12697121695, "name": "诚品路国慷街口", "kind": "other", "network": "", "operator": "", "route_ref": ""}, "geometry": {"type": "Point", "coordinates": [120.18178291594482, 30.19779480822537]}}, {"type": "Feature", "properties": {"osm_id": 12697121696, "name": "诚品路国慷街口", "kind": "bus", "network": "", "operator": "", "route_ref": ""}, "geometry": {"type": "Point", "coordinates": [120.18171940331547, 30.19776592621127]}}, {"type": "Feature", "properties": {"osm_id": 12697121697, "name": "诚品路闻涛路口", "kind": "other", "network": "", "operator": "", "route_ref": ""}, "geometry": {"type": "Point", "coordinates": [120.1807064477902, 30.199140003422766]}}, {"type": "Feature", "properties": {"osm_id": 12697121698, "name": "诚品路闻涛路口", "kind": "other", "network": "", "operator": "", "route_ref": ""}, "geometry": {"type": "Point", "coordinates": [120.18023311244455, 30.19970522492637]}}, {"type": "Feature", "properties": {"osm_id": 12697121699, "name": "诚品路闻涛路口", "kind": "bus", "network": "", "operator": "", "route_ref": ""}, "geometry": {"type": "Point", "coordinates": [120.18013649932043, 30.199674605579723]}}, {"type": "Feature", "properties": {"osm_id": 12697121700, "name": "诚品路闻涛路口", "kind": "bus", "network": "", "operator": "", "route_ref": ""}, "geometry": {"type": "Point", "coordinates": [120.18082100876663, 30.199186489930312]}}, {"type": "Feature", "properties": {"osm_id": 12697121701, "name": "同人街时代大道口", "kind": "bus", "network": "", "operator": "", "route_ref": ""}, "geometry": {"type": "Point", "coordinates": [120.18555991898066, 30.20067519015272]}}, {"type": "Feature", "properties": {"osm_id": 12697121702, "name": "同人街时代大道口", "kind": "bus", "network": "", "operator": "", "route_ref": ""}, "geometry": {"type": "Point", "coordinates": [120.1858112672266, 30.20057961808458]}}, {"type": "Feature", "properties": {"osm_id": 12697121703, "name": "同人街时代大道口", "kind": "other", "network": "", "operator": "", "route_ref": ""}, "geometry": {"type": "Point", "coordinates": [120.18580738300328, 30.200631027978606]}}, {"type": "Feature", "properties": {"osm_id": 12697121704, "name": "同人街时代大道口", "kind": "other", "network": "", "operator": "", "route_ref": ""}, "geometry": {"type": "Point", "coordinates": [120.18556160931439, 30.200619284095097]}}, {"type": "Feature", "properties": {"osm_id": 12697121705, "name": "白金海岸23幢", "kind": "other", "network": "", "operator": "", "route_ref": ""}, "geometry": {"type": "Point", "coordinates": [120.18711630527692, 30.201661457283254]}}, {"type": "Feature", "properties": {"osm_id": 12697121706, "name": "白金海岸23幢", "kind": "other", "network": "", "operator": "", "route_ref": ""}, "geometry": {"type": "Point", "coordinates": [120.1870892008432, 30.201850217308046]}}, {"type": "Feature", "properties": {"osm_id": 12697121707, "name": "白金海岸23幢", "kind": "bus", "network": "", "operator": "", "route_ref": ""}, "geometry": {"type": "Point", "coordinates": [120.18701210996845, 30.201634548382028]}}, {"type": "Feature", "properties": {"osm_id": 12697121708, "name": "白金海岸23幢", "kind": "bus", "network": "", "operator": "", "route_ref": ""}, "geometry": {"type": "Point", "coordinates": [120.18717793927404, 30.201847453255883]}}, {"type": "Feature", "properties": {"osm_id": 12697121709, "name": "泰围园", "kind": "other", "network": "", "operator": "", "route_ref": ""}, "geometry": {"type": "Point", "coordinates": [120.18764381255612, 30.202374621747055]}}, {"type": "Feature", "properties": {"osm_id": 12697121710, "name": "泰围园", "kind": "bus", "network": "", "operator": "", "route_ref": ""}, "geometry": {"type": "Point", "coordinates": [120.18764600326557, 30.202340415895343]}}, {"type": "Feature", "properties": {"osm_id": 12697121711, "name": "白金海岸14幢", "kind": "bus", "network": "", "operator": "", "route_ref": ""}, "geometry": {"type": "Point", "coordinates": [120.18838683270502, 30.20239005584309]}}, {"type": "Feature", "properties": {"osm_id": 12697121712, "name": "长河路同人街口", "kind": "other", "network": "", "operator": "", "route_ref": ""}, "geometry": {"type": "Point", "coordinates": [120.19060062163453, 30.202970846272994]}}, {"type": "Feature", "properties": {"osm_id": 12697121715, "name": "耶苏园", "kind": "other", "network": "", "operator": "", "route_ref": ""}, "geometry": {"type": "Point", "coordinates": [120.19244638047276, 30.20290351457736]}}, {"type": "Feature", "properties": {"osm_id": 12697121716, "name": "春江时代13幢", "kind": "other", "network": "", "operator": "", "route_ref": ""}, "geometry": {"type": "Point", "coordinates": [120.1915854275334, 30.202475139220688]}}, {"type": "Feature", "properties": {"osm_id": 12697121717, "name": "耶苏园", "kind": "bus", "network": "", "operator": "", "route_ref": ""}, "geometry": {"type": "Point", "coordinates": [120.19240919218345, 30.202959984246966]}}, {"type": "Feature", "properties": {"osm_id": 12697121718, "name": "春江时代13幢", "kind": "bus", "network": "", "operator": "", "route_ref": ""}, "geometry": {"type": "Point", "coordinates": [120.19155871107674, 30.20255119142288]}}, {"type": "Feature", "properties": {"osm_id": 12697121719, "name": "滨盛路长河路口", "kind": "other", "network": "", "operator": "", "route_ref": ""}, "geometry": {"type": "Point", "coordinates": [120.19251958429315, 30.201874728809724]}}, {"type": "Feature", "properties": {"osm_id": 12697121720, "name": "滨盛路长河路口", "kind": "other", "network": "", "operator": "", "route_ref": ""}, "geometry": {"type": "Point", "coordinates": [120.19230800235128, 30.201985013909056]}}, {"type": "Feature", "properties": {"osm_id": 12697121721, "name": "江澜云境", "kind": "bus", "network": "", "operator": "", "route_ref": ""}, "geometry": {"type": "Point", "coordinates": [120.19707375933262, 30.203120977214397]}}, {"type": "Feature", "properties": {"osm_id": 12697121722, "name": "江澜云境", "kind": "other", "network": "", "operator": "", "route_ref": ""}, "geometry": {"type": "Point", "coordinates": [120.19714546145423, 30.203153955165114]}}, {"type": "Feature", "properties": {"osm_id": 12697121723, "name": "浙大二院滨江院区北", "kind": "bus", "network": "", "operator": "", "route_ref": ""}, "geometry": {"type": "Point", "coordinates": [120.1973038117388, 30.20306957750515]}}, {"type": "Feature", "properties": {"osm_id": 12697121724, "name": "浙大二院滨江院区北", "kind": "other", "network": "", "operator": "", "route_ref": ""}, "geometry": {"type": "Point", "coordinates": [120.19724078329187, 30.20301418321932]}}, {"type": "Feature", "properties": {"osm_id": 12697121725, "name": "红门巷", "kind": "other", "network": "", "operator": "", "route_ref": ""}, "geometry": {"type": "Point", "coordinates": [120.1989178346071, 30.20315812124819]}}, {"type": "Feature", "properties": {"osm_id": 12697121726, "name": "红门巷", "kind": "other", "network": "", "operator": "", "route_ref": ""}, "geometry": {"type": "Point", "coordinates": [120.1981510274208, 30.20278120751325]}}, {"type": "Feature", "properties": {"osm_id": 12697121727, "name": "红门巷", "kind": "bus", "network": "", "operator": "", "route_ref": ""}, "geometry": {"type": "Point", "coordinates": [120.19819170860907, 30.202711034221625]}}, {"type": "Feature", "properties": {"osm_id": 12697121728, "name": "红门巷", "kind": "bus", "network": "", "operator": "", "route_ref": ""}, "geometry": {"type": "Point", "coordinates": [120.19886588538141, 30.20324541411357]}}, {"type": "Feature", "properties": {"osm_id": 12697121729, "name": "江汉路新月路口", "kind": "other", "network": "", "operator": "", "route_ref": ""}, "geometry": {"type": "Point", "coordinates": [120.20382932293668, 30.204284964014274]}}, {"type": "Feature", "properties": {"osm_id": 12697121730, "name": "江汉路新月路口", "kind": "bus", "network": "", "operator": "", "route_ref": ""}, "geometry": {"type": "Point", "coordinates": [120.20369957222108, 30.20434427573725]}}, {"type": "Feature", "properties": {"osm_id": 12697121731, "name": "中兴花园百合苑", "kind": "bus", "network": "", "operator": "", "route_ref": ""}, "geometry": {"type": "Point", "coordinates": [120.20306567497995, 30.205725774603998]}}, {"type": "Feature", "properties": {"osm_id": 12697121732, "name": "中兴花园百合苑", "kind": "bus", "network": "", "operator": "", "route_ref": ""}, "geometry": {"type": "Point", "coordinates": [120.20272600301202, 30.205960439246656]}}, {"type": "Feature", "properties": {"osm_id": 12697121733, "name": "中兴花园百合苑", "kind": "other", "network": "", "operator": "", "route_ref": ""}, "geometry": {"type": "Point", "coordinates": [120.20281297295257, 30.20599459964134]}}, {"type": "Feature", "properties": {"osm_id": 12697121734, "name": "中兴花园百合苑", "kind": "other", "network": "", "operator": "", "route_ref": ""}, "geometry": {"type": "Point", "coordinates": [120.20298598551695, 30.20569710226977]}}, {"type": "Feature", "properties": {"osm_id": 12697121735, "name": "江汉路新月路口", "kind": "other", "network": "", "operator": "", "route_ref": ""}, "geometry": {"type": "Point", "coordinates": [120.20387978184144, 30.204197078264155]}}, {"type": "Feature", "properties": {"osm_id": 12697121736, "name": "江汉路新月路口", "kind": "other", "network": "", "operator": "", "route_ref": ""}, "geometry": {"type": "Point", "coordinates": [120.2037791626715, 30.204365248928728]}}, {"type": "Feature", "properties": {"osm_id": 12697121737, "name": "威陵大厦", "kind": "bus", "network": "", "operator": "", "route_ref": ""}, "geometry": {"type": "Point", "coordinates": [120.20527789720914, 30.204173753610164]}}, {"type": "Feature", "properties": {"osm_id": 12697121738, "name": "威陵大厦", "kind": "bus", "network": "", "operator": "", "route_ref": ""}, "geometry": {"type": "Point", "coordinates": [120.2050692469987, 30.20421348498059]}}, {"type": "Feature", "properties": {"osm_id": 12697121739, "name": "威陵大厦", "kind": "other", "network": "", "operator": "", "route_ref": ""}, "geometry": {"type": "Point", "coordinates": [120.20510484909387, 30.204158225752895]}}, {"type": "Feature", "properties": {"osm_id": 12697121740, "name": "威陵大厦", "kind": "other", "network": "", "operator": "", "route_ref": ""}, "geometry": {"type": "Point", "coordinates": [120.20524458906942, 30.204230409167394]}}, {"type": "Feature", "properties": {"osm_id": 12697121741, "name": "中兴花园", "kind": "bus", "network": "", "operator": "", "route_ref": ""}, "geometry": {"type": "Point", "coordinates": [120.20627853446454, 30.204689115601294]}}, {"type": "Feature", "properties": {"osm_id": 12697121742, "name": "中兴花园", "kind": "bus", "network": "", "operator": "", "route_ref": ""}, "geometry": {"type": "Point", "coordinates": [120.20629191343359, 30.20485370376049]}}, {"type": "Feature", "properties": {"osm_id": 12697121743, "name": "中兴花园", "kind": "other", "network": "", "operator": "", "route_ref": ""}, "geometry": {"type": "Point", "coordinates": [120.20632861315016, 30.20479054331424]}}, {"type": "Feature", "properties": {"osm_id": 12697121744, "name": "中兴花园", "kind": "other", "network": "", "operator": "", "route_ref": ""}, "geometry": {"type": "Point", "coordinates": [120.20623604900584, 30.204742784564946]}}, {"type": "Feature", "properties": {"osm_id": 12697121745, "name": "星光大道东", "kind": "other", "network": "", "operator": "", "route_ref": ""}, "geometry": {"type": "Point", "coordinates": [120.21061642179991, 30.20796516897628]}}, {"type": "Feature", "properties": {"osm_id": 12697121746, "name": "泰安路丹枫路口", "kind": "other", "network": "", "operator": "", "route_ref": ""}, "geometry": {"type": "Point", "coordinates": [120.20966031150628, 30.209341747609535]}}, {"type": "Feature", "properties": {"osm_id": 12697121747, "name": "江晖路丹枫路口", "kind": "other", "network": "", "operator": "", "route_ref": ""}, "geometry": {"type": "Point", "coordinates": [120.20672185817678, 30.20794650866298]}}, {"type": "Feature", "properties": {"osm_id": 12697121748, "name": "江晖路丹枫路口", "kind": "bus", "network": "", "operator": "", "route_ref": ""}, "geometry": {"type": "Point", "coordinates": [120.2065784246812, 30.20790152788033]}}, {"type": "Feature", "properties": {"osm_id": 12697121749, "name": "明豪大厦南", "kind": "other", "network": "", "operator": "", "route_ref": ""}, "geometry": {"type": "Point", "coordinates": [120.20805992816702, 30.210330597622374]}}, {"type": "Feature", "properties": {"osm_id": 12697121750, "name": "滨盛路通和路口", "kind": "other", "network": "", "operator": "", "route_ref": ""}, "geometry": {"type": "Point", "coordinates": [120.2119116484689, 30.212833986980577]}}, {"type": "Feature", "properties": {"osm_id": 12697121751, "name": "滨盛路通和路口", "kind": "other", "network": "", "operator": "", "route_ref": ""}, "geometry": {"type": "Point", "coordinates": [120.2116136730681, 30.21281391043291]}}, {"type": "Feature", "properties": {"osm_id": 12697121753, "name": "楚天路滨文路口", "kind": "bus", "network": "", "operator": "", "route_ref": ""}, "geometry": {"type": "Point", "coordinates": [120.20705179066901, 30.173891690863936]}}, {"type": "Feature", "properties": {"osm_id": 12697121754, "name": "楚天路滨文路口", "kind": "other", "network": "", "operator": "", "route_ref": ""}, "geometry": {"type": "Point", "coordinates": [120.2071269980757, 30.173898775607142]}}, {"type": "Feature", "properties": {"osm_id": 12697121755, "name": "楚天路滨文路口", "kind": "bus", "network": "", "operator": "", "route_ref": ""}, "geometry": {"type": "Point", "coordinates": [120.20721225411803, 30.173594632956004]}}, {"type": "Feature", "properties": {"osm_id": 12697121756, "name": "楚天路滨文路口", "kind": "other", "network": "", "operator": "", "route_ref": ""}, "geometry": {"type": "Point", "coordinates": [120.20715619685612, 30.173581218430634]}}, {"type": "Feature", "properties": {"osm_id": 12697121757, "name": "庙后王路楚天路口", "kind": "bus", "network": "", "operator": "", "route_ref": ""}, "geometry": {"type": "Point", "coordinates": [120.20837082784305, 30.17513953212098]}}, {"type": "Feature", "properties": {"osm_id": 12697121758, "name": "庙后王路楚天路口", "kind": "other", "network": "", "operator": "", "route_ref": ""}, "geometry": {"type": "Point", "coordinates": [120.20837082057847, 30.175051428649756]}}, {"type": "Feature", "properties": {"osm_id": 12697121759, "name": "庙后王路楚天路口", "kind": "bus", "network": "", "operator": "", "route_ref": ""}, "geometry": {"type": "Point", "coordinates": [120.20816214229937, 30.17495893998567]}}, {"type": "Feature", "properties": {"osm_id": 12697121760, "name": "庙后王路楚天路口", "kind": "other", "network": "", "operator": "", "route_ref": ""}, "geometry": {"type": "Point", "coordinates": [120.20816264919658, 30.17505794312837]}}, {"type": "Feature", "properties": {"osm_id": 12697121761, "name": "庙后王", "kind": "bus", "network": "", "operator": "", "route_ref": ""}, "geometry": {"type": "Point", "coordinates": [120.21031863912745, 30.17506243832754]}}, {"type": "Feature", "properties": {"osm_id": 12697121762, "name": "庙后王", "kind": "other", "network": "", "operator": "", "route_ref": ""}, "geometry": {"type": "Point", "coordinates": [120.2103030718063, 30.174990858244225]}}, {"type": "Feature", "properties": {"osm_id": 12697121763, "name": "庙后王", "kind": "bus", "network": "", "operator": "", "route_ref": ""}, "geometry": {"type": "Point", "coordinates": [120.20989587782788, 30.17491925240639]}}, {"type": "Feature", "properties": {"osm_id": 12697121764, "name": "庙后王", "kind": "other", "network": "", "operator": "", "route_ref": ""}, "geometry": {"type": "Point", "coordinates": [120.20990645841253, 30.175003240157846]}}, {"type": "Feature", "properties": {"osm_id": 12697121765, "name": "滨和国际科创园", "kind": "bus", "network": "", "operator": "", "route_ref": ""}, "geometry": {"type": "Point", "coordinates": [120.21309067792438, 30.175021382864287]}}, {"type": "Feature", "properties": {"osm_id": 12697121766, "name": "滨和国际科创园", "kind": "other", "network": "", "operator": "", "route_ref": ""}, "geometry": {"type": "Point", "coordinates": [120.21308548092632, 30.174906885575993]}}, {"type": "Feature", "properties": {"osm_id": 12697121767, "name": "滨和国际科创园", "kind": "bus", "network": "", "operator": "", "route_ref": ""}, "geometry": {"type": "Point", "coordinates": [120.21345987662153, 30.174793562047192]}}, {"type": "Feature", "properties": {"osm_id": 12697121768, "name": "滨和国际科创园", "kind": "other", "network": "", "operator": "", "route_ref": ""}, "geometry": {"type": "Point", "coordinates": [120.21347614622094, 30.174895243580874]}}, {"type": "Feature", "properties": {"osm_id": 12697121769, "name": "石板庄", "kind": "bus", "network": "", "operator": "", "route_ref": ""}, "geometry": {"type": "Point", "coordinates": [120.21434020164654, 30.174940761847594]}}, {"type": "Feature", "properties": {"osm_id": 12697121770, "name": "石板庄", "kind": "other", "network": "", "operator": "", "route_ref": ""}, "geometry": {"type": "Point", "coordinates": [120.21434288944462, 30.174869655392744]}}, {"type": "Feature", "properties": {"osm_id": 12697121771, "name": "石板庄", "kind": "bus", "network": "", "operator": "", "route_ref": ""}, "geometry": {"type": "Point", "coordinates": [120.21460516672114, 30.174801297382064]}}, {"type": "Feature", "properties": {"osm_id": 12697121772, "name": "石板庄", "kind": "other", "network": "", "operator": "", "route_ref": ""}, "geometry": {"type": "Point", "coordinates": [120.21461554731646, 30.174861585732323]}}, {"type": "Feature", "properties": {"osm_id": 12697121773, "name": "中国空分大厦", "kind": "bus", "network": "", "operator": "", "route_ref": ""}, "geometry": {"type": "Point", "coordinates": [120.21540260256624, 30.174784027732567]}}, {"type": "Feature", "properties": {"osm_id": 12697121774, "name": "中国空分大厦", "kind": "bus", "network": "", "operator": "", "route_ref": ""}, "geometry": {"type": "Point", "coordinates": [120.21550158271982, 30.17490450099706]}}, {"type": "Feature", "properties": {"osm_id": 12697121775, "name": "中国空分大厦", "kind": "other", "network": "", "operator": "", "route_ref": ""}, "geometry": {"type": "Point", "coordinates": [120.2154906025213, 30.17483571285822]}}, {"type": "Feature", "properties": {"osm_id": 12697121776, "name": "中国空分大厦", "kind": "other", "network": "", "operator": "", "route_ref": ""}, "geometry": {"type": "Point", "coordinates": [120.21539163255744, 30.174838644472736]}}, {"type": "Feature", "properties": {"osm_id": 12697121777, "name": "畈里孙", "kind": "bus", "network": "", "operator": "", "route_ref": ""}, "geometry": {"type": "Point", "coordinates": [120.21691452308558, 30.174731046595156]}}, {"type": "Feature", "properties": {"osm_id": 12697121778, "name": "畈里孙", "kind": "other", "network": "", "operator": "", "route_ref": ""}, "geometry": {"type": "Point", "coordinates": [120.21691203391472, 30.17479375226995]}}, {"type": "Feature", "properties": {"osm_id": 12697121779, "name": "畈里孙", "kind": "bus", "network": "", "operator": "", "route_ref": ""}, "geometry": {"type": "Point", "coordinates": [120.21667098964411, 30.17487506676904]}}, {"type": "Feature", "properties": {"osm_id": 12697121780, "name": "畈里孙", "kind": "other", "network": "", "operator": "", "route_ref": ""}, "geometry": {"type": "Point", "coordinates": [120.21667417624695, 30.17480075971521]}}, {"type": "Feature", "properties": {"osm_id": 12697121781, "name": "庙后王路越城巷口", "kind": "bus", "network": "", "operator": "", "route_ref": ""}, "geometry": {"type": "Point", "coordinates": [120.21983832180364, 30.17475520343521]}}, {"type": "Feature", "properties": {"osm_id": 12697121782, "name": "庙后王路越城巷口", "kind": "bus", "network": "", "operator": "", "route_ref": ""}, "geometry": {"type": "Point", "coordinates": [120.21968315366131, 30.174683487790535]}}, {"type": "Feature", "properties": {"osm_id": 12697121783, "name": "庙后王路越城巷口", "kind": "other", "network": "", "operator": "", "route_ref": ""}, "geometry": {"type": "Point", "coordinates": [120.21968445397405, 30.17472168772181]}}, {"type": "Feature", "properties": {"osm_id": 12697121784, "name": "庙后王路越城巷口", "kind": "other", "network": "", "operator": "", "route_ref": ""}, "geometry": {"type": "Point", "coordinates": [120.21982893927179, 30.174719613332442]}}, {"type": "Feature", "properties": {"osm_id": 12697121787, "name": "越城巷滨文路口", "kind": "other", "network": "", "operator": "", "route_ref": ""}, "geometry": {"type": "Point", "coordinates": [120.22163662601575, 30.174231565816317]}}, {"type": "Feature", "properties": {"osm_id": 12697121788, "name": "越城巷滨文路口", "kind": "other", "network": "", "operator": "", "route_ref": ""}, "geometry": {"type": "Point", "coordinates": [120.22160490168261, 30.17433720645841]}}, {"type": "Feature", "properties": {"osm_id": 12697121789, "name": "越城巷滨文路口", "kind": "bus", "network": "", "operator": "", "route_ref": ""}, "geometry": {"type": "Point", "coordinates": [120.22158473403485, 30.174212824813246]}}, {"type": "Feature", "properties": {"osm_id": 12697121790, "name": "越城巷滨文路口", "kind": "bus", "network": "", "operator": "", "route_ref": ""}, "geometry": {"type": "Point", "coordinates": [120.22166507570184, 30.17434953772272]}}, {"type": "Feature", "properties": {"osm_id": 12699227666, "name": "汇智地·龙禧硅谷广场", "kind": "other", "network": "", "operator": "", "route_ref": ""}, "geometry": {"type": "Point", "coordinates": [120.15129248319874, 30.179874613681825]}}, {"type": "Feature", "properties": {"osm_id": 12699227667, "name": "汇智地·龙禧硅谷广场", "kind": "other", "network": "", "operator": "", "route_ref": ""}, "geometry": {"type": "Point", "coordinates": [120.15103539196328, 30.179956038006406]}}, {"type": "Feature", "properties": {"osm_id": 12699227668, "name": "汇智地·龙禧硅谷广场", "kind": "bus", "network": "", "operator": "", "route_ref": ""}, "geometry": {"type": "Point", "coordinates": [120.15131841598047, 30.179918072959694]}}, {"type": "Feature", "properties": {"osm_id": 12699227669, "name": "汇智地·龙禧硅谷广场", "kind": "bus", "network": "", "operator": "", "route_ref": ""}, "geometry": {"type": "Point", "coordinates": [120.15098133659032, 30.179923224976545]}}, {"type": "Feature", "properties": {"osm_id": 12699227670, "name": "南环路公交总站", "kind": "other", "network": "", "operator": "", "route_ref": ""}, "geometry": {"type": "Point", "coordinates": [120.15467138352582, 30.17815359407448]}}, {"type": "Feature", "properties": {"osm_id": 12699227671, "name": "南环路公交总站", "kind": "other", "network": "", "operator": "", "route_ref": ""}, "geometry": {"type": "Point", "coordinates": [120.15466740056618, 30.1782234037066]}}, {"type": "Feature", "properties": {"osm_id": 12699227672, "name": "滨江最美樱花跑道", "kind": "bus", "network": "", "operator": "", "route_ref": ""}, "geometry": {"type": "Point", "coordinates": [120.15543859794965, 30.192048696895917]}}, {"type": "Feature", "properties": {"osm_id": 12699227673, "name": "滨江最美樱花跑道", "kind": "other", "network": "", "operator": "", "route_ref": ""}, "geometry": {"type": "Point", "coordinates": [120.15543351814063, 30.192118508932474]}}, {"type": "Feature", "properties": {"osm_id": 12699227674, "name": "彩虹豪庭", "kind": "bus", "network": "", "operator": "", "route_ref": ""}, "geometry": {"type": "Point", "coordinates": [120.15864254293875, 30.190397042608943]}}, {"type": "Feature", "properties": {"osm_id": 12699227675, "name": "彩虹豪庭", "kind": "other", "network": "", "operator": "", "route_ref": ""}, "geometry": {"type": "Point", "coordinates": [120.1587549197727, 30.190392844037724]}}, {"type": "Feature", "properties": {"osm_id": 12699227676, "name": "彩虹滨盛社区", "kind": "bus", "network": "", "operator": "", "route_ref": ""}, "geometry": {"type": "Point", "coordinates": [120.15891531024552, 30.189816933743746]}}, {"type": "Feature", "properties": {"osm_id": 12699227677, "name": "彩虹滨盛社区", "kind": "bus", "network": "", "operator": "", "route_ref": ""}, "geometry": {"type": "Point", "coordinates": [120.15877612107823, 30.18875533066944]}}, {"type": "Feature", "properties": {"osm_id": 12699227678, "name": "彩虹滨盛社区", "kind": "other", "network": "", "operator": "", "route_ref": ""}, "geometry": {"type": "Point", "coordinates": [120.15888221660526, 30.188761343463867]}}, {"type": "Feature", "properties": {"osm_id": 12699227679, "name": "彩虹滨盛社区", "kind": "other", "network": "", "operator": "", "route_ref": ""}, "geometry": {"type": "Point", "coordinates": [120.1588002406629, 30.189812036901834]}}, {"type": "Feature", "properties": {"osm_id": 12699227680, "name": "美家弄", "kind": "other", "network": "", "operator": "", "route_ref": ""}, "geometry": {"type": "Point", "coordinates": [120.17680055483156, 30.19780641400285]}}, {"type": "Feature", "properties": {"osm_id": 12699227681, "name": "美家弄", "kind": "bus", "network": "", "operator": "", "route_ref": ""}, "geometry": {"type": "Point", "coordinates": [120.17672667345089, 30.1977661517165]}}, {"type": "Feature", "properties": {"osm_id": 12699227682, "name": "江二路长河路口", "kind": "other", "network": "", "operator": "", "route_ref": ""}, "geometry": {"type": "Point", "coordinates": [120.19831282644698, 30.18408482551531]}}, {"type": "Feature", "properties": {"osm_id": 12699227683, "name": "江二路长河路口", "kind": "other", "network": "", "operator": "", "route_ref": ""}, "geometry": {"type": "Point", "coordinates": [120.19763451115342, 30.184067086656306]}}, {"type": "Feature", "properties": {"osm_id": 12699227684, "name": "江二路长河路口", "kind": "bus", "network": "", "operator": "", "route_ref": ""}, "geometry": {"type": "Point", "coordinates": [120.19832400181058, 30.184161509791473]}}, {"type": "Feature", "properties": {"osm_id": 12699227685, "name": "江二路长河路口", "kind": "bus", "network": "", "operator": "", "route_ref": ""}, "geometry": {"type": "Point", "coordinates": [120.19763380795959, 30.184004985149702]}}, {"type": "Feature", "properties": {"osm_id": 12699227686, "name": "长江小区", "kind": "other", "network": "", "operator": "", "route_ref": ""}, "geometry": {"type": "Point", "coordinates": [120.18623232370119, 30.181396331543414]}}, {"type": "Feature", "properties": {"osm_id": 12699227687, "name": "长江小区", "kind": "other", "network": "", "operator": "", "route_ref": ""}, "geometry": {"type": "Point", "coordinates": [120.18445110781357, 30.181503050357644]}}, {"type": "Feature", "properties": {"osm_id": 12699227688, "name": "花园周", "kind": "other", "network": "", "operator": "", "route_ref": ""}, "geometry": {"type": "Point", "coordinates": [120.18214831420015, 30.17250610052848]}}, {"type": "Feature", "properties": {"osm_id": 12699227689, "name": "花园周", "kind": "bus", "network": "", "operator": "", "route_ref": ""}, "geometry": {"type": "Point", "coordinates": [120.18220943027352, 30.172488085007455]}}, {"type": "Feature", "properties": {"osm_id": 12699227690, "name": "花园周", "kind": "bus", "network": "", "operator": "", "route_ref": ""}, "geometry": {"type": "Point", "coordinates": [120.1818684390397, 30.17237622161877]}}, {"type": "Feature", "properties": {"osm_id": 12699227691, "name": "长一社区卫生服务站", "kind": "other", "network": "", "operator": "", "route_ref": ""}, "geometry": {"type": "Point", "coordinates": [120.17814713581251, 30.17178661870941]}}, {"type": "Feature", "properties": {"osm_id": 12699227692, "name": "长一社区卫生服务站", "kind": "bus", "network": "", "operator": "", "route_ref": ""}, "geometry": {"type": "Point", "coordinates": [120.17814185685418, 30.171848831055]}}, {"type": "Feature", "properties": {"osm_id": 12699227693, "name": "长虹南苑", "kind": "other", "network": "", "operator": "", "route_ref": ""}, "geometry": {"type": "Point", "coordinates": [120.17605053237972, 30.171784384055996]}}, {"type": "Feature", "properties": {"osm_id": 12699227694, "name": "长虹南苑", "kind": "bus", "network": "", "operator": "", "route_ref": ""}, "geometry": {"type": "Point", "coordinates": [120.17606669186958, 30.17188055714602]}}, {"type": "Feature", "properties": {"osm_id": 12699227695, "name": "江畔云庐6幢", "kind": "other", "network": "", "operator": "", "route_ref": ""}, "geometry": {"type": "Point", "coordinates": [120.15554846200477, 30.176297019527016]}}, {"type": "Feature", "properties": {"osm_id": 12699227696, "name": "江畔云庐6幢", "kind": "other", "network": "", "operator": "", "route_ref": ""}, "geometry": {"type": "Point", "coordinates": [120.15562205498597, 30.17630269334854]}}, {"type": "Feature", "properties": {"osm_id": 12699227697, "name": "江畔云庐6幢", "kind": "bus", "network": "", "operator": "", "route_ref": ""}, "geometry": {"type": "Point", "coordinates": [120.15563252255038, 30.17626807397772]}}, {"type": "Feature", "properties": {"osm_id": 12699227698, "name": "江畔云庐6幢", "kind": "bus", "network": "", "operator": "", "route_ref": ""}, "geometry": {"type": "Point", "coordinates": [120.15553620039051, 30.176342442396056]}}, {"type": "Feature", "properties": {"osm_id": 12699227699, "name": "江畔云庐5幢", "kind": "bus", "network": "", "operator": "", "route_ref": ""}, "geometry": {"type": "Point", "coordinates": [120.1572493261972, 30.176112268438235]}}, {"type": "Feature", "properties": {"osm_id": 12699227700, "name": "江畔云庐5幢", "kind": "bus", "network": "", "operator": "", "route_ref": ""}, "geometry": {"type": "Point", "coordinates": [120.15733089901576, 30.176174728615134]}}, {"type": "Feature", "properties": {"osm_id": 12699238701, "name": "江畔云庐5幢", "kind": "other", "network": "", "operator": "", "route_ref": ""}, "geometry": {"type": "Point", "coordinates": [120.15733618106609, 30.176140318022274]}}, {"type": "Feature", "properties": {"osm_id": 12699238702, "name": "滨文社区", "kind": "bus", "network": "", "operator": "", "route_ref": ""}, "geometry": {"type": "Point", "coordinates": [120.15852638470857, 30.17623053376761]}}, {"type": "Feature", "properties": {"osm_id": 12699238703, "name": "滨文社区", "kind": "bus", "network": "", "operator": "", "route_ref": ""}, "geometry": {"type": "Point", "coordinates": [120.15857993900093, 30.17632554313753]}}, {"type": "Feature", "properties": {"osm_id": 12699238704, "name": "滨文社区", "kind": "other", "network": "", "operator": "", "route_ref": ""}, "geometry": {"type": "Point", "coordinates": [120.15851751329458, 30.176267750893928]}}, {"type": "Feature", "properties": {"osm_id": 12699238705, "name": "滨文社区", "kind": "other", "network": "", "operator": "", "route_ref": ""}, "geometry": {"type": "Point", "coordinates": [120.15857554849204, 30.176288549400773]}}, {"type": "Feature", "properties": {"osm_id": 12699238706, "name": "地铁建业路站B口", "kind": "other", "network": "", "operator": "", "route_ref": ""}, "geometry": {"type": "Point", "coordinates": [120.1796679266006, 30.192769145825036]}}, {"type": "Feature", "properties": {"osm_id": 12699238707, "name": "地铁建业路站B口", "kind": "bus", "network": "", "operator": "", "route_ref": ""}, "geometry": {"type": "Point", "coordinates": [120.17973203597576, 30.19278762570254]}}, {"type": "Feature", "properties": {"osm_id": 12699238708, "name": "滨江青少年活动中心东", "kind": "other", "network": "", "operator": "", "route_ref": ""}, "geometry": {"type": "Point", "coordinates": [120.18093554993058, 30.194205124789985]}}, {"type": "Feature", "properties": {"osm_id": 12699238709, "name": "滨江青少年活动中心东", "kind": "bus", "network": "", "operator": "", "route_ref": ""}, "geometry": {"type": "Point", "coordinates": [120.18083933604407, 30.194183505001956]}}, {"type": "Feature", "properties": {"osm_id": 12699238710, "name": "儿康路滨盛路口", "kind": "other", "network": "", "operator": "", "route_ref": ""}, "geometry": {"type": "Point", "coordinates": [120.17452247625383, 30.19393292997807]}}, {"type": "Feature", "properties": {"osm_id": 12699238711, "name": "闻涛诚苑", "kind": "other", "network": "", "operator": "", "route_ref": ""}, "geometry": {"type": "Point", "coordinates": [120.17372628542448, 30.195335202898818]}}, {"type": "Feature", "properties": {"osm_id": 12699238712, "name": "闻涛诚苑", "kind": "other", "network": "", "operator": "", "route_ref": ""}, "geometry": {"type": "Point", "coordinates": [120.17362919079854, 30.195499594368687]}}, {"type": "Feature", "properties": {"osm_id": 12699238713, "name": "信诚路北", "kind": "other", "network": "", "operator": "", "route_ref": ""}, "geometry": {"type": "Point", "coordinates": [120.1705649573417, 30.194032593965282]}}, {"type": "Feature", "properties": {"osm_id": 12699238714, "name": "信诚路北", "kind": "other", "network": "", "operator": "", "route_ref": ""}, "geometry": {"type": "Point", "coordinates": [120.17037004927393, 30.194135564825316]}}, {"type": "Feature", "properties": {"osm_id": 12699238715, "name": "信诚路北", "kind": "bus", "network": "", "operator": "", "route_ref": ""}, "geometry": {"type": "Point", "coordinates": [120.17030723492384, 30.19410818135649]}}, {"type": "Feature", "properties": {"osm_id": 12699238716, "name": "信诚路北", "kind": "bus", "network": "", "operator": "", "route_ref": ""}, "geometry": {"type": "Point", "coordinates": [120.17062926569996, 30.194042773712297]}}, {"type": "Feature", "properties": {"osm_id": 12699238717, "name": "儿康路滨盛路口", "kind": "bus", "network": "", "operator": "", "route_ref": ""}, "geometry": {"type": "Point", "coordinates": [120.17460313471834, 30.193942577995543]}}, {"type": "Feature", "properties": {"osm_id": 12699238718, "name": "闻涛诚苑", "kind": "bus", "network": "", "operator": "", "route_ref": ""}, "geometry": {"type": "Point", "coordinates": [120.17357634547653, 30.1954514917761]}}, {"type": "Feature", "properties": {"osm_id": 12699238719, "name": "闻涛诚苑", "kind": "bus", "network": "", "operator": "", "route_ref": ""}, "geometry": {"type": "Point", "coordinates": [120.17382240100284, 30.19538612388652]}}, {"type": "Feature", "properties": {"osm_id": 12699238720, "name": "地铁联庄站", "kind": "bus", "network": "", "operator": "", "route_ref": ""}, "geometry": {"type": "Point", "coordinates": [120.1516077280481, 30.18589495505878]}}, {"type": "Feature", "properties": {"osm_id": 12699238721, "name": "地铁联庄站", "kind": "other", "network": "", "operator": "", "route_ref": ""}, "geometry": {"type": "Point", "coordinates": [120.1516518066951, 30.185888382194186]}}, {"type": "Feature", "properties": {"osm_id": 12699238722, "name": "地铁联庄站", "kind": "bus", "network": "", "operator": "", "route_ref": ""}, "geometry": {"type": "Point", "coordinates": [120.15179498093785, 30.1854958287698]}}, {"type": "Feature", "properties": {"osm_id": 12699238723, "name": "地铁联庄站", "kind": "other", "network": "", "operator": "", "route_ref": ""}, "geometry": {"type": "Point", "coordinates": [120.15168199368817, 30.185529516526664]}}, {"type": "Feature", "properties": {"osm_id": 12699238724, "name": "桥南", "kind": "bus", "network": "", "operator": "", "route_ref": ""}, "geometry": {"type": "Point", "coordinates": [120.15048941994183, 30.1828293492305]}}, {"type": "Feature", "properties": {"osm_id": 12699238725, "name": "桥南", "kind": "bus", "network": "", "operator": "", "route_ref": ""}, "geometry": {"type": "Point", "coordinates": [120.15048408584113, 30.18343908422107]}}, {"type": "Feature", "properties": {"osm_id": 12699238726, "name": "桥南", "kind": "other", "network": "", "operator": "", "route_ref": ""}, "geometry": {"type": "Point", "coordinates": [120.15061732001949, 30.183392965719005]}}, {"type": "Feature", "properties": {"osm_id": 12699238727, "name": "桥南", "kind": "other", "network": "", "operator": "", "route_ref": ""}, "geometry": {"type": "Point", "coordinates": [120.15045192270993, 30.182840910599943]}}, {"type": "Feature", "properties": {"osm_id": 12699238728, "name": "杭二中", "kind": "other", "network": "", "operator": "", "route_ref": ""}, "geometry": {"type": "Point", "coordinates": [120.13881388742679, 30.176131557113937]}}, {"type": "Feature", "properties": {"osm_id": 12699238729, "name": "杭二中", "kind": "other", "network": "", "operator": "", "route_ref": ""}, "geometry": {"type": "Point", "coordinates": [120.1371116206578, 30.176185996443213]}}, {"type": "Feature", "properties": {"osm_id": 12699238730, "name": "东信大道西浦路口", "kind": "bus", "network": "", "operator": "", "route_ref": ""}, "geometry": {"type": "Point", "coordinates": [120.1328459674616, 30.175983813119746]}}, {"type": "Feature", "properties": {"osm_id": 12699238731, "name": "东信大道西浦路口", "kind": "other", "network": "", "operator": "", "route_ref": ""}, "geometry": {"type": "Point", "coordinates": [120.1328456738803, 30.176052016172438]}}, {"type": "Feature", "properties": {"osm_id": 12699238732, "name": "东信大道西浦路口", "kind": "bus", "network": "", "operator": "", "route_ref": ""}, "geometry": {"type": "Point", "coordinates": [120.13301192211854, 30.1762039292059]}}, {"type": "Feature", "properties": {"osm_id": 12699238733, "name": "东信大道西浦路口", "kind": "other", "network": "", "operator": "", "route_ref": ""}, "geometry": {"type": "Point", "coordinates": [120.1330196990915, 30.176133717357697]}}, {"type": "Feature", "properties": {"osm_id": 12699238734, "name": "新和路闻涛路口", "kind": "bus", "network": "", "operator": "", "route_ref": ""}, "geometry": {"type": "Point", "coordinates": [120.13333602783061, 30.179976104033724]}}, {"type": "Feature", "properties": {"osm_id": 12699238735, "name": "新和路闻涛路口", "kind": "other", "network": "", "operator": "", "route_ref": ""}, "geometry": {"type": "Point", "coordinates": [120.13334561345489, 30.180056296117648]}}, {"type": "Feature", "properties": {"osm_id": 12699238736, "name": "新和路闻涛路口", "kind": "bus", "network": "", "operator": "", "route_ref": ""}, "geometry": {"type": "Point", "coordinates": [120.13311662224574, 30.180103966167792]}}, {"type": "Feature", "properties": {"osm_id": 12699238737, "name": "新和路闻涛路口", "kind": "other", "network": "", "operator": "", "route_ref": ""}, "geometry": {"type": "Point", "coordinates": [120.1331193105799, 30.180036060201708]}}, {"type": "Feature", "properties": {"osm_id": 12699238738, "name": "地铁长河站C口", "kind": "bus", "network": "", "operator": "", "route_ref": ""}, "geometry": {"type": "Point", "coordinates": [120.1906648925257, 30.196453493074692]}}, {"type": "Feature", "properties": {"osm_id": 12699238739, "name": "忆东枫里", "kind": "bus", "network": "", "operator": "", "route_ref": ""}, "geometry": {"type": "Point", "coordinates": [120.19948314826955, 30.164236361813742]}}, {"type": "Feature", "properties": {"osm_id": 12699238750, "name": "忆东枫里", "kind": "other", "network": "", "operator": "", "route_ref": ""}, "geometry": {"type": "Point", "coordinates": [120.19942430893411, 30.164222460655594]}}, {"type": "Feature", "properties": {"osm_id": 12699238762, "name": "建兰中学", "kind": "other", "network": "", "operator": "", "route_ref": ""}, "geometry": {"type": "Point", "coordinates": [120.17435659261845, 30.232349116289864]}}, {"type": "Feature", "properties": {"osm_id": 12699238763, "name": "建兰中学", "kind": "other", "network": "", "operator": "", "route_ref": ""}, "geometry": {"type": "Point", "coordinates": [120.1739448493093, 30.231386826726315]}}, {"type": "Feature", "properties": {"osm_id": 12699238782, "name": "滨盛路时代大道口", "kind": "other", "network": "", "operator": "", "route_ref": ""}, "geometry": {"type": "Point", "coordinates": [120.18698527233607, 30.199034662850337]}}, {"type": "Feature", "properties": {"osm_id": 12699238783, "name": "滨盛路时代大道口", "kind": "other", "network": "", "operator": "", "route_ref": ""}, "geometry": {"type": "Point", "coordinates": [120.18658251754985, 30.19852688194608]}}, {"type": "Feature", "properties": {"osm_id": 12699238784, "name": "育德巷", "kind": "bus", "network": "", "operator": "", "route_ref": ""}, "geometry": {"type": "Point", "coordinates": [120.1822512427898, 30.193309106099864]}}, {"type": "Feature", "properties": {"osm_id": 12699238785, "name": "育德巷", "kind": "other", "network": "", "operator": "", "route_ref": ""}, "geometry": {"type": "Point", "coordinates": [120.18228174634044, 30.19324444567755]}}, {"type": "Feature", "properties": {"osm_id": 12699238786, "name": "育德巷", "kind": "bus", "network": "", "operator": "", "route_ref": ""}, "geometry": {"type": "Point", "coordinates": [120.182590829405, 30.193308468412148]}}, {"type": "Feature", "properties": {"osm_id": 12699238787, "name": "育德巷", "kind": "other", "network": "", "operator": "", "route_ref": ""}, "geometry": {"type": "Point", "coordinates": [120.18254686520197, 30.193364153625968]}}, {"type": "Feature", "properties": {"osm_id": 12699238792, "name": "滨盛路江虹路口", "kind": "other", "network": "", "operator": "", "route_ref": ""}, "geometry": {"type": "Point", "coordinates": [120.19748142608124, 30.20439804308411]}}, {"type": "Feature", "properties": {"osm_id": 12699238793, "name": "滨盛路江虹路口", "kind": "other", "network": "", "operator": "", "route_ref": ""}, "geometry": {"type": "Point", "coordinates": [120.19729346078495, 30.20451577321319]}}, {"type": "Feature", "properties": {"osm_id": 12701439724, "name": "忆东枫里西", "kind": "other", "network": "", "operator": "", "route_ref": ""}, "geometry": {"type": "Point", "coordinates": [120.19829020118814, 30.1637327696901]}}, {"type": "Feature", "properties": {"osm_id": 12701439725, "name": "忆东枫里西", "kind": "bus", "network": "", "operator": "", "route_ref": ""}, "geometry": {"type": "Point", "coordinates": [120.19818319582875, 30.16370515157164]}}, {"type": "Feature", "properties": {"osm_id": 12701439726, "name": "天官路文泉巷口", "kind": "other", "network": "", "operator": "", "route_ref": ""}, "geometry": {"type": "Point", "coordinates": [120.20189916598373, 30.171454898979363]}}, {"type": "Feature", "properties": {"osm_id": 12701439727, "name": "天官路文泉巷口", "kind": "bus", "network": "", "operator": "", "route_ref": ""}, "geometry": {"type": "Point", "coordinates": [120.20190196293797, 30.171509196439928]}}, {"type": "Feature", "properties": {"osm_id": 12701439728, "name": "韵婉弄西", "kind": "other", "network": "", "operator": "", "route_ref": ""}, "geometry": {"type": "Point", "coordinates": [120.19664951490715, 30.179838606359407]}}, {"type": "Feature", "properties": {"osm_id": 12701439729, "name": "韵婉弄西", "kind": "bus", "network": "", "operator": "", "route_ref": ""}, "geometry": {"type": "Point", "coordinates": [120.19656894185546, 30.17984834652402]}}, {"type": "Feature", "properties": {"osm_id": 12707753149, "name": "阡陌路江南大道口", "kind": "bus", "network": "", "operator": "", "route_ref": ""}, "geometry": {"type": "Point", "coordinates": [120.22108172508189, 30.20970130407723]}}, {"type": "Feature", "properties": {"osm_id": 12707753150, "name": "阡陌路江南大道口", "kind": "other", "network": "", "operator": "", "route_ref": ""}, "geometry": {"type": "Point", "coordinates": [120.22117163620709, 30.209732701061988]}}, {"type": "Feature", "properties": {"osm_id": 12707753151, "name": "物联网街共联路口", "kind": "bus", "network": "", "operator": "", "route_ref": ""}, "geometry": {"type": "Point", "coordinates": [120.22070690959485, 30.208285463335603]}}, {"type": "Feature", "properties": {"osm_id": 12707753152, "name": "物联网街共联路口", "kind": "other", "network": "", "operator": "", "route_ref": ""}, "geometry": {"type": "Point", "coordinates": [120.22075240671442, 30.208220506102936]}}, {"type": "Feature", "properties": {"osm_id": 12707753153, "name": "阡陌路物联网街口", "kind": "bus", "network": "", "operator": "", "route_ref": ""}, "geometry": {"type": "Point", "coordinates": [120.22232896095005, 30.20807497992263]}}, {"type": "Feature", "properties": {"osm_id": 12707753154, "name": "阡陌路物联网街口", "kind": "other", "network": "", "operator": "", "route_ref": ""}, "geometry": {"type": "Point", "coordinates": [120.22223076386113, 30.208049189505324]}}, {"type": "Feature", "properties": {"osm_id": 12707753155, "name": "阡陌路物联网街口", "kind": "bus", "network": "", "operator": "", "route_ref": ""}, "geometry": {"type": "Point", "coordinates": [120.22235298028004, 30.207704032005733]}}, {"type": "Feature", "properties": {"osm_id": 12707753156, "name": "阡陌路物联网街口", "kind": "other", "network": "", "operator": "", "route_ref": ""}, "geometry": {"type": "Point", "coordinates": [120.2224211412923, 30.207741257244002]}}, {"type": "Feature", "properties": {"osm_id": 12707753157, "name": "联慧街阡陌路口", "kind": "bus", "network": "", "operator": "", "route_ref": ""}, "geometry": {"type": "Point", "coordinates": [120.22380108926077, 30.20758882377021]}}, {"type": "Feature", "properties": {"osm_id": 12707753158, "name": "联慧街阡陌路口", "kind": "other", "network": "", "operator": "", "route_ref": ""}, "geometry": {"type": "Point", "coordinates": [120.22383221862245, 30.207499085037156]}}, {"type": "Feature", "properties": {"osm_id": 12707753159, "name": "联慧街阡陌路口", "kind": "bus", "network": "", "operator": "", "route_ref": ""}, "geometry": {"type": "Point", "coordinates": [120.22367792115583, 30.207361844799394]}}, {"type": "Feature", "properties": {"osm_id": 12707753160, "name": "联慧街阡陌路口", "kind": "other", "network": "", "operator": "", "route_ref": ""}, "geometry": {"type": "Point", "coordinates": [120.22364419615825, 30.207438185753034]}}, {"type": "Feature", "properties": {"osm_id": 12707753161, "name": "新联路月明路口", "kind": "bus", "network": "", "operator": "", "route_ref": ""}, "geometry": {"type": "Point", "coordinates": [120.22588630106088, 30.207204211342738]}}, {"type": "Feature", "properties": {"osm_id": 12707753162, "name": "新联路月明路口", "kind": "other", "network": "", "operator": "", "route_ref": ""}, "geometry": {"type": "Point", "coordinates": [120.22575715183135, 30.20718104172859]}}, {"type": "Feature", "properties": {"osm_id": 12707753163, "name": "新联路月明路口", "kind": "bus", "network": "", "operator": "", "route_ref": ""}, "geometry": {"type": "Point", "coordinates": [120.22574704682907, 30.206879835305696]}}, {"type": "Feature", "properties": {"osm_id": 12707753164, "name": "新联路月明路口", "kind": "other", "network": "", "operator": "", "route_ref": ""}, "geometry": {"type": "Point", "coordinates": [120.22583427733892, 30.206895347142655]}}, {"type": "Feature", "properties": {"osm_id": 12707753165, "name": "新州花苑", "kind": "bus", "network": "", "operator": "", "route_ref": ""}, "geometry": {"type": "Point", "coordinates": [120.22625814426277, 30.204375679869635]}}, {"type": "Feature", "properties": {"osm_id": 12707753166, "name": "新州花苑", "kind": "other", "network": "", "operator": "", "route_ref": ""}, "geometry": {"type": "Point", "coordinates": [120.22616482508609, 30.20437127360445]}}, {"type": "Feature", "properties": {"osm_id": 12707753167, "name": "新州花苑", "kind": "bus", "network": "", "operator": "", "route_ref": ""}, "geometry": {"type": "Point", "coordinates": [120.2260814660321, 30.2041139438693]}}, {"type": "Feature", "properties": {"osm_id": 12707753168, "name": "新州花苑", "kind": "other", "network": "", "operator": "", "route_ref": ""}, "geometry": {"type": "Point", "coordinates": [120.22617089229573, 30.2041161536893]}}, {"type": "Feature", "properties": {"osm_id": 12707753169, "name": "江陵路启智街口", "kind": "other", "network": "", "operator": "", "route_ref": ""}, "geometry": {"type": "Point", "coordinates": [120.21751621817089, 30.200887970703423]}}, {"type": "Feature", "properties": {"osm_id": 12707753170, "name": "江陵路启智街口", "kind": "other", "network": "", "operator": "", "route_ref": ""}, "geometry": {"type": "Point", "coordinates": [120.21739696424525, 30.200609407943485]}}, {"type": "Feature", "properties": {"osm_id": 12707753171, "name": "江陵路滨和路口", "kind": "other", "network": "", "operator": "", "route_ref": ""}, "geometry": {"type": "Point", "coordinates": [120.21781710327929, 30.1980009408044]}}, {"type": "Feature", "properties": {"osm_id": 12707753172, "name": "江陵路滨和路口", "kind": "other", "network": "", "operator": "", "route_ref": ""}, "geometry": {"type": "Point", "coordinates": [120.21768617801419, 30.197766394457464]}}, {"type": "Feature", "properties": {"osm_id": 12707753173, "name": "江南大道江陵路口", "kind": "bus", "network": "", "operator": "", "route_ref": ""}, "geometry": {"type": "Point", "coordinates": [120.21830642167605, 30.21027258967285]}}, {"type": "Feature", "properties": {"osm_id": 12707753174, "name": "江南大道江陵路口", "kind": "bus", "network": "", "operator": "", "route_ref": ""}, "geometry": {"type": "Point", "coordinates": [120.2179423809996, 30.209619408722144]}}, {"type": "Feature", "properties": {"osm_id": 12707753175, "name": "江南大道江陵路口", "kind": "other", "network": "", "operator": "", "route_ref": ""}, "geometry": {"type": "Point", "coordinates": [120.21836019588613, 30.21019931836826]}}, {"type": "Feature", "properties": {"osm_id": 12707753176, "name": "江南大道江陵路口", "kind": "other", "network": "", "operator": "", "route_ref": ""}, "geometry": {"type": "Point", "coordinates": [120.21789309652041, 30.209680974318392]}}, {"type": "Feature", "properties": {"osm_id": 12707753177, "name": "江汉路公交总站", "kind": "bus", "network": "", "operator": "", "route_ref": ""}, "geometry": {"type": "Point", "coordinates": [120.21631414050333, 30.195902564856787]}}, {"type": "Feature", "properties": {"osm_id": 12707753178, "name": "江汉路公交总站", "kind": "other", "network": "", "operator": "", "route_ref": ""}, "geometry": {"type": "Point", "coordinates": [120.21631404446205, 30.195947867232448]}}, {"type": "Feature", "properties": {"osm_id": 12707753179, "name": "江汉路公交总站外", "kind": "other", "network": "", "operator": "", "route_ref": ""}, "geometry": {"type": "Point", "coordinates": [120.21635391092309, 30.196649350220873]}}, {"type": "Feature", "properties": {"osm_id": 12707753180, "name": "江汉路公交总站外", "kind": "other", "network": "", "operator": "", "route_ref": ""}, "geometry": {"type": "Point", "coordinates": [120.21605449813802, 30.196640741351885]}}, {"type": "Feature", "properties": {"osm_id": 12710194756, "name": "西陵", "kind": "other", "network": "", "operator": "", "route_ref": ""}, "geometry": {"type": "Point", "coordinates": [120.22573153792749, 30.185746596137225]}}, {"type": "Feature", "properties": {"osm_id": 12710194757, "name": "西陵", "kind": "other", "network": "", "operator": "", "route_ref": ""}, "geometry": {"type": "Point", "coordinates": [120.22570897256958, 30.185630114032076]}}, {"type": "Feature", "properties": {"osm_id": 12710194758, "name": "西兴公交总站", "kind": "other", "network": "", "operator": "", "route_ref": ""}, "geometry": {"type": "Point", "coordinates": [120.22001254903647, 30.1869598093298]}}, {"type": "Feature", "properties": {"osm_id": 12710194759, "name": "西兴公交总站", "kind": "other", "network": "", "operator": "", "route_ref": ""}, "geometry": {"type": "Point", "coordinates": [120.22002991809546, 30.187041292190894]}}, {"type": "Feature", "properties": {"osm_id": 12710194760, "name": "西兴公交总站", "kind": "other", "network": "", "operator": "", "route_ref": ""}, "geometry": {"type": "Point", "coordinates": [120.22005267600616, 30.187129068894215]}}, {"type": "Feature", "properties": {"osm_id": 12710194761, "name": "西兴叉口", "kind": "other", "network": "", "operator": "", "route_ref": ""}, "geometry": {"type": "Point", "coordinates": [120.22109068800282, 30.186428210118805]}}, {"type": "Feature", "properties": {"osm_id": 12710194762, "name": "西兴叉口", "kind": "other", "network": "", "operator": "", "route_ref": ""}, "geometry": {"type": "Point", "coordinates": [120.22076609755685, 30.186625299269185]}}, {"type": "Feature", "properties": {"osm_id": 12710194763, "name": "花园徐", "kind": "other", "network": "", "operator": "", "route_ref": ""}, "geometry": {"type": "Point", "coordinates": [120.21791235421027, 30.183019117480843]}}, {"type": "Feature", "properties": {"osm_id": 12710194764, "name": "花园徐", "kind": "other", "network": "", "operator": "", "route_ref": ""}, "geometry": {"type": "Point", "coordinates": [120.21804886856566, 30.183260356204475]}}, {"type": "Feature", "properties": {"osm_id": 12710194765, "name": "张家西南", "kind": "other", "network": "", "operator": "", "route_ref": ""}, "geometry": {"type": "Point", "coordinates": [120.2031679164308, 30.170895208009757]}}, {"type": "Feature", "properties": {"osm_id": 12710194766, "name": "张家西南", "kind": "other", "network": "", "operator": "", "route_ref": ""}, "geometry": {"type": "Point", "coordinates": [120.20301967985831, 30.17050573359595]}}, {"type": "Feature", "properties": {"osm_id": 12710194767, "name": "乳泉路长江路口", "kind": "other", "network": "", "operator": "", "route_ref": ""}, "geometry": {"type": "Point", "coordinates": [120.19739472447787, 30.168934890952766]}}, {"type": "Feature", "properties": {"osm_id": 12710194768, "name": "乳泉路长江路口", "kind": "bus", "network": "", "operator": "", "route_ref": ""}, "geometry": {"type": "Point", "coordinates": [120.19737588234959, 30.168998425744316]}}, {"type": "Feature", "properties": {"osm_id": 12710194769, "name": "山一村", "kind": "other", "network": "", "operator": "", "route_ref": ""}, "geometry": {"type": "Point", "coordinates": [120.18672869786337, 30.155442261546135]}}, {"type": "Feature", "properties": {"osm_id": 12710194770, "name": "山一村", "kind": "other", "network": "", "operator": "", "route_ref": ""}, "geometry": {"type": "Point", "coordinates": [120.18593455414242, 30.155588638091164]}}, {"type": "Feature", "properties": {"osm_id": 12710194771, "name": "孔家里西", "kind": "other", "network": "", "operator": "", "route_ref": ""}, "geometry": {"type": "Point", "coordinates": [120.18194768519473, 30.15658132184122]}}, {"type": "Feature", "properties": {"osm_id": 12710194772, "name": "孔家里西", "kind": "other", "network": "", "operator": "", "route_ref": ""}, "geometry": {"type": "Point", "coordinates": [120.18075767326158, 30.15695467363535]}}, {"type": "Feature", "properties": {"osm_id": 12710194773, "name": "十五间头", "kind": "other", "network": "", "operator": "", "route_ref": ""}, "geometry": {"type": "Point", "coordinates": [120.17452791634574, 30.15874310448893]}}, {"type": "Feature", "properties": {"osm_id": 12710194774, "name": "十五间头", "kind": "other", "network": "", "operator": "", "route_ref": ""}, "geometry": {"type": "Point", "coordinates": [120.17463161427241, 30.15885541212738]}}, {"type": "Feature", "properties": {"osm_id": 12710194775, "name": "许家里", "kind": "other", "network": "", "operator": "", "route_ref": ""}, "geometry": {"type": "Point", "coordinates": [120.17146691047759, 30.160053721779356]}}, {"type": "Feature", "properties": {"osm_id": 12710194776, "name": "许家里", "kind": "other", "network": "", "operator": "", "route_ref": ""}, "geometry": {"type": "Point", "coordinates": [120.17062261264559, 30.160938738181585]}}, {"type": "Feature", "properties": {"osm_id": 12710194777, "name": "老店里", "kind": "other", "network": "", "operator": "", "route_ref": ""}, "geometry": {"type": "Point", "coordinates": [120.1695129502314, 30.163565807888666]}}, {"type": "Feature", "properties": {"osm_id": 12710194778, "name": "老店里", "kind": "other", "network": "", "operator": "", "route_ref": ""}, "geometry": {"type": "Point", "coordinates": [120.168496799806, 30.166162798064057]}}, {"type": "Feature", "properties": {"osm_id": 12710194779, "name": "安五房", "kind": "bus", "network": "", "operator": "", "route_ref": ""}, "geometry": {"type": "Point", "coordinates": [120.16542291859538, 30.167262639283425]}}, {"type": "Feature", "properties": {"osm_id": 12710194780, "name": "安五房", "kind": "bus", "network": "", "operator": "", "route_ref": ""}, "geometry": {"type": "Point", "coordinates": [120.16511270173937, 30.166864396161888]}}, {"type": "Feature", "properties": {"osm_id": 12710194781, "name": "安五房", "kind": "other", "network": "", "operator": "", "route_ref": ""}, "geometry": {"type": "Point", "coordinates": [120.16508000598446, 30.16695615960032]}}, {"type": "Feature", "properties": {"osm_id": 12710194782, "name": "安五房", "kind": "other", "network": "", "operator": "", "route_ref": ""}, "geometry": {"type": "Point", "coordinates": [120.16547375325774, 30.167083139149955]}}, {"type": "Feature", "properties": {"osm_id": 12710194783, "name": "地铁浦沿站C口", "kind": "bus", "network": "", "operator": "", "route_ref": ""}, "geometry": {"type": "Point", "coordinates": [120.15187839412502, 30.15988640710284]}}, {"type": "Feature", "properties": {"osm_id": 12710194784, "name": "地铁浦沿站C口", "kind": "other", "network": "", "operator": "", "route_ref": ""}, "geometry": {"type": "Point", "coordinates": [120.15181187896212, 30.159913517789352]}}, {"type": "Feature", "properties": {"osm_id": 12710194785, "name": "地铁浦沿站C口", "kind": "bus", "network": "", "operator": "", "route_ref": ""}, "geometry": {"type": "Point", "coordinates": [120.15195599624707, 30.16006718484425]}}, {"type": "Feature", "properties": {"osm_id": 12710194786, "name": "地铁浦沿站C口", "kind": "other", "network": "", "operator": "", "route_ref": ""}, "geometry": {"type": "Point", "coordinates": [120.15203587427202, 30.160037651786528]}}, {"type": "Feature", "properties": {"osm_id": 12710194787, "name": "浦沿街道", "kind": "bus", "network": "", "operator": "", "route_ref": ""}, "geometry": {"type": "Point", "coordinates": [120.15041783229036, 30.15931597934592]}}, {"type": "Feature", "properties": {"osm_id": 12710194788, "name": "浦沿街道", "kind": "other", "network": "", "operator": "", "route_ref": ""}, "geometry": {"type": "Point", "coordinates": [120.15048922716055, 30.159180859061127]}}, {"type": "Feature", "properties": {"osm_id": 12710194789, "name": "浦沿街道", "kind": "bus", "network": "", "operator": "", "route_ref": ""}, "geometry": {"type": "Point", "coordinates": [120.15033223239959, 30.15893580577613]}}, {"type": "Feature", "properties": {"osm_id": 12710194790, "name": "浦沿街道", "kind": "other", "network": "", "operator": "", "route_ref": ""}, "geometry": {"type": "Point", "coordinates": [120.1502475712025, 30.15904704652124]}}, {"type": "Feature", "properties": {"osm_id": 12710194791, "name": "富前园", "kind": "bus", "network": "", "operator": "", "route_ref": ""}, "geometry": {"type": "Point", "coordinates": [120.14806902591069, 30.157965388596914]}}, {"type": "Feature", "properties": {"osm_id": 12710194792, "name": "富前园", "kind": "other", "network": "", "operator": "", "route_ref": ""}, "geometry": {"type": "Point", "coordinates": [120.14812965796544, 30.157884790625953]}}, {"type": "Feature", "properties": {"osm_id": 12710194793, "name": "富前园", "kind": "bus", "network": "", "operator": "", "route_ref": ""}, "geometry": {"type": "Point", "coordinates": [120.14715947106032, 30.157238586518964]}}, {"type": "Feature", "properties": {"osm_id": 12710194794, "name": "富前园", "kind": "other", "network": "", "operator": "", "route_ref": ""}, "geometry": {"type": "Point", "coordinates": [120.14711370057438, 30.15734496092181]}}, {"type": "Feature", "properties": {"osm_id": 12710194795, "name": "浦沿横塘里", "kind": "bus", "network": "", "operator": "", "route_ref": ""}, "geometry": {"type": "Point", "coordinates": [120.1442834258877, 30.155902411952006]}}, {"type": "Feature", "properties": {"osm_id": 12710194796, "name": "浦沿横塘里", "kind": "bus", "network": "", "operator": "", "route_ref": ""}, "geometry": {"type": "Point", "coordinates": [120.14365468053806, 30.155335122447553]}}, {"type": "Feature", "properties": {"osm_id": 12710194797, "name": "浦沿横塘里", "kind": "other", "network": "", "operator": "", "route_ref": ""}, "geometry": {"type": "Point", "coordinates": [120.1436109979572, 30.15541208895085]}}, {"type": "Feature", "properties": {"osm_id": 12710194798, "name": "钱塘福苑", "kind": "other", "network": "", "operator": "", "route_ref": ""}, "geometry": {"type": "Point", "coordinates": [120.14610489979091, 30.149710182645567]}}, {"type": "Feature", "properties": {"osm_id": 12710194799, "name": "钱塘福苑", "kind": "other", "network": "", "operator": "", "route_ref": ""}, "geometry": {"type": "Point", "coordinates": [120.14567686860138, 30.15036785352379]}}, {"type": "Feature", "properties": {"osm_id": 12710194800, "name": "钱塘福苑", "kind": "bus", "network": "", "operator": "", "route_ref": ""}, "geometry": {"type": "Point", "coordinates": [120.14579456535932, 30.150396475553286]}}, {"type": "Feature", "properties": {"osm_id": 12710226201, "name": "钱塘福苑", "kind": "bus", "network": "", "operator": "", "route_ref": ""}, "geometry": {"type": "Point", "coordinates": [120.1460192208387, 30.14968411271598]}}, {"type": "Feature", "properties": {"osm_id": 12710226202, "name": "地铁滨康路站A口", "kind": "other", "network": "", "operator": "", "route_ref": ""}, "geometry": {"type": "Point", "coordinates": [120.2311741479147, 30.18453096345474]}}, {"type": "Feature", "properties": {"osm_id": 12710226203, "name": "地铁滨康路站A口", "kind": "other", "network": "", "operator": "", "route_ref": ""}, "geometry": {"type": "Point", "coordinates": [120.23199179734196, 30.184089267017345]}}, {"type": "Feature", "properties": {"osm_id": 12710226204, "name": "外蒋家", "kind": "other", "network": "", "operator": "", "route_ref": ""}, "geometry": {"type": "Point", "coordinates": [120.14756022463229, 30.14906921617872]}}, {"type": "Feature", "properties": {"osm_id": 12710226205, "name": "外蒋家", "kind": "bus", "network": "", "operator": "", "route_ref": ""}, "geometry": {"type": "Point", "coordinates": [120.14760819191241, 30.148999739276064]}}, {"type": "Feature", "properties": {"osm_id": 12710226219, "name": "外蒋家", "kind": "bus", "network": "", "operator": "", "route_ref": ""}, "geometry": {"type": "Point", "coordinates": [120.14833859791085, 30.149532007467084]}}, {"type": "Feature", "properties": {"osm_id": 12710226220, "name": "外蒋家", "kind": "other", "network": "", "operator": "", "route_ref": ""}, "geometry": {"type": "Point", "coordinates": [120.14838317384199, 30.149468935267066]}}, {"type": "Feature", "properties": {"osm_id": 12710226221, "name": "迎春北苑", "kind": "other", "network": "", "operator": "", "route_ref": ""}, "geometry": {"type": "Point", "coordinates": [120.21946648620735, 30.199672183012755]}}, {"type": "Feature", "properties": {"osm_id": 12710226222, "name": "迎春北苑", "kind": "bus", "network": "", "operator": "", "route_ref": ""}, "geometry": {"type": "Point", "coordinates": [120.21946438587948, 30.19961248248288]}}, {"type": "Feature", "properties": {"osm_id": 12710226223, "name": "迎春北苑", "kind": "bus", "network": "", "operator": "", "route_ref": ""}, "geometry": {"type": "Point", "coordinates": [120.21925297135436, 30.199881653914748]}}, {"type": "Feature", "properties": {"osm_id": 12710226224, "name": "江陵路月明路口", "kind": "other", "network": "", "operator": "", "route_ref": ""}, "geometry": {"type": "Point", "coordinates": [120.21686877436713, 30.206821919295592]}}, {"type": "Feature", "properties": {"osm_id": 12710226225, "name": "江陵路月明路口", "kind": "other", "network": "", "operator": "", "route_ref": ""}, "geometry": {"type": "Point", "coordinates": [120.21673656074567, 30.206642380048592]}}, {"type": "Feature", "properties": {"osm_id": 12710226226, "name": "迎春北苑", "kind": "other", "network": "", "operator": "", "route_ref": ""}, "geometry": {"type": "Point", "coordinates": [120.2192576541485, 30.19979764385119]}}, {"type": "Feature", "properties": {"osm_id": 12710226227, "name": "迎春小区", "kind": "other", "network": "", "operator": "", "route_ref": ""}, "geometry": {"type": "Point", "coordinates": [120.22206293217184, 30.19733440929704]}}, {"type": "Feature", "properties": {"osm_id": 12710226228, "name": "迎春小区", "kind": "other", "network": "", "operator": "", "route_ref": ""}, "geometry": {"type": "Point", "coordinates": [120.22037988608713, 30.19704555175213]}}, {"type": "Feature", "properties": {"osm_id": 12710226229, "name": "横舍圩", "kind": "bus", "network": "", "operator": "", "route_ref": ""}, "geometry": {"type": "Point", "coordinates": [120.14688880342793, 30.18355378974052]}}, {"type": "Feature", "properties": {"osm_id": 12710226230, "name": "横舍圩", "kind": "bus", "network": "", "operator": "", "route_ref": ""}, "geometry": {"type": "Point", "coordinates": [120.14733299382014, 30.184267231868265]}}, {"type": "Feature", "properties": {"osm_id": 12710226231, "name": "横舍圩", "kind": "other", "network": "", "operator": "", "route_ref": ""}, "geometry": {"type": "Point", "coordinates": [120.14697507728314, 30.183561756627107]}}, {"type": "Feature", "properties": {"osm_id": 12710226232, "name": "横舍圩", "kind": "other", "network": "", "operator": "", "route_ref": ""}, "geometry": {"type": "Point", "coordinates": [120.14726208436005, 30.184308143937933]}}, {"type": "Feature", "properties": {"osm_id": 12710226233, "name": "钱塘江大桥南岸", "kind": "other", "network": "", "operator": "", "route_ref": ""}, "geometry": {"type": "Point", "coordinates": [120.15025895270416, 30.185291230317475]}}, {"type": "Feature", "properties": {"osm_id": 12710226234, "name": "钱塘江大桥南岸", "kind": "other", "network": "", "operator": "", "route_ref": ""}, "geometry": {"type": "Point", "coordinates": [120.14952157057873, 30.185598432162216]}}, {"type": "Feature", "properties": {"osm_id": 12710226235, "name": "地铁西浦路站B口", "kind": "bus", "network": "", "operator": "", "route_ref": ""}, "geometry": {"type": "Point", "coordinates": [120.13752182987892, 30.168753681160897]}}, {"type": "Feature", "properties": {"osm_id": 12710226236, "name": "地铁西浦路站B口", "kind": "other", "network": "", "operator": "", "route_ref": ""}, "geometry": {"type": "Point", "coordinates": [120.13754118076109, 30.168711154416034]}}, {"type": "Feature", "properties": {"osm_id": 12710226237, "name": "地铁西浦路站C口", "kind": "bus", "network": "", "operator": "", "route_ref": ""}, "geometry": {"type": "Point", "coordinates": [120.13644487021911, 30.169066977272607]}}, {"type": "Feature", "properties": {"osm_id": 12710226238, "name": "地铁西浦路站C口", "kind": "other", "network": "", "operator": "", "route_ref": ""}, "geometry": {"type": "Point", "coordinates": [120.1365371585605, 30.16909346093464]}}, {"type": "Feature", "properties": {"osm_id": 12710226239, "name": "地铁西浦路站C口", "kind": "bus", "network": "", "operator": "", "route_ref": ""}, "geometry": {"type": "Point", "coordinates": [120.13679803929722, 30.168939022292484]}}, {"type": "Feature", "properties": {"osm_id": 12710226240, "name": "地铁西浦路站C口", "kind": "other", "network": "", "operator": "", "route_ref": ""}, "geometry": {"type": "Point", "coordinates": [120.13673278845805, 30.168907404608813]}}, {"type": "Feature", "properties": {"osm_id": 12710226241, "name": "七甲", "kind": "bus", "network": "", "operator": "", "route_ref": ""}, "geometry": {"type": "Point", "coordinates": [120.13552453129203, 30.17194824063342]}}, {"type": "Feature", "properties": {"osm_id": 12710226242, "name": "七甲", "kind": "other", "network": "", "operator": "", "route_ref": ""}, "geometry": {"type": "Point", "coordinates": [120.13559048077913, 30.171951158768803]}}, {"type": "Feature", "properties": {"osm_id": 12710226243, "name": "七甲", "kind": "bus", "network": "", "operator": "", "route_ref": ""}, "geometry": {"type": "Point", "coordinates": [120.1357278647964, 30.171934086928417]}}, {"type": "Feature", "properties": {"osm_id": 12710226244, "name": "七甲", "kind": "other", "network": "", "operator": "", "route_ref": ""}, "geometry": {"type": "Point", "coordinates": [120.13564475410516, 30.171921690089828]}}, {"type": "Feature", "properties": {"osm_id": 12710226245, "name": "西浦路连江街口", "kind": "bus", "network": "", "operator": "", "route_ref": ""}, "geometry": {"type": "Point", "coordinates": [120.13502028162128, 30.174341855134514]}}, {"type": "Feature", "properties": {"osm_id": 12710226246, "name": "西浦路连江街口", "kind": "other", "network": "", "operator": "", "route_ref": ""}, "geometry": {"type": "Point", "coordinates": [120.1350628855666, 30.174348703116852]}}, {"type": "Feature", "properties": {"osm_id": 12710226247, "name": "西浦路连江街口", "kind": "bus", "network": "", "operator": "", "route_ref": ""}, "geometry": {"type": "Point", "coordinates": [120.1351273593279, 30.17458643317616]}}, {"type": "Feature", "properties": {"osm_id": 12710226248, "name": "西浦路连江街口", "kind": "other", "network": "", "operator": "", "route_ref": ""}, "geometry": {"type": "Point", "coordinates": [120.13508106319829, 30.17457178950817]}}, {"type": "Feature", "properties": {"osm_id": 12710226252, "name": "滨江海创基地", "kind": "bus", "network": "", "operator": "", "route_ref": ""}, "geometry": {"type": "Point", "coordinates": [120.13855892710075, 30.185947011209194]}}, {"type": "Feature", "properties": {"osm_id": 12710226253, "name": "滨江海创基地", "kind": "other", "network": "", "operator": "", "route_ref": ""}, "geometry": {"type": "Point", "coordinates": [120.13850964367138, 30.18593527626713]}}, {"type": "Feature", "properties": {"osm_id": 12712578006, "name": "姚江路银鼓路口", "kind": "other", "network": "", "operator": "", "route_ref": ""}, "geometry": {"type": "Point", "coordinates": [120.1810702206144, 30.22141719788441]}}, {"type": "Feature", "properties": {"osm_id": 12712578007, "name": "孔家里", "kind": "other", "network": "", "operator": "", "route_ref": ""}, "geometry": {"type": "Point", "coordinates": [120.18314486968656, 30.154836519994277]}}, {"type": "Feature", "properties": {"osm_id": 12712578008, "name": "孔家里", "kind": "other", "network": "", "operator": "", "route_ref": ""}, "geometry": {"type": "Point", "coordinates": [120.1827941369768, 30.155104585960817]}}, {"type": "Feature", "properties": {"osm_id": 12712578009, "name": "时代大道南川路口", "kind": "other", "network": "", "operator": "", "route_ref": ""}, "geometry": {"type": "Point", "coordinates": [120.18219651021239, 30.14899602575015]}}, {"type": "Feature", "properties": {"osm_id": 12712578010, "name": "时代大道南川路口", "kind": "other", "network": "", "operator": "", "route_ref": ""}, "geometry": {"type": "Point", "coordinates": [120.18162418732261, 30.149815425387416]}}, {"type": "Feature", "properties": {"osm_id": 12712578011, "name": "时代大道山河路口", "kind": "other", "network": "", "operator": "", "route_ref": ""}, "geometry": {"type": "Point", "coordinates": [120.18201262443473, 30.137779772522865]}}, {"type": "Feature", "properties": {"osm_id": 12712578012, "name": "时代大道山河路口", "kind": "other", "network": "", "operator": "", "route_ref": ""}, "geometry": {"type": "Point", "coordinates": [120.1818066482416, 30.13788636241567]}}, {"type": "Feature", "properties": {"osm_id": 12714097882, "name": "四眼井", "kind": "other", "network": "", "operator": "", "route_ref": ""}, "geometry": {"type": "Point", "coordinates": [120.1328883428807, 30.218088081400705]}}, {"type": "Feature", "properties": {"osm_id": 12714097883, "name": "四眼井", "kind": "other", "network": "", "operator": "", "route_ref": ""}, "geometry": {"type": "Point", "coordinates": [120.13219061508264, 30.21869232000004]}}, {"type": "Feature", "properties": {"osm_id": 12726274746, "name": "之江路海月路口", "kind": "bus", "network": "", "operator": "", "route_ref": ""}, "geometry": {"type": "Point", "coordinates": [120.16136369822925, 30.204957927321416]}}, {"type": "Feature", "properties": {"osm_id": 12726274747, "name": "之江路海月路口", "kind": "other", "network": "", "operator": "", "route_ref": ""}, "geometry": {"type": "Point", "coordinates": [120.16139360626276, 30.204899770315965]}}, {"type": "Feature", "properties": {"osm_id": 12726274748, "name": "海月花园西", "kind": "other", "network": "", "operator": "", "route_ref": ""}, "geometry": {"type": "Point", "coordinates": [120.16147588775088, 30.207528466948126]}}, {"type": "Feature", "properties": {"osm_id": 12726274749, "name": "海月花园西", "kind": "bus", "network": "", "operator": "", "route_ref": ""}, "geometry": {"type": "Point", "coordinates": [120.16141875270387, 30.207511268893317]}}, {"type": "Feature", "properties": {"osm_id": 12726274750, "name": "海月桥", "kind": "other", "network": "", "operator": "", "route_ref": ""}, "geometry": {"type": "Point", "coordinates": [120.16204988264596, 30.209537044218198]}}, {"type": "Feature", "properties": {"osm_id": 12726274751, "name": "海月桥", "kind": "other", "network": "", "operator": "", "route_ref": ""}, "geometry": {"type": "Point", "coordinates": [120.16179879371168, 30.20927838315442]}}, {"type": "Feature", "properties": {"osm_id": 12726274752, "name": "美政桥", "kind": "other", "network": "", "operator": "", "route_ref": ""}, "geometry": {"type": "Point", "coordinates": [120.16584668382714, 30.2115657199185]}}, {"type": "Feature", "properties": {"osm_id": 12726274753, "name": "美政桥", "kind": "other", "network": "", "operator": "", "route_ref": ""}, "geometry": {"type": "Point", "coordinates": [120.16614659765025, 30.211593467462336]}}, {"type": "Feature", "properties": {"osm_id": 12726274757, "name": "钱江路候潮东路口", "kind": "other", "network": "", "operator": "", "route_ref": ""}, "geometry": {"type": "Point", "coordinates": [120.18550152667268, 30.22386515723397]}}, {"type": "Feature", "properties": {"osm_id": 12726274758, "name": "钱江路候潮东路口", "kind": "bus", "network": "", "operator": "", "route_ref": ""}, "geometry": {"type": "Point", "coordinates": [120.18563304326538, 30.223937117424725]}}, {"type": "Feature", "properties": {"osm_id": 12726274761, "name": "钱江路衢江路口", "kind": "other", "network": "", "operator": "", "route_ref": ""}, "geometry": {"type": "Point", "coordinates": [120.19704755510054, 30.235875680011624]}}, {"type": "Feature", "properties": {"osm_id": 12726274762, "name": "钱江路甬江路口", "kind": "other", "network": "", "operator": "", "route_ref": ""}, "geometry": {"type": "Point", "coordinates": [120.1881110681848, 30.226701818425614]}}, {"type": "Feature", "properties": {"osm_id": 12726274785, "name": "化仙桥南", "kind": "other", "network": "", "operator": "", "route_ref": ""}, "geometry": {"type": "Point", "coordinates": [120.1577231226026, 30.20401054329559]}}, {"type": "Feature", "properties": {"osm_id": 12726274786, "name": "化仙桥南", "kind": "bus", "network": "", "operator": "", "route_ref": ""}, "geometry": {"type": "Point", "coordinates": [120.15777706842799, 30.204010448805477]}}, {"type": "Feature", "properties": {"osm_id": 12730744376, "name": "伟业路滨康路口", "kind": "other", "network": "", "operator": "", "route_ref": ""}, "geometry": {"type": "Point", "coordinates": [120.15916964533008, 30.181102497107133]}}, {"type": "Feature", "properties": {"osm_id": 12730744377, "name": "伟业路滨康路口", "kind": "bus", "network": "", "operator": "", "route_ref": ""}, "geometry": {"type": "Point", "coordinates": [120.15903762622453, 30.18111283134249]}}, {"type": "Feature", "properties": {"osm_id": 12730744378, "name": "伟业路滨盛路口", "kind": "other", "network": "", "operator": "", "route_ref": ""}, "geometry": {"type": "Point", "coordinates": [120.1590610301001, 30.18671543413178]}}, {"type": "Feature", "properties": {"osm_id": 12730744379, "name": "伟业路滨盛路口", "kind": "other", "network": "", "operator": "", "route_ref": ""}, "geometry": {"type": "Point", "coordinates": [120.1590479788261, 30.186848163206243]}}, {"type": "Feature", "properties": {"osm_id": 12730744380, "name": "武状元坊", "kind": "bus", "network": "", "operator": "", "route_ref": ""}, "geometry": {"type": "Point", "coordinates": [120.13555581528908, 30.225729465072334]}}, {"type": "Feature", "properties": {"osm_id": 12730744381, "name": "武状元坊", "kind": "bus", "network": "", "operator": "", "route_ref": ""}, "geometry": {"type": "Point", "coordinates": [120.13570567883615, 30.225808083701033]}}, {"type": "Feature", "properties": {"osm_id": 12730744382, "name": "武状元坊", "kind": "other", "network": "", "operator": "", "route_ref": ""}, "geometry": {"type": "Point", "coordinates": [120.13570797002293, 30.22576607806008]}}, {"type": "Feature", "properties": {"osm_id": 12730744383, "name": "武状元坊", "kind": "other", "network": "", "operator": "", "route_ref": ""}, "geometry": {"type": "Point", "coordinates": [120.1355579131028, 30.225760264505134]}}, {"type": "Feature", "properties": {"osm_id": 12730744384, "name": "于谦祠", "kind": "other", "network": "", "operator": "", "route_ref": ""}, "geometry": {"type": "Point", "coordinates": [120.13315820688553, 30.22819142071609]}}, {"type": "Feature", "properties": {"osm_id": 12730744385, "name": "大麦岭", "kind": "bus", "network": "", "operator": "", "route_ref": ""}, "geometry": {"type": "Point", "coordinates": [120.12781352116286, 30.23378008253265]}}, {"type": "Feature", "properties": {"osm_id": 12730744386, "name": "大麦岭", "kind": "other", "network": "", "operator": "", "route_ref": ""}, "geometry": {"type": "Point", "coordinates": [120.1277605265361, 30.233773234454635]}}, {"type": "Feature", "properties": {"osm_id": 12730744387, "name": "大麦岭", "kind": "bus", "network": "", "operator": "", "route_ref": ""}, "geometry": {"type": "Point", "coordinates": [120.12863789211194, 30.23299589914849]}}, {"type": "Feature", "properties": {"osm_id": 12730744388, "name": "大麦岭", "kind": "other", "network": "", "operator": "", "route_ref": ""}, "geometry": {"type": "Point", "coordinates": [120.1286559577252, 30.233023482693827]}}, {"type": "Feature", "properties": {"osm_id": 12730744393, "name": "紫花路", "kind": "bus", "network": "", "operator": "", "route_ref": ""}, "geometry": {"type": "Point", "coordinates": [120.17192787466927, 30.213132657280077]}}, {"type": "Feature", "properties": {"osm_id": 12730744394, "name": "复兴南街洋泮路口", "kind": "bus", "network": "", "operator": "", "route_ref": ""}, "geometry": {"type": "Point", "coordinates": [120.16536221467922, 30.20915337484729]}}, {"type": "Feature", "properties": {"osm_id": 12730744395, "name": "复兴南街洋泮路口", "kind": "bus", "network": "", "operator": "", "route_ref": ""}, "geometry": {"type": "Point", "coordinates": [120.16614313243659, 30.20950425372488]}}, {"type": "Feature", "properties": {"osm_id": 12730744396, "name": "复兴南街洋泮路口", "kind": "other", "network": "", "operator": "", "route_ref": ""}, "geometry": {"type": "Point", "coordinates": [120.1654329017252, 30.209106541967092]}}, {"type": "Feature", "properties": {"osm_id": 12730744397, "name": "复兴南街洋泮路口", "kind": "other", "network": "", "operator": "", "route_ref": ""}, "geometry": {"type": "Point", "coordinates": [120.16608510888562, 30.209557764023057]}}, {"type": "Feature", "properties": {"osm_id": 12730744398, "name": "美政路", "kind": "other", "network": "", "operator": "", "route_ref": ""}, "geometry": {"type": "Point", "coordinates": [120.16963484851914, 30.212028599457863]}}, {"type": "Feature", "properties": {"osm_id": 12730761205, "name": "滨盛路安业路口", "kind": "bus", "network": "", "operator": "", "route_ref": ""}, "geometry": {"type": "Point", "coordinates": [120.19962570107639, 30.20576856562388]}}, {"type": "Feature", "properties": {"osm_id": 12730761206, "name": "滨盛路安业路口", "kind": "other", "network": "", "operator": "", "route_ref": ""}, "geometry": {"type": "Point", "coordinates": [120.19966718221247, 30.20570949249757]}}, {"type": "Feature", "properties": {"osm_id": 12730761207, "name": "地铁滨和路站（B·C）", "kind": "other", "network": "", "operator": "", "route_ref": ""}, "geometry": {"type": "Point", "coordinates": [120.21660566975973, 30.199497067550645]}}, {"type": "Feature", "properties": {"osm_id": 12730761208, "name": "地铁滨和路站（B·C）", "kind": "other", "network": "", "operator": "", "route_ref": ""}, "geometry": {"type": "Point", "coordinates": [120.21538595807118, 30.19922535563181]}}, {"type": "Feature", "properties": {"osm_id": 12730761209, "name": "春晓路滨和路口", "kind": "other", "network": "", "operator": "", "route_ref": ""}, "geometry": {"type": "Point", "coordinates": [120.21421769874974, 30.200478592876642]}}, {"type": "Feature", "properties": {"osm_id": 12730761210, "name": "春晓路滨和路口", "kind": "other", "network": "", "operator": "", "route_ref": ""}, "geometry": {"type": "Point", "coordinates": [120.21423873539825, 30.200312955622785]}}, {"type": "Feature", "properties": {"osm_id": 12730761211, "name": "善庆庄", "kind": "other", "network": "", "operator": "", "route_ref": ""}, "geometry": {"type": "Point", "coordinates": [120.22204712299347, 30.184680130308273]}}, {"type": "Feature", "properties": {"osm_id": 12730761212, "name": "滨安小区", "kind": "other", "network": "", "operator": "", "route_ref": ""}, "geometry": {"type": "Point", "coordinates": [120.22128010166409, 30.184200590896264]}}, {"type": "Feature", "properties": {"osm_id": 12730761213, "name": "滨安小区", "kind": "bus", "network": "", "operator": "", "route_ref": ""}, "geometry": {"type": "Point", "coordinates": [120.22131791388328, 30.18410934302195]}}, {"type": "Feature", "properties": {"osm_id": 12730761214, "name": "善庆庄", "kind": "bus", "network": "", "operator": "", "route_ref": ""}, "geometry": {"type": "Point", "coordinates": [120.22210480396707, 30.184702065696033]}}, {"type": "Feature", "properties": {"osm_id": 12918565218, "name": "闻湖公园", "kind": "bus", "network": "", "operator": "", "route_ref": ""}, "geometry": {"type": "Point", "coordinates": [120.1868591949874, 30.22842504319978]}}, {"type": "Feature", "properties": {"osm_id": 12918565219, "name": "闻湖公园", "kind": "other", "network": "", "operator": "", "route_ref": ""}, "geometry": {"type": "Point", "coordinates": [120.18680945010865, 30.228526042075142]}}, {"type": "Feature", "properties": {"osm_id": 12918565220, "name": "银鼓路闻潮路口", "kind": "bus", "network": "", "operator": "", "route_ref": ""}, "geometry": {"type": "Point", "coordinates": [120.1873566637377, 30.228836652305354]}}, {"type": "Feature", "properties": {"osm_id": 12918565221, "name": "银鼓路闻潮路口", "kind": "bus", "network": "", "operator": "", "route_ref": ""}, "geometry": {"type": "Point", "coordinates": [120.18836762586939, 30.22922411789354]}}, {"type": "Feature", "properties": {"osm_id": 12918565222, "name": "银鼓路闻潮路口", "kind": "other", "network": "", "operator": "", "route_ref": ""}, "geometry": {"type": "Point", "coordinates": [120.18829125416435, 30.229275861698213]}}, {"type": "Feature", "properties": {"osm_id": 12918565223, "name": "银鼓路闻潮路口", "kind": "other", "network": "", "operator": "", "route_ref": ""}, "geometry": {"type": "Point", "coordinates": [120.18739115599502, 30.228762083577763]}}, {"type": "Feature", "properties": {"osm_id": 12918565224, "name": "甬江路银鼓路口", "kind": "other", "network": "", "operator": "", "route_ref": ""}, "geometry": {"type": "Point", "coordinates": [120.18429460127686, 30.228582721120066]}}, {"type": "Feature", "properties": {"osm_id": 12918565225, "name": "甬江路银鼓路口", "kind": "bus", "network": "", "operator": "", "route_ref": ""}, "geometry": {"type": "Point", "coordinates": [120.18435073889917, 30.228635919913504]}}, {"type": "Feature", "properties": {"osm_id": 12918565226, "name": "海潮雅园二园", "kind": "bus", "network": "", "operator": "", "route_ref": ""}, "geometry": {"type": "Point", "coordinates": [120.17940916479498, 30.232981408478313]}}, {"type": "Feature", "properties": {"osm_id": 12918565227, "name": "海潮雅园二园", "kind": "bus", "network": "", "operator": "", "route_ref": ""}, "geometry": {"type": "Point", "coordinates": [120.17974615405983, 30.232980772272573]}}, {"type": "Feature", "properties": {"osm_id": 12918565228, "name": "海潮雅园二园", "kind": "other", "network": "", "operator": "", "route_ref": ""}, "geometry": {"type": "Point", "coordinates": [120.17968333805686, 30.232928587139575]}}, {"type": "Feature", "properties": {"osm_id": 12918565229, "name": "海潮雅园二园", "kind": "other", "network": "", "operator": "", "route_ref": ""}, "geometry": {"type": "Point", "coordinates": [120.1794884329667, 30.233052463846118]}}, {"type": "Feature", "properties": {"osm_id": 12918565230, "name": "海潮雅园一园", "kind": "other", "network": "", "operator": "", "route_ref": ""}, "geometry": {"type": "Point", "coordinates": [120.1817978936424, 30.231576007572347]}}, {"type": "Feature", "properties": {"osm_id": 12918565231, "name": "海潮雅园一园", "kind": "bus", "network": "", "operator": "", "route_ref": ""}, "geometry": {"type": "Point", "coordinates": [120.18172221549622, 30.231523946251794]}}, {"type": "Feature", "properties": {"osm_id": 12918565232, "name": "坤年里", "kind": "other", "network": "", "operator": "", "route_ref": ""}, "geometry": {"type": "Point", "coordinates": [120.17835776603825, 30.23472041890564]}}, {"type": "Feature", "properties": {"osm_id": 12918565233, "name": "坤年里", "kind": "other", "network": "", "operator": "", "route_ref": ""}, "geometry": {"type": "Point", "coordinates": [120.17860454381461, 30.234944468627667]}}, {"type": "Feature", "properties": {"osm_id": 12918565234, "name": "坤年里", "kind": "bus", "network": "", "operator": "", "route_ref": ""}, "geometry": {"type": "Point", "coordinates": [120.17854293337302, 30.234999189003062]}}, {"type": "Feature", "properties": {"osm_id": 12918565235, "name": "坤年里", "kind": "bus", "network": "", "operator": "", "route_ref": ""}, "geometry": {"type": "Point", "coordinates": [120.17842526188291, 30.234702790064038]}}, {"type": "Feature", "properties": {"osm_id": 12918565236, "name": "阡陌路滨兴路口", "kind": "other", "network": "", "operator": "", "route_ref": ""}, "geometry": {"type": "Point", "coordinates": [120.22379686699729, 30.19385791141891]}}, {"type": "Feature", "properties": {"osm_id": 12918565237, "name": "阡陌路滨兴路口", "kind": "bus", "network": "", "operator": "", "route_ref": ""}, "geometry": {"type": "Point", "coordinates": [120.22366872791412, 30.19386055067487]}}, {"type": "Feature", "properties": {"osm_id": 12918565238, "name": "阡陌路滨兴路口", "kind": "other", "network": "", "operator": "", "route_ref": ""}, "geometry": {"type": "Point", "coordinates": [120.22380647969021, 30.19303476116847]}}, {"type": "Feature", "properties": {"osm_id": 12918565239, "name": "阡陌路滨兴路口", "kind": "bus", "network": "", "operator": "", "route_ref": ""}, "geometry": {"type": "Point", "coordinates": [120.22391765462116, 30.1930418412504]}}, {"type": "Feature", "properties": {"osm_id": 12918565240, "name": "固陵路北", "kind": "bus", "network": "", "operator": "", "route_ref": ""}, "geometry": {"type": "Point", "coordinates": [120.22666689874677, 30.19397563722122]}}, {"type": "Feature", "properties": {"osm_id": 12918565241, "name": "阡陌路江汉东路口", "kind": "bus", "network": "", "operator": "", "route_ref": ""}, "geometry": {"type": "Point", "coordinates": [120.22369040520755, 30.19654975967206]}}, {"type": "Feature", "properties": {"osm_id": 12918565242, "name": "阡陌路江汉东路口", "kind": "bus", "network": "", "operator": "", "route_ref": ""}, "geometry": {"type": "Point", "coordinates": [120.22386174484221, 30.196403566567483]}}, {"type": "Feature", "properties": {"osm_id": 12918565243, "name": "阡陌路江汉东路口", "kind": "other", "network": "", "operator": "", "route_ref": ""}, "geometry": {"type": "Point", "coordinates": [120.22376703744224, 30.196405969275123]}}, {"type": "Feature", "properties": {"osm_id": 12918565244, "name": "阡陌路江汉东路口", "kind": "other", "network": "", "operator": "", "route_ref": ""}, "geometry": {"type": "Point", "coordinates": [120.22376844698621, 30.196556675275094]}}, {"type": "Feature", "properties": {"osm_id": 12918565245, "name": "共联社区", "kind": "other", "network": "", "operator": "", "route_ref": ""}, "geometry": {"type": "Point", "coordinates": [120.22095289570396, 30.1987322614193]}}, {"type": "Feature", "properties": {"osm_id": 12918565246, "name": "共联社区", "kind": "other", "network": "", "operator": "", "route_ref": ""}, "geometry": {"type": "Point", "coordinates": [120.22098897153515, 30.198160090024384]}}, {"type": "Feature", "properties": {"osm_id": 12918565247, "name": "共联社区", "kind": "bus", "network": "", "operator": "", "route_ref": ""}, "geometry": {"type": "Point", "coordinates": [120.22112099136609, 30.19817543662801]}}, {"type": "Feature", "properties": {"osm_id": 12918565248, "name": "共联社区", "kind": "bus", "network": "", "operator": "", "route_ref": ""}, "geometry": {"type": "Point", "coordinates": [120.22090419838707, 30.198715917638506]}}, {"type": "Feature", "properties": {"osm_id": 12918837351, "name": "滨江物联网总站", "kind": "bus", "network": "", "operator": "", "route_ref": ""}, "geometry": {"type": "Point", "coordinates": [120.23151651753932, 30.20479387120412]}}, {"type": "Feature", "properties": {"osm_id": 12918837352, "name": "滨江物联网总站", "kind": "other", "network": "", "operator": "", "route_ref": ""}, "geometry": {"type": "Point", "coordinates": [120.23168542568291, 30.204796931599862]}}, {"type": "Feature", "properties": {"osm_id": 12918875825, "name": "小井头", "kind": "bus", "network": "", "operator": "", "route_ref": ""}, "geometry": {"type": "Point", "coordinates": [120.15720503481582, 30.206789700324503]}}, {"type": "Feature", "properties": {"osm_id": 12918875826, "name": "小井头", "kind": "other", "network": "", "operator": "", "route_ref": ""}, "geometry": {"type": "Point", "coordinates": [120.15718918356998, 30.206832430322844]}}, {"type": "Feature", "properties": {"osm_id": 12918875827, "name": "小井头", "kind": "other", "network": "", "operator": "", "route_ref": ""}, "geometry": {"type": "Point", "coordinates": [120.15730148046134, 30.20703284560816]}}, {"type": "Feature", "properties": {"osm_id": 12918875828, "name": "水澄桥", "kind": "other", "network": "", "operator": "", "route_ref": ""}, "geometry": {"type": "Point", "coordinates": [120.15462879718743, 30.20538626134483]}}, {"type": "Feature", "properties": {"osm_id": 12918875829, "name": "水澄桥", "kind": "other", "network": "", "operator": "", "route_ref": ""}, "geometry": {"type": "Point", "coordinates": [120.15316023891235, 30.204762707020492]}}, {"type": "Feature", "properties": {"osm_id": 12918875834, "name": "陶瓷品市场总站", "kind": "bus", "network": "", "operator": "", "route_ref": ""}, "geometry": {"type": "Point", "coordinates": [120.15146522442977, 30.208493925986684]}}, {"type": "Feature", "properties": {"osm_id": 12918875835, "name": "陶瓷品市场总站", "kind": "bus", "network": "", "operator": "", "route_ref": ""}, "geometry": {"type": "Point", "coordinates": [120.15135820184231, 30.208310991433663]}}, {"type": "Feature", "properties": {"osm_id": 12918875836, "name": "陶瓷品市场总站", "kind": "other", "network": "", "operator": "", "route_ref": ""}, "geometry": {"type": "Point", "coordinates": [120.15149194774422, 30.208452179719597]}}, {"type": "Feature", "properties": {"osm_id": 12918875840, "name": "陶瓷品市场总站", "kind": "other", "network": "", "operator": "", "route_ref": ""}, "geometry": {"type": "Point", "coordinates": [120.1513715615761, 30.208266867028538]}}, {"type": "Feature", "properties": {"osm_id": 12920960509, "name": "风情大道山阴路口", "kind": "bus", "network": "", "operator": "", "route_ref": ""}, "geometry": {"type": "Point", "coordinates": [120.2338503111801, 30.178329269894835]}}, {"type": "Feature", "properties": {"osm_id": 12920960510, "name": "风情大道山阴路口", "kind": "other", "network": "", "operator": "", "route_ref": ""}, "geometry": {"type": "Point", "coordinates": [120.23345775171241, 30.178265664231596]}}, {"type": "Feature", "properties": {"osm_id": 12920960511, "name": "风情大道山阴路口", "kind": "bus", "network": "", "operator": "", "route_ref": ""}, "geometry": {"type": "Point", "coordinates": [120.23335362699815, 30.178301445362614]}}, {"type": "Feature", "properties": {"osm_id": 12920960512, "name": "风情大道山阴路口", "kind": "other", "network": "", "operator": "", "route_ref": ""}, "geometry": {"type": "Point", "coordinates": [120.23377663169643, 30.178326825117566]}}, {"type": "Feature", "properties": {"osm_id": 12920960513, "name": "风彩立交", "kind": "other", "network": "", "operator": "", "route_ref": ""}, "geometry": {"type": "Point", "coordinates": [120.23329160160073, 30.17186553876337]}}, {"type": "Feature", "properties": {"osm_id": 12920960514, "name": "风彩立交", "kind": "other", "network": "", "operator": "", "route_ref": ""}, "geometry": {"type": "Point", "coordinates": [120.23370442426834, 30.171918626269584]}}, {"type": "Feature", "properties": {"osm_id": 12920960515, "name": "地铁湘湖站（C·E）", "kind": "other", "network": "", "operator": "", "route_ref": ""}, "geometry": {"type": "Point", "coordinates": [120.23475912700049, 30.16475548839322]}}, {"type": "Feature", "properties": {"osm_id": 12920960516, "name": "地铁湘湖站（C·E）", "kind": "other", "network": "", "operator": "", "route_ref": ""}, "geometry": {"type": "Point", "coordinates": [120.23440921739397, 30.16632019686696]}}, {"type": "Feature", "properties": {"osm_id": 12920960583, "name": "滨兴北苑", "kind": "other", "network": "", "operator": "", "route_ref": ""}, "geometry": {"type": "Point", "coordinates": [120.19622194482787, 30.19463261939287]}}, {"type": "Feature", "properties": {"osm_id": 12920960584, "name": "滨兴北苑", "kind": "bus", "network": "", "operator": "", "route_ref": ""}, "geometry": {"type": "Point", "coordinates": [120.1960432259794, 30.194366717668565]}}, {"type": "Feature", "properties": {"osm_id": 12920960585, "name": "滨兴北苑", "kind": "bus", "network": "", "operator": "", "route_ref": ""}, "geometry": {"type": "Point", "coordinates": [120.1962117786731, 30.194695640176445]}}, {"type": "Feature", "properties": {"osm_id": 12920960586, "name": "滨兴东苑", "kind": "other", "network": "", "operator": "", "route_ref": ""}, "geometry": {"type": "Point", "coordinates": [120.20116467404189, 30.19583747454822]}}, {"type": "Feature", "properties": {"osm_id": 12920960587, "name": "滨兴东苑", "kind": "other", "network": "", "operator": "", "route_ref": ""}, "geometry": {"type": "Point", "coordinates": [120.20143485782887, 30.19603413719524]}}, {"type": "Feature", "properties": {"osm_id": 12920960588, "name": "月明社区", "kind": "bus", "network": "", "operator": "", "route_ref": ""}, "geometry": {"type": "Point", "coordinates": [120.20778173651526, 30.200662390094436]}}, {"type": "Feature", "properties": {"osm_id": 12920960589, "name": "月明社区", "kind": "bus", "network": "", "operator": "", "route_ref": ""}, "geometry": {"type": "Point", "coordinates": [120.20785935127715, 30.20081528012675]}}, {"type": "Feature", "properties": {"osm_id": 12920960590, "name": "月明社区", "kind": "other", "network": "", "operator": "", "route_ref": ""}, "geometry": {"type": "Point", "coordinates": [120.2078803938858, 30.200769745794016]}}, {"type": "Feature", "properties": {"osm_id": 12920960591, "name": "月明社区", "kind": "other", "network": "", "operator": "", "route_ref": ""}, "geometry": {"type": "Point", "coordinates": [120.20776308850742, 30.200715821241854]}}, {"type": "Feature", "properties": {"osm_id": 12920960592, "name": "月明路江晖路口", "kind": "bus", "network": "", "operator": "", "route_ref": ""}, "geometry": {"type": "Point", "coordinates": [120.21110754037072, 30.202264046995268]}}, {"type": "Feature", "properties": {"osm_id": 12920960593, "name": "月明路江晖路口", "kind": "bus", "network": "", "operator": "", "route_ref": ""}, "geometry": {"type": "Point", "coordinates": [120.2115543823906, 30.20270842900367]}}, {"type": "Feature", "properties": {"osm_id": 12920960594, "name": "月明路江晖路口", "kind": "other", "network": "", "operator": "", "route_ref": ""}, "geometry": {"type": "Point", "coordinates": [120.21159128496072, 30.20262027154613]}}, {"type": "Feature", "properties": {"osm_id": 12920960595, "name": "月明路江晖路口", "kind": "other", "network": "", "operator": "", "route_ref": ""}, "geometry": {"type": "Point", "coordinates": [120.21104270552782, 30.20233454424103]}}, {"type": "Feature", "properties": {"osm_id": 12920960596, "name": "月明路江陵路口", "kind": "other", "network": "", "operator": "", "route_ref": ""}, "geometry": {"type": "Point", "coordinates": [120.21484891235741, 30.204086630082706]}}, {"type": "Feature", "properties": {"osm_id": 12920960597, "name": "月明路江陵路口", "kind": "other", "network": "", "operator": "", "route_ref": ""}, "geometry": {"type": "Point", "coordinates": [120.21594549297266, 30.204438490820948]}}, {"type": "Feature", "properties": {"osm_id": 12920960598, "name": "新州花苑北", "kind": "bus", "network": "", "operator": "", "route_ref": ""}, "geometry": {"type": "Point", "coordinates": [120.22489574228952, 30.20583285906826]}}, {"type": "Feature", "properties": {"osm_id": 12920960599, "name": "新州花苑北", "kind": "bus", "network": "", "operator": "", "route_ref": ""}, "geometry": {"type": "Point", "coordinates": [120.22421846761095, 30.205444155564532]}}, {"type": "Feature", "properties": {"osm_id": 12920960600, "name": "新州花苑北", "kind": "other", "network": "", "operator": "", "route_ref": ""}, "geometry": {"type": "Point", "coordinates": [120.22421198725445, 30.205523966872917]}}, {"type": "Feature", "properties": {"osm_id": 12920980401, "name": "新州花苑北", "kind": "other", "network": "", "operator": "", "route_ref": ""}, "geometry": {"type": "Point", "coordinates": [120.22490701287104, 30.205748142592903]}}, {"type": "Feature", "properties": {"osm_id": 12920980402, "name": "新联路启智街口", "kind": "bus", "network": "", "operator": "", "route_ref": ""}, "geometry": {"type": "Point", "coordinates": [120.22611876542636, 30.20134365862315]}}, {"type": "Feature", "properties": {"osm_id": 12920980403, "name": "新联路启智街口", "kind": "bus", "network": "", "operator": "", "route_ref": ""}, "geometry": {"type": "Point", "coordinates": [120.22629271201671, 30.2011534734469]}}, {"type": "Feature", "properties": {"osm_id": 12920980404, "name": "新联路启智街口", "kind": "other", "network": "", "operator": "", "route_ref": ""}, "geometry": {"type": "Point", "coordinates": [120.22619440315825, 30.201158272594384]}}, {"type": "Feature", "properties": {"osm_id": 12920980405, "name": "新联路启智街口", "kind": "other", "network": "", "operator": "", "route_ref": ""}, "geometry": {"type": "Point", "coordinates": [120.2261922220787, 30.201336684152725]}}, {"type": "Feature", "properties": {"osm_id": 12920980406, "name": "滨和路协同路口", "kind": "bus", "network": "", "operator": "", "route_ref": ""}, "geometry": {"type": "Point", "coordinates": [120.23046918222536, 30.200266318965912]}}, {"type": "Feature", "properties": {"osm_id": 12920980407, "name": "滨和路协同路口", "kind": "other", "network": "", "operator": "", "route_ref": ""}, "geometry": {"type": "Point", "coordinates": [120.2304721817524, 30.20032531943367]}}, {"type": "Feature", "properties": {"osm_id": 12920980408, "name": "滨和路协同路口", "kind": "bus", "network": "", "operator": "", "route_ref": ""}, "geometry": {"type": "Point", "coordinates": [120.2306887179213, 30.200562845077446]}}, {"type": "Feature", "properties": {"osm_id": 12920980409, "name": "滨和路协同路口", "kind": "other", "network": "", "operator": "", "route_ref": ""}, "geometry": {"type": "Point", "coordinates": [120.2306861162024, 30.200486043311876]}}, {"type": "Feature", "properties": {"osm_id": 12921632961, "name": "金城路萧邮路口", "kind": "other", "network": "", "operator": "", "route_ref": ""}, "geometry": {"type": "Point", "coordinates": [120.23611459498396, 30.183005359687446]}}, {"type": "Feature", "properties": {"osm_id": 12947224286, "name": "地铁湘湖站B口", "kind": "other", "network": "", "operator": "", "route_ref": ""}, "geometry": {"type": "Point", "coordinates": [120.23382306645324, 30.16871111715423]}}, {"type": "Feature", "properties": {"osm_id": 12947224287, "name": "地铁湘湖站B口", "kind": "bus", "network": "", "operator": "", "route_ref": ""}, "geometry": {"type": "Point", "coordinates": [120.2337519832794, 30.168714770725074]}}, {"type": "Feature", "properties": {"osm_id": 12947224296, "name": "地铁湘湖站西", "kind": "other", "network": "", "operator": "", "route_ref": ""}, "geometry": {"type": "Point", "coordinates": [120.23320867060188, 30.16737183615239]}}, {"type": "Feature", "properties": {"osm_id": 12947224297, "name": "地铁湘湖站西", "kind": "other", "network": "", "operator": "", "route_ref": ""}, "geometry": {"type": "Point", "coordinates": [120.23251822967345, 30.16738437785301]}}, {"type": "Feature", "properties": {"osm_id": 12947224380, "name": "湘湖公交总站", "kind": "other", "network": "", "operator": "", "route_ref": ""}, "geometry": {"type": "Point", "coordinates": [120.23175616839413, 30.167846911105286]}}, {"type": "Feature", "properties": {"osm_id": 12947224381, "name": "湘湖公交总站", "kind": "other", "network": "", "operator": "", "route_ref": ""}, "geometry": {"type": "Point", "coordinates": [120.23127312078589, 30.168037919164874]}}, {"type": "Feature", "properties": {"osm_id": 12947224382, "name": "湘湖公交总站", "kind": "bus", "network": "", "operator": "", "route_ref": ""}, "geometry": {"type": "Point", "coordinates": [120.23125366168615, 30.168123138591415]}}, {"type": "Feature", "properties": {"osm_id": 12947224383, "name": "湘湖公交总站", "kind": "bus", "network": "", "operator": "", "route_ref": ""}, "geometry": {"type": "Point", "coordinates": [120.23182664879576, 30.16786755399607]}}, {"type": "Feature", "properties": {"osm_id": 13025888863, "name": "西兴老街", "kind": "other", "network": "", "operator": "", "route_ref": ""}, "geometry": {"type": "Point", "coordinates": [120.22650401193305, 30.189105068298232]}}, {"type": "Feature", "properties": {"osm_id": 13070277860, "name": "浙江宾馆", "kind": "other", "network": "", "operator": "", "route_ref": ""}, "geometry": {"type": "Point", "coordinates": [120.12601674314024, 30.23486378186554]}}, {"type": "Feature", "properties": {"osm_id": 13070277862, "name": "双峰", "kind": "other", "network": "", "operator": "", "route_ref": ""}, "geometry": {"type": "Point", "coordinates": [120.12373826991315, 30.231798882056154]}}, {"type": "Feature", "properties": {"osm_id": 13076898930, "name": "近江二园", "kind": "bus", "network": "", "operator": "", "route_ref": ""}, "geometry": {"type": "Point", "coordinates": [120.1997828321894, 30.229405558167468]}}, {"type": "Feature", "properties": {"osm_id": 13076898931, "name": "近江二园", "kind": "other", "network": "", "operator": "", "route_ref": ""}, "geometry": {"type": "Point", "coordinates": [120.19972698040641, 30.229343747912907]}}, {"type": "Feature", "properties": {"osm_id": 13076898932, "name": "之江路婺江路口", "kind": "other", "network": "", "operator": "", "route_ref": ""}, "geometry": {"type": "Point", "coordinates": [120.20299892648177, 30.228310867574322]}}, {"type": "Feature", "properties": {"osm_id": 13076898933, "name": "之江路婺江路口", "kind": "bus", "network": "", "operator": "", "route_ref": ""}, "geometry": {"type": "Point", "coordinates": [120.20296053212226, 30.228346932327973]}}, {"type": "Feature", "properties": {"osm_id": 13076898934, "name": "近江五园", "kind": "other", "network": "", "operator": "", "route_ref": ""}, "geometry": {"type": "Point", "coordinates": [120.20204735276386, 30.232793330970985]}}, {"type": "Feature", "properties": {"osm_id": 13076898935, "name": "近江五园", "kind": "bus", "network": "", "operator": "", "route_ref": ""}, "geometry": {"type": "Point", "coordinates": [120.20200865412824, 30.232757691961123]}}, {"type": "Feature", "properties": {"osm_id": 13076898981, "name": "近江一园", "kind": "bus", "network": "", "operator": "", "route_ref": ""}, "geometry": {"type": "Point", "coordinates": [120.20470229938012, 30.23061659166896]}}, {"type": "Feature", "properties": {"osm_id": 13076898982, "name": "近江一园", "kind": "other", "network": "", "operator": "", "route_ref": ""}, "geometry": {"type": "Point", "coordinates": [120.20472474461724, 30.230668459635996]}}, {"type": "Feature", "properties": {"osm_id": 13173655912, "name": "滨盛江虹总站", "kind": "bus", "network": "", "operator": "", "route_ref": ""}, "geometry": {"type": "Point", "coordinates": [120.19868677750016, 30.204411981364608]}}, {"type": "Feature", "properties": {"osm_id": 13173655913, "name": "滨盛江虹总站", "kind": "other", "network": "", "operator": "", "route_ref": ""}, "geometry": {"type": "Point", "coordinates": [120.19869416118676, 30.204461571491727]}}, {"type": "Feature", "properties": {"osm_id": 13175357069, "name": "春江名苑", "kind": "bus", "network": "", "operator": "", "route_ref": ""}, "geometry": {"type": "Point", "coordinates": [120.19346098288247, 30.227106358622155]}}, {"type": "Feature", "properties": {"osm_id": 13175357070, "name": "春江名苑", "kind": "other", "network": "", "operator": "", "route_ref": ""}, "geometry": {"type": "Point", "coordinates": [120.19352489593822, 30.227057841670884]}}, {"type": "Feature", "properties": {"osm_id": 13175357071, "name": "富春路闻潮路口", "kind": "bus", "network": "", "operator": "", "route_ref": ""}, "geometry": {"type": "Point", "coordinates": [120.19136865040699, 30.225246784923772]}}, {"type": "Feature", "properties": {"osm_id": 13175357072, "name": "富春路闻潮路口", "kind": "other", "network": "", "operator": "", "route_ref": ""}, "geometry": {"type": "Point", "coordinates": [120.19142747631672, 30.2252000756774]}}, {"type": "Feature", "properties": {"osm_id": 13175357073, "name": "富春路候潮东路口", "kind": "bus", "network": "", "operator": "", "route_ref": ""}, "geometry": {"type": "Point", "coordinates": [120.18753734855302, 30.221841156272223]}}, {"type": "Feature", "properties": {"osm_id": 13190196661, "name": "地铁伟业路站（A·D）", "kind": "bus", "network": "", "operator": "", "route_ref": ""}, "geometry": {"type": "Point", "coordinates": [120.16121868761238, 30.18316192675719]}}, {"type": "Feature", "properties": {"osm_id": 13284482168, "name": "滨江物联网总站外", "kind": "bus", "network": "", "operator": "", "route_ref": ""}, "geometry": {"type": "Point", "coordinates": [120.23225970962729, 30.20441304287728]}}, {"type": "Feature", "properties": {"osm_id": 13284482169, "name": "滨江物联网总站外", "kind": "bus", "network": "", "operator": "", "route_ref": ""}, "geometry": {"type": "Point", "coordinates": [120.23206669855401, 30.20513743824379]}}, {"type": "Feature", "properties": {"osm_id": 13284520487, "name": "地铁江陵路站A口", "kind": "bus", "network": "", "operator": "", "route_ref": ""}, "geometry": {"type": "Point", "coordinates": [120.21660374000605, 30.209986940402413]}}, {"type": "Feature", "properties": {"osm_id": 13318582575, "name": "南落马营总站外", "kind": "bus", "network": "", "operator": "", "route_ref": ""}, "geometry": {"type": "Point", "coordinates": [120.17959580623521, 30.22582466510035]}}, {"type": "Feature", "properties": {"osm_id": 13318593391, "name": "南落马营总站", "kind": "bus", "network": "", "operator": "", "route_ref": ""}, "geometry": {"type": "Point", "coordinates": [120.1800554729426, 30.226360233298248]}}, {"type": "Feature", "properties": {"osm_id": 13321492626, "name": "老南星桥总站", "kind": "bus", "network": "", "operator": "", "route_ref": ""}, "geometry": {"type": "Point", "coordinates": [120.1729874422899, 30.220855232667216]}}, {"type": "Feature", "properties": {"osm_id": 13321492627, "name": "凤山路公交总站外", "kind": "bus", "network": "", "operator": "", "route_ref": ""}, "geometry": {"type": "Point", "coordinates": [120.17283967164668, 30.22307005339656]}}, {"type": "Feature", "properties": {"osm_id": 13321492628, "name": "凤山路公交总站外", "kind": "other", "network": "", "operator": "", "route_ref": ""}, "geometry": {"type": "Point", "coordinates": [120.17282072917435, 30.223077889631977]}}, {"type": "Feature", "properties": {"osm_id": 13321509915, "name": "凤山路公交总站外", "kind": "other", "network": "", "operator": "", "route_ref": ""}, "geometry": {"type": "Point", "coordinates": [120.17280328920806, 30.223169428456096]}}, {"type": "Feature", "properties": {"osm_id": 13321509916, "name": "凤山路公交总站外", "kind": "bus", "network": "", "operator": "", "route_ref": ""}, "geometry": {"type": "Point", "coordinates": [120.17278604055019, 30.223164160645997]}}, {"type": "Feature", "properties": {"osm_id": 13325549757, "name": "上满觉陇", "kind": "bus", "network": "", "operator": "", "route_ref": ""}, "geometry": {"type": "Point", "coordinates": [120.12326456340665, 30.216846700564577]}}, {"type": "Feature", "properties": {"osm_id": 13325549759, "name": "石屋洞", "kind": "bus", "network": "", "operator": "", "route_ref": ""}, "geometry": {"type": "Point", "coordinates": [120.13046715545144, 30.21940577551273]}}, {"type": "Feature", "properties": {"osm_id": 13325549760, "name": "动物园东", "kind": "bus", "network": "", "operator": "", "route_ref": ""}, "geometry": {"type": "Point", "coordinates": [120.13725253351782, 30.213308636256205]}}, {"type": "Feature", "properties": {"osm_id": 13325549761, "name": "九曜山", "kind": "bus", "network": "", "operator": "", "route_ref": ""}, "geometry": {"type": "Point", "coordinates": [120.14866756917641, 30.22121930586281]}}, {"type": "Feature", "properties": {"osm_id": 13325549762, "name": "八卦田", "kind": "bus", "network": "", "operator": "", "route_ref": ""}, "geometry": {"type": "Point", "coordinates": [120.15218670773358, 30.20806731147221]}}, {"type": "Feature", "properties": {"osm_id": 13325549763, "name": "八卦田", "kind": "bus", "network": "", "operator": "", "route_ref": ""}, "geometry": {"type": "Point", "coordinates": [120.15183376088964, 30.20786348371848]}}, {"type": "Feature", "properties": {"osm_id": 13325549764, "name": "施家山", "kind": "other", "network": "", "operator": "", "route_ref": ""}, "geometry": {"type": "Point", "coordinates": [120.15426826027253, 30.20958500778629]}}, {"type": "Feature", "properties": {"osm_id": 13325549765, "name": "九曜山", "kind": "bus", "network": "", "operator": "", "route_ref": ""}, "geometry": {"type": "Point", "coordinates": [120.14955453842003, 30.221808728820175]}}, {"type": "Feature", "properties": {"osm_id": 13325549767, "name": "石屋洞", "kind": "bus", "network": "", "operator": "", "route_ref": ""}, "geometry": {"type": "Point", "coordinates": [120.13042714860866, 30.219512525378693]}}, {"type": "Feature", "properties": {"osm_id": 13327366104, "name": "春波小区中", "kind": "other", "network": "", "operator": "", "route_ref": ""}, "geometry": {"type": "Point", "coordinates": [120.21464683744715, 30.190173702191814]}}, {"type": "Feature", "properties": {"osm_id": 13327366105, "name": "春波小区中", "kind": "bus", "network": "", "operator": "", "route_ref": ""}, "geometry": {"type": "Point", "coordinates": [120.21463895893368, 30.190209914522598]}}, {"type": "Feature", "properties": {"osm_id": 13327366130, "name": "长河汤家桥总站", "kind": "other", "network": "", "operator": "", "route_ref": ""}, "geometry": {"type": "Point", "coordinates": [120.19771410450548, 30.16616894165546]}}, {"type": "Feature", "properties": {"osm_id": 13327366131, "name": "长河汤家桥总站", "kind": "bus", "network": "", "operator": "", "route_ref": ""}, "geometry": {"type": "Point", "coordinates": [120.19767630759273, 30.16614240562712]}}, {"type": "Feature", "properties": {"osm_id": 13327366134, "name": "春波西苑", "kind": "bus", "network": "", "operator": "", "route_ref": ""}, "geometry": {"type": "Point", "coordinates": [120.21314747594192, 30.189968646742035]}}, {"type": "Feature", "properties": {"osm_id": 13327366135, "name": "春波西苑", "kind": "other", "network": "", "operator": "", "route_ref": ""}, "geometry": {"type": "Point", "coordinates": [120.21316223772031, 30.189933824607166]}}, {"type": "Feature", "properties": {"osm_id": 13327454121, "name": "冠新佳苑西区", "kind": "bus", "network": "", "operator": "", "route_ref": ""}, "geometry": {"type": "Point", "coordinates": [120.17014508764304, 30.168659804270288]}}, {"type": "Feature", "properties": {"osm_id": 13327454134, "name": "冠新佳苑西区", "kind": "other", "network": "", "operator": "", "route_ref": ""}, "geometry": {"type": "Point", "coordinates": [120.17016711740588, 30.168607761047664]}}, {"type": "Feature", "properties": {"osm_id": 13327454135, "name": "何家里", "kind": "other", "network": "", "operator": "", "route_ref": ""}, "geometry": {"type": "Point", "coordinates": [120.16914393134518, 30.169287302307747]}}, {"type": "Feature", "properties": {"osm_id": 13327454136, "name": "何家里", "kind": "bus", "network": "", "operator": "", "route_ref": ""}, "geometry": {"type": "Point", "coordinates": [120.16916507154158, 30.169326664226332]}}, {"type": "Feature", "properties": {"osm_id": 13327454140, "name": "方六丈", "kind": "other", "network": "", "operator": "", "route_ref": ""}, "geometry": {"type": "Point", "coordinates": [120.16940788005012, 30.170919669313196]}}, {"type": "Feature", "properties": {"osm_id": 13327454141, "name": "方六丈", "kind": "bus", "network": "", "operator": "", "route_ref": ""}, "geometry": {"type": "Point", "coordinates": [120.1694250240714, 30.170862635083054]}}, {"type": "Feature", "properties": {"osm_id": 13327454142, "name": "浦沿十间楼", "kind": "other", "network": "", "operator": "", "route_ref": ""}, "geometry": {"type": "Point", "coordinates": [120.17236000567787, 30.171674051555858]}}, {"type": "Feature", "properties": {"osm_id": 13327454143, "name": "浦沿十间楼", "kind": "bus", "network": "", "operator": "", "route_ref": ""}, "geometry": {"type": "Point", "coordinates": [120.17184414192175, 30.171546918566605]}}, {"type": "Feature", "properties": {"osm_id": 13327454144, "name": "长虹南苑", "kind": "other", "network": "", "operator": "", "route_ref": ""}, "geometry": {"type": "Point", "coordinates": [120.17672989152265, 30.171785098991403]}}, {"type": "Feature", "properties": {"osm_id": 13327454145, "name": "长虹南苑", "kind": "bus", "network": "", "operator": "", "route_ref": ""}, "geometry": {"type": "Point", "coordinates": [120.1767326781038, 30.171724691425403]}}, {"type": "Feature", "properties": {"osm_id": 13329842130, "name": "浦沿十间楼", "kind": "bus", "network": "", "operator": "", "route_ref": ""}, "geometry": {"type": "Point", "coordinates": [120.17233947264205, 30.171738292693895]}}, {"type": "Feature", "properties": {"osm_id": 13337433745, "name": "建设四路西", "kind": "bus", "network": "", "operator": "", "route_ref": ""}, "geometry": {"type": "Point", "coordinates": [120.23652166772233, 30.212207468599594]}}, {"type": "Feature", "properties": {"osm_id": 13337433746, "name": "协同路物联网街口", "kind": "bus", "network": "", "operator": "", "route_ref": ""}, "geometry": {"type": "Point", "coordinates": [120.23212349096627, 30.21109202685447]}}, {"type": "Feature", "properties": {"osm_id": 13337433747, "name": "协同路联慧街口", "kind": "bus", "network": "", "operator": "", "route_ref": ""}, "geometry": {"type": "Point", "coordinates": [120.23206551477996, 30.208959751755287]}}, {"type": "Feature", "properties": {"osm_id": 13337433748, "name": "月明路协同路口", "kind": "bus", "network": "", "operator": "", "route_ref": ""}, "geometry": {"type": "Point", "coordinates": [120.23121865762208, 30.20627970145198]}}, {"type": "Feature", "properties": {"osm_id": 13337433749, "name": "月明路协同路口", "kind": "bus", "network": "", "operator": "", "route_ref": ""}, "geometry": {"type": "Point", "coordinates": [120.23094151667337, 30.205962618248417]}}, {"type": "Feature", "properties": {"osm_id": 13337433750, "name": "协同路月明路口北", "kind": "bus", "network": "", "operator": "", "route_ref": ""}, "geometry": {"type": "Point", "coordinates": [120.23229805439924, 30.20696835222872]}}, {"type": "Feature", "properties": {"osm_id": 13337433751, "name": "协同路联慧街口", "kind": "bus", "network": "", "operator": "", "route_ref": ""}, "geometry": {"type": "Point", "coordinates": [120.23233305569457, 30.210141203199974]}}, {"type": "Feature", "properties": {"osm_id": 13337433752, "name": "物联网街风情大道口", "kind": "bus", "network": "", "operator": "", "route_ref": ""}, "geometry": {"type": "Point", "coordinates": [120.23290344487685, 30.211991158185533]}}, {"type": "Feature", "properties": {"osm_id": 13337433753, "name": "建设四路西", "kind": "bus", "network": "", "operator": "", "route_ref": ""}, "geometry": {"type": "Point", "coordinates": [120.23639483872275, 30.21192893571526]}}, {"type": "Feature", "properties": {"osm_id": 13337691893, "name": "山阴路西陵路口", "kind": "bus", "network": "", "operator": "", "route_ref": ""}, "geometry": {"type": "Point", "coordinates": [120.22320213378151, 30.178695081690535]}}, {"type": "Feature", "properties": {"osm_id": 13337691894, "name": "山阴路西陵路口", "kind": "other", "network": "", "operator": "", "route_ref": ""}, "geometry": {"type": "Point", "coordinates": [120.22320793092165, 30.17880497982913]}}, {"type": "Feature", "properties": {"osm_id": 13337691899, "name": "金地天逸", "kind": "bus", "network": "", "operator": "", "route_ref": ""}, "geometry": {"type": "Point", "coordinates": [120.23478925799917, 30.179127614419052]}}, {"type": "Feature", "properties": {"osm_id": 13337691900, "name": "金地天逸", "kind": "other", "network": "", "operator": "", "route_ref": ""}, "geometry": {"type": "Point", "coordinates": [120.23478516015727, 30.179074115143607]}}, {"type": "Feature", "properties": {"osm_id": 13337711901, "name": "西陵路滨康路口", "kind": "bus", "network": "", "operator": "", "route_ref": ""}, "geometry": {"type": "Point", "coordinates": [120.22194928501881, 30.18051226245227]}}, {"type": "Feature", "properties": {"osm_id": 13337711902, "name": "西陵路滨康路口", "kind": "other", "network": "", "operator": "", "route_ref": ""}, "geometry": {"type": "Point", "coordinates": [120.22206713986876, 30.18053672924737]}}, {"type": "Feature", "properties": {"osm_id": 13403639917, "name": "春晓路江汉路口", "kind": "bus", "network": "", "operator": "", "route_ref": ""}, "geometry": {"type": "Point", "coordinates": [120.21465283671371, 30.19760315539945]}}, {"type": "Feature", "properties": {"osm_id": 13403639918, "name": "春晓路江汉路口", "kind": "bus", "network": "", "operator": "", "route_ref": ""}, "geometry": {"type": "Point", "coordinates": [120.21452193403125, 30.197478726057692]}}, {"type": "Feature", "properties": {"osm_id": 13403639919, "name": "春晓路江汉路口", "kind": "other", "network": "", "operator": "", "route_ref": ""}, "geometry": {"type": "Point", "coordinates": [120.2145791104401, 30.197609855339145]}}, {"type": "Feature", "properties": {"osm_id": 13403639920, "name": "春晓路江汉路口", "kind": "other", "network": "", "operator": "", "route_ref": ""}, "geometry": {"type": "Point", "coordinates": [120.21459306827639, 30.19749643074103]}}, {"type": "Feature", "properties": {"osm_id": 13403639921, "name": "八图园巷", "kind": "other", "network": "", "operator": "", "route_ref": ""}, "geometry": {"type": "Point", "coordinates": [120.21350785698786, 30.196531964659282]}}, {"type": "Feature", "properties": {"osm_id": 13403683896, "name": "馒头山", "kind": "bus", "network": "", "operator": "", "route_ref": ""}, "geometry": {"type": "Point", "coordinates": [120.172074855065, 30.221734909109312]}}, {"type": "Feature", "properties": {"osm_id": 13403683897, "name": "馒头山", "kind": "other", "network": "", "operator": "", "route_ref": ""}, "geometry": {"type": "Point", "coordinates": [120.1720701739732, 30.221792921638823]}}, {"type": "Feature", "properties": {"osm_id": 13447609534, "name": "老江边路", "kind": "bus", "network": "", "operator": "", "route_ref": ""}, "geometry": {"type": "Point", "coordinates": [120.1837602579016, 30.22579963269803]}}, {"type": "Feature", "properties": {"osm_id": 13447609535, "name": "老江边路", "kind": "other", "network": "", "operator": "", "route_ref": ""}, "geometry": {"type": "Point", "coordinates": [120.18385168305105, 30.225765959453806]}}, {"type": "Feature", "properties": {"osm_id": 13447609536, "name": "老江边路", "kind": "other", "network": "", "operator": "", "route_ref": ""}, "geometry": {"type": "Point", "coordinates": [120.183623740192, 30.225511869050905]}}, {"type": "Feature", "properties": {"osm_id": 13447609537, "name": "老江边路", "kind": "bus", "network": "", "operator": "", "route_ref": ""}, "geometry": {"type": "Point", "coordinates": [120.1836901381213, 30.22545884128713]}}, {"type": "Feature", "properties": {"osm_id": 13447609539, "name": "候潮东路秋涛路口", "kind": "other", "network": "", "operator": "", "route_ref": ""}, "geometry": {"type": "Point", "coordinates": [120.18202048866947, 30.22511785016747]}}, {"type": "Feature", "properties": {"osm_id": 13447609540, "name": "候潮东路秋涛路口", "kind": "bus", "network": "", "operator": "", "route_ref": ""}, "geometry": {"type": "Point", "coordinates": [120.18203445073578, 30.22516302690876]}}, {"type": "Feature", "properties": {"osm_id": 13447609542, "name": "候潮东路秋涛路口", "kind": "other", "network": "", "operator": "", "route_ref": ""}, "geometry": {"type": "Point", "coordinates": [120.18171281176447, 30.22516183155217]}}, {"type": "Feature", "properties": {"osm_id": 13447609543, "name": "候潮东路秋涛路口", "kind": "bus", "network": "", "operator": "", "route_ref": ""}, "geometry": {"type": "Point", "coordinates": [120.18168130039659, 30.225095286428125]}}, {"type": "Feature", "properties": {"osm_id": 13447609586, "name": "荡坊园", "kind": "bus", "network": "", "operator": "", "route_ref": ""}, "geometry": {"type": "Point", "coordinates": [120.19230926622708, 30.189572595847018]}}, {"type": "Feature", "properties": {"osm_id": 13447609587, "name": "秋溢路网商路口", "kind": "bus", "network": "", "operator": "", "route_ref": ""}, "geometry": {"type": "Point", "coordinates": [120.19400673743478, 30.188802033409676]}}, {"type": "Feature", "properties": {"osm_id": 13447609588, "name": "星飞路北", "kind": "bus", "network": "", "operator": "", "route_ref": ""}, "geometry": {"type": "Point", "coordinates": [120.20643365756972, 30.212232100283973]}}, {"type": "Feature", "properties": {"osm_id": 13447609589, "name": "杭州印大厦", "kind": "bus", "network": "", "operator": "", "route_ref": ""}, "geometry": {"type": "Point", "coordinates": [120.20602533746184, 30.211283180022775]}}, {"type": "Feature", "properties": {"osm_id": 13447609590, "name": "光辉路科技馆街口", "kind": "bus", "network": "", "operator": "", "route_ref": ""}, "geometry": {"type": "Point", "coordinates": [120.20656805356377, 30.210341782467022]}}, {"type": "Feature", "properties": {"osm_id": 13447609591, "name": "滨江文化中心", "kind": "bus", "network": "", "operator": "", "route_ref": ""}, "geometry": {"type": "Point", "coordinates": [120.21108249629218, 30.20945267830051]}}, {"type": "Feature", "properties": {"osm_id": 13447609592, "name": "滨江文化中心", "kind": "bus", "network": "", "operator": "", "route_ref": ""}, "geometry": {"type": "Point", "coordinates": [120.21059995153404, 30.20904165366237]}}, {"type": "Feature", "properties": {"osm_id": 13447609593, "name": "明豪大厦东", "kind": "bus", "network": "", "operator": "", "route_ref": ""}, "geometry": {"type": "Point", "coordinates": [120.20818129486263, 30.211238766419747]}}, {"type": "Feature", "properties": {"osm_id": 13447609594, "name": "明豪大厦东", "kind": "other", "network": "", "operator": "", "route_ref": ""}, "geometry": {"type": "Point", "coordinates": [120.20822598802432, 30.21131920355672]}}, {"type": "Feature", "properties": {"osm_id": 13447609595, "name": "天恒大厦", "kind": "other", "network": "", "operator": "", "route_ref": ""}, "geometry": {"type": "Point", "coordinates": [120.21106143772572, 30.211746240774755]}}, {"type": "Feature", "properties": {"osm_id": 13447609596, "name": "天恒大厦", "kind": "bus", "network": "", "operator": "", "route_ref": ""}, "geometry": {"type": "Point", "coordinates": [120.21099420107365, 30.211722136420434]}}, {"type": "Feature", "properties": {"osm_id": 13447609597, "name": "明豪大厦东", "kind": "other", "network": "", "operator": "", "route_ref": ""}, "geometry": {"type": "Point", "coordinates": [120.20826578236513, 30.21126304021388]}}, {"type": "Feature", "properties": {"osm_id": 13447609598, "name": "明豪大厦东", "kind": "bus", "network": "", "operator": "", "route_ref": ""}, "geometry": {"type": "Point", "coordinates": [120.2083253316244, 30.211267050600092]}}, {"type": "Feature", "properties": {"osm_id": 13449304680, "name": "望江新园二园", "kind": "bus", "network": "", "operator": "", "route_ref": ""}, "geometry": {"type": "Point", "coordinates": [120.18507272582954, 30.234984318484543]}}, {"type": "Feature", "properties": {"osm_id": 13449304683, "name": "望江新园二园", "kind": "bus", "network": "", "operator": "", "route_ref": ""}, "geometry": {"type": "Point", "coordinates": [120.18526383754278, 30.234724743967394]}}, {"type": "Feature", "properties": {"osm_id": 13449304684, "name": "三多园北", "kind": "bus", "network": "", "operator": "", "route_ref": ""}, "geometry": {"type": "Point", "coordinates": [120.18710895319991, 30.235547581673913]}}, {"type": "Feature", "properties": {"osm_id": 13449304686, "name": "望江新园三园", "kind": "bus", "network": "", "operator": "", "route_ref": ""}, "geometry": {"type": "Point", "coordinates": [120.18546736533106, 30.236291778755568]}}, {"type": "Feature", "properties": {"osm_id": 13449304687, "name": "望江新园三园", "kind": "bus", "network": "", "operator": "", "route_ref": ""}, "geometry": {"type": "Point", "coordinates": [120.18552840960757, 30.23659218716461]}}, {"type": "Feature", "properties": {"osm_id": 13449304688, "name": "望江新园一园", "kind": "bus", "network": "", "operator": "", "route_ref": ""}, "geometry": {"type": "Point", "coordinates": [120.18431301834684, 30.235428267417632]}}, {"type": "Feature", "properties": {"osm_id": 13449304689, "name": "望江新园一园", "kind": "bus", "network": "", "operator": "", "route_ref": ""}, "geometry": {"type": "Point", "coordinates": [120.18366645913942, 30.235639591378586]}}, {"type": "Feature", "properties": {"osm_id": 13495152960, "name": "地铁诚业路站", "kind": "other", "network": "", "operator": "", "route_ref": ""}, "geometry": {"type": "Point", "coordinates": [120.16860346450284, 30.18623770264471]}}, {"type": "Feature", "properties": {"osm_id": 13495152961, "name": "地铁诚业路站", "kind": "other", "network": "", "operator": "", "route_ref": ""}, "geometry": {"type": "Point", "coordinates": [120.17118083862003, 30.18717691510599]}}, {"type": "Feature", "properties": {"osm_id": 13508435225, "name": "南落马营总站", "kind": "other", "network": "", "operator": "", "route_ref": ""}, "geometry": {"type": "Point", "coordinates": [120.17993273453136, 30.22628485984083]}}, {"type": "Feature", "properties": {"osm_id": 13508435226, "name": "南落马营总站", "kind": "bus", "network": "", "operator": "", "route_ref": ""}, "geometry": {"type": "Point", "coordinates": [120.17985257620406, 30.226301312196266]}}, {"type": "Feature", "properties": {"osm_id": 13508435227, "name": "南落马营总站", "kind": "other", "network": "", "operator": "", "route_ref": ""}, "geometry": {"type": "Point", "coordinates": [120.17994849366342, 30.22636103518861]}}, {"type": "Feature", "properties": {"osm_id": 13508435228, "name": "南落马营总站外", "kind": "other", "network": "", "operator": "", "route_ref": ""}, "geometry": {"type": "Point", "coordinates": [120.17958363846894, 30.22577378469121]}}, {"type": "Feature", "properties": {"osm_id": 13523228842, "name": "冠新佳苑西区", "kind": "bus", "network": "", "operator": "", "route_ref": ""}, "geometry": {"type": "Point", "coordinates": [120.16956489522676, 30.168343179965326]}}, {"type": "Feature", "properties": {"osm_id": 13523228843, "name": "冠新佳苑西区", "kind": "other", "network": "", "operator": "", "route_ref": ""}, "geometry": {"type": "Point", "coordinates": [120.16955054352904, 30.168408009202345]}}, {"type": "Feature", "properties": {"osm_id": 13523228844, "name": "冠新佳苑东区", "kind": "other", "network": "", "operator": "", "route_ref": ""}, "geometry": {"type": "Point", "coordinates": [120.17455896032719, 30.16756084805892]}}, {"type": "Feature", "properties": {"osm_id": 13523228845, "name": "冠新佳苑东区", "kind": "bus", "network": "", "operator": "", "route_ref": ""}, "geometry": {"type": "Point", "coordinates": [120.1745875697698, 30.16750559198597]}}, {"type": "Feature", "properties": {"osm_id": 13523228846, "name": "冠新佳苑东区", "kind": "bus", "network": "", "operator": "", "route_ref": ""}, "geometry": {"type": "Point", "coordinates": [120.17440083580397, 30.16756704714033]}}, {"type": "Feature", "properties": {"osm_id": 13523228847, "name": "冠新佳苑东区", "kind": "other", "network": "", "operator": "", "route_ref": ""}, "geometry": {"type": "Point", "coordinates": [120.17442974457778, 30.167514490606322]}}, {"type": "Feature", "properties": {"osm_id": 13523324836, "name": "山秀景苑西", "kind": "bus", "network": "", "operator": "", "route_ref": ""}, "geometry": {"type": "Point", "coordinates": [120.17721123849489, 30.163319482429284]}}, {"type": "Feature", "properties": {"osm_id": 13523324837, "name": "山秀景苑西", "kind": "bus", "network": "", "operator": "", "route_ref": ""}, "geometry": {"type": "Point", "coordinates": [120.17698046247334, 30.16368943168058]}}, {"type": "Feature", "properties": {"osm_id": 13523324838, "name": "冠浦桥东", "kind": "bus", "network": "", "operator": "", "route_ref": ""}, "geometry": {"type": "Point", "coordinates": [120.17969860384876, 30.158865032554893]}}, {"type": "Feature", "properties": {"osm_id": 13523324840, "name": "冠浦桥东", "kind": "bus", "network": "", "operator": "", "route_ref": ""}, "geometry": {"type": "Point", "coordinates": [120.17988626412621, 30.160333626552386]}}, {"type": "Feature", "properties": {"osm_id": 13523324841, "name": "山郎戴", "kind": "bus", "network": "", "operator": "", "route_ref": ""}, "geometry": {"type": "Point", "coordinates": [120.20899912279508, 30.15433856133517]}}, {"type": "Feature", "properties": {"osm_id": 13523324842, "name": "山郎戴", "kind": "bus", "network": "", "operator": "", "route_ref": ""}, "geometry": {"type": "Point", "coordinates": [120.2098888661106, 30.153982631991887]}}, {"type": "Feature", "properties": {"osm_id": 13523324852, "name": "塘子堰公交总站", "kind": "bus", "network": "", "operator": "", "route_ref": ""}, "geometry": {"type": "Point", "coordinates": [120.21075456861865, 30.150927575823186]}}, {"type": "Feature", "properties": {"osm_id": 13523324853, "name": "塘子堰公交总站", "kind": "other", "network": "", "operator": "", "route_ref": ""}, "geometry": {"type": "Point", "coordinates": [120.21083786624376, 30.15096265614879]}}, {"type": "Feature", "properties": {"osm_id": 13523324865, "name": "三十二房", "kind": "bus", "network": "", "operator": "", "route_ref": ""}, "geometry": {"type": "Point", "coordinates": [120.17245281964938, 30.16799824011452]}}, {"type": "Feature", "properties": {"osm_id": 13523324866, "name": "三十二房", "kind": "bus", "network": "", "operator": "", "route_ref": ""}, "geometry": {"type": "Point", "coordinates": [120.1726541192161, 30.168039462079637]}}, {"type": "Feature", "properties": {"osm_id": 13523324867, "name": "蒋家里东", "kind": "bus", "network": "", "operator": "", "route_ref": ""}, "geometry": {"type": "Point", "coordinates": [120.14883090018591, 30.153287738513097]}}, {"type": "Feature", "properties": {"osm_id": 13523324868, "name": "蒋家里东", "kind": "bus", "network": "", "operator": "", "route_ref": ""}, "geometry": {"type": "Point", "coordinates": [120.14890826947374, 30.15300730703656]}}, {"type": "Feature", "properties": {"osm_id": 13523324905, "name": "浦联名府东", "kind": "bus", "network": "", "operator": "", "route_ref": ""}, "geometry": {"type": "Point", "coordinates": [120.14894481039339, 30.154653998999418]}}, {"type": "Feature", "properties": {"osm_id": 13523324906, "name": "浦联名府东", "kind": "bus", "network": "", "operator": "", "route_ref": ""}, "geometry": {"type": "Point", "coordinates": [120.14933264082673, 30.154309569549262]}}, {"type": "Feature", "properties": {"osm_id": 13523324907, "name": "施家弄", "kind": "bus", "network": "", "operator": "", "route_ref": ""}, "geometry": {"type": "Point", "coordinates": [120.15111410507005, 30.155364619086452]}}, {"type": "Feature", "properties": {"osm_id": 13523324908, "name": "施家弄", "kind": "bus", "network": "", "operator": "", "route_ref": ""}, "geometry": {"type": "Point", "coordinates": [120.15104937284936, 30.155260221733904]}}, {"type": "Feature", "properties": {"osm_id": 13523324909, "name": "新浦路镇前路口", "kind": "bus", "network": "", "operator": "", "route_ref": ""}, "geometry": {"type": "Point", "coordinates": [120.15143449181171, 30.15610121676429]}}, {"type": "Feature", "properties": {"osm_id": 13523324910, "name": "新浦路镇前路口", "kind": "bus", "network": "", "operator": "", "route_ref": ""}, "geometry": {"type": "Point", "coordinates": [120.1514613340208, 30.156286978489995]}}, {"type": "Feature", "properties": {"osm_id": 13523324911, "name": "坂里虞", "kind": "bus", "network": "", "operator": "", "route_ref": ""}, "geometry": {"type": "Point", "coordinates": [120.15056319453403, 30.15761668845717]}}, {"type": "Feature", "properties": {"osm_id": 13523324912, "name": "坂里虞", "kind": "bus", "network": "", "operator": "", "route_ref": ""}, "geometry": {"type": "Point", "coordinates": [120.15038418506502, 30.157672180854934]}}, {"type": "Feature", "properties": {"osm_id": 13523324913, "name": "慧炬街西浦路口", "kind": "bus", "network": "", "operator": "", "route_ref": ""}, "geometry": {"type": "Point", "coordinates": [120.14899261407425, 30.1479102242596]}}, {"type": "Feature", "properties": {"osm_id": 13530606696, "name": "江晖路", "kind": "subway", "network": "杭州地铁", "operator": "杭州市地铁集团有限责任公司", "route_ref": ""}, "geometry": {"type": "Point", "coordinates": [120.2111509298125, 30.18043424989272]}}, {"type": "Feature", "properties": {"osm_id": 13530642419, "name": "甬江路", "kind": "subway", "network": "杭州地铁", "operator": "杭州地铁", "route_ref": ""}, "geometry": {"type": "Point", "coordinates": [120.18879449729684, 30.224691730674618]}}, {"type": "Feature", "properties": {"osm_id": 13530642425, "name": "江汉路", "kind": "subway", "network": "", "operator": "杭州市地铁集团有限责任公司", "route_ref": ""}, "geometry": {"type": "Point", "coordinates": [120.20537988130029, 30.201165232855207]}}, {"type": "Feature", "properties": {"osm_id": 13530649203, "name": "江南科学城", "kind": "subway", "network": "", "operator": "杭州市地铁集团有限责任公司", "route_ref": ""}, "geometry": {"type": "Point", "coordinates": [120.20062178904742, 30.16251959266508]}}, {"type": "Feature", "properties": {"osm_id": 13530649211, "name": "湘滨路", "kind": "subway", "network": "杭州地铁", "operator": "杭州市地铁集团有限责任公司", "route_ref": ""}, "geometry": {"type": "Point", "coordinates": [120.18503738667214, 30.143304152078308]}}, {"type": "Feature", "properties": {"osm_id": 13563625024, "name": "甘水巷", "kind": "bus", "network": "", "operator": "", "route_ref": ""}, "geometry": {"type": "Point", "coordinates": [120.1445835376348, 30.200668706367303]}}, {"type": "Feature", "properties": {"osm_id": 13563625034, "name": "白塔公园", "kind": "other", "network": "", "operator": "", "route_ref": ""}, "geometry": {"type": "Point", "coordinates": [120.14104906038993, 30.19982057496795]}}, {"type": "Feature", "properties": {"osm_id": 13563625035, "name": "白塔公园", "kind": "bus", "network": "", "operator": "", "route_ref": ""}, "geometry": {"type": "Point", "coordinates": [120.1410325064295, 30.19988260134504]}}, {"type": "Feature", "properties": {"osm_id": 13563625036, "name": "进龙桥", "kind": "bus", "network": "", "operator": "", "route_ref": ""}, "geometry": {"type": "Point", "coordinates": [120.1383212441458, 30.199544778312294]}}, {"type": "Feature", "properties": {"osm_id": 13563625037, "name": "进龙桥", "kind": "other", "network": "", "operator": "", "route_ref": ""}, "geometry": {"type": "Point", "coordinates": [120.13832143938082, 30.199493975442426]}}, {"type": "Feature", "properties": {"osm_id": 13563626947, "name": "大通桥河下", "kind": "other", "network": "", "operator": "", "route_ref": ""}, "geometry": {"type": "Point", "coordinates": [120.18285764662465, 30.23178033158164]}}, {"type": "Feature", "properties": {"osm_id": 13563626948, "name": "大通桥河下", "kind": "bus", "network": "", "operator": "", "route_ref": ""}, "geometry": {"type": "Point", "coordinates": [120.18280600225211, 30.231799429789028]}}, {"type": "Feature", "properties": {"osm_id": 13594369724, "name": "浦联", "kind": "subway", "network": "", "operator": "杭州地铁集团运营有限公司", "route_ref": "4"}, "geometry": {"type": "Point", "coordinates": [120.15548328291877, 30.148214078119572]}}, {"type": "Feature", "properties": {"osm_id": 13594369725, "name": "黄山", "kind": "subway", "network": "", "operator": "杭州地铁集团运营有限公司", "route_ref": "4"}, "geometry": {"type": "Point", "coordinates": [120.15854620119138, 30.14021723301916]}}, {"type": "Feature", "properties": {"osm_id": 13594804077, "name": "之江路六和塔", "kind": "bus", "network": "", "operator": "", "route_ref": ""}, "geometry": {"type": "Point", "coordinates": [120.13542554973667, 30.196663845069743]}}, {"type": "Feature", "properties": {"osm_id": 13594804078, "name": "之江路六和塔", "kind": "bus", "network": "", "operator": "", "route_ref": ""}, "geometry": {"type": "Point", "coordinates": [120.13525146160697, 30.196842569206783]}}, {"type": "Feature", "properties": {"osm_id": 13594804079, "name": "之江路六和塔", "kind": "other", "network": "", "operator": "", "route_ref": ""}, "geometry": {"type": "Point", "coordinates": [120.13521743151767, 30.19675380673293]}}, {"type": "Feature", "properties": {"osm_id": 13594804080, "name": "之江路六和塔", "kind": "other", "network": "", "operator": "", "route_ref": ""}, "geometry": {"type": "Point", "coordinates": [120.13545588604917, 30.196729410744847]}}, {"type": "Feature", "properties": {"osm_id": 13720354715, "name": "望江新园一园", "kind": "other", "network": "", "operator": "", "route_ref": ""}, "geometry": {"type": "Point", "coordinates": [120.18426236485925, 30.23537995852318]}}, {"type": "Feature", "properties": {"osm_id": 13720354716, "name": "望江新园一园", "kind": "other", "network": "", "operator": "", "route_ref": ""}, "geometry": {"type": "Point", "coordinates": [120.18370893796747, 30.235702716472026]}}, {"type": "Feature", "properties": {"osm_id": 13720374782, "name": "望江新园三园", "kind": "other", "network": "", "operator": "", "route_ref": ""}, "geometry": {"type": "Point", "coordinates": [120.18559800079798, 30.23655955540005]}}, {"type": "Feature", "properties": {"osm_id": 13720374783, "name": "望江新园三园", "kind": "other", "network": "", "operator": "", "route_ref": ""}, "geometry": {"type": "Point", "coordinates": [120.18541342868211, 30.236334482191857]}}, {"type": "Feature", "properties": {"osm_id": 13729101301, "name": "滨盛江虹总站", "kind": "bus", "network": "", "operator": "", "route_ref": ""}, "geometry": {"type": "Point", "coordinates": [120.19871091743963, 30.20449304469769]}}, {"type": "Feature", "properties": {"osm_id": 13729101306, "name": "滨盛江虹总站", "kind": "other", "network": "", "operator": "", "route_ref": ""}, "geometry": {"type": "Point", "coordinates": [120.19872318714764, 30.20453702621672]}}, {"type": "Feature", "properties": {"osm_id": 13737027070, "name": "浦沿", "kind": "other", "network": "", "operator": "", "route_ref": ""}, "geometry": {"type": "Point", "coordinates": [120.15384616296231, 30.15764614868064]}}, {"type": "Feature", "properties": {"osm_id": 13737027077, "name": "浦沿", "kind": "bus", "network": "", "operator": "", "route_ref": ""}, "geometry": {"type": "Point", "coordinates": [120.15378632697991, 30.15761474863932]}}, {"type": "Feature", "properties": {"osm_id": 13742637430, "name": "地铁星民站（C·D）", "kind": "bus", "network": "", "operator": "", "route_ref": ""}, "geometry": {"type": "Point", "coordinates": [120.22253670604023, 30.212658009349354]}}, {"type": "Feature", "properties": {"osm_id": 13742637431, "name": "地铁星民站（C·D）", "kind": "bus", "network": "", "operator": "", "route_ref": ""}, "geometry": {"type": "Point", "coordinates": [120.222101650809, 30.21189305596702]}}, {"type": "Feature", "properties": {"osm_id": 13742637718, "name": "西陵路南环路口", "kind": "bus", "network": "", "operator": "", "route_ref": ""}, "geometry": {"type": "Point", "coordinates": [120.22210963668564, 30.177935273166703]}}, {"type": "Feature", "properties": {"osm_id": 13742637719, "name": "西陵路南环路口", "kind": "other", "network": "", "operator": "", "route_ref": ""}, "geometry": {"type": "Point", "coordinates": [120.22201513626246, 30.177954481427996]}}, {"type": "Feature", "properties": {"osm_id": 13742637720, "name": "西陵路滨康路口", "kind": "bus", "network": "", "operator": "", "route_ref": ""}, "geometry": {"type": "Point", "coordinates": [120.22212622019998, 30.180585864182227]}}, {"type": "Feature", "properties": {"osm_id": 13742637721, "name": "西陵路滨康路口", "kind": "other", "network": "", "operator": "", "route_ref": ""}, "geometry": {"type": "Point", "coordinates": [120.22206834243782, 30.180598530479045]}}, {"type": "Feature", "properties": {"osm_id": 13754914697, "name": "江边", "kind": "bus", "network": "", "operator": "", "route_ref": ""}, "geometry": {"type": "Point", "coordinates": [120.19228692542703, 30.196724780994806]}}, {"type": "Feature", "properties": {"osm_id": 13754914698, "name": "江边", "kind": "other", "network": "", "operator": "", "route_ref": ""}, "geometry": {"type": "Point", "coordinates": [120.19232201897977, 30.19665981478772]}}, {"type": "Feature", "properties": {"osm_id": 13903511594, "name": "秋澜悦庭", "kind": "bus", "network": "", "operator": "", "route_ref": ""}, "geometry": {"type": "Point", "coordinates": [120.17891590664921, 30.22774507778546]}}, {"type": "Feature", "properties": {"osm_id": 13903511595, "name": "秋澜悦庭", "kind": "other", "network": "", "operator": "", "route_ref": ""}, "geometry": {"type": "Point", "coordinates": [120.17885199970078, 30.22775999953278]}}, {"type": "Feature", "properties": {"osm_id": 13926364375, "name": "化仙桥", "kind": "other", "network": "", "operator": "", "route_ref": ""}, "geometry": {"type": "Point", "coordinates": [120.15791425054226, 30.204893656136313]}}, {"type": "Feature", "properties": {"osm_id": 13926364376, "name": "化仙桥", "kind": "bus", "network": "", "operator": "", "route_ref": ""}, "geometry": {"type": "Point", "coordinates": [120.15793488827617, 30.20485531785301]}}, {"type": "Feature", "properties": {"osm_id": 13947321660, "name": "婺江家园一园", "kind": "bus", "network": "", "operator": "", "route_ref": ""}, "geometry": {"type": "Point", "coordinates": [120.19355255757904, 30.23595571469249]}}, {"type": "Feature", "properties": {"osm_id": 13947321665, "name": "婺江家园一园", "kind": "other", "network": "", "operator": "", "route_ref": ""}, "geometry": {"type": "Point", "coordinates": [120.19353411539575, 30.23601635189491]}}, {"type": "Feature", "properties": {"osm_id": 13959508286, "name": "滨盛路科宇巷口", "kind": "bus", "network": "", "operator": "", "route_ref": ""}, "geometry": {"type": "Point", "coordinates": [120.21695197179224, 30.21635116634299]}}, {"type": "Feature", "properties": {"osm_id": 13959508287, "name": "滨盛路科宇巷口", "kind": "bus", "network": "", "operator": "", "route_ref": ""}, "geometry": {"type": "Point", "coordinates": [120.21670844411796, 30.216565593652405]}}, {"type": "Feature", "properties": {"osm_id": 13959508288, "name": "滨盛路科宇巷口", "kind": "other", "network": "", "operator": "", "route_ref": ""}, "geometry": {"type": "Point", "coordinates": [120.2167862621362, 30.216510589703162]}}, {"type": "Feature", "properties": {"osm_id": 13959508289, "name": "滨盛路科宇巷口", "kind": "other", "network": "", "operator": "", "route_ref": ""}, "geometry": {"type": "Point", "coordinates": [120.21691675671332, 30.21640981525222]}}, {"type": "Feature", "properties": {"osm_id": 13961953393, "name": "岩大房", "kind": "other", "network": "", "operator": "", "route_ref": ""}, "geometry": {"type": "Point", "coordinates": [120.16743182729616, 30.16922979253805]}}, {"type": "Feature", "properties": {"osm_id": 13961953399, "name": "岩大房", "kind": "other", "network": "", "operator": "", "route_ref": ""}, "geometry": {"type": "Point", "coordinates": [120.16723502489462, 30.169380263756]}}, {"type": "Feature", "properties": {"osm_id": 13961953400, "name": "楼下里", "kind": "other", "network": "", "operator": "", "route_ref": ""}, "geometry": {"type": "Point", "coordinates": [120.16736002520014, 30.17142980812401]}}, {"type": "Feature", "properties": {"osm_id": 13974160009, "name": "海山", "kind": "bus", "network": "", "operator": "", "route_ref": ""}, "geometry": {"type": "Point", "coordinates": [120.20303486578847, 30.1551201829733]}}, {"type": "Feature", "properties": {"osm_id": 13974160010, "name": "海山", "kind": "other", "network": "", "operator": "", "route_ref": ""}, "geometry": {"type": "Point", "coordinates": [120.20309151907973, 30.155174892833248]}}, {"type": "Feature", "properties": {"osm_id": 13974160011, "name": "石漴弄", "kind": "bus", "network": "", "operator": "", "route_ref": ""}, "geometry": {"type": "Point", "coordinates": [120.20207399684183, 30.15336319623921]}}, {"type": "Feature", "properties": {"osm_id": 13974160012, "name": "石漴弄", "kind": "other", "network": "", "operator": "", "route_ref": ""}, "geometry": {"type": "Point", "coordinates": [120.20211637832492, 30.153309725115765]}}, {"type": "Feature", "properties": {"osm_id": 13992115449, "name": "进龙桥", "kind": "bus", "network": "", "operator": "", "route_ref": ""}, "geometry": {"type": "Point", "coordinates": [120.13843785897798, 30.19945571908182]}}, {"type": "Feature", "properties": {"osm_id": 13992115450, "name": "进龙桥", "kind": "other", "network": "", "operator": "", "route_ref": ""}, "geometry": {"type": "Point", "coordinates": [120.13843177726098, 30.19950052945927]}}, {"type": "Feature", "properties": {"osm_id": 13992115451, "name": "甘水巷", "kind": "other", "network": "", "operator": "", "route_ref": ""}, "geometry": {"type": "Point", "coordinates": [120.14460877154006, 30.20065316792186]}}, {"type": "Feature", "properties": {"osm_id": 13992115452, "name": "甘水巷", "kind": "bus", "network": "", "operator": "", "route_ref": ""}, "geometry": {"type": "Point", "coordinates": [120.14461894333266, 30.20062845146022]}}, {"type": "Feature", "properties": {"osm_id": 13992115453, "name": "白塔公园", "kind": "bus", "network": "", "operator": "", "route_ref": ""}, "geometry": {"type": "Point", "coordinates": [120.14044123657905, 30.199629911305525]}}, {"type": "Feature", "properties": {"osm_id": 13992115454, "name": "白塔公园", "kind": "other", "network": "", "operator": "", "route_ref": ""}, "geometry": {"type": "Point", "coordinates": [120.14042578163765, 30.199715737108885]}}, {"type": "Feature", "properties": {"osm_id": 14057769162, "name": "滨康路东", "kind": "other", "network": "", "operator": "", "route_ref": ""}, "geometry": {"type": "Point", "coordinates": [120.23041283219494, 30.182622531408114]}}, {"type": "Feature", "properties": {"osm_id": 14057769163, "name": "滨康路东", "kind": "other", "network": "", "operator": "", "route_ref": ""}, "geometry": {"type": "Point", "coordinates": [120.23093550635835, 30.182590381008367]}}, {"type": "Feature", "properties": {"osm_id": 14078552208, "name": "后河头", "kind": "other", "network": "", "operator": "", "route_ref": ""}, "geometry": {"type": "Point", "coordinates": [120.22537186713816, 30.187229432539183]}}, {"type": "Feature", "properties": {"osm_id": 14078552209, "name": "后河头", "kind": "bus", "network": "", "operator": "", "route_ref": ""}, "geometry": {"type": "Point", "coordinates": [120.2254345414797, 30.187204266660242]}}, {"type": "Feature", "properties": {"osm_id": 14078552210, "name": "后河头", "kind": "bus", "network": "", "operator": "", "route_ref": ""}, "geometry": {"type": "Point", "coordinates": [120.22550763508163, 30.187660612020682]}}, {"type": "Feature", "properties": {"osm_id": 14078552211, "name": "后河头", "kind": "other", "network": "", "operator": "", "route_ref": ""}, "geometry": {"type": "Point", "coordinates": [120.22562590107916, 30.187642089633528]}}, {"type": "Feature", "properties": {"osm_id": 14078552212, "name": "六眼井", "kind": "bus", "network": "", "operator": "", "route_ref": ""}, "geometry": {"type": "Point", "coordinates": [120.22461531237704, 30.188951302579436]}}, {"type": "Feature", "properties": {"osm_id": 14078552213, "name": "铁岭关", "kind": "other", "network": "", "operator": "", "route_ref": ""}, "geometry": {"type": "Point", "coordinates": [120.2181369136196, 30.188618684968073]}}, {"type": "Feature", "properties": {"osm_id": 14078552214, "name": "铁岭关", "kind": "other", "network": "", "operator": "", "route_ref": ""}, "geometry": {"type": "Point", "coordinates": [120.21798883033567, 30.188445062918966]}}, {"type": "Feature", "properties": {"osm_id": 14078552215, "name": "滨安路聚业路口", "kind": "other", "network": "", "operator": "", "route_ref": ""}, "geometry": {"type": "Point", "coordinates": [120.21443825685108, 30.186891033630644]}}, {"type": "Feature", "properties": {"osm_id": 14078552216, "name": "滨安路聚业路口", "kind": "other", "network": "", "operator": "", "route_ref": ""}, "geometry": {"type": "Point", "coordinates": [120.21468917818761, 30.187025100349885]}}, {"type": "Feature", "properties": {"osm_id": 14125257170, "name": "梵天寺路", "kind": "other", "network": "", "operator": "", "route_ref": ""}, "geometry": {"type": "Point", "coordinates": [120.1695037082814, 30.218795552902783]}}, {"type": "Feature", "properties": {"osm_id": 14125257171, "name": "梵天寺路", "kind": "bus", "network": "", "operator": "", "route_ref": ""}, "geometry": {"type": "Point", "coordinates": [120.16943042631401, 30.21878428936619]}}, {"type": "Feature", "properties": {"osm_id": 14125257172, "name": "梵天寺路", "kind": "bus", "network": "", "operator": "", "route_ref": ""}, "geometry": {"type": "Point", "coordinates": [120.16959451290018, 30.218509565125082]}}, {"type": "Feature", "properties": {"osm_id": 14125257173, "name": "梵天寺路", "kind": "other", "network": "", "operator": "", "route_ref": ""}, "geometry": {"type": "Point", "coordinates": [120.1695634056345, 30.218506723192668]}}, {"type": "Feature", "properties": {"osm_id": 14125275304, "name": "里太祖湾", "kind": "bus", "network": "", "operator": "", "route_ref": ""}, "geometry": {"type": "Point", "coordinates": [120.16613576697397, 30.214417453794876]}}, {"type": "Feature", "properties": {"osm_id": 14125275305, "name": "里太祖湾", "kind": "other", "network": "", "operator": "", "route_ref": ""}, "geometry": {"type": "Point", "coordinates": [120.16618282402521, 30.21437616433279]}}, {"type": "Feature", "properties": {"osm_id": 14125275306, "name": "里太祖湾", "kind": "bus", "network": "", "operator": "", "route_ref": ""}, "geometry": {"type": "Point", "coordinates": [120.16729228666841, 30.21504974840647]}}, {"type": "Feature", "properties": {"osm_id": 14125275309, "name": "大资福庙前", "kind": "bus", "network": "", "operator": "", "route_ref": ""}, "geometry": {"type": "Point", "coordinates": [120.16213142207005, 30.211648318182895]}}, {"type": "Feature", "properties": {"osm_id": 14125275310, "name": "大资福庙前", "kind": "other", "network": "", "operator": "", "route_ref": ""}, "geometry": {"type": "Point", "coordinates": [120.16220520066284, 30.211578780640618]}}, {"type": "Feature", "properties": {"osm_id": 14125275311, "name": "大资福庙前", "kind": "bus", "network": "", "operator": "", "route_ref": ""}, "geometry": {"type": "Point", "coordinates": [120.16315416439467, 30.212080587286458]}}, {"type": "Feature", "properties": {"osm_id": 14125275312, "name": "复兴城市家园", "kind": "bus", "network": "", "operator": "", "route_ref": ""}, "geometry": {"type": "Point", "coordinates": [120.1561191605131, 30.208479578508086]}}, {"type": "Feature", "properties": {"osm_id": 14125275313, "name": "复兴城市家园", "kind": "other", "network": "", "operator": "", "route_ref": ""}, "geometry": {"type": "Point", "coordinates": [120.1560833564645, 30.208415936720332]}}, {"type": "Feature", "properties": {"osm_id": 14125275314, "name": "复兴城市家园", "kind": "bus", "network": "", "operator": "", "route_ref": ""}, "geometry": {"type": "Point", "coordinates": [120.15608464862022, 30.20836623169352]}}, {"type": "Feature", "properties": {"osm_id": 14125275320, "name": "八卦田", "kind": "other", "network": "", "operator": "", "route_ref": ""}, "geometry": {"type": "Point", "coordinates": [120.15221432519289, 30.20799026138166]}}, {"type": "Feature", "properties": {"osm_id": 14125275321, "name": "八卦田", "kind": "other", "network": "", "operator": "", "route_ref": ""}, "geometry": {"type": "Point", "coordinates": [120.15181860694096, 30.207916211676455]}}, {"type": "Feature", "properties": {"osm_id": 14125275326, "name": "笤帚湾", "kind": "other", "network": "", "operator": "", "route_ref": ""}, "geometry": {"type": "Point", "coordinates": [120.16919155065085, 30.220103818882304]}}, {"type": "Feature", "properties": {"osm_id": 14125275340, "name": "孙家里", "kind": "bus", "network": "", "operator": "", "route_ref": ""}, "geometry": {"type": "Point", "coordinates": [120.18948635240123, 30.142716826213587]}}, {"type": "Feature", "properties": {"osm_id": 14125275341, "name": "孙家里", "kind": "bus", "network": "", "operator": "", "route_ref": ""}, "geometry": {"type": "Point", "coordinates": [120.18995577878253, 30.142644468522395]}}, {"type": "Feature", "properties": {"osm_id": 14125275344, "name": "孙家里", "kind": "other", "network": "", "operator": "", "route_ref": ""}, "geometry": {"type": "Point", "coordinates": [120.18993773635755, 30.14270540297968]}}, {"type": "Feature", "properties": {"osm_id": 14125275345, "name": "孙家里", "kind": "other", "network": "", "operator": "", "route_ref": ""}, "geometry": {"type": "Point", "coordinates": [120.18953510498665, 30.142653635563548]}}, {"type": "Feature", "properties": {"osm_id": 14125275376, "name": "张家里", "kind": "bus", "network": "", "operator": "", "route_ref": ""}, "geometry": {"type": "Point", "coordinates": [120.18758623292231, 30.141725986192153]}}, {"type": "Feature", "properties": {"osm_id": 14125275379, "name": "新紫光集团", "kind": "bus", "network": "", "operator": "", "route_ref": ""}, "geometry": {"type": "Point", "coordinates": [120.19371807831702, 30.143249115596657]}}, {"type": "Feature", "properties": {"osm_id": 14125275380, "name": "新紫光集团", "kind": "other", "network": "", "operator": "", "route_ref": ""}, "geometry": {"type": "Point", "coordinates": [120.19378558938453, 30.143295196956846]}}, {"type": "Feature", "properties": {"osm_id": 14125275381, "name": "张家村", "kind": "other", "network": "", "operator": "", "route_ref": ""}, "geometry": {"type": "Point", "coordinates": [120.19765362568192, 30.143885953356985]}}, {"type": "Feature", "properties": {"osm_id": 14125275382, "name": "张家村", "kind": "bus", "network": "", "operator": "", "route_ref": ""}, "geometry": {"type": "Point", "coordinates": [120.19770916647082, 30.14383145649297]}}, {"type": "Feature", "properties": {"osm_id": 14125275392, "name": "滨兴路阡陌路口", "kind": "bus", "network": "", "operator": "", "route_ref": ""}, "geometry": {"type": "Point", "coordinates": [120.22511419755408, 30.194772155706858]}}, {"type": "Feature", "properties": {"osm_id": 14125275393, "name": "滨兴路阡陌路口", "kind": "other", "network": "", "operator": "", "route_ref": ""}, "geometry": {"type": "Point", "coordinates": [120.22510592069398, 30.194853868345405]}}, {"type": "Feature", "properties": {"osm_id": 14125275394, "name": "协同桥", "kind": "bus", "network": "", "operator": "", "route_ref": ""}, "geometry": {"type": "Point", "coordinates": [120.22744077342796, 30.19096073470769]}}, {"type": "Feature", "properties": {"osm_id": 14125275395, "name": "协同桥", "kind": "bus", "network": "", "operator": "", "route_ref": ""}, "geometry": {"type": "Point", "coordinates": [120.22733849889134, 30.191344351894898]}}, {"type": "Feature", "properties": {"osm_id": 14125275396, "name": "协同桥", "kind": "other", "network": "", "operator": "", "route_ref": ""}, "geometry": {"type": "Point", "coordinates": [120.22739768735691, 30.191353294941567]}}, {"type": "Feature", "properties": {"osm_id": 14125275397, "name": "西兴老街", "kind": "bus", "network": "", "operator": "", "route_ref": ""}, "geometry": {"type": "Point", "coordinates": [120.22628022772122, 30.188897382756892]}}, {"type": "Feature", "properties": {"osm_id": 14125275398, "name": "西兴老街", "kind": "other", "network": "", "operator": "", "route_ref": ""}, "geometry": {"type": "Point", "coordinates": [120.22637174944504, 30.18888509036709]}}, {"type": "Feature", "properties": {"osm_id": 14125275399, "name": "西兴老街", "kind": "bus", "network": "", "operator": "", "route_ref": ""}, "geometry": {"type": "Point", "coordinates": [120.22654772571227, 30.189082123663425]}}, {"type": "Feature", "properties": {"osm_id": 14125275404, "name": "固陵路北", "kind": "other", "network": "", "operator": "", "route_ref": ""}, "geometry": {"type": "Point", "coordinates": [120.22671072965814, 30.19416040276048]}}, {"type": "Feature", "properties": {"osm_id": 14125275411, "name": "固陵路北", "kind": "bus", "network": "", "operator": "", "route_ref": ""}, "geometry": {"type": "Point", "coordinates": [120.2267628311182, 30.194179352104808]}}, {"type": "Feature", "properties": {"osm_id": 14125275412, "name": "新联路江汉东路口", "kind": "other", "network": "", "operator": "", "route_ref": ""}, "geometry": {"type": "Point", "coordinates": [120.22622573485584, 30.19863741058823]}}, {"type": "Feature", "properties": {"osm_id": 14125275413, "name": "新联路江汉东路口", "kind": "bus", "network": "", "operator": "", "route_ref": ""}, "geometry": {"type": "Point", "coordinates": [120.22613181685696, 30.198631904982015]}}, {"type": "Feature", "properties": {"osm_id": 14144283012, "name": "方六丈", "kind": "bus", "network": "", "operator": "", "route_ref": ""}, "geometry": {"type": "Point", "coordinates": [120.16950051374648, 30.171043400578878]}}, {"type": "Feature", "properties": {"osm_id": 14144283013, "name": "方六丈", "kind": "other", "network": "", "operator": "", "route_ref": ""}, "geometry": {"type": "Point", "coordinates": [120.169536998366, 30.17096702939971]}}, {"type": "Feature", "properties": {"osm_id": 14144283014, "name": "何家里", "kind": "other", "network": "", "operator": "", "route_ref": ""}, "geometry": {"type": "Point", "coordinates": [120.1691661621028, 30.169252859464653]}}, {"type": "Feature", "properties": {"osm_id": 14144283015, "name": "何家里", "kind": "bus", "network": "", "operator": "", "route_ref": ""}, "geometry": {"type": "Point", "coordinates": [120.16910005624854, 30.16921508168606]}}, {"type": "Feature", "properties": {"osm_id": 14144283016, "name": "冠新佳苑西区", "kind": "other", "network": "", "operator": "", "route_ref": ""}, "geometry": {"type": "Point", "coordinates": [120.17013999776373, 30.168598911587726]}}, {"type": "Feature", "properties": {"osm_id": 14144283017, "name": "冠新佳苑西区", "kind": "bus", "network": "", "operator": "", "route_ref": ""}, "geometry": {"type": "Point", "coordinates": [120.1701613301321, 30.168553069901808]}}, {"type": "Feature", "properties": {"osm_id": 14144283018, "name": "三十二房", "kind": "other", "network": "", "operator": "", "route_ref": ""}, "geometry": {"type": "Point", "coordinates": [120.17255850621102, 30.168041242430277]}}, {"type": "Feature", "properties": {"osm_id": 14144283019, "name": "三十二房", "kind": "other", "network": "", "operator": "", "route_ref": ""}, "geometry": {"type": "Point", "coordinates": [120.17256957136577, 30.168021520850765]}}, {"type": "Feature", "properties": {"osm_id": 14144283020, "name": "赵家里", "kind": "bus", "network": "", "operator": "", "route_ref": ""}, "geometry": {"type": "Point", "coordinates": [120.17347922203177, 30.166594753126134]}}, {"type": "Feature", "properties": {"osm_id": 14144283021, "name": "赵家里", "kind": "bus", "network": "", "operator": "", "route_ref": ""}, "geometry": {"type": "Point", "coordinates": [120.17339296859275, 30.166446810682803]}}, {"type": "Feature", "properties": {"osm_id": 14144283022, "name": "赵家里", "kind": "other", "network": "", "operator": "", "route_ref": ""}, "geometry": {"type": "Point", "coordinates": [120.17339766491713, 30.16657140626368]}}, {"type": "Feature", "properties": {"osm_id": 14144283023, "name": "赵家里", "kind": "other", "network": "", "operator": "", "route_ref": ""}, "geometry": {"type": "Point", "coordinates": [120.17345179466383, 30.166478700764955]}}, {"type": "Feature", "properties": {"osm_id": 14144283024, "name": "破塘缺", "kind": "bus", "network": "", "operator": "", "route_ref": ""}, "geometry": {"type": "Point", "coordinates": [120.17490561413955, 30.16630664775423]}}, {"type": "Feature", "properties": {"osm_id": 14144283025, "name": "破塘缺", "kind": "bus", "network": "", "operator": "", "route_ref": ""}, "geometry": {"type": "Point", "coordinates": [120.17496764299135, 30.166488336954068]}}, {"type": "Feature", "properties": {"osm_id": 14144283026, "name": "破塘缺", "kind": "other", "network": "", "operator": "", "route_ref": ""}, "geometry": {"type": "Point", "coordinates": [120.1748815917253, 30.166371495481165]}}, {"type": "Feature", "properties": {"osm_id": 14144283027, "name": "破塘缺", "kind": "other", "network": "", "operator": "", "route_ref": ""}, "geometry": {"type": "Point", "coordinates": [120.17501070791138, 30.16642005309415]}}, {"type": "Feature", "properties": {"osm_id": 14144283029, "name": "山秀景苑西", "kind": "other", "network": "", "operator": "", "route_ref": ""}, "geometry": {"type": "Point", "coordinates": [120.17706321447073, 30.163695775369497]}}, {"type": "Feature", "properties": {"osm_id": 14144283030, "name": "山秀景苑西", "kind": "other", "network": "", "operator": "", "route_ref": ""}, "geometry": {"type": "Point", "coordinates": [120.17713746088037, 30.16332932231639]}}, {"type": "Feature", "properties": {"osm_id": 14144283031, "name": "博研桥", "kind": "bus", "network": "", "operator": "", "route_ref": ""}, "geometry": {"type": "Point", "coordinates": [120.17767622238235, 30.161883754125906]}}, {"type": "Feature", "properties": {"osm_id": 14144283032, "name": "博研桥", "kind": "other", "network": "", "operator": "", "route_ref": ""}, "geometry": {"type": "Point", "coordinates": [120.17766933958993, 30.161842365745837]}}, {"type": "Feature", "properties": {"osm_id": 14144283033, "name": "硅谷小学", "kind": "bus", "network": "", "operator": "", "route_ref": ""}, "geometry": {"type": "Point", "coordinates": [120.17638404302957, 30.161165074139756]}}, {"type": "Feature", "properties": {"osm_id": 14144283034, "name": "硅谷小学", "kind": "other", "network": "", "operator": "", "route_ref": ""}, "geometry": {"type": "Point", "coordinates": [120.17647776177289, 30.161168196959967]}}, {"type": "Feature", "properties": {"osm_id": 14144283035, "name": "孔家峧", "kind": "other", "network": "", "operator": "", "route_ref": ""}, "geometry": {"type": "Point", "coordinates": [120.17839002265771, 30.160000341703732]}}, {"type": "Feature", "properties": {"osm_id": 14144283036, "name": "孔家峧", "kind": "bus", "network": "", "operator": "", "route_ref": ""}, "geometry": {"type": "Point", "coordinates": [120.1783781543317, 30.159953162582976]}}, {"type": "Feature", "properties": {"osm_id": 14144283100, "name": "永久桥", "kind": "other", "network": "", "operator": "", "route_ref": ""}, "geometry": {"type": "Point", "coordinates": [120.16727391746177, 30.18378727040078]}}, {"type": "Feature", "properties": {"osm_id": 14144283123, "name": "楼下里", "kind": "other", "network": "", "operator": "", "route_ref": ""}, "geometry": {"type": "Point", "coordinates": [120.16719945840481, 30.172097531754602]}}, {"type": "Feature", "properties": {"osm_id": 14144283124, "name": "火炬大道滨安路口", "kind": "other", "network": "", "operator": "", "route_ref": ""}, "geometry": {"type": "Point", "coordinates": [120.16747272148358, 30.182536546871326]}}]}