{"type": "FeatureCollection", "_meta": {"source": "OpenStreetMap (Overpass API)", "coord_system": "GCJ-02 (高德), 由 WGS84 转换", "feature_count": 1252}, "features": [{"type": "Feature", "properties": {"osm_id": 113467424, "name": "贺田尚城", "kind": "landuse"}, "geometry": {"type": "Polygon", "coordinates": [[[120.13832833452857, 30.180722891591458], [120.13838761743195, 30.181006324922276], [120.13831630565082, 30.181225428684648], [120.13825207268015, 30.18139482085844], [120.13853041792403, 30.18148835556453], [120.13771149831068, 30.183118705248557], [120.13726223821435, 30.184106532318232], [120.13678792449184, 30.18503188325601], [120.13548330253302, 30.184673311804694], [120.13507931876163, 30.184631708709], [120.13369667714205, 30.18408495358019], [120.13410189257661, 30.18312072888615], [120.13452516661876, 30.182215980169342], [120.13490652202825, 30.181225273948343], [120.13476530931038, 30.180847030419685], [120.13471878594522, 30.180511473007336], [120.13498198053654, 30.18039154654411], [120.13832833452857, 30.180722891591458]]]}}, {"type": "Feature", "properties": {"osm_id": 113467436, "name": "长江小区", "kind": "landuse"}, "geometry": {"type": "Polygon", "coordinates": [[[120.18543036533237, 30.17743695664701], [120.18543277304653, 30.18121500883186], [120.18795025038882, 30.18122325057924], [120.18771651881549, 30.177403922533912], [120.18543036533237, 30.17743695664701]]]}}, {"type": "Feature", "properties": {"osm_id": 113467524, "name": "钱江湾花园", "kind": "landuse"}, "geometry": {"type": "Polygon", "coordinates": [[[120.13455480472976, 30.179910747131743], [120.13406130785549, 30.179868239788835], [120.13162462653808, 30.17965835301616], [120.13131379990355, 30.176214759201542], [120.13459989274784, 30.17624374307944], [120.13455480472976, 30.179910747131743]]]}}, {"type": "Feature", "properties": {"osm_id": 113467561, "name": "", "kind": "landuse"}, "geometry": {"type": "Polygon", "coordinates": [[[120.1851849653017, 30.183113651281936], [120.18500108463991, 30.184005332524137], [120.18626095651841, 30.184005290810664], [120.18638133057205, 30.18315893087717], [120.1851849653017, 30.183113651281936]]]}}, {"type": "Feature", "properties": {"osm_id": 113467562, "name": "之江花园", "kind": "landuse"}, "geometry": {"type": "Polygon", "coordinates": [[[120.15236663643314, 30.188196904140586], [120.15224663866195, 30.191418852959902], [120.15203822108914, 30.19152470316457], [120.15014177802288, 30.191312995120178], [120.14986951025126, 30.191265032244345], [120.1496226694173, 30.191183725433763], [120.1496949820658, 30.188903403065382], [120.15236663643314, 30.188196904140586]]]}}, {"type": "Feature", "properties": {"osm_id": 173434451, "name": "钱塘帝景", "kind": "landuse"}, "geometry": {"type": "Polygon", "coordinates": [[[120.16862587684068, 30.190759368169097], [120.17132300450596, 30.191853464615537], [120.17047430307109, 30.19372724931622], [120.16763180133417, 30.192705913074406], [120.16862587684068, 30.190759368169097]]]}}, {"type": "Feature", "properties": {"osm_id": 337620164, "name": "滨兴家园", "kind": "landuse"}, "geometry": {"type": "Polygon", "coordinates": [[[120.1917941458225, 30.19311438911779], [120.19441439132896, 30.193799248561973], [120.1946292700932, 30.193677363382818], [120.19503555345403, 30.19171175367958], [120.19478324777276, 30.191452385327462], [120.19224827821348, 30.191212382090132], [120.1917505641522, 30.19302436323888], [120.1917941458225, 30.19311438911779]]]}}, {"type": "Feature", "properties": {"osm_id": 337801223, "name": "白金海岸", "kind": "landuse"}, "geometry": {"type": "Polygon", "coordinates": [[[120.18642600318388, 30.203609037979785], [120.18706243722733, 30.202540603324415], [120.18730589342907, 30.201017673417248], [120.18746820868174, 30.200931769461505], [120.18758116474895, 30.200790853834043], [120.188406847299, 30.200868838977826], [120.19092541378276, 30.2021841159617], [120.18922060862701, 30.204981667664594], [120.18642600318388, 30.203609037979785]]]}}, {"type": "Feature", "properties": {"osm_id": 337801224, "name": "同人春江时代", "kind": "landuse"}, "geometry": {"type": "Polygon", "coordinates": [[[120.18959562569064, 30.205123190540437], [120.19116252723748, 30.205794181831237], [120.19312480045946, 30.202524781447757], [120.19163492547436, 30.20176581246728], [120.19115428166884, 30.202557221796013], [120.18959562569064, 30.205123190540437]]]}}, {"type": "Feature", "properties": {"osm_id": 337801228, "name": "锦绣江南", "kind": "landuse"}, "geometry": {"type": "Polygon", "coordinates": [[[120.18471259837251, 30.202687774032324], [120.18623914466345, 30.20348497765886], [120.18692005219921, 30.20248576357305], [120.18709830396718, 30.201009656311523], [120.18692499781439, 30.200808566082234], [120.18549581424273, 30.200740812776065], [120.18534415169837, 30.201799450448807], [120.18471259837251, 30.202687774032324]]]}}, {"type": "Feature", "properties": {"osm_id": 337801229, "name": "半岛国际", "kind": "landuse"}, "geometry": {"type": "Polygon", "coordinates": [[[120.19207622912722, 30.201492504032846], [120.19513371742624, 30.203049353109648], [120.19529383968558, 30.202758056511982], [120.19595636529695, 30.201522632156543], [120.19667264098639, 30.20020261755007], [120.1967045413342, 30.200080455918382], [120.19669226931966, 30.200002873166675], [120.19661269011371, 30.19997230956379], [120.19649083411605, 30.199993922154537], [120.19618739177209, 30.20004585242681], [120.195153026016, 30.20020156919425], [120.19269343749261, 30.20010762510557], [120.19200052647834, 30.201241026869305], [120.19207622912722, 30.201492504032846]]]}}, {"type": "Feature", "properties": {"osm_id": 337801235, "name": "滨兴小区西区", "kind": "landuse"}, "geometry": {"type": "Polygon", "coordinates": [[[120.19769977397075, 30.19303888671702], [120.20018912955042, 30.193393080337383], [120.20030249598805, 30.19190291903433], [120.19788614415047, 30.19170320301523], [120.19769977397075, 30.19303888671702]]]}}, {"type": "Feature", "properties": {"osm_id": 337801236, "name": "滨兴西苑", "kind": "landuse"}, "geometry": {"type": "Polygon", "coordinates": [[[120.19538076533293, 30.192789899237763], [120.19746772156869, 30.193044985968356], [120.19766525939941, 30.191704782165274], [120.1966428121472, 30.191623443098575], [120.19631772329483, 30.191597606393888], [120.19583468070778, 30.19155914632621], [120.19559955505758, 30.19168606333774], [120.19538076533293, 30.192789899237763]]]}}, {"type": "Feature", "properties": {"osm_id": 337801237, "name": "滨兴北苑", "kind": "landuse"}, "geometry": {"type": "Polygon", "coordinates": [[[120.19513766112121, 30.19408348838625], [120.19710795422316, 30.1945789807225], [120.19735106431274, 30.193250296762], [120.19535645397254, 30.193028853355003], [120.19513766112121, 30.19408348838625]]]}}, {"type": "Feature", "properties": {"osm_id": 337801238, "name": "滨兴东苑", "kind": "landuse"}, "geometry": {"type": "Polygon", "coordinates": [[[120.2003351905279, 30.195325530290457], [120.20218412671414, 30.195933899436177], [120.2023624425134, 30.195877304817714], [120.20245154182422, 30.193930463556487], [120.20048105868386, 30.193715807720682], [120.2003351905279, 30.195325530290457]]]}}, {"type": "Feature", "properties": {"osm_id": 337801239, "name": "滨兴小区东区", "kind": "landuse"}, "geometry": {"type": "Polygon", "coordinates": [[[120.20054585682085, 30.19341358490771], [120.2024676763742, 30.193663424238462], [120.20255681193201, 30.192152206055678], [120.20242705031666, 30.192032912166642], [120.20064306875818, 30.191930451577978], [120.20054585682085, 30.19341358490771]]]}}, {"type": "Feature", "properties": {"osm_id": 337812811, "name": "保利天汇", "kind": "landuse"}, "geometry": {"type": "Polygon", "coordinates": [[[120.19723033213145, 30.183980678744575], [120.19959088953698, 30.18398655282242], [120.19962834536953, 30.18228321596506], [120.19962333773012, 30.18202521335655], [120.19877352063061, 30.182517872746274], [120.19778456712953, 30.182548863131217], [120.19744511528569, 30.182571547543716], [120.19742119105403, 30.18267989339662], [120.19739796460317, 30.18278483791585], [120.19731185602596, 30.183398712832183], [120.19723033213145, 30.183980678744575]]]}}, {"type": "Feature", "properties": {"osm_id": 338339386, "name": "南岸 晶都花园", "kind": "landuse"}, "geometry": {"type": "Polygon", "coordinates": [[[120.19348610220541, 30.181312726647704], [120.1961860417276, 30.181336774659524], [120.19645566532623, 30.181117296498886], [120.19653155637971, 30.178758766224153], [120.19621482040019, 30.178441803720848], [120.19375749545026, 30.17853252824384], [120.19349077837123, 30.17878011243155], [120.19348610220541, 30.181312726647704]]]}}, {"type": "Feature", "properties": {"osm_id": 338477434, "name": "仁苑", "kind": "landuse"}, "geometry": {"type": "Polygon", "coordinates": [[[120.17853247215483, 30.19444077157094], [120.17973587447447, 30.192189189800864], [120.17742632107269, 30.191183206452504], [120.17701472255634, 30.191961621858788], [120.17711305164191, 30.192254349830698], [120.1764127604529, 30.193507434721262], [120.17673081650143, 30.193647439869125], [120.17853247215483, 30.19444077157094]]]}}, {"type": "Feature", "properties": {"osm_id": 338998241, "name": "江虹小区", "kind": "landuse"}, "geometry": {"type": "Polygon", "coordinates": [[[120.19877507110384, 30.19884453793111], [120.19852934690218, 30.198793153455505], [120.19912189135225, 30.19737467478568], [120.19966038353253, 30.19706514961877], [120.19991524691501, 30.196616098361837], [120.20014914056573, 30.19582356641953], [120.20231132545706, 30.196426915773188], [120.20222674750994, 30.19756811151467], [120.202093922355, 30.197776939730325], [120.19877507110384, 30.19884453793111]]]}}, {"type": "Feature", "properties": {"osm_id": 338998242, "name": "龙湖春江郦城", "kind": "landuse"}, "geometry": {"type": "Polygon", "coordinates": [[[120.20583337330461, 30.199652842796397], [120.2064156320219, 30.19807665522824], [120.20628325510775, 30.197839748732058], [120.20528423599599, 30.197598199794015], [120.20449973277053, 30.19803996465793], [120.20350792090007, 30.198785191664772], [120.20278628439667, 30.199239483567734], [120.20230652303879, 30.19986079818696], [120.20272122247407, 30.200009629182308], [120.2030654029215, 30.200022270750804], [120.20583337330461, 30.199652842796397]]]}}, {"type": "Feature", "properties": {"osm_id": 342431207, "name": "春波小区", "kind": "landuse"}, "geometry": {"type": "Polygon", "coordinates": [[[120.21293211374835, 30.192648973441987], [120.2138224118588, 30.19293695540666], [120.21429477716116, 30.192732100407415], [120.21482551590036, 30.192565474617503], [120.21546790816802, 30.192446510254364], [120.21799043141696, 30.1921396338151], [120.21789231423001, 30.190479178786276], [120.21767799005615, 30.190414846558888], [120.21654107876697, 30.190545510797868], [120.21327018613614, 30.190014778563732], [120.2122789244696, 30.190659795819208], [120.21321946629617, 30.191938339607685], [120.21293211374835, 30.192648973441987]]]}}, {"type": "Feature", "properties": {"osm_id": 342431208, "name": "春波南苑", "kind": "landuse"}, "geometry": {"type": "Polygon", "coordinates": [[[120.21354052973535, 30.189879398379137], [120.21620562363961, 30.190255234323114], [120.21775249399454, 30.19006763603828], [120.21773382328502, 30.18991425249503], [120.21710752977556, 30.189827946230846], [120.21748207024581, 30.187250349441683], [120.21501263978277, 30.187253575743046], [120.21493800622306, 30.18715677146703], [120.21140665215498, 30.18708097212381], [120.21122032401955, 30.187266848158867], [120.21122038790944, 30.188041983327107], [120.21358697379179, 30.188119353105485], [120.21354052973535, 30.189879398379137]]]}}, {"type": "Feature", "properties": {"osm_id": 342431209, "name": "迎春南苑", "kind": "landuse"}, "geometry": {"type": "Polygon", "coordinates": [[[120.21926209721839, 30.19437416573634], [120.2233742776542, 30.19444810096276], [120.22360349136152, 30.194230839735592], [120.22358360408658, 30.192678286275996], [120.21924660166557, 30.192802608486762], [120.21926209721839, 30.19437416573634]]]}}, {"type": "Feature", "properties": {"osm_id": 342431210, "name": "迎春小区", "kind": "landuse"}, "geometry": {"type": "Polygon", "coordinates": [[[120.21879681135813, 30.196670050522492], [120.22291635434563, 30.197302948252815], [120.22299088262099, 30.197084954557027], [120.2232052334985, 30.196987812710443], [120.22361539408062, 30.19698736323012], [120.22367113025143, 30.195162811792883], [120.21896440554056, 30.195022962297596], [120.21879681135813, 30.196670050522492]]]}}, {"type": "Feature", "properties": {"osm_id": 342431211, "name": "迎春东苑", "kind": "landuse"}, "geometry": {"type": "Polygon", "coordinates": [[[120.22109826624803, 30.199710141781793], [120.22332423490752, 30.199969533846907], [120.22342652020548, 30.19990591835648], [120.22358855507593, 30.1982776577155], [120.22297460798616, 30.198199528964], [120.22281712098703, 30.198050596482908], [120.22227514092124, 30.19797340094963], [120.2223150417019, 30.19777994604705], [120.22121185402904, 30.19764150374737], [120.22109826624803, 30.199710141781793]]]}}, {"type": "Feature", "properties": {"osm_id": 358934902, "name": "中兴花园百合苑", "kind": "landuse"}, "geometry": {"type": "Polygon", "coordinates": [[[120.20073666940772, 30.205863009693868], [120.20224495020146, 30.206633561658727], [120.20402874774288, 30.203721413791303], [120.20253655905485, 30.20292268331369], [120.20110960025455, 30.20520185372018], [120.20073666940772, 30.205863009693868]]]}}, {"type": "Feature", "properties": {"osm_id": 358934903, "name": "中兴花园", "kind": "landuse"}, "geometry": {"type": "Polygon", "coordinates": [[[120.20269914121069, 30.20675922710376], [120.20516450458186, 30.20792183883853], [120.2054239860937, 30.207443603306764], [120.20599160000758, 30.207358309394646], [120.2065592987714, 30.206992006692573], [120.20686746774166, 30.20655590651883], [120.20712694797506, 30.205923072455434], [120.2070132888917, 30.20530481320363], [120.20652671886944, 30.205010448055535], [120.20438561952815, 30.20390355331941], [120.20363968689138, 30.20501500852723], [120.20269914121069, 30.20675922710376]]]}}, {"type": "Feature", "properties": {"osm_id": 392184895, "name": "富汇豪庭", "kind": "landuse"}, "geometry": {"type": "Polygon", "coordinates": [[[120.13500400311126, 30.18006660598799], [120.13655385837032, 30.180186174241047], [120.1366919370407, 30.18017839786634], [120.13669643907106, 30.179144349224895], [120.1348691291311, 30.179128432191153], [120.1348828669102, 30.17994184908766], [120.13500400311126, 30.18006660598799]]]}}, {"type": "Feature", "properties": {"osm_id": 392184896, "name": "超级星期天", "kind": "landuse"}, "geometry": {"type": "Polygon", "coordinates": [[[120.13487172069422, 30.17909802777129], [120.13670950738192, 30.179128931895935], [120.13672002373218, 30.178429389731082], [120.13487854825453, 30.17842479179073], [120.13487172069422, 30.17909802777129]]]}}, {"type": "Feature", "properties": {"osm_id": 392592153, "name": "滨康小区", "kind": "landuse"}, "geometry": {"type": "Polygon", "coordinates": [[[120.20801184820239, 30.18129522678024], [120.2104559146661, 30.181302593562677], [120.21074527947451, 30.181057762483462], [120.21082363952831, 30.17928137451989], [120.20745809426437, 30.179278284807904], [120.20748214931442, 30.180688106975623], [120.20787554492759, 30.180687307839943], [120.2079253217485, 30.180730834119874], [120.20790697368425, 30.18079386462009], [120.20791884889935, 30.180859849382347], [120.2080029445327, 30.18097692679813], [120.20801184820239, 30.18129522678024]]]}}, {"type": "Feature", "properties": {"osm_id": 395935964, "name": "东方郡西区", "kind": "landuse"}, "geometry": {"type": "Polygon", "coordinates": [[[120.21081056331927, 30.19854018241061], [120.21072446424093, 30.198401900185402], [120.21076124140902, 30.19680396606702], [120.21096202768503, 30.19657326387713], [120.21234924518922, 30.196601884770438], [120.21245060050376, 30.196606242188004], [120.21459688884093, 30.196643082679465], [120.2144665675202, 30.19751780300876], [120.21441132820634, 30.197888696663668], [120.21425308901917, 30.198950765777866], [120.21081056331927, 30.19854018241061]]]}}, {"type": "Feature", "properties": {"osm_id": 395935965, "name": "江南豪园", "kind": "landuse"}, "geometry": {"type": "Polygon", "coordinates": [[[120.21233253601955, 30.205682484433616], [120.21221730090664, 30.205510937751697], [120.20959394745786, 30.20414475744552], [120.21005488813711, 30.202816907326774], [120.21024227793158, 30.20227710411256], [120.21049734340895, 30.202247430259092], [120.21080509594398, 30.202400391311023], [120.2113601548957, 30.202676905598725], [120.21257465334138, 30.203290813963545], [120.2126143592295, 30.203310859293147], [120.21271990929145, 30.203364214164417], [120.21358976253222, 30.203803829159355], [120.21363875796148, 30.203949869538548], [120.21333150747921, 30.205364270633424], [120.21325469331386, 30.205390978550028], [120.21310865746624, 30.205566991000516], [120.21233253601955, 30.205682484433616]]]}}, {"type": "Feature", "properties": {"osm_id": 395935966, "name": "钱塘春晓花园", "kind": "landuse"}, "geometry": {"type": "Polygon", "coordinates": [[[120.21656533202612, 30.207615656032996], [120.21608124205054, 30.207610187210893], [120.21489404685308, 30.206994528756898], [120.21462257171333, 30.206853686648774], [120.21447131685917, 30.206726584215705], [120.21445205835461, 30.206680107736307], [120.21433640792301, 30.206402649304884], [120.21422116749365, 30.20625289775638], [120.21402530959622, 30.20599825088751], [120.2137248989242, 30.20571524708524], [120.21365723432133, 30.205406323225663], [120.21389695661914, 30.204096022800808], [120.2140567700472, 30.203999898994653], [120.21677413054388, 30.204891035311064], [120.21669101488357, 30.206039605675823], [120.21666330977371, 30.206423162705835], [120.21656533202612, 30.207615656032996]]]}}, {"type": "Feature", "properties": {"osm_id": 395935967, "name": "温馨人家", "kind": "landuse"}, "geometry": {"type": "Polygon", "coordinates": [[[120.21405673494012, 30.203573876105075], [120.21412437671795, 30.203595584944154], [120.21566461327909, 30.204090242391352], [120.21596462805809, 30.20418665203445], [120.21675373980608, 30.204440137169367], [120.2168971170902, 30.20448615463333], [120.21717965500912, 30.201812248655926], [120.21549520680715, 30.201677838128898], [120.21429011891588, 30.201581752102104], [120.21428483511616, 30.20162696166762], [120.21417277869106, 30.202583264829492], [120.21416919210628, 30.202643072899587], [120.21414705984766, 30.202829913023024], [120.2141167511859, 30.20306816707954], [120.21409461850297, 30.203249406977214], [120.21405673494012, 30.203573876105075]]]}}, {"type": "Feature", "properties": {"osm_id": 395935968, "name": "瑞立中央花城", "kind": "landuse"}, "geometry": {"type": "Polygon", "coordinates": [[[120.21431473620609, 30.20128340295367], [120.21590633338108, 30.201410980737275], [120.21719200243001, 30.201514017130407], [120.21738851030685, 30.199724272781125], [120.21456050882928, 30.199482976104214], [120.21431473620609, 30.20128340295367]]]}}, {"type": "Feature", "properties": {"osm_id": 395935969, "name": "东方郡东区", "kind": "landuse"}, "geometry": {"type": "Polygon", "coordinates": [[[120.21476658634077, 30.19901377384145], [120.21604123943926, 30.19919448825838], [120.21613424616619, 30.19823461724837], [120.21751141346203, 30.198275442031978], [120.21763421998823, 30.196858514535645], [120.21497191296035, 30.19667917953976], [120.21488212806491, 30.19674100318169], [120.2147781503643, 30.19769519109479], [120.2147598063941, 30.19785302379385], [120.21463408431109, 30.19885744453488], [120.21476658634077, 30.19901377384145]]]}}, {"type": "Feature", "properties": {"osm_id": 404697035, "name": "香溢", "kind": "landuse"}, "geometry": {"type": "Polygon", "coordinates": [[[120.1786718767084, 30.197107740318664], [120.18004242151423, 30.197763485379784], [120.18110929354862, 30.1961620939594], [120.17964900508923, 30.19542341082476], [120.1786718767084, 30.197107740318664]]]}}, {"type": "Feature", "properties": {"osm_id": 404697036, "name": "国美家园", "kind": "landuse"}, "geometry": {"type": "Polygon", "coordinates": [[[120.17785834160459, 30.198574552467292], [120.17832577235464, 30.197787528749487], [120.17920089016306, 30.198311501767904], [120.17873804267276, 30.19907591522632], [120.17873345704461, 30.199083224266346], [120.17785834160459, 30.198574552467292]]]}}, {"type": "Feature", "properties": {"osm_id": 420014202, "name": "滨江人才公寓", "kind": "landuse"}, "geometry": {"type": "Polygon", "coordinates": [[[120.2241243013929, 30.197474837406645], [120.22590316933616, 30.197500479203853], [120.22590467479183, 30.196387421801738], [120.22588481550234, 30.19519558289094], [120.2242502572496, 30.195167187351394], [120.22401793453471, 30.195265241510086], [120.2239900663573, 30.19739547778579], [120.2241243013929, 30.197474837406645]]]}}, {"type": "Feature", "properties": {"osm_id": 443568401, "name": "国信嘉园", "kind": "landuse"}, "geometry": {"type": "Polygon", "coordinates": [[[120.15916814417643, 30.18935986501667], [120.16127129492905, 30.189828331145694], [120.16106875389833, 30.1918494902771], [120.16229758004214, 30.191946178211957], [120.16372906478455, 30.190526807525796], [120.1638303457905, 30.190274010662407], [120.16403297590912, 30.189394999275972], [120.16409636628687, 30.189120370590178], [120.15929467065837, 30.188063681183856], [120.15916814417643, 30.18935986501667]]]}}, {"type": "Feature", "properties": {"osm_id": 443568403, "name": "银色港湾公寓", "kind": "landuse"}, "geometry": {"type": "Polygon", "coordinates": [[[120.1559502330206, 30.187047485427506], [120.1568620511735, 30.187079508644015], [120.15881320740226, 30.187482407054638], [120.1589070482701, 30.186420393327108], [120.15880752906293, 30.186357166396057], [120.15772481614471, 30.186172062675446], [120.15589100121915, 30.185869534700863], [120.1559502330206, 30.187047485427506]]]}}, {"type": "Feature", "properties": {"osm_id": 443568769, "name": "碧水豪园", "kind": "landuse"}, "geometry": {"type": "Polygon", "coordinates": [[[120.14808630978821, 30.185586311415776], [120.14754515293244, 30.184499811414966], [120.14723661529169, 30.183878864790202], [120.14728405881525, 30.183507474911483], [120.1484537721839, 30.18251489800755], [120.14924709296332, 30.18185440882932], [120.14955666296254, 30.181886514502096], [120.15063062575314, 30.183889865656173], [120.14808630978821, 30.185586311415776]]]}}, {"type": "Feature", "properties": {"osm_id": 475888007, "name": "官河锦庭", "kind": "landuse"}, "geometry": {"type": "Polygon", "coordinates": [[[120.2220792769885, 30.184939605179697], [120.22374843121821, 30.18493895049099], [120.22418377925197, 30.182872090774534], [120.2241855472262, 30.182526273985804], [120.22351470861655, 30.18252209969872], [120.22352054741201, 30.181923367668965], [120.22226394024362, 30.18189686366386], [120.22219268999258, 30.181907644797533], [120.22214918817087, 30.181995097864448], [120.22220782644034, 30.183949015796568], [120.22218580645942, 30.18436175881682], [120.2220792769885, 30.184939605179697]]]}}, {"type": "Feature", "properties": {"osm_id": 485660511, "name": "赛丽绿城丽园", "kind": "landuse"}, "geometry": {"type": "Polygon", "coordinates": [[[120.17152436830078, 30.229629969166606], [120.17097687437108, 30.228022689044582], [120.17188513386984, 30.227811866166235], [120.1721088583579, 30.227759941296426], [120.17253327643299, 30.227661434822192], [120.17302703159345, 30.22930181520441], [120.17253063104192, 30.22941025882627], [120.17216782614624, 30.22948524771378], [120.17169485390112, 30.229592045719503], [120.17152436830078, 30.229629969166606]]]}}, {"type": "Feature", "properties": {"osm_id": 485885869, "name": "南星公寓", "kind": "landuse"}, "geometry": {"type": "Polygon", "coordinates": [[[120.17392210709308, 30.222909899842307], [120.17405404044806, 30.22207189663702], [120.17415707596146, 30.2214169600783], [120.17462926385207, 30.221499273017482], [120.17476445949522, 30.22152281897052], [120.17553881383324, 30.22250031753156], [120.17497523391211, 30.222811103255623], [120.17471523078225, 30.22299480665169], [120.17462151201744, 30.22298958345898], [120.17431532949837, 30.222957460024652], [120.17407823936321, 30.22292660598597], [120.17392210709308, 30.222909899842307]]]}}, {"type": "Feature", "properties": {"osm_id": 485885871, "name": "凤山花苑", "kind": "landuse"}, "geometry": {"type": "Polygon", "coordinates": [[[120.17234894517485, 30.22546153519453], [120.17190597290329, 30.22544586865181], [120.17163438512338, 30.225418578124664], [120.17189059516734, 30.225161378805232], [120.17227112744695, 30.224850441504106], [120.17238657266013, 30.224750917393894], [120.17246293858636, 30.224692669624762], [120.17258177508926, 30.224611440259313], [120.17281385996823, 30.22439188820477], [120.17290497634123, 30.224271908479793], [120.17298881472487, 30.224154042608326], [120.173385825962, 30.224196196158978], [120.17331257306283, 30.22451925559734], [120.1732852682634, 30.22467661746752], [120.17317208380913, 30.225578590596303], [120.17298614005134, 30.225553039747087], [120.17249640473267, 30.22548675892422], [120.17234894517485, 30.22546153519453]]]}}, {"type": "Feature", "properties": {"osm_id": 487755132, "name": "南都江滨花园", "kind": "landuse"}, "geometry": {"type": "Polygon", "coordinates": [[[120.1592414850685, 30.18760205448746], [120.15924555175084, 30.187345235637984], [120.15940933922533, 30.185675070172024], [120.16172924174231, 30.18602843292076], [120.161773595988, 30.185832944158538], [120.16178346358113, 30.185789724422854], [120.16254485489505, 30.18597145476908], [120.1637394741692, 30.186240592251348], [120.16390021250172, 30.186370904358167], [120.16331141597807, 30.188438172659726], [120.1592414850685, 30.18760205448746]]]}}, {"type": "Feature", "properties": {"osm_id": 487755141, "name": "通策广场", "kind": "landuse"}, "geometry": {"type": "Polygon", "coordinates": [[[120.1624793293134, 30.18576606444785], [120.16290404209876, 30.184052717881777], [120.16417415738132, 30.184596424445314], [120.16425621885813, 30.184633375789872], [120.1652318776827, 30.18507280350891], [120.16481431575758, 30.18632522707999], [120.1624793293134, 30.18576606444785]]]}}, {"type": "Feature", "properties": {"osm_id": 487756649, "name": "盛庐小区", "kind": "landuse"}, "geometry": {"type": "Polygon", "coordinates": [[[120.17516885051528, 30.19293485975457], [120.17586246206177, 30.19169028852568], [120.17691473317609, 30.192083916817374], [120.17697526413524, 30.192237109630824], [120.17632351936297, 30.19339689818231], [120.17516885051528, 30.19293485975457]]]}}, {"type": "Feature", "properties": {"osm_id": 489071252, "name": "万科璞悦湾", "kind": "landuse"}, "geometry": {"type": "Polygon", "coordinates": [[[120.13594053979287, 30.17149900432497], [120.13585991341546, 30.17136150019485], [120.13607903418632, 30.170472291759882], [120.13646765832966, 30.169550466113456], [120.13700363732602, 30.168671548671284], [120.138893718892, 30.16930418861297], [120.13828327998382, 30.1705348474914], [120.13775155733109, 30.171930399704294], [120.13594053979287, 30.17149900432497]]]}}, {"type": "Feature", "properties": {"osm_id": 489071254, "name": "浙新小区-东区", "kind": "landuse"}, "geometry": {"type": "Polygon", "coordinates": [[[120.140505379297, 30.17242770822533], [120.14150204973579, 30.170353135436645], [120.14496330043588, 30.17153993605536], [120.14416672435729, 30.173673305286712], [120.140505379297, 30.17242770822533]]]}}, {"type": "Feature", "properties": {"osm_id": 489071255, "name": "江南文苑", "kind": "landuse"}, "geometry": {"type": "Polygon", "coordinates": [[[120.14201482333849, 30.169736684740855], [120.14242023130821, 30.168801170013886], [120.14568070891895, 30.169928092968696], [120.14514548357748, 30.17098334130133], [120.142233798135, 30.16998948119381], [120.14201482333849, 30.169736684740855]]]}}, {"type": "Feature", "properties": {"osm_id": 501114223, "name": "滨文苑", "kind": "landuse"}, "geometry": {"type": "Polygon", "coordinates": [[[120.1654139361743, 30.17311577400112], [120.16707391540942, 30.17309950325518], [120.16699274530828, 30.170580858167888], [120.16613738268497, 30.170582442491703], [120.16605134859167, 30.170714206450953], [120.16541389469792, 30.17261995500813], [120.1654139361743, 30.17311577400112]]]}}, {"type": "Feature", "properties": {"osm_id": 501114226, "name": "滨文苑", "kind": "landuse"}, "geometry": {"type": "Polygon", "coordinates": [[[120.16478110645083, 30.1731335388761], [120.16478106962599, 30.172693422008408], [120.16485872553278, 30.172514872499956], [120.16403104344501, 30.17226658059344], [120.16390592697057, 30.172451216476222], [120.16390907638552, 30.173150237578927], [120.16478110645083, 30.1731335388761]]]}}, {"type": "Feature", "properties": {"osm_id": 505097813, "name": "倾城之恋", "kind": "landuse"}, "geometry": {"type": "Polygon", "coordinates": [[[120.20983602363842, 30.20149245887375], [120.21006284318743, 30.19888489014096], [120.20998173453506, 30.19875850273667], [120.2070051937036, 30.197863433765665], [120.20689977078054, 30.197933899610458], [120.2065160405446, 30.19889994159359], [120.2064570054837, 30.19904874070076], [120.20614567674565, 30.19983246476025], [120.2072864768768, 30.200345629452734], [120.207581033742, 30.200478086128506], [120.20797085387532, 30.200653402469065], [120.20808397032057, 30.20070433376113], [120.20983602363842, 30.20149245887375]]]}}, {"type": "Feature", "properties": {"osm_id": 513119883, "name": "", "kind": "landuse"}, "geometry": {"type": "Polygon", "coordinates": [[[120.17603777553119, 30.232785968444865], [120.17663125650931, 30.232368016394386], [120.17676876215484, 30.232594272252193], [120.17665536778891, 30.233367941516672], [120.17657740629556, 30.233417692516756], [120.17603777553119, 30.232785968444865]]]}}, {"type": "Feature", "properties": {"osm_id": 513119884, "name": "响水坝弄小区", "kind": "landuse"}, "geometry": {"type": "Polygon", "coordinates": [[[120.17540107772693, 30.233837747283083], [120.17519018588303, 30.233529524104895], [120.17498058844066, 30.233201197065952], [120.17541685914932, 30.232988857108673], [120.17557717348502, 30.232944450794513], [120.17603724586019, 30.233606427647643], [120.17615489817315, 30.23367801021295], [120.17637426278417, 30.233965015759562], [120.17646550099757, 30.23411395382559], [120.17576443769154, 30.234462204779184], [120.17540107772693, 30.233837747283083]]]}}, {"type": "Feature", "properties": {"osm_id": 513224050, "name": "金狮苑小区", "kind": "landuse"}, "geometry": {"type": "Polygon", "coordinates": [[[120.17354605188999, 30.233824351840124], [120.17442832444804, 30.236493477887347], [120.17468869851406, 30.237169835305696], [120.17568078302179, 30.23677543059279], [120.17575505724261, 30.23674578795251], [120.17572972987838, 30.2367039327916], [120.17564756169102, 30.236522374922586], [120.17553518214605, 30.23631477230493], [120.17541891640266, 30.236132478895343], [120.17553765465709, 30.236075450202758], [120.1753468033541, 30.235776389386192], [120.17589264041764, 30.235514138105774], [120.17610509305531, 30.23541062878343], [120.17474331406457, 30.233348956103413], [120.17354605188999, 30.233824351840124]]]}}, {"type": "Feature", "properties": {"osm_id": 513240694, "name": "望江新园一园", "kind": "landuse"}, "geometry": {"type": "Polygon", "coordinates": [[[120.18292021539125, 30.236032217809385], [120.18256662960682, 30.235546345916607], [120.18186930807933, 30.23430156623526], [120.18239052425845, 30.233979163809824], [120.18289267044487, 30.23451165960393], [120.18256506600007, 30.234729589910003], [120.18303231344368, 30.235222148921725], [120.18395960432693, 30.23465237182659], [120.18302918393864, 30.23356093568214], [120.18404810284457, 30.232997388319816], [120.18511711137431, 30.233992464643148], [120.18521411864062, 30.233931079638943], [120.18612547266176, 30.233354744961527], [120.1865050826902, 30.23373186816769], [120.18669872880133, 30.233943224745005], [120.18292021539125, 30.236032217809385]]]}}, {"type": "Feature", "properties": {"osm_id": 513240696, "name": "金都华府", "kind": "landuse"}, "geometry": {"type": "Polygon", "coordinates": [[[120.17713168390098, 30.23035512935683], [120.1772277879656, 30.22907565957869], [120.1772919083459, 30.228037267614937], [120.17729189101546, 30.227829653592373], [120.17729472885898, 30.22718910502562], [120.17719037227543, 30.226351046252613], [120.17684391931638, 30.22642130623215], [120.17698256480244, 30.227163693733765], [120.17596971750726, 30.227263516239812], [120.17594288532844, 30.227110256684686], [120.17529514482102, 30.22725759159439], [120.17521468820382, 30.227275844957685], [120.17480993608251, 30.22764863532017], [120.17498145268426, 30.228032337023755], [120.17539867689275, 30.228967911784338], [120.17575178833741, 30.229838603715184], [120.17605522915356, 30.23047127348588], [120.17713168390098, 30.23035512935683]]]}}, {"type": "Feature", "properties": {"osm_id": 513240699, "name": "新工新村", "kind": "landuse"}, "geometry": {"type": "Polygon", "coordinates": [[[120.17620703900714, 30.221709702923736], [120.17680474885893, 30.221785077162473], [120.17746246114149, 30.221649324501012], [120.17769946521696, 30.221841488602614], [120.17772748394962, 30.221876137839594], [120.17793319433117, 30.222214070556163], [120.17827549539021, 30.222561145767862], [120.17845875369706, 30.222663305968517], [120.17807780283523, 30.22272573011138], [120.17826488968537, 30.2233074140941], [120.1776658898301, 30.223320047433173], [120.17754295935089, 30.223322580066494], [120.1772737613537, 30.22324118389484], [120.17685819959746, 30.223115361733733], [120.1765557942974, 30.22294622278742], [120.1763790170052, 30.22284325050895], [120.17629625634542, 30.222730799788277], [120.17618567174796, 30.222527895871067], [120.17607200140584, 30.222384401634418], [120.17615753884519, 30.222319335656117], [120.17616978708696, 30.222140901020747], [120.17617416864853, 30.2220779886942], [120.17620703900714, 30.221709702923736]]]}}, {"type": "Feature", "properties": {"osm_id": 513240700, "name": "直箭道巷", "kind": "landuse"}, "geometry": {"type": "Polygon", "coordinates": [[[120.17103016047577, 30.229759707481783], [120.17101620053475, 30.229738632269562], [120.17093123205518, 30.229463973078932], [120.17063863100681, 30.228541159647083], [120.17058825019971, 30.228163828608583], [120.17058743508285, 30.227954615962837], [120.17059709130454, 30.227777485851522], [120.17069199262163, 30.227604695978112], [120.17073755506347, 30.227591509517058], [120.17093157050398, 30.22755084228505], [120.17105519761475, 30.227521107938866], [120.17155299743784, 30.227424565223604], [120.17165498946615, 30.227398971559495], [120.1723770101685, 30.22724080102894], [120.17241012039699, 30.22735524632654], [120.17253327643299, 30.227661434822192], [120.1721088583579, 30.227759941296426], [120.17188513386984, 30.227811866166235], [120.17097687437108, 30.228022689044582], [120.17151639731938, 30.229690988359096], [120.17103016047577, 30.229759707481783]]]}}, {"type": "Feature", "properties": {"osm_id": 513249642, "name": "袁井巷小区", "kind": "landuse"}, "geometry": {"type": "Polygon", "coordinates": [[[120.171721089476, 30.234529443057554], [120.1717354497696, 30.234569518902422], [120.17205237476973, 30.235471787159707], [120.1721630618982, 30.235701195265964], [120.17225022213667, 30.23596094989921], [120.1730176977645, 30.235718585245046], [120.17311303372753, 30.235984224652064], [120.17319191742534, 30.236230093686498], [120.17208686248824, 30.23655870120925], [120.17201166751973, 30.236313424947955], [120.17191922401828, 30.236065080962284], [120.17182308751104, 30.23576844043319], [120.17155281056797, 30.234725473840786], [120.17151910312607, 30.234624029976814], [120.17151162389128, 30.234604242628354], [120.171721089476, 30.234529443057554]]]}}, {"type": "Feature", "properties": {"osm_id": 513344461, "name": "上羊市街社区", "kind": "landuse"}, "geometry": {"type": "Polygon", "coordinates": [[[120.17340243348357, 30.23680723850296], [120.17357435706953, 30.237285148990384], [120.17362601332836, 30.23742176150418], [120.17449697711181, 30.23719739968941], [120.1744724384723, 30.237049535210865], [120.17430539994851, 30.236565515434165], [120.17340243348357, 30.23680723850296]]]}}, {"type": "Feature", "properties": {"osm_id": 513344464, "name": "鼓楼花园", "kind": "landuse"}, "geometry": {"type": "Polygon", "coordinates": [[[120.17226577334884, 30.237127605794658], [120.17208686248824, 30.23655870120925], [120.17319191742534, 30.236230093686498], [120.17337481403274, 30.23677838852624], [120.17226577334884, 30.237127605794658]]]}}, {"type": "Feature", "properties": {"osm_id": 513344466, "name": "望江公寓", "kind": "landuse"}, "geometry": {"type": "Polygon", "coordinates": [[[120.17575505724261, 30.23674578795251], [120.17672361284289, 30.236354727420892], [120.1764759251598, 30.235970167927313], [120.17610509305531, 30.23541062878343], [120.17589264041764, 30.235514138105774], [120.1761997574833, 30.235995592143894], [120.17553518214605, 30.23631477230493], [120.17564756169102, 30.236522374922586], [120.17572972987838, 30.2367039327916], [120.17575505724261, 30.23674578795251]]]}}, {"type": "Feature", "properties": {"osm_id": 513344467, "name": "陆家河头小区", "kind": "landuse"}, "geometry": {"type": "Polygon", "coordinates": [[[120.17802961365288, 30.237850367347306], [120.1786821291983, 30.237552412021294], [120.17812662433657, 30.236680797984576], [120.17789898148476, 30.23636260513133], [120.17724158165618, 30.236660170032692], [120.17802961365288, 30.237850367347306]]]}}, {"type": "Feature", "properties": {"osm_id": 514359622, "name": "永昌坝小区", "kind": "landuse"}, "geometry": {"type": "Polygon", "coordinates": [[[120.17720934728291, 30.231510762827885], [120.17690127024667, 30.231476143104246], [120.17677294719653, 30.23256586233176], [120.17665536778891, 30.233367941516672], [120.1766500894604, 30.233437256426654], [120.17666095858087, 30.23345863738776], [120.17698339768042, 30.23355693449601], [120.17702163855472, 30.233029224699408], [120.17705152074424, 30.23269484452896], [120.17709327610416, 30.23246614941742], [120.17715733902418, 30.231934090836425], [120.17720934728291, 30.231510762827885]]]}}, {"type": "Feature", "properties": {"osm_id": 514450567, "name": "通江桥高层小区", "kind": "landuse"}, "geometry": {"type": "Polygon", "coordinates": [[[120.17116987845876, 30.232579941319475], [120.1711659181328, 30.232911272172007], [120.17119364720187, 30.233056330305914], [120.17131952514856, 30.233714640362635], [120.17146605017713, 30.234480819514722], [120.17151910312607, 30.234624029976814], [120.171721089476, 30.234529443057554], [120.17202147905715, 30.234418069463132], [120.17230791067402, 30.23431202223765], [120.17248367731358, 30.234242685997597], [120.17243491414908, 30.234129069785144], [120.17233718837969, 30.233901637722827], [120.17228224255679, 30.23377383215003], [120.17185443474021, 30.233876545303836], [120.17176877341565, 30.23365889106262], [120.1717527161325, 30.233594016671752], [120.17172069273927, 30.23336236048164], [120.17161897679095, 30.233112234179625], [120.17161577437824, 30.232969030063384], [120.17152271838262, 30.232551575677366], [120.17116987845876, 30.232579941319475]]]}}, {"type": "Feature", "properties": {"osm_id": 514553826, "name": "彩霞岭社区", "kind": "landuse"}, "geometry": {"type": "Polygon", "coordinates": [[[120.17116987845876, 30.232579941319475], [120.1711740372001, 30.232236809332004], [120.17122196057372, 30.231843591617952], [120.17171038899389, 30.231757566689286], [120.17165580778077, 30.231222432033977], [120.1723320745715, 30.23116985472038], [120.17240994166791, 30.231179308625087], [120.17253828596117, 30.23153129125856], [120.17216511683678, 30.231661603647645], [120.17239398403751, 30.232305617572084], [120.1730130157872, 30.232188842042248], [120.1729449965456, 30.23190865068871], [120.17337798889754, 30.23182252758204], [120.17344747084486, 30.231711188623677], [120.1739092709946, 30.23156310624398], [120.1743946058106, 30.23267646753751], [120.17443509068094, 30.232754596549462], [120.17392364244793, 30.23293047528225], [120.17409615266688, 30.233271773596996], [120.17418609914635, 30.233472017889696], [120.17420175405825, 30.23349538997385], [120.17243491414908, 30.234129069785144], [120.17233718837969, 30.233901637722827], [120.17228224255679, 30.23377383215003], [120.17185443474021, 30.233876545303836], [120.17176877341565, 30.23365889106262], [120.1717527161325, 30.233594016671752], [120.17172069273927, 30.23336236048164], [120.17161897679095, 30.233112234179625], [120.17161577437824, 30.232969030063384], [120.17159412981295, 30.232856162811014], [120.17157348647267, 30.23279369724202], [120.17150616810905, 30.23255280690426], [120.17116987845876, 30.232579941319475]]]}}, {"type": "Feature", "properties": {"osm_id": 514553827, "name": "中山御庭", "kind": "landuse"}, "geometry": {"type": "Polygon", "coordinates": [[[120.17239398403751, 30.232305617572084], [120.17229854794056, 30.232037178560933], [120.17216511683678, 30.231661603647645], [120.17261725121418, 30.231558644294424], [120.17335532734488, 30.231469245638763], [120.17344747084486, 30.231711188623677], [120.17337798889754, 30.23182252758204], [120.1729449965456, 30.23190865068871], [120.1730130157872, 30.232188842042248], [120.17239398403751, 30.232305617572084]]]}}, {"type": "Feature", "properties": {"osm_id": 516731993, "name": "黄公厂弄小区", "kind": "landuse"}, "geometry": {"type": "Polygon", "coordinates": [[[120.17415595466639, 30.230667877897567], [120.17410110781805, 30.230528671866807], [120.17402552942778, 30.230463010096145], [120.17397796185901, 30.23033769127926], [120.17439021307513, 30.230219604229003], [120.17480595390796, 30.230105110550728], [120.17471192284944, 30.22994167702474], [120.17471939579346, 30.229886859121955], [120.17468198416115, 30.229599510068436], [120.17483710738527, 30.229474108228157], [120.17508845918307, 30.229561739049142], [120.17505637447341, 30.22978661517348], [120.1752569716306, 30.22978853601945], [120.17544683773464, 30.23022850732826], [120.17529171630932, 30.230374810778386], [120.17532114686314, 30.230601870852894], [120.17531656267245, 30.23062608120002], [120.17508616251907, 30.230712522844147], [120.17465697172541, 30.230940450035774], [120.17432409257118, 30.23118329604294], [120.17407943814669, 30.231306566884093], [120.17391090487284, 30.230832952271413], [120.17418766679675, 30.230756524134296], [120.17415595466639, 30.230667877897567]]]}}, {"type": "Feature", "properties": {"osm_id": 516731994, "name": "上水陆寺巷小区", "kind": "landuse"}, "geometry": {"type": "Polygon", "coordinates": [[[120.17422094566675, 30.231697526856152], [120.17452931253914, 30.231621838841615], [120.17435671745035, 30.23145685347971], [120.17448851051098, 30.231327595396618], [120.17476578959229, 30.23147678172878], [120.17525159823963, 30.231106737443803], [120.17533773338408, 30.231036069648926], [120.17527261967426, 30.230923284929315], [120.17519056516217, 30.230909239106655], [120.17515695498972, 30.230775493364693], [120.17552803355221, 30.230704786759226], [120.1755615440196, 30.23083853267257], [120.17563643028089, 30.23097440049395], [120.1756700395623, 30.231097545501832], [120.1753713426679, 30.231159214669482], [120.17535809097869, 30.231260346777578], [120.17560738461862, 30.23177431126357], [120.17559403426529, 30.231887844468886], [120.17558608960623, 30.232263285864516], [120.17556865444992, 30.232411629280957], [120.17550585383657, 30.23253805695689], [120.17542969861815, 30.23272711431696], [120.17537486560367, 30.232752719816432], [120.17543908622538, 30.232916009919904], [120.17493562179195, 30.233179480537206], [120.17462500481174, 30.232575024944023], [120.17422094566675, 30.231697526856152]]]}}, {"type": "Feature", "properties": {"osm_id": 516732002, "name": "平安里小区", "kind": "landuse"}, "geometry": {"type": "Polygon", "coordinates": [[[120.17357273847423, 30.229849922891997], [120.1732623941923, 30.22893744614856], [120.1730622217355, 30.22805936414354], [120.17393089875506, 30.22789791326006], [120.17403919332506, 30.228136224838014], [120.17416673360911, 30.228417102959813], [120.17425707877373, 30.228615945791326], [120.17389517482611, 30.22871783642528], [120.17398442997593, 30.228996286838385], [120.17409140772699, 30.228986884106362], [120.17409898977013, 30.2290444737188], [120.17420060653292, 30.22930849980753], [120.17407229601827, 30.229355045411122], [120.17418997423032, 30.22973494917695], [120.17362418456511, 30.22985762628544], [120.17357273847423, 30.229849922891997]]]}}, {"type": "Feature", "properties": {"osm_id": 516732018, "name": "候潮公寓", "kind": "landuse"}, "geometry": {"type": "Polygon", "coordinates": [[[120.17306601000648, 30.22805515671079], [120.17308173741638, 30.227752706568968], [120.17309388797024, 30.227598173206726], [120.1731954712169, 30.22745887212414], [120.1734040191558, 30.227152557891692], [120.173601911454, 30.226994573676812], [120.1740560437914, 30.226956313413098], [120.17476693430564, 30.228471672385957], [120.17425707877373, 30.228615945791326], [120.17393089875506, 30.22789791326006], [120.17306601000648, 30.22805515671079]]]}}, {"type": "Feature", "properties": {"osm_id": 516746481, "name": "城南家园", "kind": "landuse"}, "geometry": {"type": "Polygon", "coordinates": [[[120.17470879563322, 30.2247314321112], [120.17473550525285, 30.22461087369985], [120.17485532354037, 30.22435333030335], [120.17490047968715, 30.224256338583853], [120.17642521225527, 30.224444667400558], [120.17693856271858, 30.225559469886615], [120.17722585161542, 30.226183267960348], [120.17710661303515, 30.22622039595772], [120.17671848532054, 30.226290134735837], [120.17580185436063, 30.226454679503448], [120.17573575406065, 30.226466605316087], [120.17506079511055, 30.226611191340723], [120.17499898202115, 30.226624409091915], [120.17497943348593, 30.22653734022784], [120.17492816847452, 30.226309321920787], [120.17439327727122, 30.226322833847615], [120.1743345538787, 30.226324344917284], [120.1742756992951, 30.225949031130956], [120.17435056613728, 30.225851583186106], [120.17443071049907, 30.225675220027895], [120.17464461592566, 30.2250583749542], [120.17476891638134, 30.224748719603177], [120.17470879563322, 30.2247314321112]]]}}, {"type": "Feature", "properties": {"osm_id": 516753064, "name": "江枫苑", "kind": "landuse"}, "geometry": {"type": "Polygon", "coordinates": [[[120.1764695758225, 30.224407781066525], [120.17490515850938, 30.224171424180994], [120.17504351320676, 30.22382003965712], [120.17506284063957, 30.22364729185843], [120.17512972773913, 30.22350585618967], [120.17528743672014, 30.223303344828274], [120.17532173162505, 30.223279378422813], [120.1754547185597, 30.22312041663261], [120.17557734013658, 30.22300307713892], [120.17576606979486, 30.22296691786329], [120.17597207749414, 30.223288649075734], [120.17638131410186, 30.224085226897955], [120.1764695758225, 30.224407781066525]]]}}, {"type": "Feature", "properties": {"osm_id": 516754420, "name": "铁路营房", "kind": "landuse"}, "geometry": {"type": "Polygon", "coordinates": [[[120.17496635002595, 30.222684711889748], [120.17503594723215, 30.222761085238105], [120.17533811812899, 30.222512497847163], [120.17542097255613, 30.222554043844916], [120.17551249147806, 30.22248266617389], [120.17483097064803, 30.221654801671992], [120.17474332424474, 30.221537459857476], [120.17462926385207, 30.221499273017482], [120.17459459015365, 30.22176295540653], [120.17484593817633, 30.221804182932992], [120.1748352729566, 30.221836705176987], [120.17489140713599, 30.221871301273552], [120.17482731609336, 30.222066134925527], [120.17511615467565, 30.22214669402188], [120.17505725212526, 30.222390221046894], [120.17517759271443, 30.222417795286567], [120.17515048555009, 30.22255335527377], [120.17496635002595, 30.222684711889748]]]}}, {"type": "Feature", "properties": {"osm_id": 516789189, "name": "二凉亭小区", "kind": "landuse"}, "geometry": {"type": "Polygon", "coordinates": [[[120.17826488968537, 30.2233074140941], [120.17809774352338, 30.222732592855664], [120.1785009270582, 30.22266302624294], [120.17871201470925, 30.22291784379468], [120.17885380767875, 30.223139590237075], [120.17826488968537, 30.2233074140941]]]}}, {"type": "Feature", "properties": {"osm_id": 516789190, "name": "柴校坊", "kind": "landuse"}, "geometry": {"type": "Polygon", "coordinates": [[[120.17587948245556, 30.222412567581824], [120.17586342486302, 30.222342593449433], [120.17586033304332, 30.222329298441906], [120.17579171422352, 30.222029808985173], [120.17581860232258, 30.221658734366915], [120.17584001326935, 30.22136387504642], [120.17586192217557, 30.221062514421828], [120.17587885174561, 30.22082916758185], [120.17588034555503, 30.220808863468495], [120.17590404704742, 30.22048329802069], [120.17590922549296, 30.220411783705323], [120.1759011329273, 30.220210086277177], [120.17633652334679, 30.220199362071114], [120.1763968507315, 30.220303354522002], [120.1769624209529, 30.22113923771291], [120.17746375605384, 30.221635021137764], [120.17680474885893, 30.221785077162473], [120.17620703900714, 30.221709702923736], [120.17617416864853, 30.2220779886942], [120.17616978708696, 30.222140901020747], [120.17615753884519, 30.222319335656117], [120.17607200140584, 30.222384401634418], [120.17587948245556, 30.222412567581824]]]}}, {"type": "Feature", "properties": {"osm_id": 517067508, "name": "南瓦坊", "kind": "landuse"}, "geometry": {"type": "Polygon", "coordinates": [[[120.17538408713612, 30.221404439884967], [120.17508188351727, 30.221261302193902], [120.17499282852832, 30.22099075335702], [120.17487598185126, 30.221016075870246], [120.17480905757311, 30.220712583126417], [120.17463527581974, 30.220664208554794], [120.1744605814215, 30.220432524068322], [120.17434472403778, 30.22036623882359], [120.17435106849588, 30.219930899392118], [120.17452016043394, 30.219931979906306], [120.17458955121168, 30.219923848245127], [120.17511706051381, 30.21986134709164], [120.17499077990506, 30.219143040840986], [120.17580092785136, 30.218940996224138], [120.17599099062005, 30.219347762144412], [120.17587705465624, 30.219605293777526], [120.17590404704742, 30.22048329802069], [120.17518121680473, 30.22044786276024], [120.17515940544712, 30.22072342144341], [120.17537067097372, 30.220730022375683], [120.17542950150748, 30.220818016703827], [120.17538408713612, 30.221404439884967]]]}}, {"type": "Feature", "properties": {"osm_id": 517711624, "name": "钱塘雅苑", "kind": "landuse"}, "geometry": {"type": "Polygon", "coordinates": [[[120.17215904317479, 30.215064236839382], [120.17273038004312, 30.215677796873667], [120.17281480956328, 30.21547462537484], [120.17326745153662, 30.215487372125338], [120.17368999709791, 30.21566278500199], [120.17380226448053, 30.21571817633296], [120.17397880649015, 30.215388722990415], [120.1738433083397, 30.2153262751641], [120.17312025210418, 30.214992620137952], [120.17304816576831, 30.214959354158292], [120.17330795357246, 30.214576540971635], [120.17347044548194, 30.214337019932998], [120.17304071767053, 30.214118617949282], [120.17273282889182, 30.213962189416307], [120.1727046123873, 30.213947841774537], [120.17235281849904, 30.214548040765603], [120.17215904317479, 30.215064236839382]]]}}, {"type": "Feature", "properties": {"osm_id": 517804254, "name": "御园", "kind": "landuse"}, "geometry": {"type": "Polygon", "coordinates": [[[120.17122153520079, 30.22318290836259], [120.17132979070183, 30.221751812617043], [120.1728978097201, 30.222027876564507], [120.1726582411119, 30.22336581473337], [120.17122153520079, 30.22318290836259]]]}}, {"type": "Feature", "properties": {"osm_id": 517804256, "name": "凤山路民居", "kind": "landuse"}, "geometry": {"type": "Polygon", "coordinates": [[[120.17242583964449, 30.22099230041343], [120.17243640321118, 30.220935876918627], [120.17315046812766, 30.221038636715132], [120.17295980872674, 30.221850848262886], [120.17267715404083, 30.22181177887458], [120.17272628448008, 30.221548469392136], [120.17274900602916, 30.221426318746687], [120.17258609317457, 30.221403824507362], [120.17265684896665, 30.221024266934553], [120.17242583964449, 30.22099230041343]]]}}, {"type": "Feature", "properties": {"osm_id": 518050756, "name": "紫花苑", "kind": "landuse"}, "geometry": {"type": "Polygon", "coordinates": [[[120.17230030967659, 30.211370252605377], [120.17213980794311, 30.211569866610485], [120.17225763371071, 30.212515399794125], [120.17217201933899, 30.21285858126217], [120.17175222555055, 30.21342030498951], [120.17129505289168, 30.21409800542645], [120.17131111350307, 30.214202281431096], [120.17199570683641, 30.214750325685415], [120.17213209651186, 30.21473616792549], [120.17235281849904, 30.214548040765603], [120.1727046123873, 30.213947841774537], [120.17273282889182, 30.213962189416307], [120.17390893328925, 30.21200935455464], [120.17275365896484, 30.211487604749923], [120.172344871026, 30.211311265207424], [120.17230030967659, 30.211370252605377]]]}}, {"type": "Feature", "properties": {"osm_id": 518050790, "name": "复兴东苑", "kind": "landuse"}, "geometry": {"type": "Polygon", "coordinates": [[[120.16975920893918, 30.214795730156805], [120.17038520374217, 30.21440653314418], [120.17127289540659, 30.21500560135843], [120.17196768001206, 30.215813142457964], [120.17229014438195, 30.21619205794248], [120.17149148753383, 30.21676229654455], [120.16975920893918, 30.214795730156805]]]}}, {"type": "Feature", "properties": {"osm_id": 518050862, "name": "山南人家", "kind": "landuse"}, "geometry": {"type": "Polygon", "coordinates": [[[120.16006806942075, 30.209838121188973], [120.16033287167228, 30.209469427365796], [120.16144149533665, 30.209994168197383], [120.16177315322095, 30.210285586913052], [120.16199241375645, 30.21028979112233], [120.162468554178, 30.21066915100513], [120.16285904051617, 30.21102076252306], [120.16325482625467, 30.211571674363743], [120.16374702442933, 30.212094707040894], [120.16434609609065, 30.21251083535192], [120.16419634815513, 30.212640917283256], [120.16295005019805, 30.211929249802637], [120.16210487696182, 30.21137905057395], [120.16106933369606, 30.210652575395155], [120.16064413960831, 30.21030671826238], [120.16006806942075, 30.209838121188973]]]}}, {"type": "Feature", "properties": {"osm_id": 518483070, "name": "复兴城市家园", "kind": "landuse"}, "geometry": {"type": "Polygon", "coordinates": [[[120.15478620153333, 30.20830095483982], [120.15566871473773, 30.20707087564491], [120.15664079447001, 30.20744201773837], [120.1582971366833, 30.208249669028664], [120.15841301013855, 30.208317868889807], [120.16027452038622, 30.20922791790967], [120.15999087109465, 30.209580744181995], [120.15991249926373, 30.209598884896064], [120.15982744473982, 30.209594236131093], [120.15923600845274, 30.209083257898342], [120.1586841688083, 30.208758415646628], [120.15757403945254, 30.20865386023912], [120.15690743013757, 30.208549616784666], [120.156253373155, 30.208392041754248], [120.15478620153333, 30.20830095483982]]]}}, {"type": "Feature", "properties": {"osm_id": 519606367, "name": "凤山新村", "kind": "landuse"}, "geometry": {"type": "Polygon", "coordinates": [[[120.16840294092987, 30.2253077276547], [120.16833143497053, 30.225079645958644], [120.1683049061248, 30.224985189200826], [120.16814444628909, 30.224531658492424], [120.16817693196371, 30.22432308427537], [120.16849049435689, 30.224289697349754], [120.16859478115018, 30.224264001049924], [120.1686234993569, 30.224310150466284], [120.16907404728762, 30.22422240306211], [120.16911013594094, 30.224179732800703], [120.16964752296161, 30.224091821488315], [120.16967106291266, 30.224214785444758], [120.16969649694586, 30.224334745662883], [120.16973978762418, 30.224574280283452], [120.16965835477959, 30.224856651369265], [120.16968040494991, 30.22504832269981], [120.16965228935726, 30.225052575635747], [120.16957392423677, 30.225060122874446], [120.16927372649704, 30.22512258880574], [120.16884780541332, 30.225207690621968], [120.16861789578232, 30.225259423364523], [120.16840294092987, 30.2253077276547]]]}}, {"type": "Feature", "properties": {"osm_id": 519650767, "name": "缤纷小区", "kind": "landuse"}, "geometry": {"type": "Polygon", "coordinates": [[[120.22574911590019, 30.21869672847241], [120.22723407863408, 30.216636619640035], [120.22504283730251, 30.215395055936845], [120.22489682886743, 30.215409309637334], [120.22379337154462, 30.2168930766532], [120.22339023301225, 30.217365945137132], [120.22338215637706, 30.217448759084615], [120.22344553093347, 30.217500592832167], [120.22403685294674, 30.217806269781168], [120.22574911590019, 30.21869672847241]]]}}, {"type": "Feature", "properties": {"osm_id": 519650769, "name": "印月尚庭", "kind": "landuse"}, "geometry": {"type": "Polygon", "coordinates": [[[120.224608717757, 30.221642000428623], [120.22686215028341, 30.219810780704613], [120.22578127472273, 30.21896161212725], [120.22512433946082, 30.219812542976825], [120.22473580730376, 30.219745645976744], [120.22419888386865, 30.21972791545479], [120.22347126898848, 30.21981430858009], [120.22315342079469, 30.219814657877844], [120.22272254710717, 30.220261664516045], [120.224608717757, 30.221642000428623]]]}}, {"type": "Feature", "properties": {"osm_id": 519650770, "name": "缤纷北苑", "kind": "landuse"}, "geometry": {"type": "Polygon", "coordinates": [[[120.22269380150568, 30.22019879267252], [120.22309962579038, 30.21974571296841], [120.22323693339948, 30.219623153773576], [120.22389618699195, 30.21961433400106], [120.22458778530878, 30.219525788571136], [120.22507292446471, 30.219606083618956], [120.22562706870507, 30.218859063540904], [120.22300103929257, 30.21744547911044], [120.22193100470739, 30.216695836943796], [120.22162973795642, 30.216680181219484], [120.22011103199239, 30.21844987212424], [120.22269380150568, 30.22019879267252]]]}}, {"type": "Feature", "properties": {"osm_id": 519822283, "name": "凤凰新村", "kind": "landuse"}, "geometry": {"type": "Polygon", "coordinates": [[[120.16818290787975, 30.224248368245387], [120.1686734808831, 30.222293026270698], [120.1691227492105, 30.222404094007707], [120.16897035439841, 30.22300171744336], [120.16883596902294, 30.22316247894246], [120.16865813516165, 30.223585238490713], [120.16843964605931, 30.224290492268455], [120.16818290787975, 30.224248368245387]]]}}, {"type": "Feature", "properties": {"osm_id": 520937290, "name": "", "kind": "landuse"}, "geometry": {"type": "Polygon", "coordinates": [[[120.16647410079614, 30.22557132991477], [120.16649821948755, 30.225455377584662], [120.16666931321487, 30.225473661899127], [120.1667228608477, 30.22555236788298], [120.16683243543491, 30.22555216475144], [120.1668378215794, 30.225577656453293], [120.16699565054031, 30.225551862008334], [120.16699825642532, 30.22571406792443], [120.16693683910964, 30.22571648202339], [120.16647410079614, 30.22557132991477]]]}}, {"type": "Feature", "properties": {"osm_id": 521053030, "name": "复兴北苑", "kind": "landuse"}, "geometry": {"type": "Polygon", "coordinates": [[[120.16400172335157, 30.210288036959106], [120.16694405869136, 30.211918909588903], [120.16754888543656, 30.212215203549416], [120.1678803660328, 30.211825164021423], [120.16736964982692, 30.21139618904093], [120.16613930649777, 30.21025100345989], [120.16467744439431, 30.209241139013052], [120.16400172335157, 30.210288036959106]]]}}, {"type": "Feature", "properties": {"osm_id": 521577478, "name": "钱江水晶城", "kind": "landuse"}, "geometry": {"type": "Polygon", "coordinates": [[[120.16499322732734, 30.19275229629157], [120.16581174762496, 30.189658342254848], [120.16851141087284, 30.190672477731194], [120.1671820981751, 30.193415883038167], [120.16499322732734, 30.19275229629157]]]}}, {"type": "Feature", "properties": {"osm_id": 522129091, "name": "吴山新村", "kind": "landuse"}, "geometry": {"type": "Polygon", "coordinates": [[[120.16803111398315, 30.23560303351624], [120.16796051963018, 30.235547460977614], [120.16794584839691, 30.235369675439667], [120.16793924597498, 30.23510676875454], [120.16793384432833, 30.23489566360426], [120.16792964275339, 30.234727959365856], [120.16792764216734, 30.234650057493997], [120.16792394090844, 30.234503853891766], [120.16792244033692, 30.23444385238298], [120.16791643817642, 30.234205346477324], [120.16791283706434, 30.23406444310777], [120.16800875023846, 30.234051263546004], [120.1689151326207, 30.23387896029221], [120.16905108214418, 30.234538953442787], [120.16908559318217, 30.2347068009816], [120.16913117562173, 30.234927931666185], [120.16924119187213, 30.23546216448272], [120.16821147472221, 30.2355819959103], [120.16803111398315, 30.23560303351624]]]}}, {"type": "Feature", "properties": {"osm_id": 522129099, "name": "察院前巷小区", "kind": "landuse"}, "geometry": {"type": "Polygon", "coordinates": [[[120.16913117562173, 30.234927931666185], [120.17005410334562, 30.2347686921537], [120.16999526032477, 30.234541686160412], [120.16979205612718, 30.233208071822563], [120.16880072744522, 30.23332333447007], [120.16913117562173, 30.234927931666185]]]}}, {"type": "Feature", "properties": {"osm_id": 522150711, "name": "风雅钱塘", "kind": "landuse"}, "geometry": {"type": "Polygon", "coordinates": [[[120.20527166169215, 30.202340765268318], [120.20815983584498, 30.203826084518006], [120.20881989309497, 30.204165609938983], [120.20907720518122, 30.203683999662452], [120.20936025061292, 30.203154050293985], [120.20969362897081, 30.202096900684005], [120.20973471560659, 30.20196663317464], [120.20968123918148, 30.201846205718894], [120.20883922062156, 30.201461436838677], [120.2061923903207, 30.200251913792673], [120.20606931120588, 30.20027060643908], [120.20527166169215, 30.202340765268318]]]}}, {"type": "Feature", "properties": {"osm_id": 522168357, "name": "新洲花园", "kind": "landuse"}, "geometry": {"type": "Polygon", "coordinates": [[[120.22338873275856, 30.205189440691555], [120.22339810800301, 30.205121926728225], [120.22351011197273, 30.204308859963543], [120.2235171932719, 30.20425744944499], [120.22355456157992, 30.203585072395843], [120.22357537700184, 30.20307402230019], [120.2235813526748, 30.20292670791515], [120.22367764796384, 30.202824597603772], [120.22456485841197, 30.202859446971164], [120.22468052726566, 30.202864024862304], [120.225974376001, 30.20291488797235], [120.22611900039352, 30.20298894551888], [120.22612341632664, 30.203286856991927], [120.226129739426, 30.2037168736897], [120.22611226693692, 30.204853052805838], [120.22611107584825, 30.204933158369496], [120.22610382906834, 30.2054083916317], [120.22610313391155, 30.20545079465468], [120.22598537324501, 30.205571520488398], [120.22554612956932, 30.20552336647575], [120.22539592408134, 30.205506920407768], [120.2252814491124, 30.205494438209886], [120.22499770899591, 30.205463331989066], [120.22465319287468, 30.205425592135956], [120.22439900030795, 30.2053977602712], [120.22370310181067, 30.205321604748033], [120.22346907715081, 30.205295958513705], [120.22338873275856, 30.205189440691555]]]}}, {"type": "Feature", "properties": {"osm_id": 522168358, "name": "新洲花园", "kind": "landuse"}, "geometry": {"type": "Polygon", "coordinates": [[[120.22646724283783, 30.205631238746054], [120.22632799886227, 30.205469169248648], [120.22633256828647, 30.205205250234982], [120.22634011776476, 30.20476911890085], [120.22635760033589, 30.203753746452367], [120.22636544790508, 30.20330131429593], [120.22637061331996, 30.203002593142152], [120.22650983696609, 30.20291434926147], [120.22810451074615, 30.202946802001705], [120.22890323221218, 30.20296305849796], [120.22899427312763, 30.203060380196174], [120.22898671590727, 30.203412005939917], [120.22896225427593, 30.204548689660335], [120.22891278846633, 30.205076063729095], [120.22887668655235, 30.205462017992215], [120.22884506590836, 30.20571986121888], [120.22883918070043, 30.205768069283877], [120.22879157190482, 30.205811515546877], [120.2287374756445, 30.20586086820601], [120.22852995736339, 30.205839859557035], [120.22818948729622, 30.205805376595812], [120.22776887177379, 30.205762873560296], [120.22747891656716, 30.20573355060149], [120.2271407560507, 30.205699377184278], [120.22687536102127, 30.205672536108263], [120.22667145083952, 30.20565183660049], [120.22646724283783, 30.205631238746054]]]}}, {"type": "Feature", "properties": {"osm_id": 522219272, "name": "四牌楼", "kind": "landuse"}, "geometry": {"type": "Polygon", "coordinates": [[[120.16794584839691, 30.235369675439667], [120.16738172951186, 30.235391626418433], [120.16737104299771, 30.23517383054681], [120.16745658597011, 30.23514356938622], [120.16745897326147, 30.235076860138303], [120.16746454184273, 30.234900137057195], [120.16733352985119, 30.23487957904305], [120.16733080115723, 30.234441552649628], [120.16749417810041, 30.234000917493425], [120.16790306117606, 30.234004857053208], [120.16791283706434, 30.23406444310777], [120.16794584839691, 30.235369675439667]]]}}, {"type": "Feature", "properties": {"osm_id": 522843334, "name": "复兴南苑", "kind": "landuse"}, "geometry": {"type": "Polygon", "coordinates": [[[120.16498041096135, 30.208774055979028], [120.16618809599075, 30.20708513451701], [120.17033572321866, 30.209296728330337], [120.16939195333393, 30.210586370595575], [120.16857249757365, 30.21175586975603], [120.16838305728025, 30.211694219626388], [120.1677650480402, 30.211094636289886], [120.16691450796749, 30.210269569046755], [120.16635641911853, 30.20973067214753], [120.16608510888562, 30.209557764023057], [120.1657988414803, 30.209375282367073], [120.1654329017252, 30.209106541967092], [120.16498041096135, 30.208774055979028]]]}}, {"type": "Feature", "properties": {"osm_id": 523275897, "name": "钱塘滨和花园", "kind": "landuse"}, "geometry": {"type": "Polygon", "coordinates": [[[120.223807852955, 30.200030409391932], [120.22611447028417, 30.200086197343197], [120.2261483215595, 30.197863849246325], [120.22602515155381, 30.197745767794334], [120.22406304568852, 30.197723615796427], [120.22388122565044, 30.19786501900813], [120.22371413333887, 30.199906504649604], [120.223807852955, 30.200030409391932]]]}}, {"type": "Feature", "properties": {"osm_id": 523275898, "name": "铂金时代公寓", "kind": "landuse"}, "geometry": {"type": "Polygon", "coordinates": [[[120.21683420248095, 30.19651492058], [120.21688771564743, 30.19572661233562], [120.21514292910794, 30.195654699514908], [120.21558169911759, 30.194323350098994], [120.2157261550538, 30.194207253333126], [120.21584927089333, 30.19421179113733], [120.21785106213856, 30.194788737598707], [120.21794206811155, 30.19490922882344], [120.2177869414093, 30.196430199819364], [120.21768527823853, 30.196532333510874], [120.21683420248095, 30.19651492058]]]}}, {"type": "Feature", "properties": {"osm_id": 523582989, "name": "江心苑", "kind": "landuse"}, "geometry": {"type": "Polygon", "coordinates": [[[120.15745313661742, 30.20452314320596], [120.15745581979063, 30.204414232623574], [120.15791047055505, 30.2038153044657], [120.1581003209444, 30.20374086723045], [120.15825547526751, 30.203726593739077], [120.15902309144268, 30.203973352660366], [120.15855958230966, 30.204669009056715], [120.15944836305941, 30.20512466115958], [120.15926391669973, 30.205384602610376], [120.15837324145414, 30.20495965316025], [120.15745313661742, 30.20452314320596]]]}}, {"type": "Feature", "properties": {"osm_id": 523582990, "name": "好望角公寓", "kind": "landuse"}, "geometry": {"type": "Polygon", "coordinates": [[[120.1585979735269, 30.20468614228239], [120.15905091335745, 30.20399700469097], [120.16006083003411, 30.2043679300853], [120.15944836305941, 30.20512466115958], [120.1585979735269, 30.20468614228239]]]}}, {"type": "Feature", "properties": {"osm_id": 523583032, "name": "十亩田家园", "kind": "landuse"}, "geometry": {"type": "Polygon", "coordinates": [[[120.15812334840957, 30.207225517318424], [120.15893362347211, 30.206047623832916], [120.160517621094, 30.20691355337518], [120.16042579815824, 30.207042524807385], [120.16005352020944, 30.20756491880068], [120.1599032725054, 30.207775798423697], [120.16083929753411, 30.208220550019018], [120.16065884145453, 30.20845878689376], [120.1593108899479, 30.20786315639296], [120.15812334840957, 30.207225517318424]]]}}, {"type": "Feature", "properties": {"osm_id": 523817395, "name": "海月金棕榈", "kind": "landuse"}, "geometry": {"type": "Polygon", "coordinates": [[[120.16203480319103, 30.206879722165702], [120.16290655046613, 30.20565877446257], [120.16607842222443, 30.207099438052584], [120.16495537368617, 30.208640694475477], [120.16338281825107, 30.20761901597747], [120.16203480319103, 30.206879722165702]]]}}, {"type": "Feature", "properties": {"osm_id": 523817470, "name": "海月花园", "kind": "landuse"}, "geometry": {"type": "Polygon", "coordinates": [[[120.16235428380512, 30.20942568694869], [120.1608689448647, 30.208618019215333], [120.16163323173309, 30.207557584982602], [120.16316352402305, 30.20835885693855], [120.16235428380512, 30.20942568694869]]]}}, {"type": "Feature", "properties": {"osm_id": 524264663, "name": "清怡花园", "kind": "landuse"}, "geometry": {"type": "Polygon", "coordinates": [[[120.15936633459671, 30.205540329458266], [120.1601952455144, 30.204421593109206], [120.16273604377672, 30.20558528021521], [120.16192402012132, 30.206802818126107], [120.15936633459671, 30.205540329458266]]]}}, {"type": "Feature", "properties": {"osm_id": 524264910, "name": "清河家园", "kind": "landuse"}, "geometry": {"type": "Polygon", "coordinates": [[[120.15804507097123, 30.207206853765726], [120.1570421854013, 30.20663397539152], [120.15782306327189, 30.205510649650243], [120.15819351926608, 30.205703709966027], [120.15797018461205, 30.206011119093002], [120.15864996693284, 30.20638144330559], [120.15804507097123, 30.207206853765726]]]}}, {"type": "Feature", "properties": {"osm_id": 524696299, "name": "水澄北苑", "kind": "landuse"}, "geometry": {"type": "Polygon", "coordinates": [[[120.15518804297233, 30.205575617525568], [120.1558460114972, 30.204665838637183], [120.15655214413762, 30.2050447393756], [120.15591562377405, 30.205959189328016], [120.15518804297233, 30.205575617525568]]]}}, {"type": "Feature", "properties": {"osm_id": 525071700, "name": "水澄花园南苑", "kind": "landuse"}, "geometry": {"type": "Polygon", "coordinates": [[[120.15598916514183, 30.20417016517492], [120.15300519626328, 30.202718556738162], [120.15327830928645, 30.202366580608558], [120.15368218759727, 30.20237810225312], [120.15659476890335, 30.203213366706546], [120.15598916514183, 30.20417016517492]]]}}, {"type": "Feature", "properties": {"osm_id": 525071728, "name": "民安苑", "kind": "landuse"}, "geometry": {"type": "Polygon", "coordinates": [[[120.15221986076156, 30.203850724946317], [120.1527281019444, 30.203179944036247], [120.15303107540016, 30.20332134559487], [120.15444529269529, 30.203981497085397], [120.15486114571061, 30.20420170125153], [120.15489475286853, 30.204219444886547], [120.15502038788418, 30.20407552266115], [120.15546445545017, 30.20427877346252], [120.15584868664891, 30.204460622914382], [120.15581988062938, 30.204610280612165], [120.15519671008634, 30.205474697176708], [120.15474944584018, 30.205230747461755], [120.15221986076156, 30.203850724946317]]]}}, {"type": "Feature", "properties": {"osm_id": 525316443, "name": "白塔人家", "kind": "landuse"}, "geometry": {"type": "Polygon", "coordinates": [[[120.14649180129393, 30.205536476601203], [120.14826438742517, 30.202779868252218], [120.1483535508972, 30.20279182821798], [120.1513754064458, 30.204182635827138], [120.15086282425833, 30.204402886464027], [120.15065949218504, 30.204574727023484], [120.1505463127679, 30.204728019358257], [120.15044021304948, 30.204871899447273], [120.15019413281861, 30.20549353200754], [120.15003908349168, 30.205860002640804], [120.14980361521468, 30.205804779189517], [120.14649180129393, 30.205536476601203]]]}}, {"type": "Feature", "properties": {"osm_id": 526093384, "name": "电厂宿舍", "kind": "landuse"}, "geometry": {"type": "Polygon", "coordinates": [[[120.14901154796503, 30.208192679963208], [120.14932983420542, 30.20749213271102], [120.15025545362158, 30.207708555185192], [120.15094409266051, 30.207837742762695], [120.15096883396664, 30.20794150816693], [120.15101283366245, 30.208174749360126], [120.1510236083648, 30.208223234473397], [120.15036042593539, 30.208383322961733], [120.14961964302475, 30.20854692735541], [120.14957116486985, 30.208442599298667], [120.14928962743015, 30.20850045350451], [120.14914529401685, 30.208250369974547], [120.14901154796503, 30.208192679963208]]]}}, {"type": "Feature", "properties": {"osm_id": 526409539, "name": "六和源", "kind": "landuse"}, "geometry": {"type": "Polygon", "coordinates": [[[120.15045471273262, 30.20296467330449], [120.15101392852414, 30.202223823223722], [120.15256105477947, 30.20307741681932], [120.15199487497968, 30.20379409438155], [120.15045471273262, 30.20296467330449]]]}}, {"type": "Feature", "properties": {"osm_id": 526409551, "name": "象牙海岸", "kind": "landuse"}, "geometry": {"type": "Polygon", "coordinates": [[[120.14874462794346, 30.201858459773682], [120.14897008771494, 30.201425078607443], [120.15101392852414, 30.202223823223722], [120.15045471273262, 30.20296467330449], [120.14939961932319, 30.202431945921465], [120.14874462794346, 30.201858459773682]]]}}, {"type": "Feature", "properties": {"osm_id": 526542753, "name": "八卦新村", "kind": "landuse"}, "geometry": {"type": "Polygon", "coordinates": [[[120.14972506008351, 30.20737849252304], [120.15000185275676, 30.206672207468824], [120.15065858555704, 30.206836852406923], [120.15083684581192, 30.206189826314663], [120.15088072667872, 30.206194555000135], [120.151961180096, 30.206313187182083], [120.15194254226621, 30.206443025142793], [120.15242252421159, 30.20648213197669], [120.15240398303223, 30.206573267814047], [120.1523730787766, 30.206698126046557], [120.1523571269812, 30.206748255307982], [120.15286533420502, 30.20687721624026], [120.15286344109715, 30.206896820488073], [120.15282465863821, 30.207018191965425], [120.15278856791073, 30.207130158409456], [120.15275297854528, 30.2072750258304], [120.1527234694606, 30.207385681196513], [120.15269346208109, 30.20750043761229], [120.15268349262026, 30.207535856202348], [120.15119096909696, 30.2072463060585], [120.15113214695153, 30.2074504137232], [120.15056238679321, 30.20730753497125], [120.15045400505832, 30.207590526759077], [120.14972506008351, 30.20737849252304]]]}}, {"type": "Feature", "properties": {"osm_id": 526835883, "name": "凤凰城", "kind": "landuse"}, "geometry": {"type": "Polygon", "coordinates": [[[120.17579175312736, 30.217719337861766], [120.17567180460104, 30.217611058051986], [120.17528523826893, 30.21727356835214], [120.17572176859119, 30.21658610076511], [120.17709340436359, 30.21728064882408], [120.17694706370035, 30.21751474000143], [120.17612191941245, 30.21722588304097], [120.17579175312736, 30.217719337861766]]]}}, {"type": "Feature", "properties": {"osm_id": 527244155, "name": "银泰海威国际", "kind": "landuse"}, "geometry": {"type": "Polygon", "coordinates": [[[120.19544113677858, 30.20773767034742], [120.19413479588714, 30.207128737124208], [120.19406678716926, 30.207097055788136], [120.19499093384962, 30.205595141835136], [120.19703834338193, 30.206550825012386], [120.19699317566509, 30.206620906953], [120.19690453536485, 30.20675826784978], [120.19668963009613, 30.206663834753268], [120.19654784711486, 30.20689249334339], [120.19602890043242, 30.20681249156412], [120.19575731146294, 30.207354095710652], [120.19544113677858, 30.20773767034742]]]}}, {"type": "Feature", "properties": {"osm_id": 528681334, "name": "春江花月", "kind": "landuse"}, "geometry": {"type": "Polygon", "coordinates": [[[120.17837428207538, 30.216385572110493], [120.17974671420428, 30.214590271382974], [120.18327650661033, 30.216320935450824], [120.18596893874296, 30.217817304949662], [120.18484962204221, 30.218628737379174], [120.18377326401057, 30.21795440562172], [120.18333470380945, 30.21836325186843], [120.18266083596116, 30.218642632626416], [120.1817676175887, 30.218815821426524], [120.1812221444426, 30.218765844723276], [120.18023018679844, 30.218436793581173], [120.17934666801975, 30.217629811125185], [120.178312279079, 30.21651519720281], [120.17837428207538, 30.216385572110493]]]}}, {"type": "Feature", "properties": {"osm_id": 528948146, "name": "滨江 金色海岸", "kind": "landuse"}, "geometry": {"type": "Polygon", "coordinates": [[[120.18877887661884, 30.221496252203462], [120.18747900906264, 30.22050897902663], [120.18758060133311, 30.220402184968393], [120.18680772107828, 30.219726769547698], [120.18623004203533, 30.219915651288073], [120.1859599451054, 30.219971755923297], [120.18535822318908, 30.219935771942254], [120.18499990590244, 30.220182154596493], [120.18487687647882, 30.22024958811249], [120.18422435987507, 30.219599464776703], [120.18433391976573, 30.21942544924679], [120.18471905274895, 30.21914661309703], [120.18618173760673, 30.218151830789335], [120.18628872227549, 30.218160932980002], [120.19000626721315, 30.219987515007666], [120.19003838045946, 30.220068561672804], [120.18961855962601, 30.220736868767194], [120.18947280377473, 30.220963049092482], [120.1892481799434, 30.221205674828727], [120.18902355355875, 30.221410098667377], [120.18877887661884, 30.221496252203462]]]}}, {"type": "Feature", "properties": {"osm_id": 528950078, "name": "上品华庭", "kind": "landuse"}, "geometry": {"type": "Polygon", "coordinates": [[[120.1853970656872, 30.22781351388992], [120.18384607940604, 30.229114295658277], [120.1839744076955, 30.229234563937197], [120.1837604628309, 30.229457379316628], [120.18473405564957, 30.23049383229894], [120.18489469521431, 30.230688946353933], [120.18546994702528, 30.23137372302227], [120.18569847089506, 30.23138009864152], [120.18699120825447, 30.230851165960736], [120.18714096155962, 30.230786084756165], [120.1865101724317, 30.230194610449153], [120.18592385912538, 30.22964475976323], [120.18569650819157, 30.22936156259], [120.1857426521843, 30.229128760902164], [120.18628499660615, 30.22850711195488], [120.1853970656872, 30.22781351388992]]]}}, {"type": "Feature", "properties": {"osm_id": 529198089, "name": "水岸枫庭", "kind": "landuse"}, "geometry": {"type": "Polygon", "coordinates": [[[120.1888001438843, 30.221850335885705], [120.1902600964979, 30.22320415899112], [120.1911810429117, 30.22223812759611], [120.18953115275589, 30.221194257302265], [120.18941200163876, 30.221207475654293], [120.1888001438843, 30.221850335885705]]]}}, {"type": "Feature", "properties": {"osm_id": 529198107, "name": "滨江金色家园", "kind": "landuse"}, "geometry": {"type": "Polygon", "coordinates": [[[120.18470041459307, 30.220422628047412], [120.18501869158281, 30.220678050951555], [120.1853476325273, 30.220869850689766], [120.18588515894236, 30.22108206503192], [120.18629635686831, 30.2212430123813], [120.18645679130722, 30.221341821373922], [120.18640136358279, 30.22144503064999], [120.18632480283468, 30.221602482591226], [120.18612860985748, 30.2219299673507], [120.18593609936632, 30.22217364024031], [120.18584717344058, 30.222305913861348], [120.18560112225919, 30.222553186952812], [120.18516733530318, 30.22288781558935], [120.18495736821687, 30.223011014653487], [120.18292204297505, 30.22086978254536], [120.18300767739012, 30.220746714169334], [120.18470041459307, 30.220422628047412]]]}}, {"type": "Feature", "properties": {"osm_id": 529204359, "name": "望江新园三园", "kind": "landuse"}, "geometry": {"type": "Polygon", "coordinates": [[[120.1840766871489, 30.238614642663], [120.18351066143514, 30.237296003908746], [120.18528080817322, 30.236172817172875], [120.18607764123769, 30.237273616970302], [120.1840766871489, 30.238614642663]]]}}, {"type": "Feature", "properties": {"osm_id": 529313304, "name": "滨江 钱塘印象东区", "kind": "landuse"}, "geometry": {"type": "Polygon", "coordinates": [[[120.18841535399567, 30.22404448357014], [120.18915204494309, 30.223413992670665], [120.18808170756243, 30.22254319910125], [120.18755122910144, 30.223296424536766], [120.18841535399567, 30.22404448357014]]]}}, {"type": "Feature", "properties": {"osm_id": 529317285, "name": "凤凰南苑", "kind": "landuse"}, "geometry": {"type": "Polygon", "coordinates": [[[120.17632833511206, 30.218851593086082], [120.17652354293901, 30.21878631977838], [120.17673214894853, 30.21917994973886], [120.17694340609344, 30.219084544188025], [120.17703163589948, 30.21902407353189], [120.17712793720021, 30.21891268444072], [120.1773365137585, 30.218951692383598], [120.17727770984267, 30.21918351806738], [120.17727930971446, 30.219239418535004], [120.17730180457467, 30.219985522793063], [120.17777046849743, 30.220844590788744], [120.17913630841493, 30.22013266435064], [120.17900525532222, 30.2195789770885], [120.1789407362657, 30.219427589486454], [120.1787457963023, 30.219128639107094], [120.17859015038609, 30.2189719234509], [120.17829918785012, 30.218540746553984], [120.1784234075722, 30.218453306327444], [120.1787564148869, 30.218536382159126], [120.17900515624906, 30.218391003186422], [120.17855009581181, 30.2180776436168], [120.17821630686643, 30.218183981106815], [120.17752628867773, 30.21829539268967], [120.1776546932196, 30.218179242673216], [120.1774490923024, 30.21795731776691], [120.17731269118366, 30.217826767676687], [120.17720719471707, 30.217666157304567], [120.17708387531935, 30.217786297953424], [120.17646357099154, 30.218162894526568], [120.17604235135414, 30.218334001866022], [120.17632833511206, 30.218851593086082]]]}}, {"type": "Feature", "properties": {"osm_id": 529499032, "name": "滨江印象钱塘西区", "kind": "landuse"}, "geometry": {"type": "Polygon", "coordinates": [[[120.18593324536307, 30.222623674515894], [120.18678523880948, 30.221542026127818], [120.18803244756012, 30.22248788612623], [120.18752230651337, 30.22320457189803], [120.18702192103916, 30.223699427719744], [120.18593324536307, 30.222623674515894]]]}}, {"type": "Feature", "properties": {"osm_id": 529499076, "name": "秋涛南苑", "kind": "landuse"}, "geometry": {"type": "Polygon", "coordinates": [[[120.17876254631969, 30.22032748274498], [120.17914704547219, 30.220960796476316], [120.17791170856002, 30.221612972658296], [120.17737946022041, 30.221048443166396], [120.17876254631969, 30.22032748274498]]]}}, {"type": "Feature", "properties": {"osm_id": 529499083, "name": "木材新村", "kind": "landuse"}, "geometry": {"type": "Polygon", "coordinates": [[[120.17791170856002, 30.221612972658296], [120.17896494179453, 30.222752755248134], [120.17979351661255, 30.22227625998578], [120.18031323552347, 30.221995361471343], [120.18024273741143, 30.221883787271523], [120.1796337821241, 30.220920074814263], [120.17913630841493, 30.22013266435064], [120.17876254631969, 30.22032748274498], [120.17914704547219, 30.220960796476316], [120.17791170856002, 30.221612972658296]]]}}, {"type": "Feature", "properties": {"osm_id": 529507490, "name": "凤凰北苑", "kind": "landuse"}, "geometry": {"type": "Polygon", "coordinates": [[[120.18024273741143, 30.221883787271523], [120.181810441476, 30.220633155033052], [120.18025669165809, 30.219444706428607], [120.17913630841493, 30.22013266435064], [120.18024273741143, 30.221883787271523]]]}}, {"type": "Feature", "properties": {"osm_id": 529507532, "name": "滨江 阳光海岸", "kind": "landuse"}, "geometry": {"type": "Polygon", "coordinates": [[[120.19189010579522, 30.222393459126778], [120.19221105472512, 30.222086862682435], [120.19307231061933, 30.2224701459562], [120.19381579469385, 30.222617132436287], [120.19462349393312, 30.22262960433265], [120.19491237329018, 30.222629095424484], [120.194896346543, 30.222962845198165], [120.19472524751728, 30.223143958229148], [120.19410471247241, 30.223126453233768], [120.19359116908016, 30.22300575650759], [120.1933183466336, 30.22296563935176], [120.19252670573358, 30.222804842950403], [120.19189010579522, 30.222393459126778]]]}}, {"type": "Feature", "properties": {"osm_id": 529713010, "name": "康都 紫轩", "kind": "landuse"}, "geometry": {"type": "Polygon", "coordinates": [[[120.18333009310625, 30.228844943014778], [120.18388630905226, 30.228507779030668], [120.18464569605972, 30.22783661516535], [120.1841375644071, 30.227341630411118], [120.18380057346045, 30.227422165847013], [120.18338273263811, 30.227604160186615], [120.18284226210066, 30.227826488193305], [120.18260758773017, 30.228132449221363], [120.18303326552638, 30.22869948931725], [120.18320307786095, 30.22892048613088], [120.18333009310625, 30.228844943014778]]]}}, {"type": "Feature", "properties": {"osm_id": 529713011, "name": "钱江御府", "kind": "landuse"}, "geometry": {"type": "Polygon", "coordinates": [[[120.18129767935135, 30.225475633430214], [120.18226571052233, 30.22696351225852], [120.18341732006763, 30.226292807403564], [120.18239905372438, 30.225064535455637], [120.18129767935135, 30.225475633430214]]]}}, {"type": "Feature", "properties": {"osm_id": 529830148, "name": "绿城 蓝色钱江", "kind": "landuse"}, "geometry": {"type": "Polygon", "coordinates": [[[120.19412252727821, 30.223914872992076], [120.19440071496682, 30.22367806555476], [120.19564178613494, 30.224774455641636], [120.19639600688487, 30.224133398637303], [120.19574330414716, 30.223629303179166], [120.19494093967806, 30.223199582081715], [120.1952350817964, 30.22291174661736], [120.19630501388832, 30.223544918421098], [120.19720913729624, 30.224261799092393], [120.19585583721877, 30.225441525637773], [120.19412252727821, 30.223914872992076]]]}}, {"type": "Feature", "properties": {"osm_id": 529830151, "name": "绿城 蓝色钱江一期", "kind": "landuse"}, "geometry": {"type": "Polygon", "coordinates": [[[120.19290570601603, 30.22508051364762], [120.19365989266456, 30.2244488284543], [120.19541990682538, 30.225896518304992], [120.19466570025368, 30.226551487617858], [120.19290570601603, 30.22508051364762]]]}}, {"type": "Feature", "properties": {"osm_id": 529830160, "name": "新绿园", "kind": "landuse"}, "geometry": {"type": "Polygon", "coordinates": [[[120.1908996497609, 30.223334307400883], [120.19161104176472, 30.222753584817198], [120.19258868585679, 30.22350617743938], [120.1926430258059, 30.22346047719653], [120.19339771485204, 30.22411317270854], [120.19278800642388, 30.224628794240566], [120.19238147637596, 30.22463882275695], [120.1908996497609, 30.223334307400883]]]}}, {"type": "Feature", "properties": {"osm_id": 529856784, "name": "林风花园 映水苑", "kind": "landuse"}, "geometry": {"type": "Polygon", "coordinates": [[[120.1892934724437, 30.227501604843667], [120.18989325812913, 30.22672825870047], [120.19053253149814, 30.22712812347556], [120.19104108228076, 30.227446223629613], [120.19073230660237, 30.227791005933483], [120.19036857451337, 30.22792607493937], [120.18992466344196, 30.227889779731406], [120.1896625187351, 30.22778365022943], [120.1892934724437, 30.227501604843667]]]}}, {"type": "Feature", "properties": {"osm_id": 529860841, "name": "林风花园和风苑", "kind": "landuse"}, "geometry": {"type": "Polygon", "coordinates": [[[120.18909643256734, 30.227313152380784], [120.1878982422291, 30.226091669167346], [120.18819773777888, 30.225789798286332], [120.18896699892531, 30.225967899179953], [120.1893992659683, 30.2263320331023], [120.18980152069446, 30.22667092197322], [120.1894699266188, 30.22713505788269], [120.18920980888697, 30.22740565128491], [120.18909643256734, 30.227313152380784]]]}}, {"type": "Feature", "properties": {"osm_id": 529860864, "name": "林风花园", "kind": "landuse"}, "geometry": {"type": "Polygon", "coordinates": [[[120.19016346272876, 30.226625160092606], [120.1904968471499, 30.226071717538318], [120.1908765320631, 30.225918019070686], [120.19140069806768, 30.225731659204534], [120.19192857974276, 30.22581541377389], [120.19325525394004, 30.22688851031026], [120.1925144471289, 30.227682387317202], [120.19198759958633, 30.228098260905515], [120.19137711657437, 30.227535622512427], [120.19061109682495, 30.227050575752177], [120.19026528434328, 30.2268394893619], [120.19016346272876, 30.226625160092606]]]}}, {"type": "Feature", "properties": {"osm_id": 530059183, "name": "江韵园", "kind": "landuse"}, "geometry": {"type": "Polygon", "coordinates": [[[120.20250646785763, 30.228577787037178], [120.20273038023818, 30.228733432722887], [120.20293135381466, 30.228873115552386], [120.20264245140686, 30.229161005135733], [120.20316408463388, 30.229507781690824], [120.20345040058325, 30.22925710174696], [120.2034690495825, 30.229240770544013], [120.20387838749916, 30.22954833309014], [120.20419981202981, 30.229255298239234], [120.20299892648177, 30.228310867574322], [120.20288671924727, 30.22822264373976], [120.20250646785763, 30.228577787037178]]]}}, {"type": "Feature", "properties": {"osm_id": 530059190, "name": "近江金座", "kind": "landuse"}, "geometry": {"type": "Polygon", "coordinates": [[[120.20425177804213, 30.229296118016038], [120.20392646368029, 30.229592358991567], [120.20391584776264, 30.230266722518646], [120.20409797983744, 30.230441842847846], [120.20446693442271, 30.23079657844382], [120.20523904528534, 30.23007250480992], [120.20425177804213, 30.229296118016038]]]}}, {"type": "Feature", "properties": {"osm_id": 530146556, "name": "近江五园", "kind": "landuse"}, "geometry": {"type": "Polygon", "coordinates": [[[120.19985994586385, 30.232117716893995], [120.20056189072098, 30.23170121212104], [120.20055722972714, 30.23201774210023], [120.20090111825685, 30.232325591053943], [120.2012382312497, 30.232675356414187], [120.20171623662353, 30.232674566907694], [120.20219421910858, 30.23233495784898], [120.20222763908535, 30.23124982704761], [120.20279222376243, 30.231254206025035], [120.2031005049671, 30.231322510345848], [120.20351483174213, 30.231699667092368], [120.20230045735077, 30.232625304420434], [120.20204735276386, 30.232793330970985], [120.20142616345272, 30.23317858115645], [120.20134528690092, 30.233229718496716], [120.20123499186747, 30.233299505996253], [120.20119769505193, 30.233323069449412], [120.20115690793642, 30.23334893887769], [120.19985994586385, 30.232117716893995]]]}}, {"type": "Feature", "properties": {"osm_id": 530146557, "name": "近江四园", "kind": "landuse"}, "geometry": {"type": "Polygon", "coordinates": [[[120.1983392071495, 30.230493979779684], [120.1995127568633, 30.23160256541811], [120.19998532847515, 30.231232144256843], [120.20056883320669, 30.231236768073014], [120.20061728411567, 30.22982878965712], [120.2006151651129, 30.229530372659298], [120.20053437306044, 30.22938029712976], [120.20008935896175, 30.229010916290797], [120.19972698040641, 30.229343747912907], [120.1996446126338, 30.229415391535497], [120.19914542087425, 30.229822862710314], [120.1983392071495, 30.230493979779684]]]}}, {"type": "Feature", "properties": {"osm_id": 530146558, "name": "近江三园", "kind": "landuse"}, "geometry": {"type": "Polygon", "coordinates": [[[120.20056883320669, 30.231236768073014], [120.20061728411567, 30.22982878965712], [120.20188394930979, 30.229851793976355], [120.2020229770916, 30.22988546793392], [120.20212291496726, 30.229971909966984], [120.20219682531219, 30.23008469663927], [120.20218425583055, 30.231249498075368], [120.20056883320669, 30.231236768073014]]]}}, {"type": "Feature", "properties": {"osm_id": 530146562, "name": "近江二园", "kind": "landuse"}, "geometry": {"type": "Polygon", "coordinates": [[[120.20061728411567, 30.22982878965712], [120.2006151651129, 30.229530372659298], [120.20053437306044, 30.22938029712976], [120.20008935896175, 30.229010916290797], [120.2010537604079, 30.22819765205492], [120.201617872755, 30.228701453187746], [120.20238021675645, 30.228695601257105], [120.20250646785763, 30.228577787037178], [120.20273038023818, 30.228733432722887], [120.20250550578757, 30.229003717679923], [120.20239929090063, 30.229001690989563], [120.2023666458598, 30.229811699936512], [120.20212291496726, 30.229971909966984], [120.2020229770916, 30.22988546793392], [120.20188394930979, 30.229851793976355], [120.20061728411567, 30.22982878965712]]]}}, {"type": "Feature", "properties": {"osm_id": 530146563, "name": "近江一园", "kind": "landuse"}, "geometry": {"type": "Polygon", "coordinates": [[[120.20212291496726, 30.229971909966984], [120.2023666458598, 30.229811699936512], [120.20302777727287, 30.22985232626762], [120.2030361255372, 30.229497688331016], [120.20310255162693, 30.229540383592923], [120.20345040058325, 30.22925710174696], [120.20386761798758, 30.229571551969016], [120.20385400917932, 30.230235719599243], [120.20452797674729, 30.23083618401643], [120.20351483174213, 30.231699667092368], [120.2031005049671, 30.231322510345848], [120.20299388708521, 30.23128918088498], [120.20288437713612, 30.231254956284833], [120.20279222376243, 30.231254206025035], [120.20218425583055, 30.231249498075368], [120.20219682531219, 30.23008469663927], [120.20212291496726, 30.229971909966984]]]}}, {"type": "Feature", "properties": {"osm_id": 530340601, "name": "近江八园", "kind": "landuse"}, "geometry": {"type": "Polygon", "coordinates": [[[120.19624093874575, 30.234901908199937], [120.19573303381361, 30.234456861941954], [120.19540683289951, 30.234179212914782], [120.19502756318242, 30.233647140597053], [120.19503892102014, 30.23352761212029], [120.1965751660445, 30.232102028208487], [120.1968848163611, 30.23233250790956], [120.19699712593281, 30.232624234257145], [120.19699713562741, 30.23274114250015], [120.1969759217814, 30.234265087620006], [120.19624093874575, 30.234901908199937]]]}}, {"type": "Feature", "properties": {"osm_id": 530340602, "name": "近江七园", "kind": "landuse"}, "geometry": {"type": "Polygon", "coordinates": [[[120.1969759217814, 30.234265087620006], [120.19699716629545, 30.233110968631937], [120.19834590858446, 30.233141253959946], [120.19832765399923, 30.234281266395374], [120.1969759217814, 30.234265087620006]]]}}, {"type": "Feature", "properties": {"osm_id": 530433747, "name": "近江九园", "kind": "landuse"}, "geometry": {"type": "Polygon", "coordinates": [[[120.19624093874575, 30.234901908199937], [120.1969759217814, 30.234265087620006], [120.19832765399923, 30.234281266395374], [120.19832249470343, 30.234598697978505], [120.19834124935589, 30.234679271754747], [120.1983586073751, 30.234753647478428], [120.1989409370588, 30.235258492912017], [120.19778632461886, 30.23627133673915], [120.19624093874575, 30.234901908199937]]]}}, {"type": "Feature", "properties": {"osm_id": 530433748, "name": "近江六园", "kind": "landuse"}, "geometry": {"type": "Polygon", "coordinates": [[[120.1989409370588, 30.235258492912017], [120.19846352513515, 30.2348588760919], [120.1983586073751, 30.234753647478428], [120.19832249470343, 30.234598697978505], [120.19834590858446, 30.233141253959946], [120.19907319710653, 30.233155918084655], [120.19908634761421, 30.232997084540553], [120.1996047784472, 30.232500873367723], [120.19983925187127, 30.23271029345199], [120.20017246318815, 30.233004855049565], [120.20068500408699, 30.233496633617374], [120.20077406849632, 30.233582091376675], [120.1989409370588, 30.235258492912017]]]}}, {"type": "Feature", "properties": {"osm_id": 530447438, "name": "耀江福村", "kind": "landuse"}, "geometry": {"type": "Polygon", "coordinates": [[[120.1989409370588, 30.235258492912017], [120.19958520545192, 30.235788941675434], [120.1996537218133, 30.23584543031722], [120.20095706910014, 30.23477067215535], [120.20101368246347, 30.234377049862903], [120.20112017147623, 30.234116854540826], [120.20115437595148, 30.234085195569065], [120.20118439213928, 30.234057343831687], [120.2012550948072, 30.23399182203886], [120.20088088522448, 30.23367312016442], [120.20077406849632, 30.233582091376675], [120.1989409370588, 30.235258492912017]]]}}, {"type": "Feature", "properties": {"osm_id": 530447441, "name": "文华苑", "kind": "landuse"}, "geometry": {"type": "Polygon", "coordinates": [[[120.20137151051738, 30.23557454331873], [120.20116575027164, 30.235352067837567], [120.20100795458823, 30.235058008350332], [120.20095706910014, 30.23477067215535], [120.20098915412379, 30.234436894882077], [120.20101368246347, 30.234377049862903], [120.20112017147623, 30.234116854540826], [120.20115437595148, 30.234085195569065], [120.20118439213928, 30.234057343831687], [120.2012550948072, 30.23399182203886], [120.20151780311316, 30.234236705236718], [120.2022131825602, 30.234918910882612], [120.20137151051738, 30.23557454331873]]]}}, {"type": "Feature", "properties": {"osm_id": 530447447, "name": "钱江苑", "kind": "landuse"}, "geometry": {"type": "Polygon", "coordinates": [[[120.19778632461886, 30.23627133673915], [120.19822497396386, 30.23590415887408], [120.19886664082638, 30.236443005064583], [120.19907148928945, 30.236615070142385], [120.19958836724324, 30.23663719815349], [120.19958448187366, 30.236684708178377], [120.19953951882249, 30.23684479571322], [120.19930876613785, 30.236990296014735], [120.19893122665071, 30.237216852115008], [120.19778632461886, 30.23627133673915]]]}}, {"type": "Feature", "properties": {"osm_id": 530447451, "name": "瓯江公寓", "kind": "landuse"}, "geometry": {"type": "Polygon", "coordinates": [[[120.19958836724324, 30.23663719815349], [120.19907148928945, 30.236615070142385], [120.19822497396386, 30.23590415887408], [120.1989409370588, 30.235258492912017], [120.1996537218133, 30.23584543031722], [120.19958836724324, 30.23663719815349]]]}}, {"type": "Feature", "properties": {"osm_id": 530459661, "name": "新城坊", "kind": "landuse"}, "geometry": {"type": "Polygon", "coordinates": [[[120.1996537218133, 30.23584543031722], [120.19979054981823, 30.235891303320123], [120.20079730198357, 30.235951223182184], [120.2009550677926, 30.235893456669473], [120.20137151051738, 30.23557454331873], [120.20116575027164, 30.235352067837567], [120.20100795458823, 30.235058008350332], [120.20095706910014, 30.23477067215535], [120.1996537218133, 30.23584543031722]]]}}, {"type": "Feature", "properties": {"osm_id": 530459689, "name": "龙华坊", "kind": "landuse"}, "geometry": {"type": "Polygon", "coordinates": [[[120.1996537218133, 30.23584543031722], [120.19979054981823, 30.235891303320123], [120.20079730198357, 30.235951223182184], [120.20072756601486, 30.236842804344754], [120.20078242588392, 30.236955121241593], [120.20085733017577, 30.237054503913875], [120.20123034820514, 30.237438713100683], [120.20146154113867, 30.237676848260985], [120.20129390520418, 30.237793234025116], [120.20109863510383, 30.23779085737011], [120.20037690093517, 30.237781958539045], [120.20013614179634, 30.23756924584731], [120.20016824082715, 30.237411580441524], [120.19953951882249, 30.23684479571322], [120.19957451717674, 30.236779831939643], [120.1996537218133, 30.23584543031722]]]}}, {"type": "Feature", "properties": {"osm_id": 530459705, "name": "恒丰坊", "kind": "landuse"}, "geometry": {"type": "Polygon", "coordinates": [[[120.20123034820514, 30.237438713100683], [120.20085733017577, 30.237054503913875], [120.20072756601486, 30.236842804344754], [120.2013183644787, 30.23689752764337], [120.20134895381445, 30.236563752611513], [120.20194574239092, 30.236595171189766], [120.20199226347577, 30.23595154786657], [120.20243378112308, 30.236024330129744], [120.2024157477408, 30.236243175523256], [120.20237230826497, 30.236770585036815], [120.20228435322166, 30.23687233633071], [120.2021021578164, 30.237042247224686], [120.20204332982621, 30.23720455564005], [120.20158855484173, 30.237165900983438], [120.20123034820514, 30.237438713100683]]]}}, {"type": "Feature", "properties": {"osm_id": 530459710, "name": "钱塘人家", "kind": "landuse"}, "geometry": {"type": "Polygon", "coordinates": [[[120.20204332982621, 30.23720455564005], [120.20243678145307, 30.23733002075319], [120.20273655859168, 30.237106415566796], [120.20290691550564, 30.23726355014841], [120.20369825860095, 30.23669572947451], [120.20329380072347, 30.23628215142026], [120.20283774809953, 30.236630816132802], [120.2024157477408, 30.236243175523256], [120.20237230826497, 30.236770585036815], [120.2021021578164, 30.237042247224686], [120.20204332982621, 30.23720455564005]]]}}, {"type": "Feature", "properties": {"osm_id": 530459722, "name": "钱江时代公寓", "kind": "landuse"}, "geometry": {"type": "Polygon", "coordinates": [[[120.2034074087452, 30.235206989879618], [120.20447749647141, 30.235497295128678], [120.20487308580937, 30.235868093704738], [120.20727759787651, 30.234132121386356], [120.20700796605664, 30.233837014177528], [120.20683409794377, 30.233646668349174], [120.20604626850742, 30.23403431758936], [120.2059874279431, 30.234113215012137], [120.20595003821738, 30.234270884660585], [120.20585908328533, 30.234372934068276], [120.2056878416457, 30.234521512733508], [120.20558621326583, 30.234600477757997], [120.20542034916551, 30.234633240660695], [120.2043090708618, 30.234651302587455], [120.20357292310472, 30.23466328380057], [120.20353693844537, 30.23489975879869], [120.2034074087452, 30.235206989879618]]]}}, {"type": "Feature", "properties": {"osm_id": 530459725, "name": "南光坊", "kind": "landuse"}, "geometry": {"type": "Polygon", "coordinates": [[[120.20137151051738, 30.23557454331873], [120.2022131825602, 30.234918910882612], [120.20324888746475, 30.235884095068425], [120.20316870412617, 30.235916727188695], [120.2031480599358, 30.23592516122782], [120.20312931062915, 30.23593279214782], [120.20281096671592, 30.23599121302712], [120.20243378112308, 30.236024330129744], [120.20225994523865, 30.235985211511238], [120.20200572461825, 30.235920723526718], [120.2016981462334, 30.235814621629796], [120.20137151051738, 30.23557454331873]]]}}, {"type": "Feature", "properties": {"osm_id": 530969511, "name": "在水一方公寓", "kind": "landuse"}, "geometry": {"type": "Polygon", "coordinates": [[[120.20192846842897, 30.233938507568823], [120.20260989162253, 30.234617941091248], [120.20331037252402, 30.234064664504206], [120.20302043231872, 30.2338943217478], [120.20283801341722, 30.233811812048007], [120.20261590630199, 30.233784371602358], [120.20236178887679, 30.233787086587714], [120.20212373371884, 30.233838479959715], [120.20192846842897, 30.233938507568823]]]}}, {"type": "Feature", "properties": {"osm_id": 530969512, "name": "滨江新苑", "kind": "landuse"}, "geometry": {"type": "Polygon", "coordinates": [[[120.20192846842897, 30.233938507568823], [120.20123499186747, 30.233299505996253], [120.20204735276386, 30.232793330970985], [120.20230045735077, 30.232625304420434], [120.20277545242409, 30.232263304024546], [120.2042166253887, 30.232363487384134], [120.2041976058602, 30.232727343454954], [120.20418077694698, 30.23304779303628], [120.20417609673412, 30.23313710685134], [120.20413152654255, 30.233280588307828], [120.20331037252402, 30.234064664504206], [120.20302043231872, 30.2338943217478], [120.20283801341722, 30.233811812048007], [120.20261590630199, 30.233784371602358], [120.20236178887679, 30.233787086587714], [120.20212373371884, 30.233838479959715], [120.20192846842897, 30.233938507568823]]]}}, {"type": "Feature", "properties": {"osm_id": 530969514, "name": "景江城市花园", "kind": "landuse"}, "geometry": {"type": "Polygon", "coordinates": [[[120.20700796605664, 30.233837014177528], [120.20712705795326, 30.23381362950306], [120.20771022229032, 30.23330750193299], [120.20724996400443, 30.232867873757264], [120.20790812758196, 30.232222624419947], [120.20699331246652, 30.231528873628722], [120.20680181788701, 30.231676878977524], [120.20648767081836, 30.232181300073705], [120.20642915217428, 30.232542916266187], [120.20645960197923, 30.232887793429505], [120.20646918618853, 30.232996386264], [120.20653074321079, 30.2331918047542], [120.20655299157085, 30.233262575330752], [120.20669184867985, 30.233452274063513], [120.20683409794377, 30.233646668349174], [120.20700796605664, 30.233837014177528]]]}}, {"type": "Feature", "properties": {"osm_id": 530969520, "name": "郡亭公寓", "kind": "landuse"}, "geometry": {"type": "Polygon", "coordinates": [[[120.20491253766605, 30.230508450824622], [120.20629362800976, 30.231636962961026], [120.20676427947748, 30.231252207214112], [120.20533519991672, 30.23014815854762], [120.20491253766605, 30.230508450824622]]]}}, {"type": "Feature", "properties": {"osm_id": 531022413, "name": "海潮雅园一园", "kind": "landuse"}, "geometry": {"type": "Polygon", "coordinates": [[[120.18069437091688, 30.232482148680067], [120.1816055549883, 30.233805026776306], [120.1817967853662, 30.233829568854635], [120.18370160193106, 30.23261640935635], [120.1833642775892, 30.23227171653058], [120.18280550623902, 30.23182943282247], [120.1820592717259, 30.232283065821797], [120.1816495520308, 30.231754899087306], [120.18074949235213, 30.232320633425513], [120.18069437091688, 30.232482148680067]]]}}, {"type": "Feature", "properties": {"osm_id": 531056199, "name": "临江风帆公寓", "kind": "landuse"}, "geometry": {"type": "Polygon", "coordinates": [[[120.20260989162253, 30.234617941091248], [120.2034074087452, 30.235206989879618], [120.20353693844537, 30.23489975879869], [120.20357292310472, 30.23466328380057], [120.20349420452233, 30.23432568643376], [120.20336573150664, 30.234143280691672], [120.20331037252402, 30.234064664504206], [120.20260989162253, 30.234617941091248]]]}}, {"type": "Feature", "properties": {"osm_id": 531056218, "name": "天福花园", "kind": "landuse"}, "geometry": {"type": "Polygon", "coordinates": [[[120.20653074321079, 30.2331918047542], [120.20607991386981, 30.233223107347275], [120.20602964811194, 30.23326748886202], [120.20598637148993, 30.23339916573055], [120.20422727906022, 30.23335004017597], [120.20413152654255, 30.233280588307828], [120.20331037252402, 30.234064664504206], [120.20349420452233, 30.23432568643376], [120.20357292310472, 30.23466328380057], [120.20542034916551, 30.234633240660695], [120.20558621326583, 30.234600477757997], [120.20585908328533, 30.234372934068276], [120.20595003821738, 30.234270884660585], [120.2059874279431, 30.234113215012137], [120.20604626850742, 30.23403431758936], [120.20683409794377, 30.233646668349174], [120.20653074321079, 30.2331918047542]]]}}, {"type": "Feature", "properties": {"osm_id": 531056229, "name": "滨江家园", "kind": "landuse"}, "geometry": {"type": "Polygon", "coordinates": [[[120.20413152654255, 30.233280588307828], [120.20422727906022, 30.23335004017597], [120.20435663759206, 30.233353633942716], [120.20598637148993, 30.23339916573055], [120.20607991386981, 30.233223107347275], [120.20653074321079, 30.2331918047542], [120.20646918618853, 30.232996386264], [120.20642915217428, 30.232542916266187], [120.2042166253887, 30.232363487384134], [120.20413152654255, 30.233280588307828]]]}}, {"type": "Feature", "properties": {"osm_id": 531056249, "name": "世纪坊", "kind": "landuse"}, "geometry": {"type": "Polygon", "coordinates": [[[120.2042166253887, 30.232363487384134], [120.20351483174213, 30.231699667092368], [120.20485718698859, 30.230555541761376], [120.20569824216508, 30.231236463921885], [120.20566306296952, 30.231587343565376], [120.20680181788701, 30.231676878977524], [120.20648767081836, 30.232181300073705], [120.20642915217428, 30.232542916266187], [120.2042166253887, 30.232363487384134]]]}}, {"type": "Feature", "properties": {"osm_id": 531065211, "name": "婺江家园一园", "kind": "landuse"}, "geometry": {"type": "Polygon", "coordinates": [[[120.19457497824617, 30.234002162964046], [120.19516873249454, 30.234483152365307], [120.19466680415279, 30.23504757608004], [120.19541852269403, 30.235655898819523], [120.19442281796755, 30.236485911022132], [120.1942273759279, 30.23650085759139], [120.19343408626513, 30.23583101637078], [120.19297307358151, 30.235420008365406], [120.19457497824617, 30.234002162964046]]]}}, {"type": "Feature", "properties": {"osm_id": 531065219, "name": "婺江家园二园", "kind": "landuse"}, "geometry": {"type": "Polygon", "coordinates": [[[120.19336070753508, 30.235964856714713], [120.19267172931094, 30.236501825644336], [120.19266098952788, 30.236854070629203], [120.193453664209, 30.237440099198114], [120.19410245557609, 30.236782899308498], [120.19412418195266, 30.23664285059259], [120.19406933271962, 30.236574642732016], [120.19336070753508, 30.235964856714713]]]}}, {"type": "Feature", "properties": {"osm_id": 533705561, "name": "长岛之春", "kind": "landuse"}, "geometry": {"type": "Polygon", "coordinates": [[[120.15962525370047, 30.17065717245032], [120.16366220529261, 30.171997444444504], [120.16386736535894, 30.171557652951766], [120.15982601120578, 30.169909987353467], [120.15962701688088, 30.17027965520526], [120.15972962450259, 30.170325274390084], [120.15962525370047, 30.17065717245032]]]}}, {"type": "Feature", "properties": {"osm_id": 533715180, "name": "立志园", "kind": "landuse"}, "geometry": {"type": "Polygon", "coordinates": [[[120.15956278178756, 30.175984389404995], [120.1598671040184, 30.175995948399308], [120.15992294684389, 30.17604615090909], [120.16061983008333, 30.176059006413922], [120.1606150658337, 30.173940131439412], [120.16060807814223, 30.1738454402694], [120.16055233556575, 30.173795238125145], [120.15882621977768, 30.17380630901244], [120.15878424387863, 30.173847584780656], [120.15878621512202, 30.174762217050837], [120.15878831692775, 30.17485551700625], [120.15881003482082, 30.17581051641366], [120.15953494786987, 30.17581523213119], [120.15953256827939, 30.175976342774188], [120.15956278178756, 30.175984389404995]]]}}, {"type": "Feature", "properties": {"osm_id": 533719280, "name": "江畔云庐", "kind": "landuse"}, "geometry": {"type": "Polygon", "coordinates": [[[120.15446628676872, 30.177308908498613], [120.15452944551727, 30.176543370345957], [120.15456264529371, 30.176457110447007], [120.15461987926196, 30.176389110377833], [120.15470723007334, 30.17633675960376], [120.15486388979969, 30.176325992195707], [120.1556413075949, 30.176384763548583], [120.15651204118797, 30.176341459257863], [120.1568977363009, 30.17622588521439], [120.15731654066272, 30.176183354017382], [120.15782878034398, 30.17620335895291], [120.15862421468384, 30.17635866636337], [120.15870558627068, 30.176421225261176], [120.15872663196158, 30.176494291031762], [120.1588772967609, 30.176467923786138], [120.1593292073292, 30.17660302889424], [120.15937749187528, 30.17688505455798], [120.160576620908, 30.176838515027463], [120.16079349625447, 30.176892928617445], [120.16079650288937, 30.177075730596695], [120.15869657475903, 30.17716567111604], [120.15450537932651, 30.177332343027597], [120.15446628676872, 30.177308908498613]]]}}, {"type": "Feature", "properties": {"osm_id": 533737320, "name": "立业园", "kind": "landuse"}, "geometry": {"type": "Polygon", "coordinates": [[[120.15523196810706, 30.171721983938177], [120.15722088698455, 30.17230586941856], [120.15735501140828, 30.17238413841014], [120.15819680475575, 30.172368163026025], [120.15823092636666, 30.170219921957834], [120.15954897350024, 30.170653507905875], [120.15965514187741, 30.170353107931362], [120.15843631007807, 30.169891748252784], [120.15889490971624, 30.168898702246114], [120.15898494759962, 30.168860741602543], [120.15935831193522, 30.16813915368519], [120.15934195629124, 30.16810608150399], [120.15836433325522, 30.167712795170292], [120.15775040510982, 30.169079123115285], [120.15705293831256, 30.170798805001144], [120.15693587151993, 30.17080160881967], [120.15567889968403, 30.170421868308548], [120.15524570098165, 30.171383447618147], [120.15512466717072, 30.171690466320623], [120.15523196810706, 30.171721983938177]]]}}, {"type": "Feature", "properties": {"osm_id": 533763616, "name": "", "kind": "landuse"}, "geometry": {"type": "Polygon", "coordinates": [[[120.153521737591, 30.172752325591293], [120.15467334308411, 30.172987785885518], [120.15488704983207, 30.171871979046653], [120.15468072138498, 30.17178782747106], [120.1546244718785, 30.1717033199982], [120.15459812897772, 30.171505057306156], [120.15468065968814, 30.171052899809315], [120.15467685747198, 30.170900000535443], [120.15463935845068, 30.170851362533593], [120.1541216950291, 30.17071883614486], [120.15348045152085, 30.172742594644554], [120.153521737591, 30.172752325591293]]]}}, {"type": "Feature", "properties": {"osm_id": 534214439, "name": "望江家园西园", "kind": "landuse"}, "geometry": {"type": "Polygon", "coordinates": [[[120.18910528501021, 30.234248918020818], [120.1872112949601, 30.232470672771026], [120.18713919242114, 30.23229189332581], [120.18714017965708, 30.232173783192174], [120.18705049272114, 30.231560405856605], [120.18965397199084, 30.23052265334688], [120.18977423949129, 30.23074104924864], [120.18990098927833, 30.230971334351533], [120.19002674200735, 30.231199621329782], [120.19003153785279, 30.23131732081347], [120.1900437270325, 30.231613319320537], [120.19005501719808, 30.23188971814403], [120.1901303280093, 30.232250306484957], [120.19017491601268, 30.23246354042532], [120.19027873359812, 30.232699168353193], [120.19004003733191, 30.232807610053474], [120.18995980887215, 30.23326198827099], [120.19019962333044, 30.233413862791767], [120.18910528501021, 30.234248918020818]]]}}, {"type": "Feature", "properties": {"osm_id": 534240615, "name": "钱塘福苑", "kind": "landuse"}, "geometry": {"type": "Polygon", "coordinates": [[[120.14532854151413, 30.15120350520482], [120.14722138048805, 30.152169134405963], [120.14731972379636, 30.15220038243839], [120.14747481015887, 30.15215073939701], [120.14796083833494, 30.151145649133483], [120.14844686936438, 30.15024375701366], [120.14868470166361, 30.149853269100728], [120.14868469186402, 30.14973666574834], [120.14861746804172, 30.149696471158997], [120.1470504580971, 30.148936705349282], [120.1469522138458, 30.148905456601632], [120.14684359960737, 30.148910124681972], [120.14677638060815, 30.148964030024615], [120.14604218659257, 30.149987386428183], [120.14532942941614, 30.15108730045015], [120.14532854151413, 30.15120350520482]]]}}, {"type": "Feature", "properties": {"osm_id": 534240640, "name": "秋波名府", "kind": "landuse"}, "geometry": {"type": "Polygon", "coordinates": [[[120.14819290229764, 30.147355575455986], [120.14948520046258, 30.148018040195186], [120.14957436496947, 30.148071998694284], [120.14966791258928, 30.148067948345624], [120.149716977705, 30.148036968600795], [120.15031846530789, 30.147012168939444], [120.15033182518638, 30.146965745996656], [120.14932469637493, 30.146407152245374], [120.148977015274, 30.146241502586957], [120.14891468190184, 30.146237801698923], [120.14817055034615, 30.147220306881522], [120.1481438262972, 30.147278350581043], [120.14816168207098, 30.147316923546338], [120.14819290229764, 30.147355575455986]]]}}, {"type": "Feature", "properties": {"osm_id": 534403615, "name": "东和云第", "kind": "landuse"}, "geometry": {"type": "Polygon", "coordinates": [[[120.15808788875476, 30.166090723221632], [120.15881921487127, 30.166371744727357], [120.15881423393571, 30.166428255540627], [120.15919744100573, 30.166540481404105], [120.15929764961511, 30.16650770256841], [120.15934520819107, 30.166455516340548], [120.15990361264467, 30.16545558804723], [120.15876403597106, 30.164736584583395], [120.15808788875476, 30.166090723221632]]]}}, {"type": "Feature", "properties": {"osm_id": 534403632, "name": "杨家墩悦府", "kind": "landuse"}, "geometry": {"type": "Polygon", "coordinates": [[[120.1536720608855, 30.162554904013927], [120.15338899855747, 30.163158800755383], [120.15512214632143, 30.164229500013143], [120.15529116556071, 30.164164808517842], [120.15609559192295, 30.162925782763374], [120.15610266571406, 30.16285206803936], [120.15606725863115, 30.162766226220715], [120.15551159629383, 30.162398970045807], [120.15427638085782, 30.16261588473011], [120.15414544556675, 30.162603806160007], [120.15376429034923, 30.16239074298798], [120.1536720608855, 30.162554904013927]]]}}, {"type": "Feature", "properties": {"osm_id": 535621386, "name": "绿地旭辉城旭江华庭", "kind": "landuse"}, "geometry": {"type": "Polygon", "coordinates": [[[120.2290342821793, 30.225936612796716], [120.22749652198867, 30.224425858264905], [120.22768056343683, 30.224293472500747], [120.22930475657454, 30.223124982075724], [120.23099028093094, 30.22480611382339], [120.2290342821793, 30.225936612796716]]]}}, {"type": "Feature", "properties": {"osm_id": 535621387, "name": "龙湖·春江彼岸", "kind": "landuse"}, "geometry": {"type": "Polygon", "coordinates": [[[120.22939155849923, 30.222637772106083], [120.22894792674867, 30.22212424266334], [120.22887275186224, 30.22196630157157], [120.22883611291327, 30.221889230350033], [120.2287865955238, 30.221785269333445], [120.2286034019648, 30.221400414304753], [120.22809079489765, 30.220669448226396], [120.22887489849141, 30.220150884130504], [120.22925987264598, 30.2198962165189], [120.22979567219873, 30.219541813206835], [120.23018555139453, 30.219283953083757], [120.23022487902902, 30.219258017049288], [120.23045188248814, 30.219350825247925], [120.23051906516146, 30.21937386854203], [120.23086626170073, 30.219492877929838], [120.23116284689232, 30.21955623053117], [120.23118930885865, 30.21965581449753], [120.23122056399338, 30.21977369561419], [120.23124243260956, 30.219855982414455], [120.23148698311027, 30.220777936301285], [120.23154200480302, 30.220985303773833], [120.23160291824419, 30.221214767906897], [120.22995101433727, 30.22223494656162], [120.22939155849923, 30.222637772106083]]]}}, {"type": "Feature", "properties": {"osm_id": 535621388, "name": "缤纷东苑", "kind": "landuse"}, "geometry": {"type": "Polygon", "coordinates": [[[120.22703700514373, 30.21968280076546], [120.22594903368602, 30.218803131440062], [120.22693790828708, 30.217419757449793], [120.22737596948211, 30.2173704267305], [120.22854884360808, 30.21825006693099], [120.22703700514373, 30.21968280076546]]]}}, {"type": "Feature", "properties": {"osm_id": 535627283, "name": "明月江南", "kind": "landuse"}, "geometry": {"type": "Polygon", "coordinates": [[[120.2230272309875, 30.207078843236644], [120.223266930558, 30.20577380647509], [120.22335304827648, 30.205704508032696], [120.22588060866731, 30.205946847535603], [120.2259605613056, 30.206053272130113], [120.22553023910723, 30.207688602713045], [120.22541956631721, 30.207800623054766], [120.2230272309875, 30.207078843236644]]]}}, {"type": "Feature", "properties": {"osm_id": 535627284, "name": "明月江南", "kind": "landuse"}, "geometry": {"type": "Polygon", "coordinates": [[[120.2257208848483, 30.207933420855245], [120.22627425109069, 30.206052955271343], [120.22635419224018, 30.206004972393323], [120.22860525115942, 30.20624241170836], [120.22866065535212, 30.20632226471792], [120.22867912955837, 30.206423353186427], [120.22786120643775, 30.208293426106714], [120.22772597479813, 30.208463964921588], [120.22759063312394, 30.208501396945724], [120.2257208848483, 30.207933420855245]]]}}, {"type": "Feature", "properties": {"osm_id": 535627285, "name": "三秋花苑", "kind": "landuse"}, "geometry": {"type": "Polygon", "coordinates": [[[120.2271586772832, 30.202726898981403], [120.22716725084351, 30.201388819828637], [120.22717277005643, 30.200534769764253], [120.22848670431476, 30.20057401803555], [120.22880274453362, 30.20086604021542], [120.2288144651287, 30.20259452054063], [120.22866854453008, 30.20272096211052], [120.2271586772832, 30.202726898981403]]]}}, {"type": "Feature", "properties": {"osm_id": 535627288, "name": "科创公寓", "kind": "landuse"}, "geometry": {"type": "Polygon", "coordinates": [[[120.22590467479183, 30.196387421801738], [120.22588481550234, 30.19519558289094], [120.22863130023164, 30.195266714425568], [120.22885040903559, 30.195421119573016], [120.22880996436453, 30.19640510568854], [120.22590467479183, 30.196387421801738]]]}}, {"type": "Feature", "properties": {"osm_id": 535627289, "name": "湘云雅苑", "kind": "landuse"}, "geometry": {"type": "Polygon", "coordinates": [[[120.22946747005884, 30.200143597075424], [120.22944570925344, 30.195275270352145], [120.23244442188184, 30.194994508342095], [120.23290505535796, 30.19511475012905], [120.23310853190752, 30.19531860167089], [120.23320502068498, 30.195921256840617], [120.23344064729774, 30.196134386473297], [120.23391198134824, 30.196245335821988], [120.23389084495615, 30.20025125541094], [120.22946747005884, 30.200143597075424]]]}}, {"type": "Feature", "properties": {"osm_id": 536239299, "name": "高润云杉郡", "kind": "landuse"}, "geometry": {"type": "Polygon", "coordinates": [[[120.16790033509736, 30.176406096848186], [120.16797969843228, 30.176401448861633], [120.16935967649022, 30.17631996912089], [120.1693452843837, 30.175901279327874], [120.16932309665907, 30.175257095269725], [120.16931680005142, 30.17507319978507], [120.16885177988516, 30.17497676539612], [120.1679483770478, 30.175034052831077], [120.16774518381455, 30.175057632043227], [120.16790033509736, 30.176406096848186]]]}}, {"type": "Feature", "properties": {"osm_id": 544075638, "name": "云端公寓", "kind": "landuse"}, "geometry": {"type": "Polygon", "coordinates": [[[120.18128430508244, 30.171423084353975], [120.181285095219, 30.171333179465393], [120.18176619043011, 30.170529843981626], [120.18291110824013, 30.170937809000097], [120.18335738930773, 30.171062577259494], [120.18403776979277, 30.17111540614776], [120.18411041475444, 30.171845498030887], [120.18410986345509, 30.17241012061179], [120.182239635913, 30.172437626327202], [120.18202754706469, 30.172174314791572], [120.18182144454032, 30.171958294027256], [120.18131541805649, 30.171494928503208], [120.18128430508244, 30.171423084353975]]]}}, {"type": "Feature", "properties": {"osm_id": 544075643, "name": "长虹苑", "kind": "landuse"}, "geometry": {"type": "Polygon", "coordinates": [[[120.17602474267719, 30.174569440412455], [120.17788355385201, 30.174501521907683], [120.17786905658276, 30.174013230220528], [120.17784978585215, 30.17367105333959], [120.17650293590468, 30.173730603089695], [120.17597731698808, 30.173753898257573], [120.17600327745168, 30.174213967089827], [120.17602474267719, 30.174569440412455]]]}}, {"type": "Feature", "properties": {"osm_id": 544075673, "name": "中兴和园", "kind": "landuse"}, "geometry": {"type": "Polygon", "coordinates": [[[120.17988918934255, 30.159542394963083], [120.17978216266327, 30.15777663969154], [120.180803661086, 30.157259396666493], [120.18154471916318, 30.156945291257696], [120.1822523861412, 30.156706553187504], [120.18302017991755, 30.156502505771122], [120.18400182087848, 30.158446130041156], [120.18360122660349, 30.15862058504147], [120.18316731823754, 30.158621397748107], [120.18315393108942, 30.15829721234946], [120.18256638361477, 30.15831571498876], [120.18207226133086, 30.1583571444211], [120.18175182882123, 30.15848515099876], [120.18179860310813, 30.158652968468463], [120.18179194183215, 30.158878788328682], [120.18163591090558, 30.15891458297363], [120.18138466649283, 30.158972157622852], [120.18099074388162, 30.158967099202304], [120.18073033310334, 30.159089193831075], [120.18058350295203, 30.159454282511007], [120.17988918934255, 30.159542394963083]]]}}, {"type": "Feature", "properties": {"osm_id": 544761221, "name": "逸天广场", "kind": "landuse"}, "geometry": {"type": "Polygon", "coordinates": [[[120.13510243373585, 30.175978318726322], [120.13501902104393, 30.175955320226986], [120.13496893017373, 30.17590327955828], [120.13495884909457, 30.175856990067402], [120.13526252026628, 30.17421105201049], [120.13532587307142, 30.17417627241702], [120.13543601948574, 30.1741472349673], [120.13612692831049, 30.174071168528144], [120.13665759171813, 30.17397209171884], [120.13777237611782, 30.173915748680443], [120.13842652156778, 30.17387438475206], [120.1386301373892, 30.173891514495963], [120.13952120795611, 30.174026220301506], [120.13950471750597, 30.17603332167977], [120.1352493011343, 30.175992638451913], [120.13510243373585, 30.175978318726322]]]}}, {"type": "Feature", "properties": {"osm_id": 544768517, "name": "望江家园东园", "kind": "landuse"}, "geometry": {"type": "Polygon", "coordinates": [[[120.19227223121894, 30.234727512860207], [120.19335264707469, 30.23376061234019], [120.19309277170507, 30.233517558208217], [120.19309244751805, 30.233215937349353], [120.19354860667887, 30.23280659589828], [120.19097260766958, 30.230169333380005], [120.19083349397305, 30.229963270987493], [120.18965397199084, 30.23052265334688], [120.19002674200735, 30.231199621329782], [120.19027873359812, 30.232699168353193], [120.1905938528978, 30.233122226236805], [120.19227223121894, 30.234727512860207]]]}}, {"type": "Feature", "properties": {"osm_id": 545008853, "name": "天鸿君邑", "kind": "landuse"}, "geometry": {"type": "Polygon", "coordinates": [[[120.13963867639097, 30.17583033142865], [120.14195528771309, 30.17584400382465], [120.14199757851868, 30.17579884176269], [120.14201373318026, 30.174555369702787], [120.13971992847513, 30.17404255041105], [120.13966456353302, 30.174053926334405], [120.13962875260569, 30.17408217621048], [120.13963867639097, 30.17583033142865]]]}}, {"type": "Feature", "properties": {"osm_id": 545181727, "name": "银爵世纪公寓", "kind": "landuse"}, "geometry": {"type": "Polygon", "coordinates": [[[120.14632350655475, 30.170778844165703], [120.14623183083705, 30.170599277879045], [120.14609628010516, 30.170547683235117], [120.14634737885795, 30.170004878698098], [120.14705671251427, 30.16874943886331], [120.14790977957438, 30.169003817862645], [120.14790978480694, 30.169066020137688], [120.14718446815627, 30.171026325102552], [120.14632350655475, 30.170778844165703]]]}}, {"type": "Feature", "properties": {"osm_id": 545181728, "name": "绿城巧园", "kind": "landuse"}, "geometry": {"type": "Polygon", "coordinates": [[[120.1479681943976, 30.168646513089147], [120.14740058562224, 30.168508195765796], [120.14701648758061, 30.168384587869642], [120.14748078008239, 30.167397430533082], [120.14751229343054, 30.16735757994511], [120.1481974082805, 30.16773421942312], [120.1482691257867, 30.16783350997713], [120.14826913017734, 30.167885711859743], [120.1480082862561, 30.168626549386016], [120.1479681943976, 30.168646513089147]]]}}, {"type": "Feature", "properties": {"osm_id": 545863515, "name": "闻潮尚庭", "kind": "landuse"}, "geometry": {"type": "Polygon", "coordinates": [[[120.18667758254516, 30.23024500398755], [120.18786858181547, 30.229118328121178], [120.18909356161603, 30.229959637991456], [120.18724335664761, 30.230746192908992], [120.18692088295292, 30.23046046884815], [120.18667758254516, 30.23024500398755]]]}}, {"type": "Feature", "properties": {"osm_id": 545863526, "name": "望江府", "kind": "landuse"}, "geometry": {"type": "Polygon", "coordinates": [[[120.18795949811475, 30.228918847166934], [120.1888687457254, 30.22787890732189], [120.19037716820061, 30.229350056380614], [120.18927003692247, 30.229852707956905], [120.18795949811475, 30.228918847166934]]]}}, {"type": "Feature", "properties": {"osm_id": 546101444, "name": "肉厂宿舍", "kind": "landuse"}, "geometry": {"type": "Polygon", "coordinates": [[[120.18303231344368, 30.235222148921725], [120.18395960432693, 30.23465237182659], [120.18302918393864, 30.23356093568214], [120.18239052425845, 30.233979163809824], [120.18289267044487, 30.23451165960393], [120.18256506600007, 30.234729589910003], [120.18303231344368, 30.235222148921725]]]}}, {"type": "Feature", "properties": {"osm_id": 546232018, "name": "信达 滨江壹品", "kind": "landuse"}, "geometry": {"type": "Polygon", "coordinates": [[[120.1857130186609, 30.227676517205083], [120.18644260916524, 30.228244502011545], [120.18668570246507, 30.228374160698646], [120.18770493491942, 30.22878470666583], [120.1877929768785, 30.228793545116417], [120.1878395385474, 30.228775458154196], [120.1882740255086, 30.22832632854182], [120.18850681637905, 30.2280075795146], [120.18864130811177, 30.227837021273988], [120.18731678869668, 30.226530170045958], [120.18677870463789, 30.226894388678094], [120.18669075809989, 30.226822846607035], [120.18609584915424, 30.22723187643144], [120.18620453501367, 30.227316880557808], [120.1857130186609, 30.227676517205083]]]}}, {"type": "Feature", "properties": {"osm_id": 546232037, "name": "融创大家 候潮府", "kind": "landuse"}, "geometry": {"type": "Polygon", "coordinates": [[[120.18315128457913, 30.224759604203257], [120.18461136265125, 30.223820512381206], [120.1847580279519, 30.223828739369967], [120.18559232423121, 30.224660940539597], [120.18569792607944, 30.22483415566632], [120.18418371322271, 30.22597675282282], [120.18315128457913, 30.224759604203257]]]}}, {"type": "Feature", "properties": {"osm_id": 546241113, "name": "金隅·学府", "kind": "landuse"}, "geometry": {"type": "Polygon", "coordinates": [[[120.18012936594856, 30.224141747299367], [120.18153597281885, 30.223156433000327], [120.18200131835779, 30.22359128613495], [120.18281437493056, 30.22459102480595], [120.1808675548333, 30.225336334237124], [120.18012936594856, 30.224141747299367]]]}}, {"type": "Feature", "properties": {"osm_id": 546242705, "name": "望江新园二园", "kind": "landuse"}, "geometry": {"type": "Polygon", "coordinates": [[[120.18620575844469, 30.23722477573624], [120.18784624709042, 30.236306177161623], [120.18571778969068, 30.234685596959554], [120.18561648982438, 30.23468858543026], [120.18462807169777, 30.235299770093068], [120.18620575844469, 30.23722477573624]]]}}, {"type": "Feature", "properties": {"osm_id": 546393068, "name": "十五奎巷社区", "kind": "landuse"}, "geometry": {"type": "Polygon", "coordinates": [[[120.16820810132981, 30.2357790164767], [120.16821147472221, 30.2355819959103], [120.17085733668804, 30.235222117280287], [120.1710357975162, 30.236360064484995], [120.17087657707519, 30.236389965869115], [120.17021815894896, 30.23651361092902], [120.16989722541656, 30.23658831809205], [120.16953533566394, 30.236923820476072], [120.1690674083751, 30.236622373788343], [120.16903619987848, 30.236602230654036], [120.16865131658278, 30.23621962171759], [120.1686233975507, 30.236191871814917], [120.16820810132981, 30.2357790164767]]]}}, {"type": "Feature", "properties": {"osm_id": 546396254, "name": "四宜大院", "kind": "landuse"}, "geometry": {"type": "Polygon", "coordinates": [[[120.16202767820731, 30.23604659807648], [120.16211384774715, 30.236299060625353], [120.16221994419129, 30.237564061306195], [120.16318471960494, 30.237577410859124], [120.16320495011483, 30.237457165172735], [120.16362859294289, 30.2373044816207], [120.16346392770578, 30.23672063924238], [120.16344036091951, 30.236292650980946], [120.16325869275049, 30.236273380642483], [120.16317346467794, 30.235344068429047], [120.16304660280366, 30.234939570124748], [120.16259821062478, 30.23486727952671], [120.16239105401623, 30.235308986964153], [120.16222187219337, 30.23558791352066], [120.16205187933821, 30.23571183002509], [120.16202767820731, 30.23604659807648]]]}}, {"type": "Feature", "properties": {"osm_id": 583645067, "name": "", "kind": "landuse"}, "geometry": {"type": "Polygon", "coordinates": [[[120.13021706454353, 30.219221633178407], [120.12964179117162, 30.219559565431545], [120.12959099885859, 30.219589320716544], [120.12971988933676, 30.22026712750721], [120.12924547184394, 30.220298926356204], [120.12909516225274, 30.220084368681583], [120.128757062119, 30.220188822924968], [120.12875709299283, 30.220553245852738], [120.12825362038905, 30.220631761269487], [120.12809587077452, 30.221015843707715], [120.12775764496092, 30.22097057699058], [120.12767163424272, 30.219999900624124], [120.12660777472604, 30.21930608526307], [120.1235074705307, 30.21860110651715], [120.1233389842736, 30.21868275179716], [120.12298271705464, 30.218541236065185], [120.12283539572931, 30.21870136578008], [120.12276042613176, 30.21865272341628], [120.12267209871791, 30.218822005103412], [120.12252216021452, 30.21874792068442], [120.1224766484009, 30.21883136217364], [120.12273100329305, 30.21894016499875], [120.12267211817839, 30.219051419342126], [120.1229372556763, 30.219208814574426], [120.12285691437935, 30.219375790277798], [120.12261325356553, 30.219406088720365], [120.1223509178869, 30.21937159570327], [120.12226785970223, 30.21930675733634], [120.1222517921045, 30.21935307289995], [120.12191978082058, 30.21938813482964], [120.12178052214676, 30.21935344037543], [120.1216493432251, 30.219256235106318], [120.12148063099526, 30.219184459307975], [120.12144588702877, 30.219133482498815], [120.12146993697641, 30.219036158199017], [120.12147262501196, 30.218950350824567], [120.12131998486517, 30.21889256267438], [120.12138955289083, 30.21875810182568], [120.12157163873984, 30.218785765250757], [120.12160108112008, 30.218711538168353], [120.12182598772122, 30.218709065219862], [120.12179125744696, 30.218813398499318], [120.12184476798905, 30.21886436033947], [120.1218849922783, 30.218804025460383], [120.12201077367611, 30.218834129578727], [120.12218217532995, 30.218882598425694], [120.1222464509451, 30.218757440062333], [120.12233479666882, 30.218785171986777], [120.12239368852327, 30.21874342270793], [120.12233478703133, 30.21867156494957], [120.12224643737943, 30.218597530161727], [120.12225441732932, 30.218527919559502], [120.12236420702153, 30.218344721415992], [120.12242579774136, 30.21834697265524], [120.12248199082657, 30.21826582290459], [120.1225478755914, 30.21829177190187], [120.12266407191301, 30.21833758156009], [120.12271487584954, 30.218277236937364], [120.12277117632036, 30.218293392502545], [120.1230067624765, 30.21840910826164], [120.12312184224926, 30.218263004992295], [120.12228113021051, 30.2180597695667], [120.12167067124282, 30.21767082069989], [120.12178844634688, 30.21744821648966], [120.12277370108953, 30.217461339276575], [120.12323424812836, 30.2171967469603], [120.12311643897914, 30.216932627800364], [120.12231320124684, 30.21721139215245], [120.1221703458182, 30.217112498709415], [120.12237226489762, 30.21566385146581], [120.123007601304, 30.2153531213376], [120.12378918598425, 30.21543607657231], [120.12375934648715, 30.217857649049016], [120.12657765173621, 30.21834315400642], [120.12779341128146, 30.219060321688485], [120.12774995977861, 30.218608736597254], [120.12790913807301, 30.218570776579465], [120.12841121854464, 30.218471467361184], [120.13004133842176, 30.2181211528024], [120.12927355580456, 30.217256008276564], [120.12882384636873, 30.216894850553597], [120.12877032715687, 30.2165611850399], [120.1288398782475, 30.21647760872764], [120.12933249042474, 30.216736715218012], [120.12971790048762, 30.21681511579962], [120.13064289203186, 30.218306416835862], [120.13021706454353, 30.219221633178407]]]}}, {"type": "Feature", "properties": {"osm_id": 585016636, "name": "", "kind": "landuse"}, "geometry": {"type": "Polygon", "coordinates": [[[120.1638376698323, 30.17176211497957], [120.16539433331928, 30.172391082283156], [120.16601863384675, 30.17057546170423], [120.16591879507415, 30.17016523081464], [120.16606412570265, 30.169700245038822], [120.16480101666838, 30.169188353574377], [120.16502064610236, 30.16892124008101], [120.16451900874618, 30.168718153966086], [120.1647154975981, 30.16833837948924], [120.1643072863561, 30.168168322039936], [120.16440827225587, 30.167969929750196], [120.16413885642902, 30.167860919342836], [120.16389550714204, 30.16827567959452], [120.16354083761422, 30.16813542224843], [120.16386224288219, 30.167536113579875], [120.16351973795761, 30.167401334164907], [120.16262233498071, 30.167002152717973], [120.16229274447237, 30.16754716984818], [120.16161320497417, 30.167282388329927], [120.16169634557464, 30.167078431039826], [120.16161318478292, 30.167041279701156], [120.16184536828403, 30.166568543797197], [120.1600378545341, 30.16581236132463], [120.15894488040816, 30.16788017673795], [120.15948294938681, 30.168100831020485], [120.15860761825213, 30.16988824613717], [120.15957008089393, 30.170276256294592], [120.15979918275275, 30.16983913249374], [120.16395370832817, 30.171520593686587], [120.1638376698323, 30.17176211497957]]]}}, {"type": "Feature", "properties": {"osm_id": 585016637, "name": "", "kind": "landuse"}, "geometry": {"type": "Polygon", "coordinates": [[[120.16070692294214, 30.16588946784626], [120.15963077773604, 30.16518356412832], [120.15881817644839, 30.16468948729341], [120.15889235106401, 30.164544551136306], [120.15893692183003, 30.164531671870126], [120.1589999429972, 30.164560461380095], [120.16043228548494, 30.165487745372804], [120.16100744307215, 30.165802025619715], [120.16284413221067, 30.166364927171315], [120.162870158952, 30.166400281131416], [120.16279598778452, 30.166538720838897], [120.16104834314022, 30.16602716012861], [120.16070692294214, 30.16588946784626]]]}}, {"type": "Feature", "properties": {"osm_id": 586084225, "name": "江尚景苑", "kind": "landuse"}, "geometry": {"type": "Polygon", "coordinates": [[[120.17741679372597, 30.19649358241439], [120.1750921887208, 30.195418425756884], [120.17599793046683, 30.193788032996405], [120.17831993847757, 30.19478038991902], [120.17741679372597, 30.19649358241439]]]}}, {"type": "Feature", "properties": {"osm_id": 589380851, "name": "彩虹城", "kind": "landuse"}, "geometry": {"type": "Polygon", "coordinates": [[[120.1542486904063, 30.190310143804272], [120.15459260396696, 30.187648937332153], [120.15545685436632, 30.18739254939984], [120.15587407359226, 30.18734873025538], [120.1563038577119, 30.187347988499113], [120.15671489408753, 30.187374277562743], [120.15749967544163, 30.187556418875946], [120.15737525711229, 30.189063005113965], [120.15855837977915, 30.1891515331912], [120.15842917980343, 30.190688232399978], [120.1571449433482, 30.190607478619736], [120.15584322941433, 30.190539530281544], [120.15551315760149, 30.190502295967043], [120.1542486904063, 30.190310143804272]]]}}, {"type": "Feature", "properties": {"osm_id": 589380852, "name": "彩虹城·浪琴轩", "kind": "landuse"}, "geometry": {"type": "Polygon", "coordinates": [[[120.15266998246774, 30.19155585572802], [120.1527151542201, 30.19032892273871], [120.15431103160056, 30.190493546688238], [120.15482180824107, 30.19057908218838], [120.15560033816621, 30.190815260945605], [120.15550699183959, 30.191889771993374], [120.15539491671925, 30.19199796938591], [120.1547097408127, 30.191982939401672], [120.15421771433986, 30.19194057313368], [120.15266998246774, 30.19155585572802]]]}}, {"type": "Feature", "properties": {"osm_id": 589380854, "name": "彩虹豪庭", "kind": "landuse"}, "geometry": {"type": "Polygon", "coordinates": [[[120.15558796309675, 30.19188423270641], [120.1556999630149, 30.190885293016528], [120.15650347776669, 30.190743499503228], [120.156883397062, 30.190721239146864], [120.15836567357906, 30.190826650732397], [120.15846539028671, 30.19085887662253], [120.15849650555027, 30.190912824328805], [120.15841563433385, 30.192062921236413], [120.15835959958068, 30.19211702248084], [120.15824752267518, 30.192138820732186], [120.15677760727985, 30.19202258446328], [120.15625438968102, 30.19200189000521], [120.1556876922194, 30.19200826722511], [120.15558796309675, 30.19188423270641]]]}}, {"type": "Feature", "properties": {"osm_id": 589380855, "name": "之江公寓", "kind": "landuse"}, "geometry": {"type": "Polygon", "coordinates": [[[120.14966843674523, 30.188703036519428], [120.14923702371938, 30.187825187663325], [120.15016048795684, 30.187289378976768], [120.15046254759285, 30.187035278137667], [120.15086848712176, 30.186363587385916], [120.15162840339366, 30.18627453795854], [120.15173082224841, 30.186270369048568], [120.1521072699213, 30.18723949070911], [120.15235095183814, 30.18786681513932], [120.15224993795692, 30.187959686979315], [120.15064676397932, 30.188420741703048], [120.14966843674523, 30.188703036519428]]]}}, {"type": "Feature", "properties": {"osm_id": 589380856, "name": "景江苑", "kind": "landuse"}, "geometry": {"type": "Polygon", "coordinates": [[[120.14923702371938, 30.187825187663325], [120.14896900129291, 30.18733319281847], [120.14905197543462, 30.187292558811663], [120.14905695955323, 30.187262749520624], [120.14905934934684, 30.187217743678413], [120.14906532778542, 30.187152231191078], [120.14905664447619, 30.18707404150493], [120.1490235260705, 30.186988590429024], [120.14899769472117, 30.18698153125797], [120.14894892467137, 30.186972708507806], [120.1487891378169, 30.186799054734387], [120.14877307619638, 30.18674467779614], [120.14876868365162, 30.186693782484433], [120.14978439788403, 30.186023528837286], [120.1498503211397, 30.186038123356404], [120.14987984006835, 30.18602217509283], [120.14991055568426, 30.18600552485113], [120.14991184701573, 30.185944120033724], [120.15096642749366, 30.185263578582237], [120.15108191108139, 30.185246189056002], [120.15118912070525, 30.185273114775466], [120.15126531685033, 30.185323992176535], [120.15132756068672, 30.185489597437044], [120.15162840339366, 30.18627453795854], [120.15086848712176, 30.186363587385916], [120.15046254759285, 30.187035278137667], [120.15016048795684, 30.187289378976768], [120.14923702371938, 30.187825187663325]]]}}, {"type": "Feature", "properties": {"osm_id": 589380857, "name": "天寓", "kind": "landuse"}, "geometry": {"type": "Polygon", "coordinates": [[[120.15217140769397, 30.186222238772093], [120.15565496372275, 30.185823538798378], [120.15581092383273, 30.18701472390091], [120.1527543283898, 30.187747938491324], [120.15217140769397, 30.186222238772093]]]}}, {"type": "Feature", "properties": {"osm_id": 601252871, "name": "寰宇天下C区", "kind": "landuse"}, "geometry": {"type": "Polygon", "coordinates": [[[120.21396110487474, 30.217413203412413], [120.21212056715794, 30.21557095381439], [120.21341075714703, 30.214306172236217], [120.21561579871647, 30.21586508124712], [120.21396110487474, 30.217413203412413]]]}}, {"type": "Feature", "properties": {"osm_id": 601252872, "name": "寰宇天下E区", "kind": "landuse"}, "geometry": {"type": "Polygon", "coordinates": [[[120.21693842609092, 30.220268926693347], [120.21565656834524, 30.219062023942005], [120.21724650720353, 30.21760556530349], [120.21843101666644, 30.21841912085445], [120.2188367554825, 30.218882346895068], [120.21693842609092, 30.220268926693347]]]}}, {"type": "Feature", "properties": {"osm_id": 601252873, "name": "寰宇天下D区", "kind": "landuse"}, "geometry": {"type": "Polygon", "coordinates": [[[120.21542947657683, 30.21883751104347], [120.21419636497473, 30.217616594737446], [120.21553472964354, 30.216385220258335], [120.21711668512467, 30.217409019451022], [120.21542947657683, 30.21883751104347]]]}}, {"type": "Feature", "properties": {"osm_id": 601252874, "name": "滨盛金茂府", "kind": "landuse"}, "geometry": {"type": "Polygon", "coordinates": [[[120.22054986423981, 30.216985159836074], [120.21915293459081, 30.2161686913924], [120.21906701502704, 30.216064290334224], [120.21903457898986, 30.215973724640808], [120.21906071259929, 30.21586668608215], [120.21960019361642, 30.215429502064495], [120.2196444916981, 30.215366044619383], [120.21964258883723, 30.215281041798004], [120.21962452278393, 30.215214659660713], [120.21879350713684, 30.214714445495016], [120.21824985879341, 30.215253653308835], [120.21760776508408, 30.214861138343025], [120.21668024401177, 30.21578498271466], [120.21912420766596, 30.2175005080023], [120.21942936887423, 30.217875158647633], [120.21962774587071, 30.21800392594565], [120.22054986423981, 30.216985159836074]]]}}, {"type": "Feature", "properties": {"osm_id": 601264087, "name": "阳光城上府", "kind": "landuse"}, "geometry": {"type": "Polygon", "coordinates": [[[120.23044033808901, 30.18207178392379], [120.2307617693021, 30.179635904237866], [120.23082772475829, 30.17929053350511], [120.2311617398209, 30.17929915056022], [120.23177757315297, 30.179315038875007], [120.23291624146711, 30.179344527123284], [120.23302358421012, 30.182052557396318], [120.23044033808901, 30.18207178392379]]]}}, {"type": "Feature", "properties": {"osm_id": 601264088, "name": "东方花城", "kind": "landuse"}, "geometry": {"type": "Polygon", "coordinates": [[[120.23043837881812, 30.184959311101252], [120.23057437528642, 30.185416913750196], [120.23088878970678, 30.186257481728084], [120.23146057487845, 30.186058391353978], [120.23168123492553, 30.1865677313617], [120.23174723362166, 30.1867199838534], [120.2331849532477, 30.186170712370007], [120.23289096792476, 30.184022446070117], [120.23043837881812, 30.184959311101252]]]}}, {"type": "Feature", "properties": {"osm_id": 601264089, "name": "金色钱塘", "kind": "landuse"}, "geometry": {"type": "Polygon", "coordinates": [[[120.23540756052775, 30.191099807723944], [120.23486507936828, 30.185736343921707], [120.23682596670639, 30.1849363766657], [120.23680016731116, 30.186905481145565], [120.23681156338529, 30.18828653654419], [120.23682155625886, 30.18960259077829], [120.23681528326209, 30.191034561824697], [120.23540756052775, 30.191099807723944]]]}}, {"type": "Feature", "properties": {"osm_id": 604293760, "name": "水榭春天福邸", "kind": "landuse"}, "geometry": {"type": "Polygon", "coordinates": [[[120.22665216942612, 30.22728707508047], [120.22522792797977, 30.225805222635703], [120.22591313469714, 30.225248281584843], [120.22676973183333, 30.224718987667742], [120.22742305012592, 30.22550640051143], [120.22835477114495, 30.226358369893973], [120.22665216942612, 30.22728707508047]]]}}, {"type": "Feature", "properties": {"osm_id": 604293762, "name": "奥邸国际", "kind": "landuse"}, "geometry": {"type": "Polygon", "coordinates": [[[120.23560408841905, 30.235359796008446], [120.2346993440345, 30.234418565057815], [120.23663571526545, 30.233157347568618], [120.23759705849727, 30.23420871308661], [120.23560408841905, 30.235359796008446]]]}}, {"type": "Feature", "properties": {"osm_id": 605022061, "name": "", "kind": "landuse"}, "geometry": {"type": "Polygon", "coordinates": [[[120.18536627053753, 30.199213874674015], [120.18577271243572, 30.198554785286536], [120.1867087835836, 30.19898887184842], [120.18647351257354, 30.199406628908825], [120.18602422777057, 30.19926365458809], [120.18592792256293, 30.199384439562685], [120.18536627053753, 30.199213874674015]]]}}, {"type": "Feature", "properties": {"osm_id": 605022067, "name": "柳岸晓风", "kind": "landuse"}, "geometry": {"type": "Polygon", "coordinates": [[[120.17873804267276, 30.19907591522632], [120.17920089016306, 30.198311501767904], [120.17832577235464, 30.197787528749487], [120.17803074651643, 30.19764897948249], [120.17830308489178, 30.197122838106324], [120.18113491004262, 30.198474462211593], [120.18011516680507, 30.19971734802787], [120.17873804267276, 30.19907591522632]]]}}, {"type": "Feature", "properties": {"osm_id": 605342694, "name": "太阳国际公寓", "kind": "landuse"}, "geometry": {"type": "Polygon", "coordinates": [[[120.1589968393962, 30.19176238091542], [120.15918023643098, 30.189681758506644], [120.16102233817108, 30.19005778932822], [120.16086016264984, 30.19188136626638], [120.1589968393962, 30.19176238091542]]]}}, {"type": "Feature", "properties": {"osm_id": 605342695, "name": "盛元慧谷", "kind": "landuse"}, "geometry": {"type": "Polygon", "coordinates": [[[120.16443145238388, 30.192370509450694], [120.16430184376358, 30.192483852410962], [120.16399295084099, 30.192456616569697], [120.16384448008883, 30.19236758376751], [120.16356328893532, 30.192157887258244], [120.16333743416399, 30.191944188938255], [120.16314689117958, 30.19192003483804], [120.16301986674348, 30.191957067743292], [120.16291009189503, 30.191997869300284], [120.1628148727498, 30.192020543421144], [120.16268914017166, 30.192011571335964], [120.16257416821027, 30.191910875192633], [120.16258771966245, 30.191805045578022], [120.16276209902858, 30.1916840232921], [120.16330904580748, 30.19109110027071], [120.16379707289455, 30.190622487776146], [120.16422728706625, 30.189194334320533], [120.16481108211951, 30.18938397228209], [120.1650593722677, 30.189658928637204], [120.16509956824184, 30.189833862827363], [120.1649212346526, 30.190308412880846], [120.1649645189856, 30.19045264006322], [120.16443145238388, 30.192370509450694]]]}}, {"type": "Feature", "properties": {"osm_id": 606110910, "name": "缤纷西苑", "kind": "landuse"}, "geometry": {"type": "Polygon", "coordinates": [[[120.22318464853839, 30.21729046657137], [120.22329062689468, 30.217241446859195], [120.22476688006066, 30.215313040432086], [120.22475269980825, 30.21520904910668], [120.22344578874444, 30.214568214613127], [120.22331865314771, 30.214617256978197], [120.22189893601781, 30.21625824689638], [120.22189894910034, 30.216417256558003], [120.22318464853839, 30.21729046657137]]]}}, {"type": "Feature", "properties": {"osm_id": 606110917, "name": "绿城晓风印月", "kind": "landuse"}, "geometry": {"type": "Polygon", "coordinates": [[[120.21808650272423, 30.201671091545563], [120.21834058755603, 30.199872079682038], [120.22007200257057, 30.200091974453734], [120.21994326803676, 30.201138383365137], [120.2207143102765, 30.201208269869845], [120.22071398718126, 30.20213281897256], [120.21870803626578, 30.20186602742818], [120.21808650272423, 30.201671091545563]]]}}, {"type": "Feature", "properties": {"osm_id": 606415664, "name": "滨江嘉品", "kind": "landuse"}, "geometry": {"type": "Polygon", "coordinates": [[[120.23945614168755, 30.221575273838404], [120.23929743206249, 30.219961159113204], [120.23718749185562, 30.219887706310026], [120.23676293166989, 30.219887977601516], [120.23619689784438, 30.219904350329927], [120.23773521418902, 30.221548771196], [120.237901376713, 30.221633775492712], [120.23800592569114, 30.221660414072094], [120.23945614168755, 30.221575273838404]]]}}, {"type": "Feature", "properties": {"osm_id": 606417080, "name": "佳丰南苑", "kind": "landuse"}, "geometry": {"type": "Polygon", "coordinates": [[[120.23893421689353, 30.215949715324875], [120.23891267705727, 30.21387290293533], [120.23563448043893, 30.213939866049053], [120.23540954534053, 30.214088330257763], [120.23546329569689, 30.21572939146007], [120.23573110172373, 30.21603512570653], [120.23893421689353, 30.215949715324875]]]}}, {"type": "Feature", "properties": {"osm_id": 610596220, "name": "春波西苑", "kind": "landuse"}, "geometry": {"type": "Polygon", "coordinates": [[[120.21090818173543, 30.19199411811518], [120.21101362366532, 30.189590652652658], [120.21327018613614, 30.190014778563732], [120.2122789244696, 30.190659795819208], [120.21321946629617, 30.191938339607685], [120.21293211374835, 30.192648973441987], [120.21090818173543, 30.19199411811518]]]}}, {"type": "Feature", "properties": {"osm_id": 611607671, "name": "", "kind": "landuse"}, "geometry": {"type": "Polygon", "coordinates": [[[120.23550636243361, 30.207626390149862], [120.2376318274874, 30.207674204000018], [120.23789162910927, 30.20748423472956], [120.23783469103705, 30.206001587109274], [120.23757486467986, 30.205882239746924], [120.23550214495965, 30.206115609211768], [120.23550636243361, 30.207626390149862]]]}}, {"type": "Feature", "properties": {"osm_id": 614214443, "name": "观邸国际", "kind": "landuse"}, "geometry": {"type": "Polygon", "coordinates": [[[120.13369667714205, 30.18408495358019], [120.13290482517166, 30.18409158256195], [120.13284594910306, 30.184031448195913], [120.13278797791722, 30.184053816265912], [120.13177074722489, 30.182427405791213], [120.13146969037568, 30.18003444159343], [120.13468913471351, 30.18029720012603], [120.13471878594522, 30.180511473007336], [120.13476530931038, 30.180847030419685], [120.13490652202825, 30.181225273948343], [120.13452516661876, 30.182215980169342], [120.13410189257661, 30.18312072888615], [120.13369667714205, 30.18408495358019]]]}}, {"type": "Feature", "properties": {"osm_id": 614214449, "name": "杭州中海钱塘山水", "kind": "landuse"}, "geometry": {"type": "Polygon", "coordinates": [[[120.13154467775266, 30.17587848898837], [120.13155988710753, 30.17401249871553], [120.13298359877572, 30.17401287591591], [120.13407353623856, 30.174620513426866], [120.13404970093073, 30.17475574725139], [120.13386819307605, 30.175787504593345], [120.13384874573575, 30.175898032132505], [120.13154467775266, 30.17587848898837]]]}}, {"type": "Feature", "properties": {"osm_id": 614214457, "name": "中南白马湖壹号", "kind": "landuse"}, "geometry": {"type": "Polygon", "coordinates": [[[120.18263871567558, 30.149289303788663], [120.18289523619192, 30.14670964951338], [120.18415737353577, 30.145417650991917], [120.18523779653573, 30.145749644981244], [120.18585829603369, 30.14617530297044], [120.18639313101505, 30.146350615627117], [120.18534836051708, 30.14804870333968], [120.18494618663254, 30.14846566409406], [120.18469912079873, 30.148484525244278], [120.184289899605, 30.149256511128087], [120.18402879515291, 30.14949570589525], [120.1837747539053, 30.149538982210068], [120.18277252908423, 30.14943685694449], [120.18263871567558, 30.149289303788663]]]}}, {"type": "Feature", "properties": {"osm_id": 614847667, "name": "滨城云府", "kind": "landuse"}, "geometry": {"type": "Polygon", "coordinates": [[[120.17012118765791, 30.189290701665826], [120.16936565890248, 30.190639679859363], [120.1692304635553, 30.190650533298275], [120.16783577561269, 30.19009921018624], [120.16779279372848, 30.189982084732854], [120.16822888374216, 30.188655011003135], [120.16830245670961, 30.188561969556257], [120.16918734315485, 30.188871631250144], [120.17012118765791, 30.189290701665826]]]}}, {"type": "Feature", "properties": {"osm_id": 621254367, "name": "闻涛诚苑（西区）", "kind": "landuse"}, "geometry": {"type": "Polygon", "coordinates": [[[120.17040199870706, 30.194672831110385], [120.17095314910384, 30.19348403817502], [120.17372564665703, 30.19484928019463], [120.17374998297194, 30.194961639752695], [120.17332044477384, 30.195819893110446], [120.17286647651828, 30.19544823132648], [120.17040199870706, 30.194672831110385]]]}}, {"type": "Feature", "properties": {"osm_id": 621254368, "name": "绿城华润晓月映翠", "kind": "landuse"}, "geometry": {"type": "Polygon", "coordinates": [[[120.19704770692302, 30.179932821078925], [120.1970052189818, 30.179850191052743], [120.19703101737885, 30.17949603172028], [120.19709903383347, 30.178372667834854], [120.19851808503671, 30.178389734031313], [120.19968426646659, 30.178359957188967], [120.19968448518043, 30.179798916340484], [120.19965895895315, 30.17984326118315], [120.19961378762862, 30.179898739607015], [120.19953301211441, 30.17992897705576], [120.19704770692302, 30.179932821078925]]]}}, {"type": "Feature", "properties": {"osm_id": 621254373, "name": "齐虹雅园", "kind": "landuse"}, "geometry": {"type": "Polygon", "coordinates": [[[120.19636005115937, 30.19697799552738], [120.19823499116777, 30.19792601151787], [120.1984061193096, 30.19796082112492], [120.19852758114136, 30.19794201309986], [120.19867696134953, 30.19786705497006], [120.19878604911028, 30.197740463065863], [120.1988327084415, 30.197599676666606], [120.1988836438348, 30.197312275660035], [120.199003101918, 30.197167465670006], [120.19918060234346, 30.197047858919515], [120.19870420706637, 30.196916460677784], [120.199224365308, 30.195645014863995], [120.19731591828432, 30.195126648850415], [120.19722537046533, 30.19511620446216], [120.19713542338914, 30.195133060510923], [120.19705315788917, 30.195185105149445], [120.19666359930146, 30.19578350894353], [120.1962964131174, 30.196773195908793], [120.19636005115937, 30.19697799552738]]]}}, {"type": "Feature", "properties": {"osm_id": 621254378, "name": "时代滨江·丹枫四季", "kind": "landuse"}, "geometry": {"type": "Polygon", "coordinates": [[[120.21658400745612, 30.21268022222553], [120.21769977897259, 30.211479822089665], [120.21919722391777, 30.212371110597765], [120.21781300938437, 30.213718510392855], [120.21658400745612, 30.21268022222553]]]}}, {"type": "Feature", "properties": {"osm_id": 627924460, "name": "江晖府", "kind": "landuse"}, "geometry": {"type": "Polygon", "coordinates": [[[120.21112094497693, 30.189409589447987], [120.2110719584338, 30.189326356214714], [120.21111745203665, 30.188181037901252], [120.21350458043054, 30.188244772487018], [120.21345382113311, 30.189694109460174], [120.21324143553309, 30.189780407513886], [120.21112094497693, 30.189409589447987]]]}}, {"type": "Feature", "properties": {"osm_id": 642047401, "name": "湖头陈花苑", "kind": "landuse"}, "geometry": {"type": "Polygon", "coordinates": [[[120.2300535959243, 30.17438060675259], [120.23004922401523, 30.172192425944367], [120.23005936822742, 30.171734399568933], [120.23009618689647, 30.171546560067487], [120.23016334928754, 30.171333093050624], [120.23025656711755, 30.17114060423433], [120.23048475119691, 30.171016901198243], [120.23098036791933, 30.170905472221538], [120.23139475627882, 30.17104722881643], [120.23217497345092, 30.171779715875836], [120.23305612233484, 30.1722158341791], [120.23323882677998, 30.173541143776927], [120.23325705493367, 30.17425315746967], [120.23312921570361, 30.17483867920685], [120.2313908744643, 30.174840078206056], [120.23133423774625, 30.17441170870117], [120.2300535959243, 30.17438060675259]]]}}, {"type": "Feature", "properties": {"osm_id": 642047402, "name": "湘湖家园", "kind": "landuse"}, "geometry": {"type": "Polygon", "coordinates": [[[120.23396116733161, 30.17391071039266], [120.23416981143926, 30.17249420083295], [120.2342568443239, 30.172177724596487], [120.23442215359468, 30.171891292602606], [120.23470916573477, 30.17156717236129], [120.23497023058785, 30.171340977185306], [120.23534432126185, 30.171129705998123], [120.23561408993935, 30.1710316155665], [120.2366233500855, 30.17123434754484], [120.23701497125153, 30.171399801411905], [120.23730215392142, 30.171557925813715], [120.23762408743069, 30.171700831198127], [120.23899033665732, 30.172061637608465], [120.24003459725883, 30.172309675709702], [120.2407395439432, 30.172377115097348], [120.2412096461018, 30.173959044118167], [120.24110518840757, 30.174004296746666], [120.23744155819533, 30.17414193817028], [120.23455283539579, 30.17423428796331], [120.23396116733161, 30.17391071039266]]]}}, {"type": "Feature", "properties": {"osm_id": 642064044, "name": "湖漫雅筑", "kind": "landuse"}, "geometry": {"type": "Polygon", "coordinates": [[[120.19788136859516, 30.171349844789], [120.19790266472225, 30.170811787987795], [120.19726074905513, 30.170747989230243], [120.19747123860138, 30.170473816327043], [120.19780636845195, 30.17003742414557], [120.1980950974474, 30.169215999001338], [120.1985445524039, 30.169233832316415], [120.19852328666789, 30.171348747576744], [120.19788136859516, 30.171349844789]]]}}, {"type": "Feature", "properties": {"osm_id": 643849025, "name": "仁恒滨江园", "kind": "landuse"}, "geometry": {"type": "Polygon", "coordinates": [[[120.18526910224287, 30.227303017549175], [120.18436479658874, 30.226234631791527], [120.18445331504068, 30.226012251726], [120.18528110352871, 30.225348764784826], [120.1853189900321, 30.225334093307286], [120.18536136470235, 30.225336814639476], [120.18554582451263, 30.22541087645644], [120.18564393859803, 30.22546569769814], [120.1862326065287, 30.225573011989198], [120.18619034601171, 30.225748001965357], [120.18623213373108, 30.225882233392177], [120.18673296198287, 30.225964611193724], [120.1868498280414, 30.22609320356986], [120.18538595573203, 30.227299999903423], [120.18526910224287, 30.227303017549175]]]}}, {"type": "Feature", "properties": {"osm_id": 653407311, "name": "火炬小区", "kind": "landuse"}, "geometry": {"type": "Polygon", "coordinates": [[[120.1736982961836, 30.165780410507622], [120.16954940093484, 30.164277164242485], [120.17039074353646, 30.162576928638057], [120.17458598719921, 30.164069273389952], [120.17464402816778, 30.164252370030916], [120.1736982961836, 30.165780410507622]]]}}, {"type": "Feature", "properties": {"osm_id": 653407313, "name": "", "kind": "landuse"}, "geometry": {"type": "Polygon", "coordinates": [[[120.19220328323448, 30.148801873758686], [120.19085053551063, 30.148127993800397], [120.19166211072503, 30.147201901724866], [120.19237823528833, 30.14706251067703], [120.19261691584514, 30.146661871889467], [120.19223490080982, 30.146496952051805], [120.19293508101879, 30.145198362658554], [120.19465393393247, 30.1459129315725], [120.19377871684334, 30.147004810313334], [120.19355585351899, 30.14700520626508], [120.19290348475688, 30.14776549034122], [120.19295127059671, 30.14804141278804], [120.19220328323448, 30.148801873758686]]]}}, {"type": "Feature", "properties": {"osm_id": 653407314, "name": "", "kind": "landuse"}, "geometry": {"type": "Polygon", "coordinates": [[[120.19877917516784, 30.171306510519642], [120.19881561148989, 30.1693409751278], [120.20088166215628, 30.169527708909058], [120.20013209761655, 30.17062260105166], [120.19998585448194, 30.171304472049634], [120.19877917516784, 30.171306510519642]]]}}, {"type": "Feature", "properties": {"osm_id": 653407315, "name": "", "kind": "landuse"}, "geometry": {"type": "Polygon", "coordinates": [[[120.20108295824683, 30.17125503922746], [120.20111939627986, 30.170494150162956], [120.2015398871879, 30.169653423193644], [120.2026551868651, 30.169683295419095], [120.2027101566678, 30.16988931355147], [120.20271026661679, 30.171220663278408], [120.20108295824683, 30.17125503922746]]]}}, {"type": "Feature", "properties": {"osm_id": 653407316, "name": "", "kind": "landuse"}, "geometry": {"type": "Polygon", "coordinates": [[[120.20111959011975, 30.17284003893522], [120.20110124274511, 30.171667124510538], [120.20265534787319, 30.17163286832631], [120.20265542772496, 30.172599705108947], [120.20247263108409, 30.172758509325433], [120.20111959011975, 30.17284003893522]]]}}, {"type": "Feature", "properties": {"osm_id": 653407317, "name": "铂金名筑", "kind": "landuse"}, "geometry": {"type": "Polygon", "coordinates": [[[120.19353800529372, 30.17832270962908], [120.19351218713913, 30.177215610433173], [120.19667013303285, 30.17713955971829], [120.19665823303022, 30.177942112969017], [120.196430993598, 30.178213518451653], [120.19353800529372, 30.17832270962908]]]}}, {"type": "Feature", "properties": {"osm_id": 653407318, "name": "长兴苑小区", "kind": "landuse"}, "geometry": {"type": "Polygon", "coordinates": [[[120.19044553739901, 30.178521476226532], [120.19053453605856, 30.17800629359567], [120.19108454774857, 30.178087500650303], [120.19116627839261, 30.177694436858463], [120.19323503621749, 30.177887231181668], [120.19326089288582, 30.17825700022276], [120.19314174526971, 30.178389718065297], [120.19044553739901, 30.178521476226532]]]}}, {"type": "Feature", "properties": {"osm_id": 653407328, "name": "滨安小区", "kind": "landuse"}, "geometry": {"type": "Polygon", "coordinates": [[[120.22018642190116, 30.1863449736633], [120.2193400771135, 30.18649990148328], [120.21934006669345, 30.186373195808724], [120.21953178497196, 30.18561872901117], [120.21959083684584, 30.185386247102475], [120.21946532234537, 30.18430915185632], [120.2219626678474, 30.184288109287035], [120.22183731548346, 30.185311097571866], [120.22009235087972, 30.185439945708413], [120.22014884264168, 30.18561028573229], [120.22018642190116, 30.1863449736633]]]}}, {"type": "Feature", "properties": {"osm_id": 653407335, "name": "金辰之光公寓", "kind": "landuse"}, "geometry": {"type": "Polygon", "coordinates": [[[120.22241546457597, 30.17874236031307], [120.22215449344489, 30.178550247439045], [120.2220736828552, 30.176366850566534], [120.22291093321371, 30.176263205219602], [120.22323595758832, 30.1761829424503], [120.2237371285536, 30.176121592008506], [120.22371850117483, 30.176543629151606], [120.22457227761646, 30.1765442132472], [120.22476383960648, 30.177091032934335], [120.22439760551852, 30.17870138651559], [120.22241546457597, 30.17874236031307]]]}}, {"type": "Feature", "properties": {"osm_id": 653407336, "name": "锦绣玲珑府", "kind": "landuse"}, "geometry": {"type": "Polygon", "coordinates": [[[120.2267645345063, 30.184534803540597], [120.22551534856322, 30.184362656749578], [120.2245793367929, 30.184727450247284], [120.22468836048662, 30.184020503946048], [120.22482185310508, 30.183523441637107], [120.22491123219766, 30.183002525209037], [120.22496614383564, 30.182040826337715], [120.22499917320444, 30.18198028919], [120.22505166688887, 30.18195523326407], [120.22595669089156, 30.182016603976265], [120.22609592276952, 30.182054564563053], [120.22620222713383, 30.182187863005876], [120.2267645345063, 30.184534803540597]]]}}, {"type": "Feature", "properties": {"osm_id": 686827776, "name": "", "kind": "landuse"}, "geometry": {"type": "Polygon", "coordinates": [[[120.13371154409481, 30.220662876858505], [120.1348034282826, 30.22103698729227], [120.13536004792728, 30.220841591240184], [120.13487291097199, 30.22032765763141], [120.13417177274108, 30.220133894509832], [120.13426812973852, 30.219813858631152], [120.13367930917295, 30.219406636136306], [120.1333366614582, 30.21932823530377], [120.13327782556307, 30.21973162953491], [120.13342771875739, 30.220018871531405], [120.13378105297598, 30.22023166717261], [120.1338345492405, 30.220412414968536], [120.13371154409481, 30.220662876858505]]]}}, {"type": "Feature", "properties": {"osm_id": 709224786, "name": "滨康二苑", "kind": "landuse"}, "geometry": {"type": "Polygon", "coordinates": [[[120.20750285671924, 30.178999804910823], [120.20924005383085, 30.178987386547423], [120.21097214859337, 30.178975147012594], [120.21095459979743, 30.17665117761225], [120.20748501019384, 30.17667593738221], [120.20750285671924, 30.178999804910823]]]}}, {"type": "Feature", "properties": {"osm_id": 714965801, "name": "水城", "kind": "landuse"}, "geometry": {"type": "Polygon", "coordinates": [[[120.23869236566507, 30.15624635878844], [120.2381887271184, 30.156666567203498], [120.23732148382244, 30.157636227776994], [120.23679933047586, 30.158395684184867], [120.23651960972936, 30.159058087541307], [120.23629583549662, 30.160075768412504], [120.23829175536842, 30.16127775615559], [120.23854347385715, 30.161059601125075], [120.23889795707846, 30.160946293188555], [120.23929898677201, 30.160913766642217], [120.23960067075218, 30.16099250351627], [120.23994920311765, 30.161182522504298], [120.240638708276, 30.161739783632658], [120.2412897392715, 30.161741362067467], [120.2421506544338, 30.16096253462523], [120.24217601271373, 30.160850319478612], [120.24240330104767, 30.160589709635765], [120.24327115248374, 30.15984721638261], [120.23869236566507, 30.15624635878844]]]}}, {"type": "Feature", "properties": {"osm_id": 714966121, "name": "休博园一区", "kind": "landuse"}, "geometry": {"type": "Polygon", "coordinates": [[[120.22898287666972, 30.162699140755418], [120.229286867499, 30.16326248312138], [120.2293098803046, 30.163928585244058], [120.23082508001758, 30.164076357658086], [120.23259117322954, 30.164543119114736], [120.232985027558, 30.164739516192217], [120.23340913385991, 30.164883493677447], [120.23378781767738, 30.16497510971232], [120.23439383399092, 30.16500086148063], [120.23445426173586, 30.164089085616787], [120.2344997491924, 30.163610235968715], [120.23429517078154, 30.16350548177778], [120.23399981235123, 30.163039984110533], [120.23368919443281, 30.16271880602435], [120.23351495394459, 30.162384426759772], [120.23354529581212, 30.162286000337716], [120.23368156821869, 30.16224649572788], [120.23449202174662, 30.16190478341327], [120.2345298377598, 30.16162274644119], [120.23452222203343, 30.161281640519228], [120.23458281386846, 30.161150392202728], [120.23461644044806, 30.1609134599703], [120.23429933661164, 30.160732784879627], [120.23408086484739, 30.160412935413085], [120.23403791194535, 30.16013465808778], [120.23344238358426, 30.16006550447021], [120.2330738815843, 30.159894182643416], [120.23260267844796, 30.15996875489161], [120.2323027834145, 30.15993189303074], [120.23217852580677, 30.16030770552345], [120.2317030347121, 30.160229290819057], [120.23129604445847, 30.160285230839776], [120.23121032885341, 30.160712016943716], [120.23091045832079, 30.160767972468797], [120.23063634167688, 30.160772807185154], [120.23040066999081, 30.160902915218415], [120.23024648214192, 30.16136226486677], [120.22994659731532, 30.161102719656814], [120.22977533730345, 30.16149248454787], [120.2295611409202, 30.161696782702933], [120.2291755677839, 30.16201254156437], [120.22898287666972, 30.162699140755418]]]}}, {"type": "Feature", "properties": {"osm_id": 714966123, "name": "休博园三区", "kind": "landuse"}, "geometry": {"type": "Polygon", "coordinates": [[[120.23514540505562, 30.163445868407806], [120.23490294570537, 30.16412436357412], [120.23488439182147, 30.16432618380941], [120.23504284180032, 30.164350372083067], [120.2348846146869, 30.167047579843604], [120.2355653440148, 30.16710360453496], [120.23580775914722, 30.167022735613298], [120.23601293232316, 30.166917592959862], [120.23633004331671, 30.166909280960986], [120.23858690127251, 30.167037082984088], [120.23862420995036, 30.16657684485525], [120.2386334358148, 30.16583391309114], [120.23864273047474, 30.164711368237757], [120.23805509512208, 30.16366197816853], [120.23782192218461, 30.163484412940484], [120.23756070499998, 30.163452271995734], [120.2372157165358, 30.16342828645717], [120.23687991196438, 30.163315496240493], [120.23661879313455, 30.163137959081894], [120.23658143806225, 30.162992578471155], [120.2366746856709, 30.162863313321978], [120.23698252413465, 30.162911616688888], [120.237159644207, 30.16274189834907], [120.23744880019365, 30.162588311799865], [120.23778449780536, 30.162515402590298], [120.23811092035284, 30.162523305736382], [120.2384932674189, 30.16253918027637], [120.23881040581834, 30.162458294086576], [120.23902488599055, 30.16228046605903], [120.23917415617399, 30.16205427448555], [120.23926741076227, 30.161884616741716], [120.23945395872973, 30.162005717730732], [120.23977102088736, 30.162053947038657], [120.23999490623076, 30.161989225380275], [120.24031195331224, 30.161762951696954], [120.2398083096741, 30.16132720255362], [120.23955644861847, 30.161190034204825], [120.23923000062136, 30.161117511811003], [120.23894090999337, 30.161117674482362], [120.23872632213795, 30.161190499624745], [120.23848388763066, 30.16140054730018], [120.23814819985647, 30.161715756142964], [120.23782178867873, 30.16185315744939], [120.23750466099071, 30.161901853853706], [120.23567684326072, 30.161903046702452], [120.235592892303, 30.162121111718754], [120.23537844591745, 30.162331267228144], [120.23525724219346, 30.162395954012414], [120.23499605582458, 30.162396138067948], [120.23514540505562, 30.163445868407806]]]}}, {"type": "Feature", "properties": {"osm_id": 720744866, "name": "旭滨东方悦府", "kind": "landuse"}, "geometry": {"type": "Polygon", "coordinates": [[[120.22695400171618, 30.165441062360163], [120.23063855543717, 30.167078123510034], [120.23069586074479, 30.167157577125543], [120.23069587052358, 30.167276881413212], [120.23009912735114, 30.16845044223418], [120.22989248728621, 30.16832141978205], [120.22923823085091, 30.167824888251154], [120.22914639030012, 30.16772556813281], [120.22912342084626, 30.167586484020916], [120.22910044773148, 30.167402498317347], [120.22892825014847, 30.16724365013919], [120.22866422713706, 30.16713448969208], [120.22831996247284, 30.16710500959243], [120.22770590340994, 30.16700618826447], [120.22742472345709, 30.16687225420277], [120.22712627497255, 30.166683637653033], [120.22673032480527, 30.16658962379428], [120.22681058495382, 30.165545607344686], [120.22685070232505, 30.16547596529577], [120.22695400171618, 30.165441062360163]]]}}, {"type": "Feature", "properties": {"osm_id": 720744867, "name": "金湖艺境城", "kind": "landuse"}, "geometry": {"type": "Polygon", "coordinates": [[[120.23187091464925, 30.168378336337323], [120.2319309857148, 30.16806377578686], [120.2326062479618, 30.168200737532977], [120.23275274547908, 30.16752249714636], [120.23355242255101, 30.167630382196187], [120.23354154883809, 30.167732194148027], [120.23338997429481, 30.168645843077748], [120.23316245626265, 30.168697120050975], [120.23313410766761, 30.1687481438643], [120.23305664605333, 30.168860208076993], [120.23241786976314, 30.169457233620637], [120.23142771159162, 30.16998196144063], [120.23005284312228, 30.1700689426529], [120.23022254552335, 30.16892125131885], [120.23065441193671, 30.168107447105967], [120.23187091464925, 30.168378336337323]]]}}, {"type": "Feature", "properties": {"osm_id": 720744868, "name": "乐虹湾", "kind": "landuse"}, "geometry": {"type": "Polygon", "coordinates": [[[120.23009912735114, 30.16845044223418], [120.2298899459797, 30.16898044617429], [120.22966387586975, 30.170472402595543], [120.22747188160156, 30.171099764119308], [120.22724568804382, 30.169608227692976], [120.22624289912633, 30.16942981354411], [120.22637524415853, 30.167013792627728], [120.22708618167135, 30.167051890067803], [120.22712627497255, 30.166683637653033], [120.22742472345709, 30.16687225420277], [120.22770590340994, 30.16700618826447], [120.22831996247284, 30.16710500959243], [120.22866422713706, 30.16713448969208], [120.22892825014847, 30.16724365013919], [120.22910044773148, 30.167402498317347], [120.22912342084626, 30.167586484020916], [120.22914639030012, 30.16772556813281], [120.22923823085091, 30.167824888251154], [120.22989248728621, 30.16832141978205], [120.23009912735114, 30.16845044223418]]]}}, {"type": "Feature", "properties": {"osm_id": 720773736, "name": "燕语林森公寓", "kind": "landuse"}, "geometry": {"type": "Polygon", "coordinates": [[[120.22494986724575, 30.18679325200905], [120.2245608924732, 30.186170233844923], [120.22447595832391, 30.18611612154482], [120.22436418350091, 30.186123940842], [120.22200377127585, 30.186591264692442], [120.22241961119909, 30.187915153595856], [120.22494986724575, 30.18679325200905]]]}}, {"type": "Feature", "properties": {"osm_id": 720773743, "name": "连园", "kind": "landuse"}, "geometry": {"type": "Polygon", "coordinates": [[[120.22233373259513, 30.18843027400382], [120.22245891165365, 30.188914155164525], [120.22262888777226, 30.18927028080277], [120.22280323198125, 30.189335889046898], [120.22303116492671, 30.189378237754983], [120.22327705623614, 30.189339264544714], [120.22361236283703, 30.189245893150986], [120.22388958977169, 30.189133387106814], [120.22471658207559, 30.188613580049143], [120.22499381403483, 30.188423580120478], [120.2251681585433, 30.188307192904425], [120.22534250801479, 30.188237308786192], [120.22550787567644, 30.188159734535844], [120.22557044400597, 30.18805506539379], [120.22560625960728, 30.187884620831703], [120.22556153602628, 30.187745260421615], [120.22516806504761, 30.187168741178088], [120.22233373259513, 30.18843027400382]]]}}, {"type": "Feature", "properties": {"osm_id": 720773744, "name": "水晶湾城市雅苑", "kind": "landuse"}, "geometry": {"type": "Polygon", "coordinates": [[[120.22606888520447, 30.18582105636654], [120.22504481470119, 30.18601711788299], [120.22502307185286, 30.186186948192557], [120.22527721737596, 30.186783610412633], [120.22528819780402, 30.186809500194602], [120.22636306798724, 30.186474989425765], [120.22634619720709, 30.186433204460826], [120.22611969048934, 30.185871307254697], [120.22610521554218, 30.185833620196494], [120.22606888520447, 30.18582105636654]]]}}, {"type": "Feature", "properties": {"osm_id": 720773748, "name": "风情苑", "kind": "landuse"}, "geometry": {"type": "Polygon", "coordinates": [[[120.229111723997, 30.190485342591362], [120.22899985718063, 30.189614104132513], [120.22903118862605, 30.18947856917574], [120.22910264986108, 30.189381699426132], [120.23035025582772, 30.188857863497393], [120.2304173352782, 30.188842304493107], [120.23046654978981, 30.18886546289277], [120.23059627367057, 30.189519781073702], [120.23067225079095, 30.18965912216992], [120.2307036427646, 30.190236022107584], [120.23073938796358, 30.19033669616661], [120.23080647544596, 30.190406342018758], [120.2309182813307, 30.1904372481306], [120.23353901732246, 30.190442836574324], [120.23362397823682, 30.190454372631258], [120.2336732051835, 30.19055113992149], [120.23370447223064, 30.19077572685616], [120.23252825284241, 30.191012849780016], [120.2325462599242, 30.191469757054072], [120.22924596798813, 30.191569371621362], [120.22922356587256, 30.19104666722976], [120.22916096010952, 30.190802812652695], [120.229111723997, 30.190485342591362]]]}}, {"type": "Feature", "properties": {"osm_id": 720773753, "name": "官河公寓", "kind": "landuse"}, "geometry": {"type": "Polygon", "coordinates": [[[120.22861158575562, 30.188566813712722], [120.22885748591304, 30.189217116403327], [120.22891119136492, 30.189267469361543], [120.22900511903183, 30.189267383241187], [120.23047621623193, 30.18866584533473], [120.23051204758242, 30.188603811482597], [120.23050305684316, 30.188522515523857], [120.2302033401801, 30.187914848464846], [120.2301765860523, 30.187891670830915], [120.23012038610737, 30.187886819890824], [120.22873574739565, 30.188455193577525], [120.22866867495395, 30.18850175778012], [120.22861158575562, 30.188566813712722]]]}}, {"type": "Feature", "properties": {"osm_id": 761385290, "name": "康悦香庄", "kind": "landuse"}, "geometry": {"type": "Polygon", "coordinates": [[[120.20720154876021, 30.178034626329115], [120.20716653736113, 30.17681043034506], [120.20713680776839, 30.17673897309469], [120.20709810436614, 30.176705231167457], [120.20532341007133, 30.17677939471431], [120.20532227315852, 30.177505825898617], [120.20514577807134, 30.178025825350577], [120.20720154876021, 30.178034626329115]]]}}, {"type": "Feature", "properties": {"osm_id": 771020933, "name": "长虹南苑", "kind": "landuse"}, "geometry": {"type": "Polygon", "coordinates": [[[120.17849967737787, 30.172979097929478], [120.17552601625121, 30.1730761255998], [120.17547976105116, 30.171949769911418], [120.1784533223644, 30.171852242400494], [120.17849967737787, 30.172979097929478]]]}}, {"type": "Feature", "properties": {"osm_id": 817992747, "name": "明德明理府", "kind": "landuse"}, "geometry": {"type": "Polygon", "coordinates": [[[120.15460783890698, 30.166006339468733], [120.15525460950522, 30.164653188087573], [120.15546860705102, 30.16465282129269], [120.1576014748975, 30.166040874135415], [120.1576666932796, 30.166095261939898], [120.15766420833076, 30.166189869646953], [120.15720141199992, 30.167188413750537], [120.15711835301481, 30.16724246044037], [120.15702202747492, 30.167246828331493], [120.154674063675, 30.166128731109943], [120.15459867021121, 30.166073157433217], [120.15460783890698, 30.166006339468733]]]}}, {"type": "Feature", "properties": {"osm_id": 817992748, "name": "明乐府", "kind": "landuse"}, "geometry": {"type": "Polygon", "coordinates": [[[120.15418730337919, 30.16586714841036], [120.15248147591792, 30.16512658559055], [120.15243030898338, 30.165031167305138], [120.15329118668055, 30.163356071710474], [120.15341294715913, 30.163338266672774], [120.15358258566674, 30.163456385466706], [120.15504846731876, 30.164395431712535], [120.15512865252249, 30.164520498993788], [120.15440658967408, 30.16585747620928], [120.15418730337919, 30.16586714841036]]]}}, {"type": "Feature", "properties": {"osm_id": 919125856, "name": "滨江观品", "kind": "landuse"}, "geometry": {"type": "Polygon", "coordinates": [[[120.23706816073995, 30.236801331965474], [120.23583614513399, 30.23558785384615], [120.2377428572483, 30.234381535944486], [120.23880351611743, 30.235585994584437], [120.23881431439067, 30.235752800492286], [120.23706816073995, 30.236801331965474]]]}}, {"type": "Feature", "properties": {"osm_id": 966341790, "name": "闻涛诚苑（东区）", "kind": "landuse"}, "geometry": {"type": "Polygon", "coordinates": [[[120.17360201458213, 30.196003170634874], [120.17440107308744, 30.196705396175684], [120.17504657277796, 30.197174599521524], [120.17581356465543, 30.19594128742811], [120.1740663480351, 30.195144851184118], [120.17360201458213, 30.196003170634874]]]}}, {"type": "Feature", "properties": {"osm_id": 975346252, "name": "", "kind": "landuse"}, "geometry": {"type": "Polygon", "coordinates": [[[120.1303660726528, 30.232421747880338], [120.13043493474831, 30.23250117922407], [120.13059818603769, 30.23244139838375], [120.1305037495217, 30.232024171393096], [120.13065682504785, 30.232001903881816], [120.13087863690514, 30.231776446255946], [120.131516000594, 30.230852877965276], [120.13184496997155, 30.230572089939656], [120.13147743997622, 30.230343885731223], [120.13088518692227, 30.230173127822138], [120.13083061182682, 30.230282995065778], [120.1307318186849, 30.230258501140632], [120.13077431891816, 30.230141546760333], [120.1306169476407, 30.23009921505899], [120.13050970016818, 30.230412452866933], [120.13045820807119, 30.23040750818402], [120.13045901269588, 30.23048191245402], [120.13052028462955, 30.23049184689917], [120.1305100135935, 30.230578363992468], [120.13040214791839, 30.230666986616306], [120.13032072451695, 30.230733978932385], [120.1302665438157, 30.230801241811562], [120.13013042751088, 30.23078738668209], [120.12994773076784, 30.231046599418313], [120.12984575820903, 30.231225620075005], [120.13007792350486, 30.231803813502424], [120.13013652075755, 30.23203566712762], [120.13008812806474, 30.232108523939083], [120.13008084553393, 30.232135133578875], [120.1300651831056, 30.23219245431291], [120.13007536896089, 30.23227634933116], [120.1301763609915, 30.232313043954647], [120.1303406183933, 30.232331268925684], [120.1303660726528, 30.232421747880338]]]}}, {"type": "Feature", "properties": {"osm_id": 975722418, "name": "", "kind": "landuse"}, "geometry": {"type": "Polygon", "coordinates": [[[120.13235202702323, 30.227676517244813], [120.13230662352181, 30.22765136737937], [120.1323574089787, 30.227601706057314], [120.1326266256983, 30.227638899832893], [120.13281578949803, 30.227372963618482], [120.1327477342593, 30.227323438968504], [120.13292939591626, 30.2268479967537], [120.1328240229219, 30.226800815739153], [120.13273502127262, 30.226842621421703], [120.13271324467867, 30.22655722749429], [120.13284661446642, 30.226105843265465], [120.13296094852068, 30.225926898759823], [120.13393105027454, 30.22531831647423], [120.13403882029421, 30.225442895995116], [120.13414818648204, 30.225569273366386], [120.13428009585579, 30.225626718690442], [120.13461615032506, 30.22574532035958], [120.13481351804982, 30.225902590597542], [120.13430183053308, 30.226610357889662], [120.13422561005693, 30.226712256382612], [120.13380310006102, 30.227260398051406], [120.13375221955451, 30.227334663470455], [120.13333928012666, 30.227868986884786], [120.13331573586177, 30.227913017486543], [120.13313574217084, 30.22802423563889], [120.13305811444104, 30.228041527333566], [120.13242967593739, 30.227885942578187], [120.13234665156983, 30.227828133608167], [120.13235202702323, 30.227676517244813]]]}}, {"type": "Feature", "properties": {"osm_id": 981517187, "name": "", "kind": "landuse"}, "geometry": {"type": "Polygon", "coordinates": [[[120.12194816901332, 30.23395178492201], [120.12161433256219, 30.233703524580005], [120.12154993823404, 30.233626468256734], [120.12188014437832, 30.233432500804696], [120.12191178015853, 30.23333066906869], [120.12197796568982, 30.233353119235144], [120.1220890655534, 30.233301828911866], [120.1222867953018, 30.23306055641115], [120.12239159197922, 30.232857259084287], [120.12297626850244, 30.23312810772935], [120.1230478376406, 30.233107347795684], [120.12221857881664, 30.233797562441076], [120.12194816901332, 30.23395178492201]]]}}, {"type": "Feature", "properties": {"osm_id": 981554257, "name": "", "kind": "landuse"}, "geometry": {"type": "Polygon", "coordinates": [[[120.1233633126177, 30.237184181180492], [120.12334444316225, 30.23713989359118], [120.12332017754463, 30.23702560533871], [120.1232204573302, 30.237011686738544], [120.1231826985784, 30.236692194516245], [120.12311292453983, 30.236688651608418], [120.12276644781527, 30.23668093314928], [120.1226641266686, 30.236628811804167], [120.12235406347584, 30.23644204567437], [120.12227339985724, 30.236362903707334], [120.1222454482203, 30.23634922476032], [120.12223407705973, 30.23645154116403], [120.12189337779053, 30.236450507317976], [120.12181192023199, 30.236444969919855], [120.12179494525847, 30.236389478980897], [120.12189027355497, 30.236336601438445], [120.12191728738571, 30.23588134745991], [120.12224061711262, 30.23588279472226], [120.12234761960717, 30.235791603580275], [120.12238204792006, 30.235667767331783], [120.12241118929315, 30.235587538398555], [120.12253027312313, 30.23553934004318], [120.12266004035195, 30.235527735214998], [120.12274748355959, 30.235525364615476], [120.12296459549547, 30.23555049033054], [120.1231765058764, 30.235470010949157], [120.12324268516888, 30.235460855740516], [120.12333532165417, 30.235515783076792], [120.12338832467229, 30.235508838588903], [120.1234413256288, 30.23547899234583], [120.12352337677062, 30.235488124545725], [120.1236161102326, 30.235522449352057], [120.12368228770902, 30.235506292562864], [120.12372730246389, 30.23547415231545], [120.12378020518456, 30.235471807477044], [120.12398684745153, 30.235737551208484], [120.12423038522333, 30.23559983244182], [120.12416160025234, 30.235453181050477], [120.12428596296552, 30.235375168268828], [120.12420121418029, 30.235304136232045], [120.1242569048388, 30.23523308311792], [120.12434164816702, 30.23524211051654], [120.12446342062863, 30.235232904134605], [120.12445284541286, 30.235292517631507], [120.12450847670274, 30.2357049989507], [120.12460111821301, 30.235876830443168], [120.12459326854798, 30.23629626774635], [120.12434435283983, 30.236532601643777], [120.12424904822014, 30.236748199732755], [120.12419075535395, 30.23673674911542], [120.12412199536419, 30.23688581907458], [120.12420135168739, 30.236924653717637], [120.12412200975714, 30.237055431462913], [120.12416173776136, 30.237073698688267], [120.12409018441062, 30.237241072340463], [120.12395343637151, 30.237234988706867], [120.1238348525039, 30.237209387570914], [120.1238213715379, 30.23714179404001], [120.12376208044093, 30.237141844189455], [120.12369740481392, 30.237209503696906], [120.12361385819143, 30.23721427428732], [120.1233633126177, 30.237184181180492]]]}}, {"type": "Feature", "properties": {"osm_id": 981554290, "name": "", "kind": "landuse"}, "geometry": {"type": "Polygon", "coordinates": [[[120.12177677565515, 30.23519680668933], [120.12162413016507, 30.23505221347773], [120.12151651824912, 30.235059196066626], [120.1215289934852, 30.235023283991413], [120.12168511756758, 30.234980261590575], [120.12180390582041, 30.234934466906225], [120.12168330853255, 30.234836852681322], [120.12189422297483, 30.234647476474834], [120.12191838112946, 30.234654458240357], [120.12196240490688, 30.23466832503685], [120.12202818954562, 30.234673674183504], [120.12208169435785, 30.23466363167133], [120.12211962526246, 30.234638400170617], [120.12249268506783, 30.23489182342713], [120.12252642203799, 30.234857794056797], [120.12259899557606, 30.234893838574518], [120.12263932520669, 30.234913907660648], [120.12272586154553, 30.23481073062504], [120.12278345616159, 30.234785782337923], [120.12286231425234, 30.234782318224916], [120.12295086036994, 30.234846350832445], [120.1230148489569, 30.234892601949056], [120.12295666144986, 30.234981955844006], [120.1228825000074, 30.235041620460223], [120.12282420867052, 30.235087571038633], [120.1227447516283, 30.2350922356098], [120.12262565876391, 30.235021226341612], [120.12256468113601, 30.235179486589907], [120.1224376163606, 30.23528269539976], [120.12232371468303, 30.23523468230345], [120.12228139344965, 30.235278218889885], [120.12231313890013, 30.23529879528689], [120.1222442680058, 30.235381355611494], [120.12196355029555, 30.235225764185394], [120.12190535299759, 30.23523040971352], [120.12177677565515, 30.23519680668933]]]}}, {"type": "Feature", "properties": {"osm_id": 1001612427, "name": "中海云宸", "kind": "landuse"}, "geometry": {"type": "Polygon", "coordinates": [[[120.19016528008228, 30.181262199807094], [120.19005455527412, 30.18069777736252], [120.19016522572578, 30.180606972236358], [120.19034440612383, 30.180623547290516], [120.19109573205643, 30.180693088566233], [120.1919163664039, 30.180769011817397], [120.19194086649838, 30.180417352960927], [120.1931881818563, 30.180431120009548], [120.19319443786043, 30.18132064639818], [120.19016528008228, 30.181262199807094]]]}}, {"type": "Feature", "properties": {"osm_id": 1005820402, "name": "映翠雅苑", "kind": "landuse"}, "geometry": {"type": "Polygon", "coordinates": [[[120.20718535572573, 30.15463321530446], [120.20832075833225, 30.154610387449697], [120.20829609217297, 30.15063100502353], [120.20720113473777, 30.150028053164345], [120.20684437132257, 30.150267608725603], [120.20608206659426, 30.15057109920657], [120.20551440116569, 30.151268107835133], [120.20523063038745, 30.152330185984287], [120.20547394102972, 30.152892319890043], [120.20574975806339, 30.15332770043034], [120.20718535572573, 30.15463321530446]]]}}, {"type": "Feature", "properties": {"osm_id": 1005820409, "name": "杭州咏湖云庐（南区）", "kind": "landuse"}, "geometry": {"type": "Polygon", "coordinates": [[[120.20074465729641, 30.16014040813807], [120.20024726355715, 30.159530118503593], [120.20112761564471, 30.158924731931826], [120.20129445991414, 30.158885754277836], [120.2015014738633, 30.158578202080896], [120.20139045295033, 30.15831937713046], [120.20104986561417, 30.15818683699209], [120.20096029563287, 30.158026080529417], [120.20111971510096, 30.157451697515384], [120.20163400641957, 30.157261041070203], [120.20297411124297, 30.15854209005671], [120.20074465729641, 30.16014040813807]]]}}, {"type": "Feature", "properties": {"osm_id": 1005837158, "name": "冠新佳苑西区", "kind": "landuse"}, "geometry": {"type": "Polygon", "coordinates": [[[120.17190043789003, 30.16873630781921], [120.1727257464219, 30.16734760195906], [120.17264466851147, 30.16709464575319], [120.1693694735393, 30.16589175766083], [120.16906141086575, 30.16610314136457], [120.16845611704177, 30.167308214950324], [120.16868955590262, 30.167723394225366], [120.1687093110914, 30.167891663433828], [120.1716272639175, 30.16882252527645], [120.17190043789003, 30.16873630781921]]]}}, {"type": "Feature", "properties": {"osm_id": 1005837159, "name": "长虹南苑", "kind": "landuse"}, "geometry": {"type": "Polygon", "coordinates": [[[120.1742315834057, 30.17162331719159], [120.17410863842082, 30.171453043040604], [120.17423152031826, 30.170866788746267], [120.17450175245341, 30.170195052906376], [120.1759148212853, 30.170362887189007], [120.17822480210343, 30.170582226427367], [120.1783600105359, 30.17075247721812], [120.178360091269, 30.171722013677325], [120.1742315834057, 30.17162331719159]]]}}, {"type": "Feature", "properties": {"osm_id": 1005837165, "name": "", "kind": "landuse"}, "geometry": {"type": "Polygon", "coordinates": [[[120.20793055891076, 30.168036328288675], [120.20796262744832, 30.167433357788852], [120.20866893979334, 30.167469393767192], [120.20953574505562, 30.167273295226163], [120.21015649334419, 30.167216679317427], [120.21103403975762, 30.167391709662063], [120.21157991548941, 30.167548631207346], [120.21159065053885, 30.168290642819123], [120.20793055891076, 30.168036328288675]]]}}, {"type": "Feature", "properties": {"osm_id": 1005837166, "name": "", "kind": "landuse"}, "geometry": {"type": "Polygon", "coordinates": [[[120.20704224524896, 30.166998747444442], [120.2075985939341, 30.165476641477703], [120.20813364082719, 30.165596433169885], [120.20801600042154, 30.16632943727354], [120.21067013730884, 30.16619559361874], [120.21078782326279, 30.16590791266502], [120.21163336785399, 30.16612930392315], [120.21162268275775, 30.167205357697757], [120.21116249899038, 30.167085413431806], [120.21052037473817, 30.167012140580784], [120.20959996303887, 30.167013490903713], [120.20861534988225, 30.167163363152373], [120.20786625214535, 30.16718299501162], [120.20704224524896, 30.166998747444442]]]}}, {"type": "Feature", "properties": {"osm_id": 1005837169, "name": "", "kind": "landuse"}, "geometry": {"type": "Polygon", "coordinates": [[[120.20371423219284, 30.166901979721946], [120.20394950855548, 30.165695758966024], [120.20499827726752, 30.166092902901372], [120.206014873254, 30.166685027186325], [120.20663560241259, 30.167119978752552], [120.20629325950462, 30.167992440958244], [120.20371423219284, 30.166901979721946]]]}}, {"type": "Feature", "properties": {"osm_id": 1005837170, "name": "", "kind": "landuse"}, "geometry": {"type": "Polygon", "coordinates": [[[120.20662490088226, 30.166767482643333], [120.20582223407722, 30.166202910868215], [120.20514805939253, 30.16578655537781], [120.20406727606984, 30.16544506143851], [120.20422767448832, 30.164507972061802], [120.20553436608317, 30.164776511657678], [120.20572297765929, 30.16481521723478], [120.20659266444456, 30.165320481106203], [120.20713837640575, 30.16552374723626], [120.20708495193975, 30.165987645701804], [120.20672115718573, 30.16682303587571], [120.20662490088226, 30.166767482643333]]]}}, {"type": "Feature", "properties": {"osm_id": 1005837171, "name": "白马湖小区鸿雁苑", "kind": "landuse"}, "geometry": {"type": "Polygon", "coordinates": [[[120.2030615406194, 30.166550520966727], [120.20360701271797, 30.164434765003012], [120.202387151495, 30.164195535694954], [120.20210906453556, 30.164984418446824], [120.20161688464209, 30.164892524522706], [120.20129193850394, 30.165789292924085], [120.2014071376601, 30.16592520720513], [120.2030615406194, 30.166550520966727]]]}}, {"type": "Feature", "properties": {"osm_id": 1005837172, "name": "白马湖小区孔雀苑", "kind": "landuse"}, "geometry": {"type": "Polygon", "coordinates": [[[120.20150195397613, 30.16801352558106], [120.20198335558122, 30.16682539000151], [120.20060304785436, 30.16623405323583], [120.20073147796931, 30.165992630620753], [120.19894451122042, 30.165188706585006], [120.19886966865761, 30.165801055234123], [120.19877354271408, 30.16710906523496], [120.19860236159776, 30.167656676205503], [120.19953320783999, 30.167822004709517], [120.20051762297689, 30.16795025750118], [120.20150195397613, 30.16801352558106]]]}}, {"type": "Feature", "properties": {"osm_id": 1005837173, "name": "白马湖小区孔雀苑", "kind": "landuse"}, "geometry": {"type": "Polygon", "coordinates": [[[120.20198345594494, 30.168040533728163], [120.20230440150598, 30.166945468129658], [120.20293573311714, 30.167232049526728], [120.2028394604416, 30.168076236497182], [120.20198345594494, 30.168040533728163]]]}}, {"type": "Feature", "properties": {"osm_id": 1006030111, "name": "滨江御滨府", "kind": "landuse"}, "geometry": {"type": "Polygon", "coordinates": [[[120.22569604028888, 30.19465214883803], [120.22573649620573, 30.19386496903461], [120.22396023201436, 30.193815432725163], [120.22391864049408, 30.19289453309311], [120.22402691329658, 30.192798811745828], [120.22727024381896, 30.19274598502622], [120.22709981341838, 30.19329437767669], [120.2267346512099, 30.193765659861874], [120.22649933908802, 30.19418751426003], [120.22636144843649, 30.194707777582334], [120.22569604028888, 30.19465214883803]]]}}, {"type": "Feature", "properties": {"osm_id": 1006114556, "name": "湖头陈凤彩苑", "kind": "landuse"}, "geometry": {"type": "Polygon", "coordinates": [[[120.22622646945977, 30.174762733589702], [120.2262343650299, 30.172462736312276], [120.22629155364804, 30.17245667858769], [120.22628934914731, 30.172349976715754], [120.22700675160274, 30.172141356480786], [120.22745719537264, 30.172145818002324], [120.2275768740579, 30.17220610487679], [120.22767768723263, 30.172246809564545], [120.22914467520607, 30.17237284280151], [120.22919019389843, 30.17239490223178], [120.22920567064968, 30.172455690494647], [120.22921352277535, 30.174481661910637], [120.22825989501982, 30.174659950235508], [120.22622646945977, 30.174762733589702]]]}}, {"type": "Feature", "properties": {"osm_id": 1006114557, "name": "湖头陈风彩苑", "kind": "landuse"}, "geometry": {"type": "Polygon", "coordinates": [[[120.22204902682616, 30.17505872654751], [120.22202100314767, 30.174057519123362], [120.2222447004742, 30.17363744882883], [120.2233817810052, 30.17402369686671], [120.22376390843736, 30.17289283622435], [120.22502230550431, 30.173206408157718], [120.22511556892907, 30.17379583369192], [120.224835969876, 30.174345147759105], [120.22483602091486, 30.174966872147603], [120.22204902682616, 30.17505872654751]]]}}, {"type": "Feature", "properties": {"osm_id": 1006114558, "name": "启悦府", "kind": "landuse"}, "geometry": {"type": "Polygon", "coordinates": [[[120.21829329279954, 30.18653189447114], [120.21824424094694, 30.184577068865597], [120.21825111387786, 30.184434554009922], [120.21830977777918, 30.184369077846885], [120.21837153816443, 30.18434309965647], [120.21913844223525, 30.184346352196247], [120.21922403458085, 30.18532189051961], [120.21889496995912, 30.18666855437194], [120.21850573399423, 30.18669753724357], [120.2183871940404, 30.18665638291854], [120.21832273230301, 30.186593360478312], [120.21829329279954, 30.18653189447114]]]}}, {"type": "Feature", "properties": {"osm_id": 1007623061, "name": "江照华庭", "kind": "landuse"}, "geometry": {"type": "Polygon", "coordinates": [[[120.13348477824755, 30.173826181912798], [120.13376894286054, 30.17258569793355], [120.13401554200998, 30.171977480934043], [120.13342005077519, 30.171810480889576], [120.13354671458536, 30.17115060669974], [120.13344244426031, 30.171137229134217], [120.13324028865235, 30.171113865621507], [120.13266894004268, 30.17108782846589], [120.1324681778425, 30.171089259292167], [120.13186328534398, 30.17106214571536], [120.13174306497058, 30.17130909020849], [120.13159571758716, 30.171737171439947], [120.13155651665546, 30.171914721962253], [120.13147814034049, 30.1737547798966], [120.1315639641987, 30.173845187667855], [120.13341852935588, 30.173880062021087], [120.13348477824755, 30.173826181912798]]]}}, {"type": "Feature", "properties": {"osm_id": 1007623062, "name": "观潮华庭", "kind": "landuse"}, "geometry": {"type": "Polygon", "coordinates": [[[120.13191694202202, 30.170735272970685], [120.13199898615649, 30.168623302296115], [120.13302168871068, 30.168976341550238], [120.13298681949908, 30.170797949557308], [120.13202920402304, 30.17078594798474], [120.13191694202202, 30.170735272970685]]]}}, {"type": "Feature", "properties": {"osm_id": 1012707136, "name": "时代滨江悦", "kind": "landuse"}, "geometry": {"type": "Polygon", "coordinates": [[[120.23455948558056, 30.18350536561715], [120.23458556638714, 30.183782158771642], [120.23462667797902, 30.18472757045955], [120.23473216288288, 30.185384923510583], [120.23678311133882, 30.184689793440462], [120.23682094664174, 30.18459926505042], [120.23674895211126, 30.184555909632447], [120.2361520611004, 30.184515100394023], [120.23601397534024, 30.184527793575786], [120.23592909919651, 30.18443534678555], [120.23589706061702, 30.183359621535274], [120.23455948558056, 30.18350536561715]]]}}, {"type": "Feature", "properties": {"osm_id": 1013622381, "name": "金地天逸小区北区", "kind": "landuse"}, "geometry": {"type": "Polygon", "coordinates": [[[120.23395004855995, 30.18077109680095], [120.23398746926325, 30.179330808703646], [120.23404087595338, 30.17925466582218], [120.23414300670288, 30.17921698857134], [120.23648850496062, 30.179151548843446], [120.23657457800375, 30.17920399465615], [120.23661472319667, 30.179280871644796], [120.23674019306787, 30.180017620798626], [120.23682233113232, 30.18077899969689], [120.23395004855995, 30.18077109680095]]]}}, {"type": "Feature", "properties": {"osm_id": 1013622382, "name": "", "kind": "landuse"}, "geometry": {"type": "Polygon", "coordinates": [[[120.23399366918675, 30.17579796051775], [120.23661584314227, 30.175887532998516], [120.23660798457341, 30.178685051434393], [120.23654997893857, 30.178758492339824], [120.23396336754166, 30.178830705988247], [120.23399366918675, 30.17579796051775]]]}}, {"type": "Feature", "properties": {"osm_id": 1016010772, "name": "", "kind": "landuse"}, "geometry": {"type": "Polygon", "coordinates": [[[120.2368535986559, 30.204110697895032], [120.23684178860574, 30.203770787173138], [120.2364358066627, 30.203778151851907], [120.2364438764369, 30.20356033483259], [120.23550243466788, 30.203560670044205], [120.2354880851302, 30.20268333306631], [120.23764089928407, 30.202621522748665], [120.23775283901766, 30.202681957345067], [120.23783153541375, 30.204049282647894], [120.2368535986559, 30.204110697895032]]]}}, {"type": "Feature", "properties": {"osm_id": 1024749486, "name": "长江西苑", "kind": "landuse"}, "geometry": {"type": "Polygon", "coordinates": [[[120.18267215563246, 30.180949956816562], [120.18286479981427, 30.18117220479393], [120.18504701507123, 30.18120522650081], [120.1850573766962, 30.17751385407447], [120.18283239932644, 30.177610717789516], [120.18267215563246, 30.180949956816562]]]}}, {"type": "Feature", "properties": {"osm_id": 1029223262, "name": "海潮雅园二园", "kind": "landuse"}, "geometry": {"type": "Polygon", "coordinates": [[[120.17915761435542, 30.235309850091326], [120.1782820716781, 30.234461543393195], [120.17806309467579, 30.234047427698496], [120.17805516722242, 30.23343509903813], [120.17891119768812, 30.233443881812708], [120.17909464375602, 30.233403332392093], [120.18029199232062, 30.232674620832846], [120.18049129725703, 30.23269894675387], [120.18130576196349, 30.233928899771985], [120.18128144880384, 30.23409755759208], [120.17915761435542, 30.235309850091326]]]}}, {"type": "Feature", "properties": {"osm_id": 1029223263, "name": "海潮雅园三园", "kind": "landuse"}, "geometry": {"type": "Polygon", "coordinates": [[[120.18031938941358, 30.23242575161099], [120.17905434948115, 30.23322179561205], [120.17888326655977, 30.233265121882187], [120.1780633270307, 30.233247770305166], [120.17821379351898, 30.232273016967547], [120.17840847003012, 30.231808516365327], [120.17870173128627, 30.23111221349635], [120.17887409423192, 30.23087707146284], [120.17921594657848, 30.23061660763252], [120.1793448601703, 30.230620764470856], [120.17948138283269, 30.231005433414378], [120.17992641950315, 30.23185615284615], [120.18031938941358, 30.23242575161099]]]}}, {"type": "Feature", "properties": {"osm_id": 1029223268, "name": "御潮府", "kind": "landuse"}, "geometry": {"type": "Polygon", "coordinates": [[[120.18249280828213, 30.236244335194005], [120.18253327867139, 30.236138851539295], [120.1816495886933, 30.234586699889757], [120.18133005281915, 30.23468850846878], [120.18013209848823, 30.235388216340287], [120.17943172580739, 30.23571426172793], [120.18096784692017, 30.237202073156237], [120.18249280828213, 30.236244335194005]]]}}, {"type": "Feature", "properties": {"osm_id": 1057868973, "name": "博邑郡", "kind": "landuse"}, "geometry": {"type": "Polygon", "coordinates": [[[120.18920537440772, 30.181217448148995], [120.18924002874364, 30.179481811986584], [120.18989651307301, 30.179468313632285], [120.18986534950622, 30.181219043834563], [120.18920537440772, 30.181217448148995]]]}}, {"type": "Feature", "properties": {"osm_id": 1058040107, "name": "臻奥院", "kind": "landuse"}, "geometry": {"type": "Polygon", "coordinates": [[[120.23224750960748, 30.221188540002387], [120.23356184458216, 30.220441264055296], [120.23392225271505, 30.22044099250086], [120.23474908608256, 30.221302841464823], [120.23486944156673, 30.223101070870804], [120.23315928509642, 30.223762886008526], [120.23245253664585, 30.22210583427788], [120.23223334179865, 30.22128645765291], [120.23224750960748, 30.221188540002387]]]}}, {"type": "Feature", "properties": {"osm_id": 1058040108, "name": "臻奥院", "kind": "landuse"}, "geometry": {"type": "Polygon", "coordinates": [[[120.23187680295716, 30.22433824440066], [120.23137741749076, 30.223745518455694], [120.2312042258701, 30.223826068866497], [120.23013171572214, 30.222542107223294], [120.23155503121176, 30.22158063091241], [120.23168929554897, 30.221537617155445], [120.2317670629421, 30.221555954312254], [120.23272113069156, 30.223903937558614], [120.23187680295716, 30.22433824440066]]]}}, {"type": "Feature", "properties": {"osm_id": 1079913203, "name": "忆长河府", "kind": "landuse"}, "geometry": {"type": "Polygon", "coordinates": [[[120.19108840713251, 30.1753284826042], [120.19103725513571, 30.175326575038344], [120.18936920085653, 30.175266704981404], [120.18927507122211, 30.175213474854846], [120.18931524312724, 30.17508359631243], [120.18930184865907, 30.174680104882345], [120.18936066210985, 30.174501490415278], [120.1894435068267, 30.174339032749963], [120.18956384304519, 30.174185707107874], [120.1897483848073, 30.17394196104556], [120.1899114990328, 30.173814058886403], [120.1904650739821, 30.17363224535323], [120.19081276311174, 30.17361071407065], [120.19093849964315, 30.173623286896774], [120.19233587393008, 30.173747073842787], [120.19229310264429, 30.173814453188527], [120.19228782640377, 30.17391756667183], [120.19108840713251, 30.1753284826042]]]}}, {"type": "Feature", "properties": {"osm_id": 1079913204, "name": "", "kind": "landuse"}, "geometry": {"type": "Polygon", "coordinates": [[[120.19746758050341, 30.175677323530905], [120.1974567844223, 30.174156182119333], [120.19616041359906, 30.17410592473646], [120.19516721480943, 30.174067460054886], [120.1949471495342, 30.174199951999427], [120.19488911705103, 30.174234855471905], [120.19456812713803, 30.174216920400227], [120.19437560248348, 30.17455117344487], [120.19443980914986, 30.1756270025303], [120.19464314564885, 30.175802850691472], [120.19534923659822, 30.175718105754886], [120.19548832859353, 30.175541655005592], [120.19554174603545, 30.175161246397924], [120.19589484006602, 30.175049324787366], [120.19625851811735, 30.17507659211103], [120.19657952066383, 30.175131636557847], [120.19672931729345, 30.17533538489629], [120.19675078864553, 30.175715662799785], [120.19746758050341, 30.175677323530905]]]}}, {"type": "Feature", "properties": {"osm_id": 1091284645, "name": "", "kind": "landuse"}, "geometry": {"type": "Polygon", "coordinates": [[[120.12277846167098, 30.141673544701078], [120.12478487598415, 30.1404427162571], [120.12531971842539, 30.13987612471461], [120.12530978185677, 30.13922161724331], [120.12506255065249, 30.139230639254222], [120.12451633090612, 30.13870090820788], [120.12473388318114, 30.138217905529892], [120.12478415036414, 30.13776285003288], [120.12495504998212, 30.136829075954324], [120.12410604798075, 30.136991421293413], [120.12409871269037, 30.136414713664696], [120.12525270259489, 30.135826285736307], [120.12585547647224, 30.140833660657364], [120.12355683452603, 30.14262982888234], [120.12277846167098, 30.141673544701078]]]}}, {"type": "Feature", "properties": {"osm_id": 1091284646, "name": "", "kind": "landuse"}, "geometry": {"type": "Polygon", "coordinates": [[[120.12597652658843, 30.139450713884496], [120.12696280314819, 30.139393282351758], [120.12657240066477, 30.138606635036584], [120.12670249632423, 30.138011496882015], [120.1263694950785, 30.137421997270934], [120.12608879913947, 30.136958548318493], [120.12604194729775, 30.1364599797896], [120.12666798801267, 30.135935779376574], [120.12658747727006, 30.135134136708317], [120.12556799556295, 30.13574039829166], [120.12597652658843, 30.139450713884496]]]}}, {"type": "Feature", "properties": {"osm_id": 1095292114, "name": "绿城·郁金香岸", "kind": "landuse"}, "geometry": {"type": "Polygon", "coordinates": [[[120.15861359614868, 30.138887680606505], [120.15653321736664, 30.137529585368124], [120.15734068277746, 30.137060069425736], [120.15755043242403, 30.13643678783347], [120.15806415124618, 30.136275883639488], [120.15867314390513, 30.135537593656075], [120.16150914964258, 30.13322837972617], [120.16317091025937, 30.133413673592703], [120.16208357969069, 30.135665699991055], [120.1611913718822, 30.136777835932453], [120.15982219949225, 30.137494403725942], [120.15861359614868, 30.138887680606505]]]}}, {"type": "Feature", "properties": {"osm_id": 1095292115, "name": "戈雅公寓", "kind": "landuse"}, "geometry": {"type": "Polygon", "coordinates": [[[120.15657483879924, 30.143948677806026], [120.15590980298771, 30.143732321470015], [120.1554019819596, 30.1431012775898], [120.15490659613857, 30.143360631843045], [120.15441922764555, 30.142958650789947], [120.15360417020726, 30.14259691936862], [120.15302088272149, 30.142525796413036], [120.15216180901922, 30.14199491282141], [120.1518605734112, 30.141242791547626], [120.15144808476862, 30.141018965171085], [120.15627287461542, 30.137763441766122], [120.15842456265807, 30.139176821092047], [120.15781262834889, 30.141727861467963], [120.15736291971515, 30.143014781847643], [120.15657483879924, 30.143948677806026]]]}}, {"type": "Feature", "properties": {"osm_id": 1095292116, "name": "", "kind": "landuse"}, "geometry": {"type": "Polygon", "coordinates": [[[120.16664250515723, 30.13621766045467], [120.16818635016155, 30.136616200646827], [120.16862416234105, 30.136813488696376], [120.1692074364755, 30.136977802731426], [120.1696269957835, 30.13712012093764], [120.16991265017109, 30.13721308800909], [120.17029880342592, 30.137303566048583], [120.17038923615458, 30.137341397273342], [120.17059515522018, 30.1377599209938], [120.170796164188, 30.137884446523756], [120.17217695893662, 30.13825265754517], [120.17212624737056, 30.138688163935026], [120.17216338715009, 30.139299609290187], [120.17335630538928, 30.139257958323782], [120.173298855193, 30.138987459976445], [120.17353913359676, 30.138981806211795], [120.17421161352625, 30.138966635561825], [120.1739457405692, 30.138114416651057], [120.17391022118181, 30.137802976048892], [120.17326415115227, 30.137692893308273], [120.17317301864746, 30.137621463553025], [120.1731711868387, 30.137175056057707], [120.17462930369244, 30.137103800030577], [120.17458242822948, 30.13571225495386], [120.17260385718362, 30.135600588217446], [120.16957391122227, 30.135409779045855], [120.1667107218198, 30.135250610863405], [120.16664250515723, 30.13621766045467]]]}}, {"type": "Feature", "properties": {"osm_id": 1095292117, "name": "黄山新村", "kind": "landuse"}, "geometry": {"type": "Polygon", "coordinates": [[[120.15793972194656, 30.14359498773167], [120.15808943991398, 30.1429550079131], [120.1592332582866, 30.139405297684416], [120.16437066849392, 30.140373551171376], [120.16483694742116, 30.14100781173766], [120.1657677324944, 30.141422208330628], [120.16578198382815, 30.142538011141166], [120.16454252720075, 30.142341386936053], [120.16443619649164, 30.143009699553772], [120.16341528919935, 30.142903263478807], [120.16311989948905, 30.14342721549824], [120.16185337762442, 30.14313230418346], [120.16095558473347, 30.14306671913266], [120.16080616566352, 30.143628502167402], [120.16044673177069, 30.14391305357696], [120.1593976372357, 30.143602914845708], [120.15894654102155, 30.143665615858353], [120.15890627334585, 30.143862792341608], [120.1578999507047, 30.143774162276966], [120.15793972194656, 30.14359498773167]]]}}, {"type": "Feature", "properties": {"osm_id": 1095292132, "name": "西浦新生区块新生租赁房", "kind": "landuse"}, "geometry": {"type": "Polygon", "coordinates": [[[120.13923113326581, 30.160133515155003], [120.14027578093783, 30.158707442629822], [120.14221896725135, 30.15971324380178], [120.141990288161, 30.160308990054375], [120.14116222117732, 30.161254192766872], [120.13923113326581, 30.160133515155003]]]}}, {"type": "Feature", "properties": {"osm_id": 1095525165, "name": "张家村公租房", "kind": "landuse"}, "geometry": {"type": "Polygon", "coordinates": [[[120.19347096655025, 30.14905731536905], [120.19483932397026, 30.147315043911405], [120.19590765956775, 30.14799989046982], [120.19432757383261, 30.149673413933687], [120.19383586120875, 30.149504779910693], [120.19347096655025, 30.14905731536905]]]}}, {"type": "Feature", "properties": {"osm_id": 1095525166, "name": "冠山小区", "kind": "landuse"}, "geometry": {"type": "Polygon", "coordinates": [[[120.19862007661494, 30.161191820823976], [120.19898523111235, 30.160752485680224], [120.19937302378521, 30.16028581372797], [120.19944801002613, 30.16019558410388], [120.1997417757771, 30.15986667807214], [120.19991438642818, 30.159673281459142], [120.20011222635344, 30.15945184216556], [120.20073888892834, 30.15912538440653], [120.20068074414418, 30.159087680031163], [120.19986313440373, 30.158556831153884], [120.1998849215219, 30.157915173825298], [120.19983688933537, 30.157144329904185], [120.19981733211274, 30.157013358624244], [120.19999085322115, 30.156972765785135], [120.20040309532448, 30.156601663520483], [120.20016054668791, 30.156464365082694], [120.19906493530038, 30.15621640367214], [120.19851914502625, 30.15623353171892], [120.19818485921378, 30.156081697486993], [120.19756315825978, 30.15692088994743], [120.19561954993137, 30.15978395412377], [120.19862007661494, 30.161191820823976]]]}}, {"type": "Feature", "properties": {"osm_id": 1096324569, "name": "", "kind": "landuse"}, "geometry": {"type": "Polygon", "coordinates": [[[120.1649263789331, 30.163611824555517], [120.1657810810476, 30.163945361723577], [120.16603907829975, 30.163480669223713], [120.16644080255494, 30.163655932239415], [120.1665808704309, 30.16345636599789], [120.16764753086917, 30.163802197765538], [120.16856811444802, 30.16410069261462], [120.16829356572356, 30.164495418527665], [120.1677299505363, 30.16576931314586], [120.16599484009963, 30.16504040510763], [120.16572034192517, 30.164913007474148], [120.16449122348294, 30.164342448813045], [120.16430427738804, 30.164380592835155], [120.1646307735482, 30.16388217683402], [120.1649263789331, 30.163611824555517]]]}}, {"type": "Feature", "properties": {"osm_id": 1107037583, "name": "玉苑别墅", "kind": "landuse"}, "geometry": {"type": "Polygon", "coordinates": [[[120.1533592631207, 30.22345318565154], [120.15308908299698, 30.223099015618992], [120.15322419330747, 30.22292197784086], [120.15336006821403, 30.222354913349378], [120.15354045428953, 30.222206500676926], [120.15386397265027, 30.222434670195895], [120.15407310104894, 30.2225752258594], [120.1533592631207, 30.22345318565154]]]}}, {"type": "Feature", "properties": {"osm_id": 1111040446, "name": "樾珑台", "kind": "landuse"}, "geometry": {"type": "Polygon", "coordinates": [[[120.20577086778609, 30.138380455502592], [120.20818065612026, 30.136959712839335], [120.20855814645954, 30.137522857745306], [120.20873516341429, 30.138297811281255], [120.2085875854603, 30.13889664764056], [120.20790294035776, 30.139119386987975], [120.20763275986455, 30.139491207271604], [120.20615985144273, 30.13951717684991], [120.20577086778609, 30.138380455502592]]]}}, {"type": "Feature", "properties": {"osm_id": 1111040448, "name": "山河村赛可老年过渡房", "kind": "landuse"}, "geometry": {"type": "Polygon", "coordinates": [[[120.18696988804489, 30.137421415022132], [120.1876377222037, 30.136200352649574], [120.1884381966847, 30.136471086898883], [120.18853703032273, 30.136748312256593], [120.18797187915905, 30.137860477900333], [120.18696988804489, 30.137421415022132]]]}}, {"type": "Feature", "properties": {"osm_id": 1119501962, "name": "浦联名府", "kind": "landuse"}, "geometry": {"type": "Polygon", "coordinates": [[[120.1467510378752, 30.15478444182779], [120.1476059174197, 30.152789853870363], [120.14932740339924, 30.153698359287542], [120.14869620048746, 30.154950303155214], [120.1467510378752, 30.15478444182779]]]}}, {"type": "Feature", "properties": {"osm_id": 1119501964, "name": "大同公寓", "kind": "landuse"}, "geometry": {"type": "Polygon", "coordinates": [[[120.14670762108821, 30.156792271416172], [120.14697467836791, 30.156301243365718], [120.14635268672482, 30.15603829352251], [120.14649806980806, 30.155603156731974], [120.14721090727453, 30.155717558790997], [120.14736000869311, 30.15565422495572], [120.14743779461314, 30.155551000582125], [120.14745482328136, 30.155238464339664], [120.14831045848712, 30.155293924058615], [120.14837918550856, 30.15541371928078], [120.1477064100313, 30.157043227981948], [120.1475071421718, 30.15710214116384], [120.14670762108821, 30.156792271416172]]]}}, {"type": "Feature", "properties": {"osm_id": 1119501965, "name": "", "kind": "landuse"}, "geometry": {"type": "Polygon", "coordinates": [[[120.14495449331979, 30.158153681867855], [120.14592418736328, 30.15702477960412], [120.14743728032936, 30.15773747032687], [120.14677919629946, 30.158724922793382], [120.14624772783878, 30.159203255385773], [120.14495449331979, 30.158153681867855]]]}}, {"type": "Feature", "properties": {"osm_id": 1119501967, "name": "", "kind": "landuse"}, "geometry": {"type": "Polygon", "coordinates": [[[120.14780017962131, 30.152512041629883], [120.14829775783126, 30.15132562414877], [120.14908863368882, 30.15001093125735], [120.150959058319, 30.150977140139013], [120.14959505846132, 30.15340422142805], [120.14780017962131, 30.152512041629883]]]}}, {"type": "Feature", "properties": {"osm_id": 1119501972, "name": "新浦苑", "kind": "landuse"}, "geometry": {"type": "Polygon", "coordinates": [[[120.14984855116558, 30.161430369487313], [120.15036588901688, 30.160690808817613], [120.15065679803709, 30.160677235852177], [120.15194833822896, 30.161503245211012], [120.15163901565552, 30.161845266983264], [120.1510132983357, 30.161517882505514], [120.15066586828586, 30.16180365872115], [120.14999795954684, 30.161573033390237], [120.14984855116558, 30.161430369487313]]]}}, {"type": "Feature", "properties": {"osm_id": 1119501973, "name": "金盛曼城", "kind": "landuse"}, "geometry": {"type": "Polygon", "coordinates": [[[120.15345270786341, 30.160619908191315], [120.15481657008573, 30.157881010027673], [120.15598164362919, 30.158521633057227], [120.15441018470861, 30.161165508860158], [120.15345270786341, 30.160619908191315]]]}}, {"type": "Feature", "properties": {"osm_id": 1119501975, "name": "荣盛江荣府", "kind": "landuse"}, "geometry": {"type": "Polygon", "coordinates": [[[120.15611336924916, 30.158498605055843], [120.15679962289731, 30.157296678089676], [120.16078023594213, 30.159052704288534], [120.15982723732294, 30.160742562858434], [120.15611336924916, 30.158498605055843]]]}}, {"type": "Feature", "properties": {"osm_id": 1119501981, "name": "浦乐新苑", "kind": "landuse"}, "geometry": {"type": "Polygon", "coordinates": [[[120.16147785550855, 30.15723569194669], [120.16004189357403, 30.1568936554087], [120.15774252328646, 30.15594429061778], [120.15804091077702, 30.15523674528881], [120.15843296842291, 30.155006448619247], [120.15859987048069, 30.15477874737598], [120.15906573784576, 30.15485172632122], [120.15906886202771, 30.155246533004554], [120.15926790002065, 30.155377384387744], [120.15963056264658, 30.155475043427373], [120.15980733047695, 30.155215120819417], [120.16017046778674, 30.155061768618115], [120.160243562124, 30.155131740253825], [120.16041936899181, 30.155321931917126], [120.160269933789, 30.155703310911324], [120.16026118663662, 30.156031036784714], [120.16039302022529, 30.15621380688748], [120.16077104590171, 30.156472238132785], [120.16122802149593, 30.156509518676593], [120.16141786780871, 30.156493376493994], [120.16152337790018, 30.156698992904822], [120.161409130361, 30.156935506201922], [120.16147785550855, 30.15723569194669]]]}}, {"type": "Feature", "properties": {"osm_id": 1119515695, "name": "沙朗沈过渡房", "kind": "landuse"}, "geometry": {"type": "Polygon", "coordinates": [[[120.13412918341244, 30.167195968460387], [120.13443354775679, 30.166564479528045], [120.13493892054488, 30.16671497019958], [120.13519370944246, 30.16632484343764], [120.13662573466895, 30.16651235485571], [120.13697737551956, 30.16603358764844], [120.13739441607116, 30.166232355996748], [120.13713058505701, 30.166831918713765], [120.13732284524413, 30.166956274585313], [120.1368481451278, 30.168023024744812], [120.13635607137597, 30.167833044982938], [120.13627127870316, 30.16796675715175], [120.13412918341244, 30.167195968460387]]]}}, {"type": "Feature", "properties": {"osm_id": 1119515698, "name": "世茂栖棠誉湾", "kind": "landuse"}, "geometry": {"type": "Polygon", "coordinates": [[[120.14456241006502, 30.165367010692894], [120.14553060613575, 30.164096611614692], [120.14611801405226, 30.16451103240327], [120.14670271102253, 30.164819245649685], [120.14717758694096, 30.165107020992263], [120.14760336501244, 30.165133658819475], [120.14781270657531, 30.1650857296213], [120.1479506755189, 30.165499827764492], [120.14728824197319, 30.166846810611492], [120.14456241006502, 30.165367010692894]]]}}, {"type": "Feature", "properties": {"osm_id": 1119515699, "name": "新生潘家过渡房", "kind": "landuse"}, "geometry": {"type": "Polygon", "coordinates": [[[120.14573764502418, 30.16381298780375], [120.1468105338399, 30.162516500059994], [120.14820540824392, 30.163242748807235], [120.14759749721586, 30.164145733590587], [120.1475296914999, 30.164323145601745], [120.14770764828742, 30.16465117893846], [120.14759595697275, 30.164805958936764], [120.14730851835147, 30.164829807825942], [120.14705896896267, 30.16474729243001], [120.14573764502418, 30.16381298780375]]]}}, {"type": "Feature", "properties": {"osm_id": 1119515701, "name": "富前园", "kind": "landuse"}, "geometry": {"type": "Polygon", "coordinates": [[[120.14734416340347, 30.158179029505312], [120.1475891833336, 30.157791035042194], [120.14852443877564, 30.158267779870513], [120.14824780709974, 30.158637028726293], [120.14734416340347, 30.158179029505312]]]}}, {"type": "Feature", "properties": {"osm_id": 1119515703, "name": "浦沿公寓", "kind": "landuse"}, "geometry": {"type": "Polygon", "coordinates": [[[120.15167583038941, 30.15609411952372], [120.15200488233744, 30.155559459695777], [120.15255317296693, 30.155564850249327], [120.15246054100024, 30.15571340895315], [120.15218503710058, 30.156155080053885], [120.15207844468158, 30.156325961955964], [120.15167583038941, 30.15609411952372]]]}}, {"type": "Feature", "properties": {"osm_id": 1119515709, "name": "钱塘玫瑰湾", "kind": "landuse"}, "geometry": {"type": "Polygon", "coordinates": [[[120.14015739789062, 30.168509942607763], [120.14028405736984, 30.168135154447533], [120.1408388151344, 30.16832809186685], [120.14106851643594, 30.167932456414135], [120.14222049120822, 30.168330039276793], [120.14161441320773, 30.169667151090813], [120.14053620004118, 30.16883293112618], [120.14015739789062, 30.168509942607763]]]}}, {"type": "Feature", "properties": {"osm_id": 1119515726, "name": "员工公寓", "kind": "landuse"}, "geometry": {"type": "Polygon", "coordinates": [[[120.1620002199103, 30.165418023236672], [120.16214287658926, 30.165097953994795], [120.1633945385301, 30.165411991630155], [120.16318508715757, 30.16581878759094], [120.1620002199103, 30.165418023236672]]]}}, {"type": "Feature", "properties": {"osm_id": 1119515755, "name": "滨耀学府", "kind": "landuse"}, "geometry": {"type": "Polygon", "coordinates": [[[120.17679087180514, 30.161772924965497], [120.17650013601276, 30.160467331295138], [120.17927755812605, 30.15997086374347], [120.1792750887736, 30.160249377602746], [120.1792161228865, 30.16093621178366], [120.17914958077647, 30.16163556089779], [120.17679087180514, 30.161772924965497]]]}}, {"type": "Feature", "properties": {"osm_id": 1119515780, "name": "金成·滨玺云著", "kind": "landuse"}, "geometry": {"type": "Polygon", "coordinates": [[[120.17328254924482, 30.167034840159545], [120.17379643229175, 30.166148338211062], [120.17572250018985, 30.166787020122992], [120.17584025719331, 30.166916002014993], [120.1753284625732, 30.167726999204806], [120.17328254924482, 30.167034840159545]]]}}, {"type": "Feature", "properties": {"osm_id": 1119515782, "name": "冠新佳苑东区", "kind": "landuse"}, "geometry": {"type": "Polygon", "coordinates": [[[120.1731325010845, 30.1694428110817], [120.17209777782136, 30.169113849989408], [120.17243880647509, 30.168533486037205], [120.17295746673301, 30.1687296150998], [120.17300083439268, 30.168703432319344], [120.17336468104104, 30.167971318948727], [120.1730351600248, 30.16785063646879], [120.17307603087107, 30.167773056537442], [120.17286356185191, 30.167693654518352], [120.17315733688079, 30.1671758815477], [120.17516875585929, 30.167888307061027], [120.17508562002764, 30.168060670522827], [120.17514095563514, 30.168082766693566], [120.17439809701652, 30.169396419167487], [120.17392659881402, 30.169225703738906], [120.17333495869168, 30.169028313686482], [120.1731325010845, 30.1694428110817]]]}}, {"type": "Feature", "properties": {"osm_id": 1119515783, "name": "联庄二期过渡房", "kind": "landuse"}, "geometry": {"type": "Polygon", "coordinates": [[[120.17138581423457, 30.17033743568106], [120.1718796545405, 30.169385570843623], [120.17337999592101, 30.169894060675553], [120.17398568241002, 30.16995531914204], [120.17399307256998, 30.170103010678137], [120.17369554811292, 30.17108450942164], [120.17138581423457, 30.17033743568106]]]}}, {"type": "Feature", "properties": {"osm_id": 1119895636, "name": "", "kind": "landuse"}, "geometry": {"type": "Polygon", "coordinates": [[[120.14788815339514, 30.157340252704135], [120.1492786003747, 30.15803967292595], [120.14942200043723, 30.15786803794946], [120.14985046084908, 30.158046455459264], [120.15035643085218, 30.15732231470153], [120.1495912622889, 30.156888635356903], [120.14986040324264, 30.15649459011009], [120.15016279698133, 30.156628306243267], [120.15043223305685, 30.156227957182313], [120.14970605910705, 30.155775515965644], [120.14953100496962, 30.155469387551367], [120.14957207795716, 30.155274615605816], [120.14938137433182, 30.155075115110396], [120.14947899690011, 30.15489905328858], [120.14939442092897, 30.154857687509296], [120.1495374177127, 30.154638751589875], [120.14968303220458, 30.15471942025627], [120.14962101037369, 30.154850123926078], [120.1508976554278, 30.154893358233522], [120.15110586697196, 30.15464541034597], [120.15139936256334, 30.154613028272482], [120.15166355291053, 30.154774498751966], [120.15199285650668, 30.154860257921584], [120.15211241144664, 30.154665254087867], [120.15219408729972, 30.154671718981074], [120.15228332233252, 30.15444226395766], [120.15238673139551, 30.15437029008376], [120.15268292216898, 30.154465100176644], [120.15280598570156, 30.1545079962519], [120.15291417788353, 30.15440611245314], [120.15328036622768, 30.154441100418634], [120.15345950583848, 30.1548801131004], [120.15361270412164, 30.155166664234002], [120.15378623769962, 30.155362777871144], [120.15377996729688, 30.155506992928917], [120.15362470808576, 30.15561045780406], [120.15340742913192, 30.155814529614606], [120.15314356082749, 30.155810072129587], [120.15303426348274, 30.15580815504898], [120.15246054100024, 30.15571340895315], [120.15255317296693, 30.155564850249327], [120.15200488233744, 30.155559459695777], [120.15167583038941, 30.15609411952372], [120.15175831396085, 30.156209487189468], [120.15171802949355, 30.156269655492025], [120.15043738388212, 30.15818411096386], [120.15025370593926, 30.15846971788973], [120.1502197130036, 30.158647578659952], [120.15030728687758, 30.15877984113936], [120.15065316242412, 30.158950285088512], [120.15072336767469, 30.15890446931716], [120.15244672531871, 30.159825363504826], [120.15229017506242, 30.16004313064523], [120.15164891010542, 30.159726780307953], [120.14999513523705, 30.158820547183574], [120.14769009773649, 30.157571170286683], [120.14788815339514, 30.157340252704135]]]}}, {"type": "Feature", "properties": {"osm_id": 1119895640, "name": "浮力森林苑", "kind": "landuse"}, "geometry": {"type": "Polygon", "coordinates": [[[120.15107484848004, 30.160544449436824], [120.15151239781125, 30.159890910333193], [120.15217580319832, 30.16020092548693], [120.1517159265918, 30.16091620918469], [120.15107484848004, 30.160544449436824]]]}}, {"type": "Feature", "properties": {"osm_id": 1119895641, "name": "", "kind": "landuse"}, "geometry": {"type": "Polygon", "coordinates": [[[120.15107484848004, 30.160544449436824], [120.15039247689806, 30.1602159499943], [120.15085416761056, 30.159567777743288], [120.15151239781125, 30.159890910333193], [120.15107484848004, 30.160544449436824]]]}}, {"type": "Feature", "properties": {"osm_id": 1119895643, "name": "星汇荣邸", "kind": "landuse"}, "geometry": {"type": "Polygon", "coordinates": [[[120.1476755375881, 30.167073214750147], [120.14833436328085, 30.165594927130833], [120.14932026460654, 30.166061777001694], [120.14875395151466, 30.166876808458824], [120.14848462346379, 30.167500957635948], [120.1476755375881, 30.167073214750147]]]}}, {"type": "Feature", "properties": {"osm_id": 1120004404, "name": "", "kind": "landuse"}, "geometry": {"type": "Polygon", "coordinates": [[[120.14043803509274, 30.162855356071223], [120.14138441409776, 30.161749396831752], [120.14211413894219, 30.162199076393698], [120.14103879560591, 30.163268433860942], [120.14043803509274, 30.162855356071223]]]}}, {"type": "Feature", "properties": {"osm_id": 1120244634, "name": "水沟沿过渡房", "kind": "landuse"}, "geometry": {"type": "Polygon", "coordinates": [[[120.19312911427487, 30.167952737094055], [120.1933248326812, 30.167699879081514], [120.1934625992842, 30.167228416798206], [120.19401606007254, 30.16652410878863], [120.19446429048439, 30.166607318890627], [120.19462371537952, 30.166343628135166], [120.19498479157822, 30.166356492707113], [120.19562349962916, 30.166542379069934], [120.19584179374502, 30.16666510193799], [120.1956273464579, 30.167237497283626], [120.19607283626999, 30.167793539562155], [120.19562597271754, 30.168711953286397], [120.19434508318471, 30.168456396349587], [120.1945161708579, 30.16814778289731], [120.19401726202383, 30.1677930523381], [120.1937323758995, 30.167803158044663], [120.19361303688218, 30.16804407880523], [120.19312911427487, 30.167952737094055]]]}}, {"type": "Feature", "properties": {"osm_id": 1120244635, "name": "环亚航", "kind": "landuse"}, "geometry": {"type": "Polygon", "coordinates": [[[120.19065549366395, 30.16969425038059], [120.19120333419293, 30.168831326926078], [120.19145989969861, 30.168923167079882], [120.19147496964293, 30.16908564587393], [120.19161746748951, 30.16920109320784], [120.19177432249722, 30.169296214186296], [120.19186077149652, 30.169277657910897], [120.1919387405969, 30.169205414993034], [120.19210039302583, 30.169427032627212], [120.19182193470012, 30.1698930505995], [120.19161033556423, 30.169772227197615], [120.19065549366395, 30.16969425038059]]]}}, {"type": "Feature", "properties": {"osm_id": 1120244638, "name": "天官社区", "kind": "landuse"}, "geometry": {"type": "Polygon", "coordinates": [[[120.1933627319778, 30.172608594715495], [120.19319501021936, 30.17258399259575], [120.19299239065722, 30.172579553909195], [120.19278359439576, 30.172634429065948], [120.19238095246493, 30.17264325033472], [120.19199147622562, 30.1726667504885], [120.19196874188793, 30.17266809141299], [120.19146848125337, 30.172608490069276], [120.19124042933389, 30.1724698964322], [120.19122736638383, 30.172460819683643], [120.19112336139193, 30.172387804849787], [120.19061302336961, 30.172176920856625], [120.19083922393084, 30.171657091119233], [120.19058394923097, 30.171473046812014], [120.19020723451199, 30.171361926680657], [120.19008883837006, 30.17087472360986], [120.19024156004502, 30.170464230500336], [120.19077114857794, 30.17078198137727], [120.19080854771049, 30.17087331705955], [120.19071093105676, 30.17087579402636], [120.19062129628695, 30.170937458850723], [120.19078582883299, 30.171056565115887], [120.19087007518432, 30.170943908287637], [120.19094097285834, 30.17098208137921], [120.19104117423355, 30.17088219632078], [120.1908927966836, 30.17079196143315], [120.190944543784, 30.17075686644435], [120.19077411394161, 30.17046886426003], [120.19068306071625, 30.17026002146331], [120.19042270239368, 30.17008898742259], [120.19065549366395, 30.16969425038059], [120.19161033556423, 30.169772227197615], [120.19182193470012, 30.1698930505995], [120.19210039302583, 30.169427032627212], [120.1919387405969, 30.169205414993034], [120.19202578293219, 30.169124755532042], [120.19163957722594, 30.1688834416717], [120.19157626220691, 30.168908556705], [120.19147496964293, 30.16908564587393], [120.19145989969861, 30.168923167079882], [120.19120333419293, 30.168831326926078], [120.19165247514788, 30.168103489905835], [120.19240085345626, 30.16853086045833], [120.1925140196246, 30.168430353983137], [120.19267166389376, 30.168398470575642], [120.19287448334738, 30.168420308707596], [120.19312911427487, 30.167952737094055], [120.19361303688218, 30.16804407880523], [120.1937323758995, 30.167803158044663], [120.19401726202383, 30.1677930523381], [120.1945161708579, 30.16814778289731], [120.19434508318471, 30.168456396349587], [120.19562597271754, 30.168711953286397], [120.19564921831689, 30.168847417598617], [120.19521653853536, 30.170013318823983], [120.19512162211755, 30.17019109211683], [120.1956559192321, 30.170291159367082], [120.19647662317368, 30.170475335962195], [120.19715504194681, 30.170716970435976], [120.19717150297198, 30.170801945217843], [120.19680946924505, 30.17143889508303], [120.19645769421703, 30.17189572247317], [120.1947055601555, 30.17088755029495], [120.1933627319778, 30.172608594715495]]]}}, {"type": "Feature", "properties": {"osm_id": 1120244640, "name": "汤家桥过渡房", "kind": "landuse"}, "geometry": {"type": "Polygon", "coordinates": [[[120.19613695179133, 30.17015581476385], [120.19683500788982, 30.170356810144966], [120.19701540497441, 30.17038429914472], [120.19759976476644, 30.169082643586993], [120.19670305353762, 30.168859083188597], [120.19613695179133, 30.17015581476385]]]}}, {"type": "Feature", "properties": {"osm_id": 1120244663, "name": "长二新过渡房", "kind": "landuse"}, "geometry": {"type": "Polygon", "coordinates": [[[120.20144581628705, 30.1693459671503], [120.20153076475675, 30.16908471722922], [120.20176619757923, 30.16871171543844], [120.20180507594036, 30.168510244072916], [120.20221836181534, 30.16850306540879], [120.20290462200094, 30.168508946411706], [120.2028984065149, 30.169328986657007], [120.20279000532778, 30.169435666793508], [120.20154076204892, 30.16937851157056], [120.20144581628705, 30.1693459671503]]]}}, {"type": "Feature", "properties": {"osm_id": 1120244668, "name": "", "kind": "landuse"}, "geometry": {"type": "Polygon", "coordinates": [[[120.20504663234732, 30.16949985005112], [120.20526342600179, 30.16903299065768], [120.20433005752376, 30.168778361408773], [120.20432575090759, 30.168561060314367], [120.20436573602639, 30.168447892391388], [120.20612694080667, 30.168600221866168], [120.20580335976199, 30.16954676181856], [120.20504663234732, 30.16949985005112]]]}}, {"type": "Feature", "properties": {"osm_id": 1120244685, "name": "", "kind": "landuse"}, "geometry": {"type": "Polygon", "coordinates": [[[120.19543357521745, 30.16219146012405], [120.19555988104068, 30.161743123783857], [120.19574166628891, 30.161725305251384], [120.19652786952638, 30.16192114249291], [120.19637713285113, 30.162402120613347], [120.19629296771707, 30.162381166242998], [120.19612884785522, 30.162602859455134], [120.19587725458076, 30.16257789731624], [120.19560324402921, 30.162773182842724], [120.19537038347492, 30.16375252429199], [120.19479200750874, 30.16357403443413], [120.19480565450957, 30.163402204482324], [120.19440638210342, 30.163317905844277], [120.19447945478484, 30.16308336874082], [120.1942123115949, 30.163041439467957], [120.19320492089302, 30.162219900618734], [120.19120409159669, 30.16232999590479], [120.19242643537412, 30.16197748401261], [120.19253710094826, 30.161782479142733], [120.19342322167206, 30.161325381614187], [120.19521253123403, 30.162560360302372], [120.19551189232777, 30.162655238712752], [120.1955537643801, 30.162539161454742], [120.19564907326645, 30.162274985718255], [120.19543357521745, 30.16219146012405]]]}}, {"type": "Feature", "properties": {"osm_id": 1120244700, "name": "陈家村", "kind": "landuse"}, "geometry": {"type": "Polygon", "coordinates": [[[120.19242958722602, 30.15789554380297], [120.19234163256682, 30.1578028985255], [120.19212912581747, 30.157579172757725], [120.19199398960586, 30.15727060572485], [120.19228829925152, 30.156757860871203], [120.19261259643854, 30.155912953059065], [120.19306151022744, 30.155938951520525], [120.19352079527319, 30.15593813327024], [120.1935359423157, 30.15582190269058], [120.19358008801592, 30.155483413622708], [120.19365265320401, 30.155152874371474], [120.19382716474283, 30.15527206820488], [120.19379796699658, 30.15549982711296], [120.19400168401607, 30.15547876516268], [120.19431655140849, 30.155049994514737], [120.19457140632056, 30.154806036860418], [120.19499349457475, 30.154641088301172], [120.19496404668199, 30.154262928453235], [120.1953941256419, 30.15422387213191], [120.19545935722694, 30.15441686376074], [120.19548648744362, 30.154500018799922], [120.19540289612156, 30.155372292254], [120.1952203195166, 30.155454615035072], [120.19522032908988, 30.155570318626744], [120.19481379909135, 30.15578394001811], [120.19494733315443, 30.15593900985257], [120.19498336460589, 30.15634405921268], [120.19496722426895, 30.156511592884087], [120.1950634406693, 30.1563805195882], [120.19530325041235, 30.156245294289636], [120.19506372682707, 30.15742855234973], [120.19569046391975, 30.157544657442518], [120.19595473402528, 30.15773070187711], [120.19607443209821, 30.1581556068393], [120.19607812280881, 30.158168900836372], [120.19596256871833, 30.158415010251094], [120.19603447443997, 30.158514988097586], [120.19580422689734, 30.158556891232596], [120.1955947122705, 30.158484655172515], [120.19568651931938, 30.1580781814672], [120.19553334426138, 30.15798604648752], [120.19517026287119, 30.15788447980961], [120.19477897295677, 30.157892868236225], [120.19452899490481, 30.158035513585123], [120.19417111712902, 30.158081047564377], [120.19407736946975, 30.157902807808114], [120.19419632488992, 30.15783489503821], [120.19426541799963, 30.15771286889469], [120.19405211103043, 30.15753614079076], [120.19403914070281, 30.157448160955223], [120.19373268975777, 30.15714249475512], [120.19339035217064, 30.156947297222633], [120.19301572107774, 30.156897263473233], [120.19293793317777, 30.15676499817398], [120.19271598516953, 30.156945200611435], [120.19253061780063, 30.15694543242748], [120.19233269845245, 30.15708269153635], [120.19220886808577, 30.157241318782354], [120.19239734892194, 30.157521889614188], [120.19256419367903, 30.15781700012273], [120.19242958722602, 30.15789554380297]]]}}, {"type": "Feature", "properties": {"osm_id": 1120244703, "name": "山一村孔家里过渡房", "kind": "landuse"}, "geometry": {"type": "Polygon", "coordinates": [[[120.18346560558757, 30.154725415706967], [120.18319524996063, 30.154000099861545], [120.18319004967324, 30.153810803824744], [120.18422808165734, 30.152840232130373], [120.18444523482877, 30.15281572587608], [120.18469989562011, 30.15301345665807], [120.18489203823239, 30.153162602916268], [120.18479384209746, 30.153315090591626], [120.18488319063796, 30.153476928937476], [120.18453894454562, 30.153870582963215], [120.18424889487615, 30.153741120554315], [120.18386149398928, 30.154316762264344], [120.18382602802274, 30.154659939159313], [120.18346560558757, 30.154725415706967]]]}}, {"type": "Feature", "properties": {"osm_id": 1120244706, "name": "", "kind": "landuse"}, "geometry": {"type": "Polygon", "coordinates": [[[120.18382602802274, 30.154659939159313], [120.1840425791871, 30.15459813233861], [120.18432802780607, 30.15455669774681], [120.1846010209351, 30.154598189450592], [120.18474738519242, 30.154579715869534], [120.1850501685316, 30.154351644517934], [120.18524427278227, 30.15410307544033], [120.18547727492444, 30.15400693895312], [120.18584260599714, 30.154147864274275], [120.1859959764817, 30.154433688288652], [120.1861291848964, 30.154457141826782], [120.18617642322361, 30.15419094602744], [120.18641231597852, 30.15406030471509], [120.18690616239212, 30.15409039153106], [120.1868582681429, 30.154867204002432], [120.18703325656534, 30.1549136819421], [120.18718749301622, 30.154799593489354], [120.18723444224705, 30.154648102121733], [120.18726700295929, 30.15412552594682], [120.18737426590336, 30.153866820073745], [120.18748413691176, 30.15379571523125], [120.18772622547228, 30.153795269019433], [120.18827401151351, 30.15371565887326], [120.1888365436141, 30.15346471926544], [120.18897840374524, 30.153162750340638], [120.1896136249196, 30.15286648063262], [120.18958847665387, 30.152606918697128], [120.18946283690987, 30.152533245780997], [120.18953649422323, 30.152198001291925], [120.18975723027926, 30.151950291321512], [120.19001775699387, 30.151772711536072], [120.1902220458766, 30.151568833907977], [120.19068707893217, 30.151370783879006], [120.1910044622576, 30.15141111029682], [120.19109268871166, 30.151193944303415], [120.19090154150578, 30.151183089823686], [120.19065655074301, 30.151169133267594], [120.19016818569499, 30.151366925850645], [120.18950147046024, 30.151886455919843], [120.18922244142564, 30.152568686017837], [120.18885683872271, 30.15291706551021], [120.18835611949356, 30.1530977893037], [120.18754176580788, 30.152573271964414], [120.18695685613359, 30.15220444074785], [120.18625103227518, 30.152140745624056], [120.18594734845472, 30.15237061593567], [120.18570186149663, 30.152217667321057], [120.18537745634194, 30.15263698309977], [120.18510547913326, 30.152844395632208], [120.18485591886373, 30.152844860647644], [120.18469989562011, 30.15301345665807], [120.18489203823239, 30.153162602916268], [120.18479384209746, 30.153315090591626], [120.18488319063796, 30.153476928937476], [120.18453894454562, 30.153870582963215], [120.18424889487615, 30.153741120554315], [120.18386149398928, 30.154316762264344], [120.18382602802274, 30.154659939159313]]]}}, {"type": "Feature", "properties": {"osm_id": 1120244715, "name": "", "kind": "landuse"}, "geometry": {"type": "Polygon", "coordinates": [[[120.18919695975616, 30.150691376895864], [120.18885224724042, 30.150452700740647], [120.18808619652665, 30.14931867378563], [120.18743832927109, 30.148478642929874], [120.18805187648147, 30.147867095492543], [120.18872814590948, 30.14847627110427], [120.1892433814715, 30.14897434225185], [120.18955261798025, 30.14944039088839], [120.1898295320223, 30.149692493262332], [120.19003107208377, 30.150014035609466], [120.19002859478418, 30.150200445541493], [120.18983408421992, 30.15048000787589], [120.18919695975616, 30.150691376895864]]]}}, {"type": "Feature", "properties": {"osm_id": 1120244733, "name": "山河锦旭府", "kind": "landuse"}, "geometry": {"type": "Polygon", "coordinates": [[[120.18409415850772, 30.13337206496942], [120.18409815436137, 30.13346485965807], [120.18410423995358, 30.133508949310457], [120.18416785417966, 30.133547131325294], [120.18435440728453, 30.133631684830924], [120.18454345197374, 30.133700633540393], [120.1846504395843, 30.133760735324508], [120.18478734298057, 30.133873682635336], [120.18539038338935, 30.134197067010504], [120.18557045136065, 30.134206732333414], [120.1856613781565, 30.134155562106393], [120.18587525295115, 30.13424096677382], [120.18590207002508, 30.134196815938726], [120.18641017943983, 30.134314176194213], [120.1862978262464, 30.13449768875562], [120.18604097812415, 30.134419363317974], [120.18587799482567, 30.134841775865443], [120.18617742267433, 30.134990523688515], [120.18610277807169, 30.135410972174757], [120.18669644238692, 30.135602276661515], [120.18747734374686, 30.135602033922297], [120.1875922933747, 30.135451018369682], [120.1878784614373, 30.135552493675654], [120.18769114192489, 30.135919347442258], [120.18694525520237, 30.13735665896864], [120.18679650191231, 30.13745893657198], [120.18616634078671, 30.13721929800875], [120.18320334872, 30.13626670069488], [120.18320113635457, 30.136039099347578], [120.18321446845732, 30.135700366220867], [120.1831878196635, 30.135362508074728], [120.18304705170698, 30.134316147128615], [120.1832169574721, 30.133255403895184], [120.18348844482908, 30.133199194058527], [120.18409415850772, 30.13337206496942]]]}}, {"type": "Feature", "properties": {"osm_id": 1120777020, "name": "", "kind": "landuse"}, "geometry": {"type": "Polygon", "coordinates": [[[120.1738293572755, 30.15088588168602], [120.17409293878387, 30.150561874259115], [120.17429091189064, 30.150174088867164], [120.17327385871873, 30.148899672993394], [120.17291139647384, 30.148302739957067], [120.17230794421198, 30.148753390672233], [120.17267390236465, 30.149419819865923], [120.17254561511872, 30.149754071419174], [120.1721204129445, 30.15002618069906], [120.171980656084, 30.150315152374795], [120.17212493884466, 30.15049808591727], [120.1738293572755, 30.15088588168602]]]}}, {"type": "Feature", "properties": {"osm_id": 1120777024, "name": "山河村老年过渡房", "kind": "landuse"}, "geometry": {"type": "Polygon", "coordinates": [[[120.17496213374892, 30.138655309124985], [120.17495847011027, 30.13776159387741], [120.17683449785255, 30.137306234280366], [120.17712228736384, 30.137948905714826], [120.17644635507861, 30.138404095640496], [120.17496213374892, 30.138655309124985]]]}}, {"type": "Feature", "properties": {"osm_id": 1120777025, "name": "和雅闻兴府", "kind": "landuse"}, "geometry": {"type": "Polygon", "coordinates": [[[120.17501068064553, 30.137370485539254], [120.17494069359114, 30.135008660867133], [120.17491702214306, 30.134499293571537], [120.17495906879991, 30.13417510644625], [120.17501128896096, 30.133899501252245], [120.17518377122705, 30.133902675175467], [120.17519233548516, 30.133782656176187], [120.176296218533, 30.133762567773903], [120.17705293847284, 30.133669534128085], [120.1770743602176, 30.1335024897175], [120.17732221502266, 30.133489520592963], [120.17741221353684, 30.134312769620898], [120.17751308772415, 30.135235600677422], [120.1775245625474, 30.13534668162336], [120.17755858771633, 30.13567392509765], [120.17776813042242, 30.13653274952198], [120.17501068064553, 30.137370485539254]]]}}, {"type": "Feature", "properties": {"osm_id": 1120919583, "name": "", "kind": "landuse"}, "geometry": {"type": "Polygon", "coordinates": [[[120.20949744280199, 30.16971754133303], [120.21002151809174, 30.16950846094428], [120.21000550940064, 30.168921162779363], [120.20968729378139, 30.168815927391243], [120.20767606365118, 30.168713439872963], [120.20760302544889, 30.169624084748893], [120.2092796833342, 30.169656762048216], [120.20949744280199, 30.16971754133303]]]}}, {"type": "Feature", "properties": {"osm_id": 1120923132, "name": "绿城卓越傲旋城", "kind": "landuse"}, "geometry": {"type": "Polygon", "coordinates": [[[120.1867350905789, 30.183203577732314], [120.18677574226378, 30.18166153630688], [120.18800682050129, 30.18165756494575], [120.18803327137105, 30.1832007825541], [120.1867350905789, 30.183203577732314]]]}}, {"type": "Feature", "properties": {"osm_id": 1120923157, "name": "现代印象广场", "kind": "landuse"}, "geometry": {"type": "Polygon", "coordinates": [[[120.17133690691688, 30.18641148714062], [120.17036398303192, 30.18596969531464], [120.1709880488822, 30.183987635825947], [120.17194888630335, 30.18418783680781], [120.17133690691688, 30.18641148714062]]]}}, {"type": "Feature", "properties": {"osm_id": 1120937069, "name": "铁岭花园", "kind": "landuse"}, "geometry": {"type": "Polygon", "coordinates": [[[120.22080050343902, 30.191231971261065], [120.22132257566588, 30.191049253049652], [120.2215646493305, 30.190883065351382], [120.22168617373433, 30.1906520146561], [120.2210862865958, 30.189938875856487], [120.22072806333284, 30.19007580217356], [120.22012547848325, 30.190285827012264], [120.2199820846026, 30.190229996137088], [120.2195520247971, 30.190278417101077], [120.21936771997987, 30.19018133651455], [120.21885736208961, 30.19041817291958], [120.21903371496417, 30.190925179808836], [120.21917849378706, 30.190892600854657], [120.220136985819, 30.190677031601453], [120.22048953532739, 30.190801317922777], [120.22080050343902, 30.191231971261065]]]}}, {"type": "Feature", "properties": {"osm_id": 1120937070, "name": "歌山品悦府", "kind": "landuse"}, "geometry": {"type": "Polygon", "coordinates": [[[120.2241445401443, 30.191154306981492], [120.2240360273636, 30.190764305203714], [120.22487492493003, 30.190542102979347], [120.22477559616652, 30.19021649215881], [120.22537598737097, 30.19000465582122], [120.2257708917034, 30.190983295945205], [120.2241445401443, 30.191154306981492]]]}}, {"type": "Feature", "properties": {"osm_id": 1120937071, "name": "河畔花园", "kind": "landuse"}, "geometry": {"type": "Polygon", "coordinates": [[[120.22573581925752, 30.19169856562726], [120.22572998422238, 30.19113384484866], [120.22352940822059, 30.191385083767436], [120.22364361369979, 30.19185198140734], [120.22565557709063, 30.191704448042266], [120.22573581925752, 30.19169856562726]]]}}, {"type": "Feature", "properties": {"osm_id": 1120937072, "name": "古塘小区", "kind": "landuse"}, "geometry": {"type": "Polygon", "coordinates": [[[120.22565557709063, 30.191704448042266], [120.22628015934315, 30.191711114505317], [120.2263566997076, 30.191573031138763], [120.22667646989368, 30.19141770492555], [120.22669559705803, 30.19097946525271], [120.22572998422238, 30.19113384484866], [120.22565557709063, 30.191704448042266]]]}}, {"type": "Feature", "properties": {"osm_id": 1120937073, "name": "兴盛花园", "kind": "landuse"}, "geometry": {"type": "Polygon", "coordinates": [[[120.2257708917034, 30.190983295945205], [120.2266518686391, 30.190827101456424], [120.22665185498414, 30.19066079365043], [120.22697342638548, 30.190517969390413], [120.22689955455635, 30.19035773453276], [120.22705046141466, 30.190301683684233], [120.22695442725046, 30.190086767880114], [120.22657376839045, 30.19021125020164], [120.22613931136287, 30.190235386788554], [120.22598706528068, 30.18971891674267], [120.22537598737097, 30.19000465582122], [120.2257708917034, 30.190983295945205]]]}}, {"type": "Feature", "properties": {"osm_id": 1120937099, "name": "湖头陈老年过渡房", "kind": "landuse"}, "geometry": {"type": "Polygon", "coordinates": [[[120.22463844572067, 30.181412744341998], [120.22478422759846, 30.179870625640376], [120.22558144527609, 30.179824494634072], [120.22590781063698, 30.181096814526217], [120.2260103293508, 30.18132412008536], [120.22586063314017, 30.181465678167424], [120.22463844572067, 30.181412744341998]]]}}, {"type": "Feature", "properties": {"osm_id": 1120937105, "name": "魔方公寓(滨康路店)", "kind": "landuse"}, "geometry": {"type": "Polygon", "coordinates": [[[120.21573944307718, 30.181102939420153], [120.2157324822649, 30.181382860476386], [120.21773092817247, 30.18140517736972], [120.21772801126173, 30.18112056899513], [120.21573944307718, 30.181102939420153]]]}}, {"type": "Feature", "properties": {"osm_id": 1120937106, "name": "兴业嘉园", "kind": "landuse"}, "geometry": {"type": "Polygon", "coordinates": [[[120.2142072410833, 30.181312103418907], [120.21419364186288, 30.180932405870553], [120.2150279817115, 30.18092477829545], [120.21551305233982, 30.180920331358813], [120.21551648040703, 30.18135694529382], [120.2142072410833, 30.181312103418907]]]}}, {"type": "Feature", "properties": {"osm_id": 1120937107, "name": "翔威公寓", "kind": "landuse"}, "geometry": {"type": "Polygon", "coordinates": [[[120.2150279817115, 30.18092477829545], [120.21504847686401, 30.180234021781477], [120.21421353935415, 30.180259650464375], [120.21421353297315, 30.180182147225754], [120.21385857293008, 30.180180432162814], [120.21382331713491, 30.180914011366564], [120.2150279817115, 30.18092477829545]]]}}, {"type": "Feature", "properties": {"osm_id": 1120937126, "name": "杜湖社区临时老年过渡房", "kind": "landuse"}, "geometry": {"type": "Polygon", "coordinates": [[[120.23507630330391, 30.18281096573326], [120.23469630776655, 30.18279573608376], [120.23417201344803, 30.182309697455707], [120.23412257662939, 30.1821009250585], [120.23412851965142, 30.181524496085885], [120.23397816161253, 30.1814891062184], [120.23395394575934, 30.180814495722803], [120.23515561298794, 30.18080462428355], [120.23507630330391, 30.18281096573326]]]}}, {"type": "Feature", "properties": {"osm_id": 1217844585, "name": "美政花苑北区", "kind": "landuse"}, "geometry": {"type": "Polygon", "coordinates": [[[120.16940592565467, 30.21313759306744], [120.16939094907818, 30.212883506127504], [120.16931395917067, 30.212646336246312], [120.16923688968946, 30.212650180642548], [120.16859494771747, 30.21195963972284], [120.16864419397001, 30.211877943033432], [120.16925827865073, 30.212088207736965], [120.16981451695226, 30.212094566757976], [120.17195399450905, 30.211918136877177], [120.17203099322947, 30.212272112526065], [120.17202244701, 30.212607848292812], [120.17191130495051, 30.212901074839984], [120.17165032104515, 30.21330028971301], [120.171145395503, 30.214028182684594], [120.16940592565467, 30.21313759306744]]]}}, {"type": "Feature", "properties": {"osm_id": 1217844586, "name": "美政花苑南区", "kind": "landuse"}, "geometry": {"type": "Polygon", "coordinates": [[[120.16879493959227, 30.211822658322593], [120.16959555929073, 30.211949268402932], [120.17198328840684, 30.211700569038147], [120.17201676387374, 30.211412789272533], [120.1720780540709, 30.211103155891657], [120.17242955079688, 30.210522260056344], [120.17028160635233, 30.209549444241574], [120.16955635980295, 30.210559061289324], [120.1687782761226, 30.211665480300177], [120.16879493959227, 30.211822658322593]]]}}, {"type": "Feature", "properties": {"osm_id": 1233985456, "name": "观晖美寓", "kind": "landuse"}, "geometry": {"type": "Polygon", "coordinates": [[[120.14837173830841, 30.165293757535228], [120.14814596292925, 30.164387981902916], [120.14814944876828, 30.164329974402477], [120.14815393207238, 30.164273365381256], [120.14816240332752, 30.16419964948922], [120.14819331285082, 30.164101697418527], [120.14822960935534, 30.164019637390027], [120.1482813643083, 30.16393325280759], [120.14863478321078, 30.163475378267826], [120.15025889403381, 30.16442890909363], [120.14946365655123, 30.16579563800571], [120.14837173830841, 30.165293757535228]]]}}, {"type": "Feature", "properties": {"osm_id": 1282144944, "name": "龙骧云府", "kind": "landuse"}, "geometry": {"type": "Polygon", "coordinates": [[[120.18724628523117, 30.238382035908696], [120.1865210510418, 30.237511412527272], [120.18813462026667, 30.23654676422847], [120.18969326008921, 30.237751198950814], [120.18899275805633, 30.238373124632222], [120.18869331349711, 30.23812095442002], [120.18770132333445, 30.23810717637999], [120.18724628523117, 30.238382035908696]]]}}, {"type": "Feature", "properties": {"osm_id": 1282144945, "name": "映霞璟庭", "kind": "landuse"}, "geometry": {"type": "Polygon", "coordinates": [[[120.18796139362908, 30.23612415198701], [120.18589904848052, 30.23462745611513], [120.18678059813844, 30.234073282561457], [120.18863827107383, 30.235679576411382], [120.18796139362908, 30.23612415198701]]]}}, {"type": "Feature", "properties": {"osm_id": 1323118404, "name": "杭州咏湖云庐（北区）", "kind": "landuse"}, "geometry": {"type": "Polygon", "coordinates": [[[120.19927948544692, 30.161542913780735], [120.19868559877045, 30.161233110705517], [120.19949328836965, 30.160229908819534], [120.2001405670745, 30.159672201890235], [120.20052586075137, 30.160228175797673], [120.19983041533213, 30.160864762035693], [120.19927948544692, 30.161542913780735]]]}}, {"type": "Feature", "properties": {"osm_id": 1331973988, "name": "甬江嘉院", "kind": "landuse"}, "geometry": {"type": "Polygon", "coordinates": [[[120.18056184264452, 30.23218117727682], [120.18011831426598, 30.23149696566918], [120.17986811635811, 30.230924597816113], [120.18090269265946, 30.230634326934887], [120.1810698204613, 30.230969535422254], [120.18125439106791, 30.231243206949113], [120.18151404349912, 30.231590942545054], [120.18056184264452, 30.23218117727682]]]}}, {"type": "Feature", "properties": {"osm_id": 1340109638, "name": "临江花园", "kind": "landuse"}, "geometry": {"type": "Polygon", "coordinates": [[[120.14455968484141, 30.183933843328795], [120.14711060667928, 30.184581691121224], [120.14778473799878, 30.185914599322974], [120.14707365479173, 30.186368227564564], [120.14637950906948, 30.18675881557712], [120.14647846544362, 30.186939471771886], [120.14634502141114, 30.187021480290717], [120.14600761155515, 30.187136101500922], [120.14562671002595, 30.18723238518732], [120.14548467935381, 30.18724470088693], [120.14509608738689, 30.187282388747274], [120.14490946921921, 30.187290869334063], [120.14464126095649, 30.18731387160065], [120.14419919141842, 30.18728842791844], [120.14297366668586, 30.186863605933247], [120.14455968484141, 30.183933843328795]]]}}, {"type": "Feature", "properties": {"osm_id": 1354664559, "name": "世贸之西湖御涛轩", "kind": "landuse"}, "geometry": {"type": "Polygon", "coordinates": [[[120.1488360198789, 30.188073237936027], [120.14859642252446, 30.187623497624905], [120.14741182007558, 30.18822858614302], [120.14653106659223, 30.188584065619622], [120.14599747128744, 30.18871478879895], [120.14586495165696, 30.189134110000882], [120.14708588783486, 30.189510151595265], [120.14716358489268, 30.189530532007687], [120.14724636486238, 30.18950910244855], [120.14785508758119, 30.18871211555337], [120.1481192676395, 30.1884948906637], [120.1488360198789, 30.188073237936027]]]}}, {"type": "Feature", "properties": {"osm_id": 1354664560, "name": "银杏汇", "kind": "landuse"}, "geometry": {"type": "Polygon", "coordinates": [[[120.14910819902741, 30.18817440922017], [120.14950409721439, 30.188912509924492], [120.14943289398443, 30.190158381735785], [120.14798737586263, 30.190363584446956], [120.14711894868702, 30.19007772667922], [120.14711136084655, 30.189985034133517], [120.14751394908404, 30.189400180759993], [120.1480057907443, 30.188749880776022], [120.14883373903002, 30.188227848614247], [120.14902372274872, 30.188140642341903], [120.14910819902741, 30.18817440922017]]]}}, {"type": "Feature", "properties": {"osm_id": 1354664568, "name": "联庄公寓", "kind": "landuse"}, "geometry": {"type": "Polygon", "coordinates": [[[120.15358450625773, 30.185136430545715], [120.15469292940375, 30.185352463656304], [120.15481206664782, 30.18501204565334], [120.15492573701472, 30.18488584621727], [120.15499503884234, 30.184843526046002], [120.1552306197821, 30.18416849366259], [120.15555824660686, 30.18356860584065], [120.1555104809846, 30.183565487707558], [120.15523755779428, 30.18366415981005], [120.153803313495, 30.1841429182145], [120.15358450625773, 30.185136430545715]]]}}, {"type": "Feature", "properties": {"osm_id": 1354664570, "name": "忆联庄阁", "kind": "landuse"}, "geometry": {"type": "Polygon", "coordinates": [[[120.15293218591141, 30.185962561220503], [120.15301206791415, 30.186000429354596], [120.15330595066058, 30.185972135744713], [120.15374837116823, 30.184198113286303], [120.15316610444502, 30.18437959987445], [120.1528895732287, 30.185599216257266], [120.15288899342508, 30.18581982702899], [120.15293218591141, 30.185962561220503]]]}}, {"type": "Feature", "properties": {"osm_id": 1354664573, "name": "江涛阁", "kind": "landuse"}, "geometry": {"type": "Polygon", "coordinates": [[[120.15103877524793, 30.18342557991624], [120.1513631759227, 30.18326704168221], [120.15061689212244, 30.181862400692435], [120.15020132992667, 30.18198427997454], [120.15103877524793, 30.18342557991624]]]}}, {"type": "Feature", "properties": {"osm_id": 1354664578, "name": "钱塘景苑", "kind": "landuse"}, "geometry": {"type": "Polygon", "coordinates": [[[120.15575148163464, 30.185708067696684], [120.15892747917184, 30.1862974516936], [120.15895615395843, 30.1857893783066], [120.15898691911127, 30.185238399437505], [120.15603230443595, 30.18471293995654], [120.15575148163464, 30.185708067696684]]]}}, {"type": "Feature", "properties": {"osm_id": 1354668260, "name": "浙新小区-西区", "kind": "landuse"}, "geometry": {"type": "Polygon", "coordinates": [[[120.1406641260506, 30.171666158958114], [120.14102058753659, 30.170926733883068], [120.14040448026556, 30.170702682708754], [120.14019983387841, 30.17134248918179], [120.14039447570866, 30.17154262812286], [120.1406641260506, 30.171666158958114]]]}}, {"type": "Feature", "properties": {"osm_id": 1354668261, "name": "浦翠景庭", "kind": "landuse"}, "geometry": {"type": "Polygon", "coordinates": [[[120.13696226762555, 30.173798994839064], [120.13718130485191, 30.172016044220324], [120.13578271857082, 30.171692309256233], [120.13563164638107, 30.172657634452143], [120.13560541941754, 30.172811572996082], [120.13548712632847, 30.17324333658513], [120.13530389434123, 30.17383608635186], [120.13538262262409, 30.173926792527237], [120.13696226762555, 30.173798994839064]]]}}, {"type": "Feature", "properties": {"osm_id": 1354668262, "name": "臻到豪庭", "kind": "landuse"}, "geometry": {"type": "Polygon", "coordinates": [[[120.13794085224389, 30.173611515973473], [120.13786072434434, 30.17340611320333], [120.13778566054431, 30.17292009284681], [120.13778573812446, 30.17265718266809], [120.13781514515105, 30.1723789335248], [120.13784995535934, 30.17228958449783], [120.13793195580237, 30.172222374333483], [120.13891363756434, 30.17245518001104], [120.1395157022848, 30.17261897349432], [120.14001360562274, 30.1727418983931], [120.140076257729, 30.172795614424587], [120.14005751139375, 30.172890743825906], [120.1400950231204, 30.172926593662666], [120.13986631745999, 30.173380224757437], [120.13962812900408, 30.17378516552], [120.13954762748938, 30.173829776767285], [120.13944487491815, 30.173820215921303], [120.1391973664273, 30.173760248467843], [120.13890835551359, 30.173700334989974], [120.13875581993936, 30.17369013886923], [120.13803743051743, 30.17369339213617], [120.13794085224389, 30.173611515973473]]]}}, {"type": "Feature", "properties": {"osm_id": 1354668263, "name": "运初尚府", "kind": "landuse"}, "geometry": {"type": "Polygon", "coordinates": [[[120.13986985214774, 30.173892039738185], [120.13982485855766, 30.173859099994036], [120.13981677376806, 30.173807009023612], [120.14026081713216, 30.17290386453222], [120.14114656953016, 30.17320494395299], [120.14130983958195, 30.1728880023292], [120.14247207679483, 30.1732448624127], [120.14235579466092, 30.173560041629038], [120.14404527443338, 30.17414710338762], [120.14379048856445, 30.17491670928021], [120.14250590186528, 30.17454526427208], [120.14143025896523, 30.174275486350457], [120.13986985214774, 30.173892039738185]]]}}, {"type": "Feature", "properties": {"osm_id": 1354862547, "name": "积家小区", "kind": "landuse"}, "geometry": {"type": "Polygon", "coordinates": [[[120.14443571278605, 30.174580741360973], [120.1449077087277, 30.174679840333727], [120.14487919094897, 30.17478398716458], [120.14534978457625, 30.174880483076457], [120.14539774571358, 30.17470580377402], [120.14553415045782, 30.17420917801382], [120.14612781716673, 30.17433087959324], [120.14625213477844, 30.173643962690004], [120.14486291107009, 30.17334155540118], [120.14443571278605, 30.174580741360973]]]}}, {"type": "Feature", "properties": {"osm_id": 1381654446, "name": "伟星·咏滨名邸", "kind": "landuse"}, "geometry": {"type": "Polygon", "coordinates": [[[120.14504589435121, 30.160957636303767], [120.14556719840365, 30.160388630843578], [120.14631618009338, 30.15957106251878], [120.14820608307987, 30.160593558524052], [120.14780728062173, 30.16104990027157], [120.1477722767676, 30.161089956435152], [120.14696667906445, 30.161988740813708], [120.1459998655693, 30.161472509121005], [120.14583957544515, 30.16138695045891], [120.14504589435121, 30.160957636303767]]]}}, {"type": "Feature", "properties": {"osm_id": 1393253043, "name": "长一社区公租房", "kind": "landuse"}, "geometry": {"type": "Polygon", "coordinates": [[[120.18047272981491, 30.176175198328785], [120.18038606140915, 30.174643001001108], [120.18209933097495, 30.174550671892327], [120.18225070966132, 30.176115649459938], [120.18047272981491, 30.176175198328785]]]}}, {"type": "Feature", "properties": {"osm_id": 1393253044, "name": "联庄过渡房", "kind": "landuse"}, "geometry": {"type": "Polygon", "coordinates": [[[120.18047272981491, 30.176175198328785], [120.18026335824445, 30.176193193864385], [120.18012067721752, 30.176092958988445], [120.18002804915318, 30.17602663108986], [120.17991208935412, 30.175940246444224], [120.17977658881901, 30.175861699031206], [120.17963759893718, 30.17578465831565], [120.17944327579106, 30.1757170225024], [120.1790902248021, 30.17560178469599], [120.17905273658997, 30.175594055205092], [120.17903675805826, 30.175277272828062], [120.17901168639101, 30.174716098050936], [120.17907588827967, 30.17464957415311], [120.17922922621737, 30.17462298347467], [120.17955185811323, 30.174613073848683], [120.17972304526185, 30.17461585079973], [120.17989592718322, 30.174615524505473], [120.1801740935847, 30.174611899547774], [120.18037728428551, 30.17460221594967], [120.18038606140915, 30.174643001001108], [120.18047272981491, 30.176175198328785]]]}}, {"type": "Feature", "properties": {"osm_id": 1414841801, "name": "晓月和风", "kind": "landuse"}, "geometry": {"type": "Polygon", "coordinates": [[[120.16895341196594, 30.17062470819082], [120.16907968715778, 30.17005195076263], [120.16943259867479, 30.16963587514054], [120.16959768769857, 30.169422758189537], [120.16960854988457, 30.169358735484515], [120.16961512376814, 30.169281420321045], [120.16959986336326, 30.169209846259722], [120.16956296571317, 30.169115811887323], [120.16973671673921, 30.168759473384707], [120.16984488474881, 30.168655266899584], [120.17165681516273, 30.169298087150562], [120.17138547371954, 30.169841317846156], [120.17131818698388, 30.169980849600357], [120.17100976080127, 30.170578551826296], [120.17087508835051, 30.17086891580826], [120.17077521070769, 30.171147813953116], [120.17075786594702, 30.171187448029876], [120.17064710144247, 30.17123475785227], [120.17058189564996, 30.17122357987271], [120.16952183454949, 30.170858253699617], [120.16895341196594, 30.17062470819082]]]}}, {"type": "Feature", "properties": {"osm_id": 1415397536, "name": "碧桂园·深蓝国际", "kind": "landuse"}, "geometry": {"type": "Polygon", "coordinates": [[[120.23528630242663, 30.23553692921335], [120.23443119183894, 30.23461957378305], [120.23224491188735, 30.23574993330097], [120.23218542526823, 30.235895191819587], [120.23228286535921, 30.235970018742936], [120.23271036983597, 30.236316303356517], [120.23528630242663, 30.23553692921335]]]}}, {"type": "Feature", "properties": {"osm_id": 1421195348, "name": "联乐名苑", "kind": "landuse"}, "geometry": {"type": "Polygon", "coordinates": [[[120.15146039949698, 30.183143076667093], [120.15200877913978, 30.182949664341812], [120.1520930315507, 30.18276061680157], [120.15237515002325, 30.182704446617258], [120.15492368446871, 30.181818616898553], [120.15496696016714, 30.181785441619624], [120.15500425836494, 30.180632929202638], [120.1548972564828, 30.180605310693664], [120.15440782859831, 30.180613143971314], [120.15439987798598, 30.180935471028846], [120.15426605295768, 30.180944898440213], [120.15425010962683, 30.181088731532473], [120.15406554362312, 30.181309253376163], [120.1538435683301, 30.18137693131081], [120.15182138267197, 30.181630717483852], [120.1513332265764, 30.18171032408068], [120.15137743793235, 30.182092867821762], [120.15094143419101, 30.182163084640745], [120.15146039949698, 30.183143076667093]]]}}, {"type": "Feature", "properties": {"osm_id": 1429194891, "name": "水印城", "kind": "landuse"}, "geometry": {"type": "Polygon", "coordinates": [[[120.19490370036971, 30.20341827723786], [120.19325263999842, 30.202595857314115], [120.19127450711734, 30.205843282211895], [120.19316024037352, 30.206630241027568], [120.19490370036971, 30.20341827723786]]]}}, {"type": "Feature", "properties": {"osm_id": 1429197371, "name": "迎春北苑", "kind": "landuse"}, "geometry": {"type": "Polygon", "coordinates": [[[120.2208168648464, 30.199682669814425], [120.21841428450522, 30.19939836336515], [120.21870992193386, 30.19689276905288], [120.22082035443427, 30.197220340157983], [120.22093621719102, 30.197347410637686], [120.2208168648464, 30.199682669814425]]]}}, {"type": "Feature", "properties": {"osm_id": 1429198514, "name": "荟创府", "kind": "landuse"}, "geometry": {"type": "Polygon", "coordinates": [[[120.22942949905847, 30.19479326123902], [120.22931110655315, 30.19469836350075], [120.22931391550753, 30.1936532099971], [120.23132363048606, 30.19357585562289], [120.23137692274926, 30.194609661428732], [120.22942949905847, 30.19479326123902]]]}}, {"type": "Feature", "properties": {"osm_id": 1429220096, "name": "荣安望江南", "kind": "landuse"}, "geometry": {"type": "Polygon", "coordinates": [[[120.21276781929421, 30.202460698865757], [120.21241461268964, 30.202962321489807], [120.21041651689644, 30.201925731031512], [120.21035975364077, 30.201878711371023], [120.21033481010453, 30.201813844366235], [120.21049331719577, 30.200600549544575], [120.21152807768969, 30.200664158879025], [120.21147500341719, 30.201825195786512], [120.21276781929421, 30.202460698865757]]]}}, {"type": "Feature", "properties": {"osm_id": 1429269011, "name": "拾排里", "kind": "landuse"}, "geometry": {"type": "Polygon", "coordinates": [[[120.19034440612383, 30.180623547290516], [120.19041914974736, 30.180152591786587], [120.19117187712888, 30.180279033519792], [120.19109573205643, 30.180693088566233], [120.19034440612383, 30.180623547290516]]]}}, {"type": "Feature", "properties": {"osm_id": 1429269013, "name": "长兴苑小区-南区", "kind": "landuse"}, "geometry": {"type": "Polygon", "coordinates": [[[120.19244707790844, 30.177644529563324], [120.1924856406939, 30.17732814761113], [120.19138939414906, 30.177229715024986], [120.19135093168407, 30.177545897277696], [120.19244707790844, 30.177644529563324]]]}}, {"type": "Feature", "properties": {"osm_id": 1447874590, "name": "滨康天曜城", "kind": "landuse"}, "geometry": {"type": "Polygon", "coordinates": [[[120.22972497410632, 30.182747941820875], [120.2297450321061, 30.182677120902675], [120.22777363426651, 30.182315625741943], [120.22776724838378, 30.182341232946182], [120.22765399920618, 30.18279776108686], [120.22711301589541, 30.182687880493642], [120.22699783598091, 30.182690793448867], [120.2269195119872, 30.183009584174144], [120.22730811388026, 30.184745579989578], [120.22741780414933, 30.184725372749572], [120.22745763163279, 30.18476083579467], [120.2274942775643, 30.184946708598343], [120.2275387980216, 30.185003168151194], [120.22764379931485, 30.184997566886086], [120.22881639842484, 30.184800654794053], [120.22945301776882, 30.184591765680093], [120.2297846038885, 30.18441866139805], [120.22982561707536, 30.184261118050728], [120.22974645158507, 30.184162184104384], [120.22967007920201, 30.184037746764307], [120.22991945457441, 30.183120285221516], [120.2299722407985, 30.182889028580927], [120.22995167207887, 30.18282044378813], [120.22987540577533, 30.18277990952155], [120.22972497410632, 30.182747941820875]]]}}, {"type": "Feature", "properties": {"osm_id": 1449287737, "name": "善庆名庭", "kind": "landuse"}, "geometry": {"type": "Polygon", "coordinates": [[[120.22014884264168, 30.18561028573229], [120.22176348382148, 30.185468189101744], [120.2215268448599, 30.186216594612684], [120.22146557589453, 30.1862336661135], [120.22027643378387, 30.186422169796504], [120.22014884264168, 30.18561028573229]]]}}, {"type": "Feature", "properties": {"osm_id": 1453236576, "name": "忆东枫里", "kind": "landuse"}, "geometry": {"type": "Polygon", "coordinates": [[[120.20035616823267, 30.164385000401392], [120.2005163781277, 30.16374711061475], [120.20193555288057, 30.164029269924036], [120.20161688464209, 30.164892524522706], [120.20124825100774, 30.16571766271095], [120.19937380492505, 30.164910669971547], [120.19947516781858, 30.164207474278015], [120.19952303701398, 30.164217093843362], [120.20035616823267, 30.164385000401392]]]}}, {"type": "Feature", "properties": {"osm_id": 1474051109, "name": "山秀景苑", "kind": "landuse"}, "geometry": {"type": "Polygon", "coordinates": [[[120.17946543336896, 30.162827904807664], [120.17934137422144, 30.162456026404758], [120.17917487414476, 30.16246474116199], [120.17714268221506, 30.162575286660775], [120.1770971197729, 30.162583973138354], [120.1770726941266, 30.162595919746817], [120.17715646847661, 30.16290647187759], [120.17726919593721, 30.16369648578292], [120.17730351444189, 30.163954629792475], [120.17730592956715, 30.164222534511676], [120.17962194965513, 30.165049286182022], [120.18044022287388, 30.165340052560513], [120.18056006807045, 30.165387328277866], [120.18063891965788, 30.165238574407237], [120.18076581981467, 30.164997726786616], [120.18077369038961, 30.164927309487393], [120.18075932862617, 30.164870534563544], [120.1807226323814, 30.16479800118142], [120.18049089237351, 30.164395423963196], [120.17994368990975, 30.163902638989182], [120.1797721858628, 30.163688355248564], [120.17965960533625, 30.163474060368234], [120.17946543336896, 30.162827904807664]]]}}, {"type": "Feature", "properties": {"osm_id": 1474957195, "name": "秋澜悦庭", "kind": "landuse"}, "geometry": {"type": "Polygon", "coordinates": [[[120.17920342897884, 30.228762303740357], [120.18156649487366, 30.22810090346902], [120.18063543773211, 30.226387841511787], [120.18034362452907, 30.2265401018243], [120.17864793448173, 30.226830822573596], [120.17920342897884, 30.228762303740357]]]}}, {"type": "Feature", "properties": {"osm_id": 1485386860, "name": "风尚蓝湾", "kind": "landuse"}, "geometry": {"type": "Polygon", "coordinates": [[[120.13386819307605, 30.175787504593345], [120.13469255146497, 30.175861115268617], [120.1348530030425, 30.174845279583987], [120.13404970093073, 30.17475574725139], [120.13386819307605, 30.175787504593345]]]}}, {"type": "Feature", "properties": {"osm_id": 1490011625, "name": "新世界·铂悦轩", "kind": "landuse"}, "geometry": {"type": "Polygon", "coordinates": [[[120.20356060039636, 30.208673838989675], [120.20402800218288, 30.20797434874909], [120.20316246705339, 30.20754091834439], [120.20269507493235, 30.208240516485397], [120.20356060039636, 30.208673838989675]]]}}, {"type": "Feature", "properties": {"osm_id": 1502729484, "name": "云雀苑商住城", "kind": "landuse"}, "geometry": {"type": "Polygon", "coordinates": [[[120.17696527084051, 30.236167856719106], [120.17713635314243, 30.236125830076777], [120.1776445107439, 30.235941755668133], [120.17747459511277, 30.235629254314727], [120.17718582149695, 30.23513506472089], [120.1768955315747, 30.23439046022317], [120.1767645136459, 30.23425049801255], [120.17660069971379, 30.234175002462774], [120.1764743777476, 30.23415493996661], [120.17578248789088, 30.234515474462764], [120.17696527084051, 30.236167856719106]]]}}, {"type": "Feature", "properties": {"osm_id": 1502822151, "name": "襄贤望府", "kind": "landuse"}, "geometry": {"type": "Polygon", "coordinates": [[[120.20719543547742, 30.178893470984168], [120.20719697466494, 30.178205940354182], [120.20720154876021, 30.178034626329115], [120.20514577807134, 30.178025825350577], [120.20507427983877, 30.178200245397814], [120.20506477617094, 30.179063195929174], [120.20507554994143, 30.179087479910454], [120.20510736837515, 30.179109430557997], [120.20513549526306, 30.179116386434185], [120.20702947617202, 30.179068633081123], [120.20719543547742, 30.178893470984168]]]}}, {"type": "Feature", "properties": {"osm_id": 1531890684, "name": "", "kind": "landuse"}, "geometry": {"type": "Polygon", "coordinates": [[[120.17548044563252, 30.172986008310033], [120.17550218549763, 30.171851923778377], [120.17481205846228, 30.171847128557985], [120.17466619940804, 30.171880305551237], [120.17405832700524, 30.171901155099444], [120.17398824203217, 30.171955489570745], [120.17396930453765, 30.17202282791022], [120.17396743241244, 30.1722888415985], [120.17397501815444, 30.17239073116517], [120.17406029404252, 30.17277318473283], [120.17407925467847, 30.172983356999747], [120.17548044563252, 30.172986008310033]]]}}, {"type": "Feature", "properties": {"osm_id": 1531890707, "name": "东冠安五房过渡房", "kind": "landuse"}, "geometry": {"type": "Polygon", "coordinates": [[[120.16567420883915, 30.167660390328148], [120.16654186168081, 30.167935396476086], [120.1666698554276, 30.167618747897915], [120.1672936191673, 30.16781059750269], [120.16734287522964, 30.16784000705379], [120.16738535265002, 30.167884029715236], [120.16738366310524, 30.167948835206325], [120.16718838793525, 30.168479217280055], [120.1670492221266, 30.168726884694713], [120.16698471482688, 30.168740204888223], [120.16663667167742, 30.16902356059593], [120.16656878148372, 30.169123790047983], [120.16627500235836, 30.16971765577747], [120.16488416898574, 30.169160399766405], [120.16502064610236, 30.16892124008101], [120.16529439736523, 30.168442018773998], [120.16558102303713, 30.16812007887039], [120.16565559009251, 30.167972435980914], [120.16567420883915, 30.167660390328148]]]}}, {"type": "Feature", "properties": {"osm_id": 1545590910, "name": "", "kind": "landuse"}, "geometry": {"type": "Polygon", "coordinates": [[[120.22463625166822, 30.17170715652816], [120.22569832187868, 30.17138583931775], [120.22575494502607, 30.170584251224835], [120.2257237052512, 30.170572482716157], [120.22576278175947, 30.170001421445917], [120.22490795928054, 30.169880301759264], [120.2248568255058, 30.17066348467712], [120.22464629190549, 30.171224727640066], [120.22463625166822, 30.17170715652816]]]}}, {"type": "Feature", "properties": {"osm_id": 1545590911, "name": "", "kind": "landuse"}, "geometry": {"type": "Polygon", "coordinates": [[[120.22440576867942, 30.169943834770727], [120.22439622959863, 30.170451463870954], [120.22426451239113, 30.170667912522728], [120.22421930457081, 30.170681061378037], [120.2236936680223, 30.170664927790767], [120.22336023977842, 30.170555987860176], [120.22259730271766, 30.170434429525834], [120.22234481963748, 30.170333609749626], [120.22213495367573, 30.170281545349063], [120.22211848403582, 30.17023166218491], [120.22215137685386, 30.169765607496185], [120.22238658330704, 30.169734640328493], [120.22433609900973, 30.16982560462214], [120.22439528361042, 30.16986924316091], [120.22440576867942, 30.169943834770727]]]}}, {"type": "Feature", "properties": {"osm_id": 60066218, "name": "海创园", "kind": "building"}, "geometry": {"type": "Polygon", "coordinates": [[[120.13987591426073, 30.187808917028335], [120.14005318055109, 30.187775772523423], [120.14044172052822, 30.187632330374406], [120.14086226522687, 30.187347433072162], [120.14115262209368, 30.18701621184512], [120.14150300050977, 30.186362889247434], [120.14160270318098, 30.18576992185477], [120.14158122710178, 30.185422736847258], [120.14149002390303, 30.185076450458286], [120.14135972396869, 30.184810422529402], [120.14116269016183, 30.18456688888487], [120.14069473701736, 30.184513340336196], [120.1401852792346, 30.184470043468146], [120.14014927261361, 30.18453659594341], [120.1401115646497, 30.184538747901357], [120.14003038067966, 30.1847565689854], [120.13983938813219, 30.18526935323452], [120.13994423566935, 30.18529491084637], [120.1397873519948, 30.18571414404531], [120.13977687976055, 30.18574215959185], [120.14010997846704, 30.185838907464685], [120.14020345294628, 30.185865580018348], [120.14112381720675, 30.186118012001874], [120.14106946856664, 30.186323297344803], [120.14103685803929, 30.18643104783413], [120.14098768895165, 30.186547021833597], [120.1408800697285, 30.18673578067323], [120.13995989980279, 30.18650334313055], [120.13988168792065, 30.18648094924815], [120.1395342221414, 30.18639091906421], [120.13942887438033, 30.18636436087704], [120.13907540442584, 30.187295180233907], [120.13987591426073, 30.187808917028335]]]}}, {"type": "Feature", "properties": {"osm_id": 113467395, "name": "龙禧福朋喜来登酒店", "kind": "building"}, "geometry": {"type": "Polygon", "coordinates": [[[120.14915324953044, 30.179537761356926], [120.14949377391387, 30.180008536234517], [120.14916936089283, 30.180185162587176], [120.14878813803486, 30.17965824764224], [120.14904384145233, 30.17951903506573], [120.14915324953044, 30.179537761356926]]]}}, {"type": "Feature", "properties": {"osm_id": 154508907, "name": "跨湖桥遗址博物馆", "kind": "building"}, "geometry": {"type": "Polygon", "coordinates": [[[120.2214966159103, 30.142561198951967], [120.22158762245554, 30.142547193644273], [120.22164649514696, 30.14250992491119], [120.22166794533557, 30.142454298788543], [120.22169468476223, 30.142403166724094], [120.22168938982117, 30.14232897085671], [120.22164647383585, 30.142250218112743], [120.22160904860418, 30.142199159831794], [120.22154398038187, 30.142130632998512], [120.22145376802085, 30.14209263614497], [120.22139489268157, 30.142092704245083], [120.22127175381218, 30.142092847016038], [120.22119152652931, 30.14212084101025], [120.2211454298914, 30.14218579638499], [120.22113266430479, 30.142274013573118], [120.22119364377406, 30.14238524548119], [120.2212846577073, 30.14247324201459], [120.22141638531, 30.142556591551628], [120.2214966159103, 30.142561198951967]]]}}, {"type": "Feature", "properties": {"osm_id": 157906983, "name": "亚科中心B座", "kind": "building"}, "geometry": {"type": "Polygon", "coordinates": [[[120.1446971355171, 30.1887118518213], [120.144645070775, 30.18872963039087], [120.14458921434804, 30.188731513819807], [120.14453575033731, 30.188717292868404], [120.14449086303127, 30.18868855841143], [120.14445944020352, 30.18864850335046], [120.14444497332964, 30.18860172273325], [120.14444935800252, 30.1885533139913], [120.14447179674144, 30.188508978566716], [120.1445098960486, 30.188473420209682], [120.14455946697883, 30.188450845312804], [120.14461482429412, 30.18844376243158], [120.14466968417163, 30.188452880959435], [120.14470319930243, 30.18846763157016], [120.14473192722504, 30.188488489589744], [120.14475417216782, 30.188513757486696], [120.14476943535787, 30.18854263598121], [120.14477781784507, 30.188590525635732], [120.14476744853573, 30.188638143329644], [120.14473952389001, 30.1886801870167], [120.1446971355171, 30.1887118518213]]]}}, {"type": "Feature", "properties": {"osm_id": 157906995, "name": "亚科中心A座", "kind": "building"}, "geometry": {"type": "Polygon", "coordinates": [[[120.14542962938373, 30.18851664198786], [120.14541537040542, 30.18856516576399], [120.14538285807582, 30.188606616790317], [120.14533608160367, 30.18863598877263], [120.14528042672187, 30.188649873383767], [120.14522287518797, 30.18864635998062], [120.14517001005008, 30.188626138676554], [120.14512841451902, 30.188591399686235], [120.14510297638968, 30.18854653589501], [120.14509668841131, 30.188496743070928], [120.14510526314673, 30.18845962847705], [120.14512451059997, 30.188425697972846], [120.14515333378142, 30.18839725329964], [120.14519731814605, 30.18837318597427], [120.14524768704528, 30.18836200956834], [120.14530533831677, 30.188365922804394], [120.1453578043366, 30.188386644559394], [120.14539910041033, 30.18842168378303], [120.14542403965307, 30.18846684815831], [120.14542962938373, 30.18851664198786]]]}}, {"type": "Feature", "properties": {"osm_id": 158367183, "name": "东坡阁", "kind": "building"}, "geometry": {"type": "Polygon", "coordinates": [[[120.14132870678668, 30.208528951823443], [120.1413785729179, 30.208404774603178], [120.14131093850743, 30.208384568711395], [120.14141166804313, 30.208133412716887], [120.14153007769688, 30.208168847559058], [120.14151172705495, 30.208214576052605], [120.14163382729339, 30.208251205423103], [120.14153289894716, 30.208502662327785], [120.14149578998519, 30.208491514125704], [120.14146437443453, 30.208569662878332], [120.14132870678668, 30.208528951823443]]]}}, {"type": "Feature", "properties": {"osm_id": 158367197, "name": "钱塘厨房", "kind": "building"}, "geometry": {"type": "Polygon", "coordinates": [[[120.14292108472637, 30.207982045958413], [120.14300067479684, 30.207872524382925], [120.14298980066899, 30.207854139137208], [120.14305223588978, 30.207768343682137], [120.14292255696009, 30.20769762792052], [120.14294240461558, 30.2076701976143], [120.14275606522388, 30.207568561696547], [120.14273482113383, 30.207597894029714], [120.14248354052454, 30.20746094860548], [120.1424522226769, 30.2075039960327], [120.14237421450875, 30.20746140570876], [120.14227008722021, 30.207604663013914], [120.14254501116865, 30.20775447652443], [120.14264536384319, 30.207809134961344], [120.14259320092194, 30.207881014184913], [120.14268916428502, 30.207933278703024], [120.14272945828789, 30.207877717408014], [120.14292108472637, 30.207982045958413]]]}}, {"type": "Feature", "properties": {"osm_id": 158367200, "name": "杭帮菜博物馆", "kind": "building"}, "geometry": {"type": "Polygon", "coordinates": [[[120.14381092605923, 30.207924942872758], [120.14322782850086, 30.208196712167105], [120.14318622801069, 30.20812966900948], [120.1431541104449, 30.20814461660629], [120.14307220614239, 30.208012628330046], [120.14302373000456, 30.208030599759827], [120.14297494647948, 30.207952866215557], [120.14357929248379, 30.207659568341114], [120.14363815103962, 30.20775468730975], [120.14355735938908, 30.2077923079083], [120.14360773836944, 30.207873838596225], [120.14374079494463, 30.2078118397205], [120.14381092605923, 30.207924942872758]]]}}, {"type": "Feature", "properties": {"osm_id": 158367204, "name": "杭州味道", "kind": "building"}, "geometry": {"type": "Polygon", "coordinates": [[[120.14145744028252, 30.207963038604333], [120.14143089457909, 30.207827768489704], [120.14181563196945, 30.20773651874464], [120.14209482521485, 30.207605813765845], [120.14224696468264, 30.20783680909849], [120.1416530673847, 30.20810767012359], [120.14158512615258, 30.207991259773742], [120.14164268067536, 30.20795997656045], [120.14164457412998, 30.20793817265857], [120.14145744028252, 30.207963038604333]]]}}, {"type": "Feature", "properties": {"osm_id": 158984609, "name": "亚科中心C座", "kind": "building"}, "geometry": {"type": "Polygon", "coordinates": [[[120.14504665619857, 30.188954939304526], [120.14495518725843, 30.18889867405099], [120.14492505718499, 30.188807515055526], [120.14498070531332, 30.18870712695985], [120.14507575712331, 30.188670782515953], [120.14521420343368, 30.188715476216682], [120.14525889505386, 30.188799812732913], [120.14521521755577, 30.188913683794002], [120.14513113831195, 30.188956312343887], [120.14504665619857, 30.188954939304526]]]}}, {"type": "Feature", "properties": {"osm_id": 159184108, "name": "六和塔", "kind": "building"}, "geometry": {"type": "Polygon", "coordinates": [[[120.13124831021175, 30.19592891051968], [120.1313524843756, 30.195886993008695], [120.13148370658017, 30.1959197487126], [120.13151185074295, 30.195971919925704], [120.13155137224953, 30.196044779440296], [120.13150178728232, 30.19614873990857], [120.1313749626463, 30.196197083418326], [120.13124962662452, 30.196155620296516], [120.13120411628728, 30.196069266335076], [120.13119243926927, 30.196046978130735], [120.13124831021175, 30.19592891051968]]]}}, {"type": "Feature", "properties": {"osm_id": 159184110, "name": "杭州市革命烈士纪念馆", "kind": "building"}, "geometry": {"type": "Polygon", "coordinates": [[[120.13368624817069, 30.197634801913377], [120.13405424604666, 30.19784217418176], [120.13417276766512, 30.197684524193885], [120.13380467155716, 30.197477153427972], [120.13368624817069, 30.197634801913377]]]}}, {"type": "Feature", "properties": {"osm_id": 159476097, "name": "阿里巴巴集团", "kind": "building"}, "geometry": {"type": "Polygon", "coordinates": [[[120.18908794999642, 30.188815798690985], [120.18901730441476, 30.18939135454078], [120.18896206572185, 30.18938895553416], [120.18886409075614, 30.189851156404057], [120.1888916105271, 30.189854406155554], [120.18895213412496, 30.189861695677603], [120.18893599106951, 30.189978630681466], [120.18937411466352, 30.190023131563457], [120.18941726797739, 30.18977414115077], [120.18977951452432, 30.18980978198193], [120.18991033764746, 30.189860646027956], [120.18975670624226, 30.19011313769468], [120.1899754707988, 30.190134740225535], [120.1900770626218, 30.18998504835978], [120.19021436738689, 30.190035801030984], [120.19014228665895, 30.190151137474338], [120.19037830231267, 30.190174409642395], [120.1904792965859, 30.190026819392955], [120.19100708274874, 30.190236372793763], [120.191224754118, 30.190257880269836], [120.19128028607064, 30.190169875844845], [120.19113320669415, 30.190107838700907], [120.19118225851955, 30.190034046598083], [120.19171522208747, 30.19008978768752], [120.19174133042438, 30.18989413154471], [120.19124107339049, 30.1898553319985], [120.19081598905808, 30.18966339199999], [120.19069176809423, 30.189887527514106], [120.18990702111199, 30.189545937434367], [120.18991677995454, 30.18939291256594], [120.19001488109863, 30.18923402662041], [120.19034842263858, 30.189375126717042], [120.1904693530541, 30.18915659702547], [120.19059359010974, 30.18913087041962], [120.19065902515577, 30.18943126566611], [120.19108408647458, 30.18935679257615], [120.1911200824445, 30.189359527619715], [120.19110703132768, 30.189492757391907], [120.19108410880796, 30.189626005025332], [120.191398003989, 30.189670840062647], [120.19197672378614, 30.189564892692655], [120.1919407135105, 30.189394949559073], [120.19146010835604, 30.18947801905265], [120.19147645448791, 30.18939858588329], [120.19154515659324, 30.18940696237583], [120.19155820449922, 30.18923403084362], [120.1910840711848, 30.18917248407403], [120.19070806725347, 30.1892440680952], [120.190668770217, 30.18911093317289], [120.19093040751447, 30.189065057108916], [120.1908943972935, 30.188889414191177], [120.19034839112206, 30.18899530921174], [120.19001155962228, 30.188859815387975], [120.18982522964961, 30.18918896987889], [120.18952290894526, 30.18916412000459], [120.18957343724298, 30.188872014320147], [120.18914219201159, 30.188822099767403], [120.18908794999642, 30.188815798690985]]]}}, {"type": "Feature", "properties": {"osm_id": 166189596, "name": "众泰新能源汽车", "kind": "building"}, "geometry": {"type": "Polygon", "coordinates": [[[120.16994955159085, 30.185122834974255], [120.16985246757774, 30.18543003052949], [120.16991577956229, 30.18544501254122], [120.17001286354352, 30.18513781695147], [120.16994955159085, 30.185122834974255]]]}}, {"type": "Feature", "properties": {"osm_id": 229726934, "name": "雷峰塔", "kind": "building"}, "geometry": {"type": "Polygon", "coordinates": [[[120.14960789777888, 30.231315578168847], [120.14985453261878, 30.23132108197355], [120.15003116813733, 30.231476107985145], [120.15003328052833, 30.231690419545913], [120.14985946168527, 30.231822709071906], [120.14961322610452, 30.231820804901343], [120.14943140243867, 30.231661185305597], [120.14943138642512, 30.23147117206043], [120.14960789777888, 30.231315578168847]]]}}, {"type": "Feature", "properties": {"osm_id": 292991007, "name": "工业遗迹", "kind": "building"}, "geometry": {"type": "Polygon", "coordinates": [[[120.13966047183504, 30.198862544063935], [120.139766686557, 30.19853288240211], [120.14175723914612, 30.199011835040785], [120.14165103086756, 30.199341502514056], [120.13966047183504, 30.198862544063935]]]}}, {"type": "Feature", "properties": {"osm_id": 292992812, "name": "杭州市中级人民法院", "kind": "building"}, "geometry": {"type": "Polygon", "coordinates": [[[120.19039489321474, 30.22066795149655], [120.19049071847206, 30.220712980395888], [120.19175989188912, 30.22131462434016], [120.19164384031725, 30.221472843455718], [120.1914185844051, 30.221386544106768], [120.19121839178736, 30.22172232702194], [120.19019402456465, 30.221234152436853], [120.19042990726544, 30.220857899970913], [120.19031084874067, 30.220802012647987], [120.19039489321474, 30.22066795149655]]]}}, {"type": "Feature", "properties": {"osm_id": 292998655, "name": "杭州市消防救援支队指挥中心", "kind": "building"}, "geometry": {"type": "Polygon", "coordinates": [[[120.19693648850527, 30.22772590060287], [120.19704677184212, 30.227632403649228], [120.19672455188497, 30.227354642430413], [120.19661416982366, 30.227452140359983], [120.19693648850527, 30.22772590060287]]]}}, {"type": "Feature", "properties": {"osm_id": 292998657, "name": "杭州电视台／杭州广播电台", "kind": "building"}, "geometry": {"type": "Polygon", "coordinates": [[[120.1997108495217, 30.228438613232086], [120.19988665445815, 30.228287807272043], [120.19997142721024, 30.22835036912987], [120.20030070257538, 30.228070698259554], [120.20061940984056, 30.227799947602314], [120.20046570484702, 30.227505884230744], [120.20062966032812, 30.227540312967758], [120.2010495220991, 30.227597518452377], [120.20112719182148, 30.227365473961523], [120.20061766869946, 30.227247313211663], [120.20049081238689, 30.227217922898873], [120.20043784849742, 30.227115504468113], [120.20006448578575, 30.22730964253841], [120.2000239067831, 30.2274280185943], [120.19955761872153, 30.22781372901159], [120.19939525858032, 30.227730997421634], [120.19914556424587, 30.227942434012945], [120.1997108495217, 30.228438613232086]]]}}, {"type": "Feature", "properties": {"osm_id": 293000727, "name": "浙江交通投资集团公司", "kind": "building"}, "geometry": {"type": "Polygon", "coordinates": [[[120.21029664304581, 30.23611554471246], [120.21064336580575, 30.23588922303908], [120.21033948908584, 30.235539640297144], [120.2100147649463, 30.235166188757162], [120.20966804846248, 30.235392615605008], [120.21000324428086, 30.235777949965524], [120.21029664304581, 30.23611554471246]]]}}, {"type": "Feature", "properties": {"osm_id": 293004543, "name": "杭州市妇产科医院", "kind": "building"}, "geometry": {"type": "Polygon", "coordinates": [[[120.19755259252986, 30.22924994179951], [120.19839808296798, 30.22855854633855], [120.19768750482575, 30.227909218596338], [120.19728665029439, 30.228228130002016], [120.19754574488834, 30.22844699874391], [120.19705873799076, 30.2288309643727], [120.19755259252986, 30.22924994179951]]]}}, {"type": "Feature", "properties": {"osm_id": 293004544, "name": "长城大厦", "kind": "building"}, "geometry": {"type": "Polygon", "coordinates": [[[120.19391695074768, 30.22916458836423], [120.19354249439161, 30.228845431463625], [120.19338737122452, 30.229239734429477], [120.19360813683011, 30.2292083395887], [120.19391695074768, 30.22916458836423]]]}}, {"type": "Feature", "properties": {"osm_id": 293004548, "name": "杭州华庭凤巢大酒店", "kind": "building"}, "geometry": {"type": "Polygon", "coordinates": [[[120.19455603301907, 30.23281131172066], [120.19479683092474, 30.232599472268074], [120.19460266896165, 30.232433802790187], [120.19436197156655, 30.232645742699436], [120.19455603301907, 30.23281131172066]]]}}, {"type": "Feature", "properties": {"osm_id": 293008084, "name": "中国检验检疫", "kind": "building"}, "geometry": {"type": "Polygon", "coordinates": [[[120.19300695354484, 30.227940724088835], [120.19349502341383, 30.22756232877845], [120.19313064123723, 30.227249956749965], [120.19267996701343, 30.22763288764948], [120.19300695354484, 30.227940724088835]]]}}, {"type": "Feature", "properties": {"osm_id": 293008086, "name": "冠盛大厦", "kind": "building"}, "geometry": {"type": "Polygon", "coordinates": [[[120.19235266775775, 30.228342722025115], [120.19278020996312, 30.22800543355981], [120.19262524384034, 30.227867101416614], [120.19251307402286, 30.22795790841765], [120.19243828367071, 30.22789103789598], [120.19213108946586, 30.228142406071935], [120.19235266775775, 30.228342722025115]]]}}, {"type": "Feature", "properties": {"osm_id": 293805347, "name": "Palace 11", "kind": "building"}, "geometry": {"type": "Polygon", "coordinates": [[[120.20822960870281, 30.203222446668935], [120.20890382394539, 30.20346994694514], [120.20896286525846, 30.203349552284784], [120.20828864891226, 30.20310205109932], [120.20822960870281, 30.203222446668935]]]}}, {"type": "Feature", "properties": {"osm_id": 293805581, "name": "Palace 7", "kind": "building"}, "geometry": {"type": "Polygon", "coordinates": [[[120.20847559901641, 30.202182320456487], [120.2085051128766, 30.202044168746177], [120.20927209003375, 30.202166328621008], [120.20924257553985, 30.20230447981034], [120.20847559901641, 30.202182320456487]]]}}, {"type": "Feature", "properties": {"osm_id": 329637464, "name": "A幢", "kind": "building"}, "geometry": {"type": "Polygon", "coordinates": [[[120.18984227830622, 30.18796738270306], [120.1902147944734, 30.187973005057177], [120.19093879326248, 30.18798399229772], [120.19116871056885, 30.187784167355208], [120.19127360715424, 30.187786877960452], [120.19151680430629, 30.187793239348597], [120.19158061983472, 30.18779272426983], [120.19153884364661, 30.187829801273434], [120.1910342431485, 30.188302434153247], [120.18955873035203, 30.188273913680973], [120.18984227830622, 30.18796738270306]]]}}, {"type": "Feature", "properties": {"osm_id": 329637465, "name": "B幢", "kind": "building"}, "geometry": {"type": "Polygon", "coordinates": [[[120.19002403588647, 30.18780944455819], [120.19039890583026, 30.187331141365256], [120.19045733105021, 30.18727073255544], [120.19087820938131, 30.18726866944616], [120.19201920985702, 30.187263310771872], [120.19170853362286, 30.187591784650145], [120.19141916987068, 30.187592306326408], [120.19059106886546, 30.18758580418388], [120.19053593441693, 30.187651407183623], [120.19045776920439, 30.18774455327517], [120.19040383126121, 30.187808754123463], [120.19032655586088, 30.18780889447841], [120.19002403588647, 30.18780944455819]]]}}, {"type": "Feature", "properties": {"osm_id": 329637466, "name": "C幢", "kind": "building"}, "geometry": {"type": "Polygon", "coordinates": [[[120.19162739343834, 30.187897844761153], [120.19191389732072, 30.188270245976852], [120.19201801035813, 30.1884301661095], [120.19116178163954, 30.188397307896683], [120.19159658518858, 30.18793080178684], [120.19162739343834, 30.187897844761153]]]}}, {"type": "Feature", "properties": {"osm_id": 337801231, "name": "滨江医院大楼", "kind": "building"}, "geometry": {"type": "Polygon", "coordinates": [[[120.19726286145077, 30.20108624315138], [120.19886027904035, 30.201777745625428], [120.19893465980019, 30.20161211062649], [120.19907437944686, 30.201676477085588], [120.19919552790162, 30.201466360853562], [120.1990277845842, 30.20139404119874], [120.19904650110243, 30.20101058935822], [120.19892530022726, 30.200582972589274], [120.1986458808875, 30.200680352534032], [120.19855282180116, 30.200478700467645], [120.19818950662876, 30.200204706186277], [120.19787277814427, 30.20009634280478], [120.19749677466933, 30.20068251912836], [120.19738689621272, 30.2008609176021], [120.19726286145077, 30.20108624315138]]]}}, {"type": "Feature", "properties": {"osm_id": 338339388, "name": "国家级科技企业孵化器", "kind": "building"}, "geometry": {"type": "Polygon", "coordinates": [[[120.1932368109141, 30.186066277555863], [120.19377626856452, 30.186074618403506], [120.19378054097777, 30.185889502551944], [120.19324108328776, 30.18588116167501], [120.1932368109141, 30.186066277555863]]]}}, {"type": "Feature", "properties": {"osm_id": 338649236, "name": "3", "kind": "building"}, "geometry": {"type": "Polygon", "coordinates": [[[120.17720383205314, 30.191693651425073], [120.17771729249526, 30.19172508184305], [120.17769597010093, 30.191887429881774], [120.17722019735697, 30.191866628691788], [120.17718789427275, 30.191865189721767], [120.17720383205314, 30.191693651425073]]]}}, {"type": "Feature", "properties": {"osm_id": 338649237, "name": "2", "kind": "building"}, "geometry": {"type": "Polygon", "coordinates": [[[120.17800074518229, 30.191770948047886], [120.1783323507739, 30.1917842217756], [120.17875489536496, 30.191936430426136], [120.17868541587309, 30.192080268571264], [120.17834313274312, 30.191955709552293], [120.17800075909295, 30.19193785595987], [120.17800074518229, 30.191770948047886]]]}}, {"type": "Feature", "properties": {"osm_id": 338649238, "name": "1", "kind": "building"}, "geometry": {"type": "Polygon", "coordinates": [[[120.17890465453073, 30.1920381523068], [120.17927376124943, 30.19220436300929], [120.17934327331862, 30.192450043480797], [120.17928984439946, 30.19257995060212], [120.17911326898208, 30.192519981230333], [120.17917746633849, 30.19239925419252], [120.17911324966934, 30.192288170176553], [120.17883517424187, 30.192172790002882], [120.17890465453073, 30.1920381523068]]]}}, {"type": "Feature", "properties": {"osm_id": 338649239, "name": "5", "kind": "building"}, "geometry": {"type": "Polygon", "coordinates": [[[120.17754091487652, 30.192833568349993], [120.17823623388429, 30.1929157575721], [120.17826294053364, 30.192758099508833], [120.17756762186778, 30.19268051049304], [120.17754091487652, 30.192833568349993]]]}}, {"type": "Feature", "properties": {"osm_id": 338649240, "name": "4", "kind": "building"}, "geometry": {"type": "Polygon", "coordinates": [[[120.17871757130443, 30.192701537525384], [120.17901168843377, 30.192696381574724], [120.17902775109332, 30.19282615746305], [120.17870691375086, 30.192826763678543], [120.17871757130443, 30.192701537525384]]]}}, {"type": "Feature", "properties": {"osm_id": 338649241, "name": "7", "kind": "building"}, "geometry": {"type": "Polygon", "coordinates": [[[120.17832180104061, 30.193203109662523], [120.17870694774959, 30.19323478326448], [120.17869090828682, 30.19338322074397], [120.17831114542517, 30.19335143696682], [120.17832180104061, 30.193203109662523]]]}}, {"type": "Feature", "properties": {"osm_id": 338649242, "name": "8", "kind": "building"}, "geometry": {"type": "Polygon", "coordinates": [[[120.17776022096372, 30.19360759097454], [120.17799023025384, 30.193607156038908], [120.17830578516521, 30.19363436079149], [120.17828974764667, 30.193805899429204], [120.17774428394283, 30.193788429881682], [120.17776022096372, 30.19360759097454]]]}}, {"type": "Feature", "properties": {"osm_id": 338649243, "name": "9", "kind": "building"}, "geometry": {"type": "Polygon", "coordinates": [[[120.17716119892758, 30.193353611572775], [120.17750865715277, 30.19337645552018], [120.17750558012504, 30.193540669283447], [120.17713080438074, 30.193522777243853], [120.17716119892758, 30.193353611572775]]]}}, {"type": "Feature", "properties": {"osm_id": 338649244, "name": "10", "kind": "building"}, "geometry": {"type": "Polygon", "coordinates": [[[120.1767591771302, 30.192999854940936], [120.17708051236076, 30.193007347486162], [120.17708511170612, 30.193164746370876], [120.1767266882566, 30.19316142418084], [120.1767591771302, 30.192999854940936]]]}}, {"type": "Feature", "properties": {"osm_id": 338649245, "name": "6", "kind": "building"}, "geometry": {"type": "Polygon", "coordinates": [[[120.17709441624051, 30.19235739000293], [120.17744356839921, 30.192368830174384], [120.17745753858601, 30.192514110706025], [120.17703849639094, 30.192502802732278], [120.17709441624051, 30.19235739000293]]]}}, {"type": "Feature", "properties": {"osm_id": 338995637, "name": "白马湖国际会展中心-A", "kind": "building"}, "geometry": {"type": "Polygon", "coordinates": [[[120.20062720335468, 30.16166325464602], [120.20081080640875, 30.161699650065543], [120.20082725716486, 30.16164552087224], [120.20253906487198, 30.162034413558576], [120.20239798378759, 30.16252126042269], [120.20105837761048, 30.162233056721462], [120.2006932600082, 30.16210525947867], [120.20070253153322, 30.162066342715136], [120.2005230175131, 30.162026940724164], [120.20062720335468, 30.16166325464602]]]}}, {"type": "Feature", "properties": {"osm_id": 338995638, "name": "白马湖国际会展中心-B", "kind": "building"}, "geometry": {"type": "Polygon", "coordinates": [[[120.20119913481744, 30.16149929856302], [120.20234905234356, 30.161761914679055], [120.20241357946823, 30.16176700938819], [120.20246104966742, 30.16173833088775], [120.20288737127042, 30.161299121772288], [120.20292167436934, 30.16123636395415], [120.20295108342333, 30.161087211214337], [120.20292395254417, 30.161046253893208], [120.20285742925995, 30.16103236149361], [120.20184303324295, 30.160778711532195], [120.20178828187966, 30.160789401966166], [120.2012135847234, 30.16136767020436], [120.20117609032695, 30.16141473390656], [120.20116602127426, 30.161458552065472], [120.20119913481744, 30.16149929856302]]]}}, {"type": "Feature", "properties": {"osm_id": 338995639, "name": "白马湖建国饭店", "kind": "building"}, "geometry": {"type": "Polygon", "coordinates": [[[120.20316787453852, 30.161931688153555], [120.20453756596768, 30.162198498563388], [120.20455889521266, 30.162022258660937], [120.20437693414803, 30.161530831885173], [120.20322127914488, 30.161291480172903], [120.20305017712823, 30.161792774151802], [120.20316787453852, 30.161931688153555]]]}}, {"type": "Feature", "properties": {"osm_id": 338998247, "name": "滨江区政府", "kind": "building"}, "geometry": {"type": "Polygon", "coordinates": [[[120.21141597243506, 30.208170626231624], [120.21180124956413, 30.208387087884578], [120.2120186306513, 30.208507185682656], [120.21239802815296, 30.208713860968643], [120.2122908995596, 30.208861320398903], [120.21192467184335, 30.208661827817615], [120.21191180326399, 30.208663246185864], [120.21168604367679, 30.20854756116726], [120.21168434710475, 30.20853896310294], [120.21129667702638, 30.208320605890766], [120.21131064127047, 30.208302084787267], [120.21125028642075, 30.20826806960985], [120.2113265909558, 30.208166254236424], [120.21139173444067, 30.208202962809246], [120.21141597243506, 30.208170626231624]]]}}, {"type": "Feature", "properties": {"osm_id": 342241265, "name": "华盛达广场", "kind": "building"}, "geometry": {"type": "Polygon", "coordinates": [[[120.18174966895015, 30.188855238741834], [120.18186729198821, 30.18854900347226], [120.1834718375855, 30.1889169094895], [120.18336488620005, 30.189278826493442], [120.18249844947142, 30.189048540628576], [120.1825305398025, 30.188881572684558], [120.18224169559508, 30.188807911716957], [120.18218826825408, 30.188965719362685], [120.18174966895015, 30.188855238741834]]]}}, {"type": "Feature", "properties": {"osm_id": 342241266, "name": "柏盛大厦", "kind": "building"}, "geometry": {"type": "Polygon", "coordinates": [[[120.18252398396994, 30.190374754349364], [120.18264836521514, 30.189802694185634], [120.18261017333231, 30.18973326263286], [120.18239570877613, 30.189680662816333], [120.18232083366479, 30.18969790423662], [120.18225662852292, 30.18973652663306], [120.18209660258363, 30.189692425251053], [120.18210627055987, 30.189654605325366], [120.18204524663498, 30.18958101659123], [120.18184065244189, 30.18951789827826], [120.1817283877609, 30.189516809349417], [120.1816712626004, 30.189566419099503], [120.1816857326231, 30.189725299262324], [120.18174087928554, 30.189862401918354], [120.18182114121899, 30.18988315194531], [120.18192263631538, 30.18986256015501], [120.18198455333031, 30.18988584484451], [120.18217479581543, 30.190012193210276], [120.18220741342692, 30.190191740310386], [120.18230543371433, 30.190345963391074], [120.18236276745229, 30.190404058429525], [120.182441134357, 30.190413111692912], [120.18252398396994, 30.190374754349364]]]}}, {"type": "Feature", "properties": {"osm_id": 342428087, "name": "Z9", "kind": "building"}, "geometry": {"type": "Polygon", "coordinates": [[[120.2038171534132, 30.186158088961136], [120.2038040408194, 30.185586084502084], [120.20442370082527, 30.185574392582247], [120.20472001993004, 30.18556882104552], [120.2047161161718, 30.185399419716955], [120.2044013457998, 30.185405420704306], [120.20439523979908, 30.185138418603945], [120.20503006906107, 30.185126510259966], [120.20504378231152, 30.18572091497124], [120.2041051558152, 30.18573860855312], [120.20411016056374, 30.185955810232787], [120.20443370551615, 30.185949693363668], [120.2044382099252, 30.186146394979303], [120.2038171534132, 30.186158088961136]]]}}, {"type": "Feature", "properties": {"osm_id": 342428088, "name": "Z4", "kind": "building"}, "geometry": {"type": "Polygon", "coordinates": [[[120.20551974954188, 30.18345366531511], [120.20551002538515, 30.18285515467429], [120.20643153007899, 30.182842615859535], [120.20642902365366, 30.182686613021197], [120.20611613450755, 30.182690799507448], [120.20611172325451, 30.182416494581297], [120.20674957289677, 30.18240780504737], [120.20675909717414, 30.18299801577182], [120.20575250620556, 30.183011781198918], [120.20575601500353, 30.183228485085017], [120.20610460851366, 30.183223740486778], [120.2061082175119, 30.183445644491457], [120.20551974954188, 30.18345366531511]]]}}, {"type": "Feature", "properties": {"osm_id": 342428089, "name": "Z8", "kind": "building"}, "geometry": {"type": "Polygon", "coordinates": [[[120.20549024388869, 30.186079327392807], [120.20548880661605, 30.185583707549338], [120.20580418443434, 30.185582513047812], [120.20580510674057, 30.185881024902248], [120.2059673846897, 30.18588047129584], [120.20596646124176, 30.18556815882633], [120.20596481978016, 30.185015636894757], [120.2067312356908, 30.185012746844674], [120.20671931524878, 30.185602791415082], [120.2064120098748, 30.185613867559212], [120.20641866503608, 30.185280042412284], [120.20617958387804, 30.18527611369001], [120.2061819440152, 30.186076745659857], [120.20549024388869, 30.186079327392807]]]}}, {"type": "Feature", "properties": {"osm_id": 342428090, "name": "Z3", "kind": "building"}, "geometry": {"type": "Polygon", "coordinates": [[[120.20389779640207, 30.183221430189956], [120.20389107188241, 30.182710118886906], [120.20422040003439, 30.182706291432755], [120.20422391270378, 30.182971397258655], [120.2044122154171, 30.182969296688064], [120.20440779924569, 30.182633289235564], [120.20440157661311, 30.182161678905906], [120.20515190362835, 30.182153088370224], [120.20515943169828, 30.182730401287753], [120.20484814845844, 30.1827339937218], [120.20484373203712, 30.182395486160175], [120.20458401537006, 30.182398398591726], [120.20458843129461, 30.18273120588503], [120.20459475457514, 30.18321351667098], [120.20389779640207, 30.183221430189956]]]}}, {"type": "Feature", "properties": {"osm_id": 342428091, "name": "Z7", "kind": "building"}, "geometry": {"type": "Polygon", "coordinates": [[[120.2058012222467, 30.184737980297196], [120.20579400431082, 30.18429427208725], [120.20596156834281, 30.184292010115502], [120.20596397463636, 30.184443613011986], [120.20611358600664, 30.184441679632698], [120.20611037658294, 30.1842271752227], [120.20577065988496, 30.18423150586735], [120.2057674501658, 30.18401310133296], [120.20658881958937, 30.18400262258697], [120.20660372855474, 30.1845762246699], [120.20660763094065, 30.184726825262562], [120.2058012222467, 30.184737980297196]]]}}, {"type": "Feature", "properties": {"osm_id": 342428092, "name": "Z1", "kind": "building"}, "geometry": {"type": "Polygon", "coordinates": [[[120.20381275074453, 30.184777434708142], [120.2038127293175, 30.18451802332391], [120.20381272296542, 30.184441119955284], [120.20405049296994, 30.18444073864171], [120.20417945185743, 30.1844405323117], [120.20417947963337, 30.184776847064704], [120.20381275074453, 30.184777434708142]]]}}, {"type": "Feature", "properties": {"osm_id": 342428093, "name": "Z2", "kind": "building"}, "geometry": {"type": "Polygon", "coordinates": [[[120.2040031554462, 30.18368198127881], [120.20436669421575, 30.183678300015924], [120.20437021049811, 30.18398700787543], [120.20427755517292, 30.183987955758454], [120.2040066717004, 30.18399068911267], [120.20400446121415, 30.1837933840414], [120.2040031554462, 30.18368198127881]]]}}, {"type": "Feature", "properties": {"osm_id": 342428111, "name": "Z6", "kind": "building"}, "geometry": {"type": "Polygon", "coordinates": [[[120.20785067992534, 30.183971986525776], [120.20862371819378, 30.183972919198514], [120.20862674095748, 30.183131178055035], [120.20878314607211, 30.18313134357007], [120.20878197541735, 30.183450559165088], [120.20913059767433, 30.183450938559634], [120.2091327432911, 30.182858309705196], [120.20840926853205, 30.182857393216995], [120.20840614705791, 30.183711434949387], [120.20813663074999, 30.18371104172079], [120.208137802434, 30.183404626622377], [120.20785272775336, 30.18340425868841], [120.20785067992534, 30.183971986525776]]]}}, {"type": "Feature", "properties": {"osm_id": 342428112, "name": "Z5", "kind": "building"}, "geometry": {"type": "Polygon", "coordinates": [[[120.20752134709491, 30.183082549343787], [120.20814934619717, 30.183079195061108], [120.2081481288716, 30.182832286235023], [120.20782943994071, 30.182833969385257], [120.20782842663597, 30.182641862645692], [120.20877692089208, 30.182636831545597], [120.20877347504288, 30.181977108410003], [120.20809609067895, 30.181980728392077], [120.20809740875534, 30.18223983748647], [120.20845909114082, 30.182237891563574], [120.20846000472032, 30.18243009843508], [120.20751810184555, 30.182435126389038], [120.20752134709491, 30.183082549343787]]]}}, {"type": "Feature", "properties": {"osm_id": 345577561, "name": "华业科技园", "kind": "building"}, "geometry": {"type": "Polygon", "coordinates": [[[120.18030645855902, 30.188521741604827], [120.18070118242709, 30.188590100582353], [120.18078480212797, 30.188230526518577], [120.18038997840654, 30.188162167636158], [120.18030645855902, 30.188521741604827]]]}}, {"type": "Feature", "properties": {"osm_id": 356904143, "name": "中国杭州低碳科技馆", "kind": "building"}, "geometry": {"type": "Polygon", "coordinates": [[[120.2011688864587, 30.209386588766332], [120.2011585093115, 30.20932250231906], [120.20116957478292, 30.209268380901527], [120.2013256150019, 30.208828597574318], [120.20136321028812, 30.208794733473223], [120.20141736240865, 30.208780843163215], [120.20150901546955, 30.20879589261915], [120.20161553224098, 30.208855820261086], [120.20186906106561, 30.209021712204844], [120.2018343580067, 30.209061171512886], [120.20188532996023, 30.20917599421473], [120.2019180446695, 30.209211842482407], [120.20220029640826, 30.20935938781961], [120.20226402652243, 30.20937838455839], [120.20233702981932, 30.209373464849655], [120.20239357627545, 30.209354371327386], [120.20241800772801, 30.209319229409527], [120.20268440182065, 30.209425800963178], [120.20272529592329, 30.20947013690877], [120.20274644389812, 30.209525905668375], [120.2026681798153, 30.20984205113222], [120.20262779184942, 30.209887419526712], [120.2025609731758, 30.209912929916886], [120.20247320770017, 30.20990057242112], [120.20241845181869, 30.209865259824937], [120.20232968457378, 30.20979560093455], [120.202344641663, 30.20976297461214], [120.20215065361299, 30.209643685350887], [120.2019586615496, 30.209530493887943], [120.20191247974839, 30.20945376538946], [120.20187946459339, 30.209402716748972], [120.20173095996444, 30.209334957242007], [120.20164170061265, 30.209327603891257], [120.20157827422267, 30.209352509903404], [120.20153698959466, 30.209396680539424], [120.20153090969174, 30.20944059307448], [120.20146698320502, 30.209446098941157], [120.20126423226972, 30.209441133938398], [120.20121157357791, 30.20942242007719], [120.2011688864587, 30.209386588766332]]]}}, {"type": "Feature", "properties": {"osm_id": 356904147, "name": "滨江区文化中心", "kind": "building"}, "geometry": {"type": "Polygon", "coordinates": [[[120.2095971146949, 30.209888372161043], [120.21003464280298, 30.210122841133753], [120.2104486336413, 30.210344748340642], [120.21092998961352, 30.20967281106101], [120.210492350735, 30.209441732987464], [120.2102848894319, 30.20973995270036], [120.20987099943805, 30.209507746475367], [120.2095971146949, 30.209888372161043]]]}}, {"type": "Feature", "properties": {"osm_id": 356904148, "name": "杭州邮政大楼", "kind": "building"}, "geometry": {"type": "Polygon", "coordinates": [[[120.209615438971, 30.208318155951986], [120.20968018078217, 30.208361662780895], [120.20971259749798, 30.208333613359553], [120.20996458068936, 30.20847285018846], [120.21010342064847, 30.208296136454262], [120.20984744437446, 30.208132303292047], [120.20978889060294, 30.20813458966398], [120.20975437906155, 30.20816284212297], [120.2097057992774, 30.208149913051372], [120.20962920023496, 30.2082657326666], [120.209615438971, 30.208318155951986]]]}}, {"type": "Feature", "properties": {"osm_id": 356904153, "name": "萧宏大厦", "kind": "building"}, "geometry": {"type": "Polygon", "coordinates": [[[120.20695312718941, 30.208729296190644], [120.20715587689128, 30.208377464708146], [120.20742020962611, 30.208504867005022], [120.20722354111984, 30.208835386780315], [120.20695312718941, 30.208729296190644]]]}}, {"type": "Feature", "properties": {"osm_id": 356904154, "name": "中国通信服务", "kind": "building"}, "geometry": {"type": "Polygon", "coordinates": [[[120.20998078594928, 30.207815289406934], [120.21026010519815, 30.207978189173392], [120.21032443876445, 30.207895290502318], [120.21034459106606, 30.20792266260723], [120.21039546532194, 30.207926688579878], [120.21042289437233, 30.207890346533432], [120.21040653153719, 30.207849668116815], [120.2103702208295, 30.207841520640912], [120.21042228683655, 30.207781041292048], [120.2101151342866, 30.207604080445066], [120.21006875568865, 30.207677752571595], [120.21002905479591, 30.207682011064392], [120.21000621342343, 30.207703645808625], [120.21000392170815, 30.207734850921018], [120.2100198838533, 30.207757428749495], [120.20998078594928, 30.207815289406934]]]}}, {"type": "Feature", "properties": {"osm_id": 356904155, "name": "浙江农资大厦裙楼", "kind": "building"}, "geometry": {"type": "Polygon", "coordinates": [[[120.20879927485926, 30.209359128877853], [120.20881692734618, 30.209323100404955], [120.20908951163136, 30.20897047329161], [120.20909918658111, 30.208961758380745], [120.20910876243637, 30.208960944067556], [120.2091261197743, 30.20897271887988], [120.20900503618745, 30.209115707502875], [120.20899835632993, 30.20915591975446], [120.20902808354057, 30.209180476795158], [120.2092499342051, 30.20928035212037], [120.2090682101854, 30.209514035936028], [120.20881643335929, 30.209380704421875], [120.20879927485926, 30.209359128877853]]]}}, {"type": "Feature", "properties": {"osm_id": 356904156, "name": "盾安发展大厦", "kind": "building"}, "geometry": {"type": "Polygon", "coordinates": [[[120.20844362534827, 30.209980798264127], [120.20870008769627, 30.210113820584752], [120.20874048502003, 30.210105759570933], [120.20889627303772, 30.209875913257143], [120.20888120808844, 30.209840633761328], [120.20863950818391, 30.209720288943508], [120.20859771478476, 30.20973175234162], [120.20843564208555, 30.20993870787326], [120.20844362534827, 30.209980798264127]]]}}, {"type": "Feature", "properties": {"osm_id": 374232647, "name": "滨江区法院", "kind": "building"}, "geometry": {"type": "Polygon", "coordinates": [[[120.21299220964012, 30.210079606059086], [120.21373766278266, 30.210486297702573], [120.21392330102623, 30.210231428396384], [120.21370231579168, 30.210110824732652], [120.21360894854719, 30.210239060599644], [120.21317526445735, 30.21000244695086], [120.21332050055584, 30.209802934086227], [120.21343223875236, 30.209863882956597], [120.21340799935167, 30.209897118370204], [120.21348362233304, 30.20993841622936], [120.21350885929667, 30.209903779405803], [120.21384128351121, 30.210085132407507], [120.21383250534099, 30.21009714513651], [120.21390054695634, 30.21013425398782], [120.21398603462113, 30.210016930245907], [120.21392826892028, 30.209985407491846], [120.21395879309996, 30.209943463308406], [120.21333804225745, 30.20960469847383], [120.21299220964012, 30.210079606059086]]]}}, {"type": "Feature", "properties": {"osm_id": 374232649, "name": "海越大厦", "kind": "building"}, "geometry": {"type": "Polygon", "coordinates": [[[120.21228081509021, 30.211173167036627], [120.21227163413464, 30.211134577766156], [120.21240778930272, 30.21094887498449], [120.21271476257968, 30.21111885358472], [120.21259865655693, 30.21128982631005], [120.212528232276, 30.21135972929181], [120.21226705174858, 30.2112133888022], [120.21228081509021, 30.211173167036627]]]}}, {"type": "Feature", "properties": {"osm_id": 374232652, "name": "钱江大厦", "kind": "building"}, "geometry": {"type": "Polygon", "coordinates": [[[120.21304681086038, 30.21288919321996], [120.21341533345141, 30.212941684987893], [120.21352825359654, 30.212814421526396], [120.21345491722498, 30.212678314778643], [120.21309936246817, 30.212618204152232], [120.21298684177103, 30.212732267526427], [120.21304681086038, 30.21288919321996]]]}}, {"type": "Feature", "properties": {"osm_id": 374232653, "name": "银丰大厦", "kind": "building"}, "geometry": {"type": "Polygon", "coordinates": [[[120.2127376435927, 30.21276551762386], [120.21291459869036, 30.21253195652212], [120.21283797933759, 30.212489461042136], [120.21246186869611, 30.21228077631189], [120.21239762105083, 30.212245164697887], [120.21221637943674, 30.21248243438248], [120.2127376435927, 30.21276551762386]]]}}, {"type": "Feature", "properties": {"osm_id": 374232655, "name": "天恒大厦", "kind": "building"}, "geometry": {"type": "Polygon", "coordinates": [[[120.21156590620323, 30.21180371955576], [120.2117164223983, 30.21160529304906], [120.2117815666567, 30.21164230234474], [120.2119558506211, 30.211741360210638], [120.2118390475629, 30.211895335239703], [120.2117393909581, 30.211902377600993], [120.21156590620323, 30.21180371955576]]]}}, {"type": "Feature", "properties": {"osm_id": 385121150, "name": "新开元", "kind": "building"}, "geometry": {"type": "Polygon", "coordinates": [[[120.15665325032184, 30.206150724602654], [120.15707048381803, 30.206384212328246], [120.15739940537851, 30.20589451183148], [120.15699284502956, 30.20567500847878], [120.15680300615361, 30.20592795239467], [120.15665325032184, 30.206150724602654]]]}}, {"type": "Feature", "properties": {"osm_id": 385665186, "name": "杭州奥体体育馆游泳馆", "kind": "building"}, "geometry": {"type": "Polygon", "coordinates": [[[120.2303754994469, 30.233704151678385], [120.23056683898943, 30.233452168030727], [120.23074501212903, 30.233308304618213], [120.23089463401207, 30.233131364252838], [120.23096479913494, 30.23299049459563], [120.23126335420656, 30.232716223158278], [120.23168100549312, 30.232424255092337], [120.232080001723, 30.232204813286053], [120.23246753038897, 30.23206469170616], [120.23289709365636, 30.231912441538178], [120.23311363048205, 30.231900572003617], [120.23335232797841, 30.231834083261518], [120.23360031051487, 30.231743287760047], [120.23386926652181, 30.23171668318796], [120.23413812698975, 30.231706082337936], [120.23431408304025, 30.2322108881813], [120.23442284141764, 30.232626537918883], [120.23423276687674, 30.232844092602843], [120.23399606325768, 30.232981077555163], [120.23371223862397, 30.233109099358515], [120.23343769531576, 30.2331564111659], [120.23318661562253, 30.233198807110337], [120.23293563304257, 30.23317660058724], [120.23257473517663, 30.233112880370772], [120.23240641688305, 30.233071711588508], [120.2323382302493, 30.233041864090936], [120.23227543500347, 30.233016612742915], [120.2322336062903, 30.23301704644866], [120.23219167864822, 30.23302758101025], [120.23214755585514, 30.233050618293788], [120.23212110495963, 30.233098243074082], [120.23209535568239, 30.233179769716227], [120.2320919718368, 30.233305781404937], [120.23207442372369, 30.233571614540253], [120.23198489426133, 30.233780802218163], [120.23187929313035, 30.233994703677883], [120.23157923098323, 30.234241568329573], [120.23133446921649, 30.234404083732883], [120.2310843135863, 30.23449700076156], [120.2309187077309, 30.23454124437393], [120.23057499811084, 30.23434602481614], [120.23033800630486, 30.234191519108215], [120.23018047726377, 30.23406924791493], [120.2303754994469, 30.233704151678385]]]}}, {"type": "Feature", "properties": {"osm_id": 388983204, "name": "汉氏大厦", "kind": "building"}, "geometry": {"type": "Polygon", "coordinates": [[[120.20493071602951, 30.209108675324263], [120.20509326943589, 30.208865504495915], [120.20546471289575, 30.209051429776], [120.205302157973, 30.209294699359834], [120.20493071602951, 30.209108675324263]]]}}, {"type": "Feature", "properties": {"osm_id": 392067565, "name": "滨江医院住院楼", "kind": "building"}, "geometry": {"type": "Polygon", "coordinates": [[[120.19635453185265, 30.202577394579563], [120.19649793439797, 30.202644849030538], [120.19692784514966, 30.2028472148033], [120.19698138949838, 30.20277881856829], [120.19690778515228, 30.20265223911457], [120.19673875129688, 30.20255942681448], [120.19696469070149, 30.202230318288333], [120.19668306964762, 30.202103699131612], [120.19635453185265, 30.202577394579563]]]}}, {"type": "Feature", "properties": {"osm_id": 392592150, "name": "1", "kind": "building"}, "geometry": {"type": "Polygon", "coordinates": [[[120.1965551188378, 30.18873956041534], [120.19661151832824, 30.188231639253157], [120.19752217651698, 30.188309569724936], [120.19746567430379, 30.188793089156427], [120.19724688435386, 30.18878116555774], [120.19728215834371, 30.18845068954385], [120.19682333839268, 30.188402580025354], [120.1967669255041, 30.18875139374006], [120.1965551188378, 30.18873956041534]]]}}, {"type": "Feature", "properties": {"osm_id": 392752207, "name": "中南幕墙", "kind": "building"}, "geometry": {"type": "Polygon", "coordinates": [[[120.20195113238995, 30.17877650308211], [120.20258452793799, 30.1787593657821], [120.2025845065901, 30.178500955182294], [120.20195110837703, 30.178485891161642], [120.20195113238995, 30.17877650308211]]]}}, {"type": "Feature", "properties": {"osm_id": 392752208, "name": "中南建设大厦", "kind": "building"}, "geometry": {"type": "Polygon", "coordinates": [[[120.20060068197243, 30.181047633294742], [120.201336482551, 30.18105441141683], [120.20134584179688, 30.1808686880887], [120.20060993999552, 30.180845709325872], [120.20060068197243, 30.181047633294742]]]}}, {"type": "Feature", "properties": {"osm_id": 392753128, "name": "2", "kind": "building"}, "geometry": {"type": "Polygon", "coordinates": [[[120.19668091105021, 30.188080512015947], [120.19752395658426, 30.188129258410708], [120.19753720572876, 30.187961827972526], [120.1973138282066, 30.187948911991608], [120.19732349108398, 30.187826889773373], [120.19756461922327, 30.18784077530615], [120.19757866525991, 30.18766254303893], [120.19670500456388, 30.187612048902775], [120.19669235334025, 30.18777207811156], [120.19692290816742, 30.187785479518872], [120.19691274725817, 30.187913502930613], [120.19669515618006, 30.1879009791283], [120.19668091105021, 30.188080512015947]]]}}, {"type": "Feature", "properties": {"osm_id": 399030896, "name": "城隍阁", "kind": "building"}, "geometry": {"type": "Polygon", "coordinates": [[[120.1645226157632, 30.23677180673698], [120.16485911226376, 30.236646279848244], [120.16469626527922, 30.23631745492883], [120.16435976822731, 30.236443081279905], [120.1645226157632, 30.23677180673698]]]}}, {"type": "Feature", "properties": {"osm_id": 404697038, "name": "中南乐游城裙楼", "kind": "building"}, "geometry": {"type": "Polygon", "coordinates": [[[120.19287063517245, 30.19537776886174], [120.19299274641294, 30.19491672804549], [120.19381769787091, 30.195068867124654], [120.19376276577692, 30.195201371153047], [120.19367103844704, 30.195328640330704], [120.19353662892456, 30.19540308290702], [120.1933900523085, 30.19545094606843], [120.1932738854007, 30.195456453229333], [120.19287063517245, 30.19537776886174]]]}}, {"type": "Feature", "properties": {"osm_id": 420546406, "name": "浙江美术馆", "kind": "building"}, "geometry": {"type": "Polygon", "coordinates": [[[120.15627694587833, 30.231400848185828], [120.1563945491969, 30.230649692547267], [120.1576623520803, 30.23078659553137], [120.1575447427049, 30.23143574642876], [120.15707399045154, 30.2315013723595], [120.15627694587833, 30.231400848185828]]]}}, {"type": "Feature", "properties": {"osm_id": 441775165, "name": "浙大科技园", "kind": "building"}, "geometry": {"type": "Polygon", "coordinates": [[[120.17930154794256, 30.188254925910087], [120.17973455724012, 30.188344412482166], [120.17982924393027, 30.187990917613597], [120.17939932527172, 30.187902125153588], [120.17930154794256, 30.188254925910087]]]}}, {"type": "Feature", "properties": {"osm_id": 441775176, "name": "慧而特(中国)餐饮设备有限公司", "kind": "building"}, "geometry": {"type": "Polygon", "coordinates": [[[120.17957461235818, 30.180869685669208], [120.18126833982917, 30.18085419157299], [120.18128949537358, 30.17988131093473], [120.17957453084108, 30.179890644751016], [120.17957461235818, 30.180869685669208]]]}}, {"type": "Feature", "properties": {"osm_id": 445291615, "name": "唐云艺术馆", "kind": "building"}, "geometry": {"type": "Polygon", "coordinates": [[[120.15543209859096, 30.23336074078785], [120.15542780521575, 30.23329584354543], [120.15520144362851, 30.233307432110276], [120.15520963094895, 30.2334302268171], [120.15517722227864, 30.233431882382845], [120.1551828136757, 30.233516378821022], [120.15553502004364, 30.233498273968234], [120.15552563450755, 30.23335597997307], [120.15543209859096, 30.23336074078785]]]}}, {"type": "Feature", "properties": {"osm_id": 450602847, "name": "仪门", "kind": "building"}, "geometry": {"type": "Polygon", "coordinates": [[[120.16459651102443, 30.235740096044935], [120.16456709065938, 30.23565514386549], [120.16480209205817, 30.235593608025923], [120.16483151236136, 30.23567866014436], [120.16459651102443, 30.235740096044935]]]}}, {"type": "Feature", "properties": {"osm_id": 450602848, "name": "西湖风景名胜区吴山景区管理处", "kind": "building"}, "geometry": {"type": "Polygon", "coordinates": [[[120.16453068343867, 30.235481598086924], [120.16447134502687, 30.235322395400622], [120.16466815985451, 30.235267030330963], [120.16472749814666, 30.23542623290108], [120.16453068343867, 30.235481598086924]]]}}, {"type": "Feature", "properties": {"osm_id": 451701547, "name": "利星名品广场", "kind": "building"}, "geometry": {"type": "Polygon", "coordinates": [[[120.1681226694956, 30.228797884519206], [120.16834898631055, 30.228695455643024], [120.16838967069414, 30.2287631843812], [120.16859056394061, 30.228672603375564], [120.16876094950085, 30.228600280339524], [120.168805523132, 30.228679502486298], [120.16899076360353, 30.22860115105114], [120.16901140507866, 30.228638114989383], [120.16964738257427, 30.22837080694738], [120.16959104346616, 30.228281206359828], [120.16964976566055, 30.228254194565242], [120.16946469376252, 30.227955620820307], [120.16958812040961, 30.22790248616455], [120.16952908709314, 30.22778618882325], [120.16959558585259, 30.227756662326048], [120.16923580919004, 30.227140694110773], [120.16893661270805, 30.22726066152652], [120.16876031749003, 30.227005773733048], [120.16836949919424, 30.227195715877794], [120.16847450628785, 30.22743643619912], [120.16808278996977, 30.227626879378153], [120.16808809970871, 30.227931190051134], [120.1677093439485, 30.228123908308728], [120.1681226694956, 30.228797884519206]]]}}, {"type": "Feature", "properties": {"osm_id": 487755135, "name": "宏华数码大厦", "kind": "building"}, "geometry": {"type": "Polygon", "coordinates": [[[120.16467757009015, 30.188122859480853], [120.16475163542727, 30.18793001469441], [120.16492103807722, 30.1879603048442], [120.16497746071751, 30.187831695266084], [120.1650515429976, 30.18784385959204], [120.16506919446131, 30.187886629073322], [120.16513629728416, 30.18789870617589], [120.16516102295641, 30.18788335997936], [120.16528097084652, 30.187910740432827], [120.16531267994885, 30.18794428357121], [120.16531627241153, 30.187980978628044], [120.16528447538249, 30.18808814206959], [120.16552796190902, 30.188164196943205], [120.16545389737755, 30.188360042411407], [120.16522237598117, 30.188291765701557], [120.16507592385452, 30.18847344350666], [120.16499018242544, 30.188537604130328], [120.16483674162457, 30.188612489581136], [120.16472308011801, 30.188650000064982], [120.16469087511614, 30.18865005919647], [120.16465328866234, 30.18868212966627], [120.16454191393893, 30.188645032332566], [120.16474796467115, 30.188149331440517], [120.16467757009015, 30.188122859480853]]]}}, {"type": "Feature", "properties": {"osm_id": 487756650, "name": "1", "kind": "building"}, "geometry": {"type": "Polygon", "coordinates": [[[120.17650556964968, 30.19216919485093], [120.17656059382182, 30.19204368478204], [120.17690486890135, 30.192156738949173], [120.17684984470978, 30.192282249022426], [120.17650556964968, 30.19216919485093]]]}}, {"type": "Feature", "properties": {"osm_id": 487756651, "name": "2", "kind": "building"}, "geometry": {"type": "Polygon", "coordinates": [[[120.17605859912581, 30.1920065325745], [120.17611362329004, 30.19188112252475], [120.17645789824259, 30.1919940766779], [120.17640277437465, 30.19211958693208], [120.17605859912581, 30.1920065325745]]]}}, {"type": "Feature", "properties": {"osm_id": 487756652, "name": "3", "kind": "building"}, "geometry": {"type": "Polygon", "coordinates": [[[120.17629144835648, 30.192591420074507], [120.17634647251856, 30.19246590997963], [120.1766907475285, 30.192578964164582], [120.17663562365028, 30.192704474455667], [120.17629144835648, 30.192591420074507]]]}}, {"type": "Feature", "properties": {"osm_id": 487756653, "name": "4", "kind": "building"}, "geometry": {"type": "Polygon", "coordinates": [[[120.17582114648447, 30.192410701002842], [120.17587627033521, 30.19228519073981], [120.17622044555361, 30.192398245132104], [120.17616542139574, 30.192523755221234], [120.17582114648447, 30.192410701002842]]]}}, {"type": "Feature", "properties": {"osm_id": 487756654, "name": "5", "kind": "building"}, "geometry": {"type": "Polygon", "coordinates": [[[120.17560981789315, 30.192845221533638], [120.17567351617394, 30.19272209514753], [120.1764604768576, 30.19302662124933], [120.17639677856519, 30.193149847678512], [120.17560981789315, 30.192845221533638]]]}}, {"type": "Feature", "properties": {"osm_id": 490931244, "name": "浙江泰隆商业银行", "kind": "building"}, "geometry": {"type": "Polygon", "coordinates": [[[120.19638778900122, 30.22484305950683], [120.19621336789116, 30.2247003534705], [120.19686548621786, 30.224102182432176], [120.1970399094423, 30.224244990166472], [120.19638778900122, 30.22484305950683]]]}}, {"type": "Feature", "properties": {"osm_id": 490931245, "name": "杭州市人民检察院", "kind": "building"}, "geometry": {"type": "Polygon", "coordinates": [[[120.1992624338891, 30.22664084857825], [120.1996249097249, 30.22632081524982], [120.20023337886045, 30.226772323401537], [120.19990769700819, 30.22708699076001], [120.19977864316061, 30.226991401307], [120.19995065621988, 30.226810100011857], [120.19963719850399, 30.22659231268966], [120.1994222044364, 30.22676838711546], [120.1992624338891, 30.22664084857825]]]}}, {"type": "Feature", "properties": {"osm_id": 501114197, "name": "实验楼", "kind": "building"}, "geometry": {"type": "Polygon", "coordinates": [[[120.13784672642228, 30.17776850430356], [120.13797751707601, 30.177768332590805], [120.138029792643, 30.177760763516307], [120.13807917348612, 30.17773549745901], [120.13811119521384, 30.177707754124857], [120.13813443731574, 30.177675022142772], [120.13814889916192, 30.177629601219294], [120.13815178784083, 30.1775767952671], [120.13812564985551, 30.17757682975416], [120.13812684221382, 30.17751992587682], [120.13796742000669, 30.17752043581346], [120.13780530340921, 30.17752184858133], [120.13781198589221, 30.177501338998123], [120.13780889131469, 30.177479042149272], [120.13775531783227, 30.177479512299417], [120.13769296495884, 30.177479993837885], [120.1372476121253, 30.177483972949496], [120.13713477639048, 30.177484918750135], [120.13713477948, 30.177521520227597], [120.13713479424382, 30.177696427296485], [120.1377018615505, 30.177687690628336], [120.13777937854972, 30.177686489198294], [120.1377978349459, 30.177686165021075], [120.13784961257201, 30.177685397147254], [120.13784672642228, 30.17776850430356]]]}}, {"type": "Feature", "properties": {"osm_id": 501114198, "name": "箴华音乐厅", "kind": "building"}, "geometry": {"type": "Polygon", "coordinates": [[[120.13682739676632, 30.177518615287546], [120.13667444246282, 30.17739840602468], [120.13674397384875, 30.177316413880085], [120.13676003483694, 30.17729699255627], [120.13684961707719, 30.177188573479036], [120.13689960199011, 30.177205310049505], [120.13694140672655, 30.17723175744607], [120.13699698048444, 30.177272687670495], [120.13703589306873, 30.17731363925648], [120.13707201375313, 30.1773737951716], [120.13701395231594, 30.177408171312326], [120.13693114972742, 30.177457179726375], [120.13682739676632, 30.177518615287546]]]}}, {"type": "Feature", "properties": {"osm_id": 501114199, "name": "第二学生公寓", "kind": "building"}, "geometry": {"type": "Polygon", "coordinates": [[[120.13834436593545, 30.17799845770461], [120.13834665523564, 30.17793635214318], [120.13830994253212, 30.177936000766383], [120.13831612025241, 30.1778462889371], [120.13848551713097, 30.177848764266564], [120.13847616906921, 30.178199390970082], [120.13788646900261, 30.178200169750017], [120.13788325935037, 30.177996365655343], [120.13813296808206, 30.17799753718595], [120.13834436593545, 30.17799845770461]]]}}, {"type": "Feature", "properties": {"osm_id": 501114200, "name": "第一学生公寓", "kind": "building"}, "geometry": {"type": "Polygon", "coordinates": [[[120.13722761894843, 30.17819292760958], [120.1373636001857, 30.178193951573068], [120.137836287381, 30.178197535448653], [120.13783307795116, 30.177996431459224], [120.13754535614984, 30.17799420723757], [120.13723079448549, 30.177991715304717], [120.13722761894843, 30.17819292760958]]]}}, {"type": "Feature", "properties": {"osm_id": 501114202, "name": "新楼", "kind": "building"}, "geometry": {"type": "Polygon", "coordinates": [[[120.13970221361524, 30.178090135769228], [120.13911433234294, 30.178090932609397], [120.1391143506933, 30.17830844146042], [120.13969864066256, 30.178307649517482], [120.13970221361524, 30.178090135769228]]]}}, {"type": "Feature", "properties": {"osm_id": 501114206, "name": "食堂", "kind": "building"}, "geometry": {"type": "Polygon", "coordinates": [[[120.137030242703, 30.17774426396389], [120.13693137340537, 30.17774319102806], [120.13686772175552, 30.17774247267755], [120.13680945743357, 30.17774184731265], [120.13680327729095, 30.177806457849186], [120.13662608957439, 30.17780938436718], [120.13662612045731, 30.17817519921636], [120.13662612459419, 30.17822420121017], [120.13712346534528, 30.17822356335807], [120.13712663741501, 30.177981149387463], [120.13705540396688, 30.177981241201277], [120.13702397739203, 30.177981281659914], [120.13702725930132, 30.17785807242568], [120.137030242703, 30.17774426396389]]]}}, {"type": "Feature", "properties": {"osm_id": 501180398, "name": "达夫图书馆", "kind": "building"}, "geometry": {"type": "Polygon", "coordinates": [[[120.13784672642228, 30.17776850430356], [120.13784961257201, 30.177685397147254], [120.1377978349459, 30.177686165021075], [120.13780530340921, 30.17752184858133], [120.13796742000669, 30.17752043581346], [120.13812684221382, 30.17751992587682], [120.13812564985551, 30.17757682975416], [120.13815178784083, 30.1775767952671], [120.13814889916192, 30.177629601219294], [120.13813443731574, 30.177675022142772], [120.13811119521384, 30.177707754124857], [120.13807917348612, 30.17773549745901], [120.138029792643, 30.177760763516307], [120.13797751707601, 30.177768332590805], [120.13784672642228, 30.17776850430356]]]}}, {"type": "Feature", "properties": {"osm_id": 501180401, "name": "第二教学楼", "kind": "building"}, "geometry": {"type": "Polygon", "coordinates": [[[120.13827766685283, 30.17731631837382], [120.13827835812971, 30.17723261407953], [120.13767039702466, 30.17723011321758], [120.13766820917824, 30.177312819413295], [120.13769315041893, 30.17731328685595], [120.13776059144412, 30.177314698736446], [120.13827766685283, 30.17731631837382]]]}}, {"type": "Feature", "properties": {"osm_id": 501180402, "name": "第一教学楼", "kind": "building"}, "geometry": {"type": "Polygon", "coordinates": [[[120.13767356984242, 30.176997199688547], [120.13767675633255, 30.176926292674736], [120.13829658970613, 30.17693607800106], [120.1382965952502, 30.17700178063713], [120.13767356984242, 30.176997199688547]]]}}, {"type": "Feature", "properties": {"osm_id": 501180403, "name": "教师公寓", "kind": "building"}, "geometry": {"type": "Polygon", "coordinates": [[[120.13895343568946, 30.17829175719002], [120.13907833594926, 30.17829308933214], [120.13907590898346, 30.17790527679204], [120.13895260511192, 30.177906642608274], [120.13895343568946, 30.17829175719002]]]}}, {"type": "Feature", "properties": {"osm_id": 505164635, "name": "杭州市公安局地铁公安分局湘湖站派出所", "kind": "building"}, "geometry": {"type": "Polygon", "coordinates": [[[120.23404375015525, 30.16559254018278], [120.23408107206203, 30.165381205033096], [120.23353506073802, 30.16530931257057], [120.23348297094853, 30.16560456264304], [120.23357711664183, 30.16561699146176], [120.23360545680993, 30.165456764309408], [120.23386273727357, 30.165490571611286], [120.2338492655797, 30.165566884398665], [120.23404375015525, 30.16559254018278]]]}}, {"type": "Feature", "properties": {"osm_id": 505164637, "name": "洗车镟轮库", "kind": "building"}, "geometry": {"type": "Polygon", "coordinates": [[[120.23258240030606, 30.165911074164903], [120.23259078398257, 30.16588466657651], [120.23261034200564, 30.165775447198975], [120.23261612858852, 30.165730941038078], [120.23207743839794, 30.165669270773655], [120.23206885663105, 30.165712679269973], [120.23205219203952, 30.165796895775458], [120.23204371071706, 30.165847704462113], [120.23258240030606, 30.165911074164903]]]}}, {"type": "Feature", "properties": {"osm_id": 505164639, "name": "湘湖停车场综合楼", "kind": "building"}, "geometry": {"type": "Polygon", "coordinates": [[[120.23285822320265, 30.16697279444809], [120.232891252315, 30.16678386179364], [120.23388771297792, 30.166911203441078], [120.23384529820693, 30.16710424214206], [120.23285822320265, 30.16697279444809]]]}}, {"type": "Feature", "properties": {"osm_id": 505164645, "name": "调机工程车库", "kind": "building"}, "geometry": {"type": "Polygon", "coordinates": [[[120.22954772110212, 30.166030344606373], [120.2296692938897, 30.16594083261741], [120.2291463051261, 30.165469287559464], [120.22911396694188, 30.165502418190172], [120.22907234562699, 30.165533657263556], [120.22902802998857, 30.165573099148567], [120.22954772110212, 30.166030344606373]]]}}, {"type": "Feature", "properties": {"osm_id": 513119863, "name": "响水坝弄2幢", "kind": "building"}, "geometry": {"type": "Polygon", "coordinates": [[[120.17540851482357, 30.233353898776812], [120.17549925380798, 30.23349433716558], [120.17577680808397, 30.233359202648522], [120.17568606910179, 30.23321876428999], [120.17540851482357, 30.233353898776812]]]}}, {"type": "Feature", "properties": {"osm_id": 513119868, "name": "响水坝弄1幢", "kind": "building"}, "geometry": {"type": "Polygon", "coordinates": [[[120.17508887490743, 30.233344202486016], [120.17500332039684, 30.233204654334397], [120.17545165527608, 30.232997591926004], [120.17553720977175, 30.23313714002175], [120.17508887490743, 30.233344202486016]]]}}, {"type": "Feature", "properties": {"osm_id": 513119869, "name": "响水坝弄8幢", "kind": "building"}, "geometry": {"type": "Polygon", "coordinates": [[[120.17513543988976, 30.23340341865127], [120.17521421316292, 30.233523678257598], [120.1754032690104, 30.233812341327173], [120.17557245340699, 30.23372891543633], [120.17530472400054, 30.233319992634907], [120.17513543988976, 30.23340341865127]]]}}, {"type": "Feature", "properties": {"osm_id": 513119871, "name": "响水坝弄3幢", "kind": "building"}, "geometry": {"type": "Polygon", "coordinates": [[[120.17559088986731, 30.233632073671142], [120.17587711787375, 30.233494622555913], [120.17594631894416, 30.233603299404354], [120.17566019063653, 30.23374075035204], [120.17559088986731, 30.233632073671142]]]}}, {"type": "Feature", "properties": {"osm_id": 513119872, "name": "响水坝弄4幢", "kind": "building"}, "geometry": {"type": "Polygon", "coordinates": [[[120.17577385831261, 30.2338528433706], [120.17607045408458, 30.23370257168435], [120.17614763168109, 30.233817233881233], [120.17585103591169, 30.233967605595407], [120.17577385831261, 30.2338528433706]]]}}, {"type": "Feature", "properties": {"osm_id": 513119873, "name": "响水坝弄5幢", "kind": "building"}, "geometry": {"type": "Polygon", "coordinates": [[[120.17610088785119, 30.234004035629294], [120.17623278556894, 30.233935081225063], [120.17629630229494, 30.234026567618685], [120.17633279100936, 30.234007497237904], [120.17638025405569, 30.234075812343686], [120.17616580809538, 30.234187925983647], [120.17611535367877, 30.234115216214704], [120.17616141320596, 30.23409122737995], [120.17610088785119, 30.234004035629294]]]}}, {"type": "Feature", "properties": {"osm_id": 513119882, "name": "望江门铁道宾馆", "kind": "building"}, "geometry": {"type": "Polygon", "coordinates": [[[120.1761022800931, 30.232767745150742], [120.17636950503994, 30.233104963567015], [120.17653380295667, 30.23300694585122], [120.17636758502627, 30.23279714540977], [120.1767247934636, 30.23258415470471], [120.17662388609435, 30.232456736586016], [120.1761022800931, 30.232767745150742]]]}}, {"type": "Feature", "properties": {"osm_id": 513124139, "name": "小剪刀弄", "kind": "building"}, "geometry": {"type": "Polygon", "coordinates": [[[120.17543228770164, 30.233883091499333], [120.1758145839381, 30.234426407370325], [120.17593072962615, 30.234364983295485], [120.17590979007383, 30.23433512076005], [120.17603720139358, 30.234267674944245], [120.17598136261387, 30.234188374881814], [120.17585544674121, 30.234255117812353], [120.17578674510149, 30.23415754076577], [120.17589820507813, 30.234098525737494], [120.17581205381231, 30.23397607992847], [120.17570647590122, 30.23403208360715], [120.17564973971274, 30.233951485151124], [120.17572002529461, 30.233914249565974], [120.17562589706466, 30.233780518043314], [120.17543228770164, 30.233883091499333]]]}}, {"type": "Feature", "properties": {"osm_id": 513344452, "name": "八达大厦", "kind": "building"}, "geometry": {"type": "Polygon", "coordinates": [[[120.1769487039664, 30.235968873580337], [120.17704014134037, 30.236114411218274], [120.17739725398188, 30.235945323514642], [120.17730571686305, 30.235799786063644], [120.1769487039664, 30.235968873580337]]]}}, {"type": "Feature", "properties": {"osm_id": 513347611, "name": "云雀苑1幢", "kind": "building"}, "geometry": {"type": "Polygon", "coordinates": [[[120.17623062786384, 30.23436251588154], [120.17629613856118, 30.23445359849917], [120.17659103871549, 30.234293929250153], [120.17652552800519, 30.234202846643186], [120.17623062786384, 30.23436251588154]]]}}, {"type": "Feature", "properties": {"osm_id": 513347612, "name": "云雀苑3幢", "kind": "building"}, "geometry": {"type": "Polygon", "coordinates": [[[120.17638208704953, 30.23453544180001], [120.17644809610353, 30.23462472335417], [120.17674279654966, 30.23446095417198], [120.17667678747154, 30.234371572619057], [120.17638208704953, 30.23453544180001]]]}}, {"type": "Feature", "properties": {"osm_id": 513347616, "name": "云雀苑4幢", "kind": "building"}, "geometry": {"type": "Polygon", "coordinates": [[[120.17649755391021, 30.23470203535955], [120.17656755196666, 30.234803110226004], [120.17686783626357, 30.234646530984474], [120.17679783818782, 30.234545456125097], [120.17649755391021, 30.23470203535955]]]}}, {"type": "Feature", "properties": {"osm_id": 513787613, "name": "51幢", "kind": "building"}, "geometry": {"type": "Polygon", "coordinates": [[[120.1696969517105, 30.211895375379235], [120.17039525775945, 30.211832762505487], [120.17037650040302, 30.211671888343332], [120.16967809458109, 30.211734501330834], [120.1696969517105, 30.211895375379235]]]}}, {"type": "Feature", "properties": {"osm_id": 513787839, "name": "50幢", "kind": "building"}, "geometry": {"type": "Polygon", "coordinates": [[[120.16882803689666, 30.211775793772098], [120.16951639121197, 30.211893613381317], [120.16955296859292, 30.21173493566437], [120.16886451472219, 30.2116171163992], [120.16882803689666, 30.211775793772098]]]}}, {"type": "Feature", "properties": {"osm_id": 513802929, "name": "49幢", "kind": "building"}, "geometry": {"type": "Polygon", "coordinates": [[[120.16967160497754, 30.21162720724588], [120.17036991112356, 30.21156459447251], [120.17035115376468, 30.21140372033236], [120.16965274784538, 30.211466333219214], [120.16967160497754, 30.21162720724588]]]}}, {"type": "Feature", "properties": {"osm_id": 513802930, "name": "9幢", "kind": "building"}, "geometry": {"type": "Polygon", "coordinates": [[[120.17052875687578, 30.21181731103392], [120.17122706014901, 30.211754695361368], [120.1712083028662, 30.21159382127696], [120.17050989983044, 30.21165643707237], [120.17052875687578, 30.21181731103392]]]}}, {"type": "Feature", "properties": {"osm_id": 513802931, "name": "7幢", "kind": "building"}, "geometry": {"type": "Polygon", "coordinates": [[[120.17048875474073, 30.211556470955315], [120.17118705814264, 30.211493855417395], [120.17116830085655, 30.211332981353475], [120.17046989769162, 30.211395597013826], [120.17048875474073, 30.211556470955315]]]}}, {"type": "Feature", "properties": {"osm_id": 513802932, "name": "6幢", "kind": "building"}, "geometry": {"type": "Polygon", "coordinates": [[[120.17126901210362, 30.211488400992728], [120.17196731328674, 30.211425783162174], [120.17194855605938, 30.211264909161773], [120.17125015512299, 30.211327527123256], [120.17126901210362, 30.211488400992728]]]}}, {"type": "Feature", "properties": {"osm_id": 513802933, "name": "8幢", "kind": "building"}, "geometry": {"type": "Polygon", "coordinates": [[[120.1712917651796, 30.211741972939723], [120.17186653706973, 30.21168268786043], [120.17184568664125, 30.211528118137174], [120.17127091470347, 30.211587403164305], [120.1712917651796, 30.211741972939723]]]}}, {"type": "Feature", "properties": {"osm_id": 513802934, "name": "5幢", "kind": "building"}, "geometry": {"type": "Polygon", "coordinates": [[[120.17043957871527, 30.21127964719962], [120.17113788227587, 30.211217031826944], [120.17111912498571, 30.211056157784167], [120.17042072166147, 30.21111877327875], [120.17043957871527, 30.21127964719962]]]}}, {"type": "Feature", "properties": {"osm_id": 513802935, "name": "4幢", "kind": "building"}, "geometry": {"type": "Polygon", "coordinates": [[[120.17123519069378, 30.211216948858283], [120.17193349197053, 30.211154331129247], [120.17191473474082, 30.21099345715112], [120.17121633371038, 30.211056075010724], [120.17123519069378, 30.211216948858283]]]}}, {"type": "Feature", "properties": {"osm_id": 513802936, "name": "3幢", "kind": "building"}, "geometry": {"type": "Polygon", "coordinates": [[[120.1708327712981, 30.210919488043], [120.17153107368578, 30.21085687147272], [120.17151231642684, 30.21069599749283], [120.17081391428047, 30.21075861418931], [120.1708327712981, 30.210919488043]]]}}, {"type": "Feature", "properties": {"osm_id": 513802937, "name": "48幢", "kind": "building"}, "geometry": {"type": "Polygon", "coordinates": [[[120.16900798018389, 30.211541743933353], [120.16953222187736, 30.211631068465696], [120.16956830087088, 30.211473891789222], [120.16904405928614, 30.211384567373916], [120.16900798018389, 30.211541743933353]]]}}, {"type": "Feature", "properties": {"osm_id": 513802938, "name": "47幢", "kind": "building"}, "geometry": {"type": "Polygon", "coordinates": [[[120.16917395963131, 30.21124401635675], [120.16962192822066, 30.211326382819173], [120.16966159617523, 30.211165699227298], [120.16921352799221, 30.211083433065244], [120.16917395963131, 30.21124401635675]]]}}, {"type": "Feature", "properties": {"osm_id": 513802939, "name": "46幢", "kind": "building"}, "geometry": {"type": "Polygon", "coordinates": [[[120.16996748803714, 30.211242430532124], [120.1701706797544, 30.211236549208106], [120.1701634844708, 30.211036151110452], [120.16996029274485, 30.21104203242641], [120.16996748803714, 30.211242430532124]]]}}, {"type": "Feature", "properties": {"osm_id": 513802940, "name": "45幢", "kind": "building"}, "geometry": {"type": "Polygon", "coordinates": [[[120.16973517226747, 30.21111835867817], [120.16993836424177, 30.211112577607075], [120.16993116894827, 30.210912179514903], [120.16972797696495, 30.21091796057767], [120.16973517226747, 30.21111835867817]]]}}, {"type": "Feature", "properties": {"osm_id": 513802941, "name": "44幢", "kind": "building"}, "geometry": {"type": "Polygon", "coordinates": [[[120.16946786027296, 30.210988351706035], [120.16967105254584, 30.210982570930106], [120.16966385724047, 30.21078217284242], [120.16946076466031, 30.21078795342309], [120.16946786027296, 30.210988351706035]]]}}, {"type": "Feature", "properties": {"osm_id": 513802942, "name": "25幢", "kind": "building"}, "geometry": {"type": "Polygon", "coordinates": [[[120.17013296125995, 30.21086299835559], [120.1704566062995, 30.211023900444196], [120.17054323603587, 30.210893330287956], [120.1702195911329, 30.210732428349203], [120.17013296125995, 30.21086299835559]]]}}, {"type": "Feature", "properties": {"osm_id": 513802943, "name": "27幢", "kind": "building"}, "geometry": {"type": "Polygon", "coordinates": [[[120.17034161548223, 30.21060699219999], [120.17066535990593, 30.210767993754793], [120.17075198955968, 30.21063742353201], [120.17042824526722, 30.210476422122426], [120.17034161548223, 30.21060699219999]]]}}, {"type": "Feature", "properties": {"osm_id": 513802944, "name": "29幢", "kind": "building"}, "geometry": {"type": "Polygon", "coordinates": [[[120.17052155509498, 30.210346739528873], [120.17084529924014, 30.21050764077948], [120.17093192882561, 30.21037707050464], [120.17060818480701, 30.210216169395206], [120.17052155509498, 30.210346739528873]]]}}, {"type": "Feature", "properties": {"osm_id": 513802945, "name": "24幢", "kind": "building"}, "geometry": {"type": "Polygon", "coordinates": [[[120.16963233840688, 30.210626722915293], [120.16995608399013, 30.210787625630573], [120.17004271394123, 30.21065705570822], [120.16971896850755, 30.210496153154015], [120.16963233840688, 30.210626722915293]]]}}, {"type": "Feature", "properties": {"osm_id": 513802946, "name": "26幢", "kind": "building"}, "geometry": {"type": "Polygon", "coordinates": [[[120.16980878935473, 30.21036947760684], [120.17013243493389, 30.21053038018387], [120.17021906480804, 30.210399810201984], [120.16989541937383, 30.210238907782028], [120.16980878935473, 30.21036947760684]]]}}, {"type": "Feature", "properties": {"osm_id": 513802947, "name": "28幢", "kind": "building"}, "geometry": {"type": "Polygon", "coordinates": [[[120.16999580724872, 30.21009691148242], [120.17031945251766, 30.21025781372364], [120.17040608231291, 30.21012724368093], [120.17008243718409, 30.209966341592583], [120.16999580724872, 30.21009691148242]]]}}, {"type": "Feature", "properties": {"osm_id": 513802948, "name": "1幢", "kind": "building"}, "geometry": {"type": "Polygon", "coordinates": [[[120.17171073439688, 30.210849132901444], [120.17203447698013, 30.211010032592206], [120.17212110617284, 30.210879461867382], [120.1717973636854, 30.210718562291213], [120.17171073439688, 30.210849132901444]]]}}, {"type": "Feature", "properties": {"osm_id": 513802949, "name": "2幢", "kind": "building"}, "geometry": {"type": "Polygon", "coordinates": [[[120.17107472089535, 30.210613415720527], [120.17144660388074, 30.21058241458926], [120.17143034007186, 30.210432636574474], [120.17105845706035, 30.21046363767793], [120.17107472089535, 30.210613415720527]]]}}, {"type": "Feature", "properties": {"osm_id": 514302877, "name": "兰馨学社", "kind": "building"}, "geometry": {"type": "Polygon", "coordinates": [[[120.17381491766751, 30.235894493129894], [120.17370961193059, 30.235630372839637], [120.17359253502305, 30.235288569180238], [120.17389821065233, 30.235217886822767], [120.17409955873542, 30.235851752368564], [120.17416707172748, 30.236041238587013], [120.1740408542135, 30.236079079788006], [120.17396197221304, 30.23585191228773], [120.17381491766751, 30.235894493129894]]]}}, {"type": "Feature", "properties": {"osm_id": 514359611, "name": "上羊市街卫生院", "kind": "building"}, "geometry": {"type": "Polygon", "coordinates": [[[120.17187573600357, 30.2358449468566], [120.17193078226872, 30.235980753066425], [120.17212978012094, 30.235919973841014], [120.17207483358585, 30.235784067480655], [120.17187573600357, 30.2358449468566]]]}}, {"type": "Feature", "properties": {"osm_id": 514450568, "name": "宋城大饭店", "kind": "building"}, "geometry": {"type": "Polygon", "coordinates": [[[120.17398765259927, 30.23296025648096], [120.17425429403721, 30.23347008890407], [120.17467192499761, 30.233305387949898], [120.17440518400859, 30.232795655967813], [120.17398765259927, 30.23296025648096]]]}}, {"type": "Feature", "properties": {"osm_id": 514617933, "name": "33幢", "kind": "building"}, "geometry": {"type": "Polygon", "coordinates": [[[120.16989309363245, 30.212233227616945], [120.170421509275, 30.21219143416459], [120.17040454622348, 30.21202665637715], [120.1698761305246, 30.212068349774558], [120.16989309363245, 30.212233227616945]]]}}, {"type": "Feature", "properties": {"osm_id": 514617934, "name": "34幢", "kind": "building"}, "geometry": {"type": "Polygon", "coordinates": [[[120.16927883492251, 30.212298781589983], [120.16980725229926, 30.212256989859956], [120.16979038889346, 30.21209221182667], [120.16926197145558, 30.212133903497648], [120.16927883492251, 30.212298781589983]]]}}, {"type": "Feature", "properties": {"osm_id": 514617935, "name": "10幢", "kind": "building"}, "geometry": {"type": "Polygon", "coordinates": [[[120.17063387131962, 30.212164633938023], [120.17116228512353, 30.21212293862564], [120.17114532213193, 30.211958160901638], [120.17061690828618, 30.211999856170195], [120.17063387131962, 30.212164633938023]]]}}, {"type": "Feature", "properties": {"osm_id": 514617936, "name": "16幢", "kind": "building"}, "geometry": {"type": "Polygon", "coordinates": [[[120.1713677663221, 30.21208685009546], [120.17189617856009, 30.21204515316284], [120.171879315312, 30.21188027530173], [120.17135090303842, 30.211921972195974], [120.1713677663221, 30.21208685009546]]]}}, {"type": "Feature", "properties": {"osm_id": 514617937, "name": "38幢", "kind": "building"}, "geometry": {"type": "Polygon", "coordinates": [[[120.16982930991298, 30.212537864978284], [120.17026879221234, 30.21250033880019], [120.17025073262987, 30.21233796316884], [120.16981125028742, 30.212375489302726], [120.16982930991298, 30.212537864978284]]]}}, {"type": "Feature", "properties": {"osm_id": 514617938, "name": "11幢", "kind": "building"}, "geometry": {"type": "Polygon", "coordinates": [[[120.17069391513274, 30.21244593763923], [120.17122222909302, 30.21240424236687], [120.17120536579876, 30.212239364427642], [120.17067695210426, 30.21228115984992], [120.17069391513274, 30.21244593763923]]]}}, {"type": "Feature", "properties": {"osm_id": 514617939, "name": "17幢", "kind": "building"}, "geometry": {"type": "Polygon", "coordinates": [[[120.17138543746378, 30.21237433366356], [120.17191384966283, 30.212332636688306], [120.17189698641586, 30.212167758801503], [120.17136857418134, 30.2122094557385], [120.17138543746378, 30.21237433366356]]]}}, {"type": "Feature", "properties": {"osm_id": 514617940, "name": "39幢", "kind": "building"}, "geometry": {"type": "Polygon", "coordinates": [[[120.16914485892694, 30.21258344883955], [120.16967317700863, 30.212541757692875], [120.16965631358148, 30.212376879615043], [120.16912789574369, 30.21241857089399], [120.16914485892694, 30.21258344883955]]]}}, {"type": "Feature", "properties": {"osm_id": 514617941, "name": "35幢", "kind": "building"}, "geometry": {"type": "Polygon", "coordinates": [[[120.16865996390561, 30.2120802253891], [120.16915629608854, 30.212241607433356], [120.16922368184193, 30.212086572353414], [120.1687272501699, 30.211925290717296], [120.16865996390561, 30.2120802253891]]]}}, {"type": "Feature", "properties": {"osm_id": 514617942, "name": "40幢", "kind": "building"}, "geometry": {"type": "Polygon", "coordinates": [[[120.16980470388353, 30.21278102535666], [120.17033311976441, 30.212739332136238], [120.1703161566968, 30.212574454284557], [120.1697877407672, 30.21261614745521], [120.16980470388353, 30.21278102535666]]]}}, {"type": "Feature", "properties": {"osm_id": 514617943, "name": "18幢", "kind": "building"}, "geometry": {"type": "Polygon", "coordinates": [[[120.17144897163833, 30.212667831350934], [120.17197738371007, 30.21262613423989], [120.17196052046707, 30.212461256329576], [120.17143210836038, 30.212502953402808], [120.17144897163833, 30.212667831350934]]]}}, {"type": "Feature", "properties": {"osm_id": 514617944, "name": "41幢", "kind": "building"}, "geometry": {"type": "Polygon", "coordinates": [[[120.16936821300261, 30.21283584586923], [120.16972105503328, 30.21279378281252], [120.1696961162132, 30.212634420164758], [120.16934327413131, 30.21267648316886], [120.16936821300261, 30.21283584586923]]]}}, {"type": "Feature", "properties": {"osm_id": 514617946, "name": "42幢", "kind": "building"}, "geometry": {"type": "Polygon", "coordinates": [[[120.16969385516708, 30.21301814696265], [120.17000693132715, 30.213164668944287], [120.17009535495151, 30.213022994806945], [120.16978227894589, 30.212876572989067], [120.16969385516708, 30.21301814696265]]]}}, {"type": "Feature", "properties": {"osm_id": 514617947, "name": "14幢", "kind": "building"}, "geometry": {"type": "Polygon", "coordinates": [[[120.17008779352032, 30.21321312019637], [120.17069729451046, 30.213512994130514], [120.17077774332557, 30.213390435777207], [120.17016824257, 30.213090562101705], [120.17008779352032, 30.21321312019637]]]}}, {"type": "Feature", "properties": {"osm_id": 514617948, "name": "13幢", "kind": "building"}, "geometry": {"type": "Polygon", "coordinates": [[[120.17021300140973, 30.213004173060956], [120.17082250202832, 30.213303946584908], [120.17090295079937, 30.213181388200216], [120.17029355010297, 30.212881514737045], [120.17021300140973, 30.213004173060956]]]}}, {"type": "Feature", "properties": {"osm_id": 514617949, "name": "12幢", "kind": "building"}, "geometry": {"type": "Polygon", "coordinates": [[[120.17034359316791, 30.21279591580978], [120.17095299372394, 30.213095789115133], [120.17103354215162, 30.212973230510702], [120.17042404211725, 30.212673357641314], [120.17034359316791, 30.21279591580978]]]}}, {"type": "Feature", "properties": {"osm_id": 514617950, "name": "43幢", "kind": "building"}, "geometry": {"type": "Polygon", "coordinates": [[[120.16943752616741, 30.213077130362528], [120.16987324346276, 30.21331162819372], [120.16994292693836, 30.21321459186649], [120.16950720980921, 30.212980094213403], [120.16943752616741, 30.213077130362528]]]}}, {"type": "Feature", "properties": {"osm_id": 514617951, "name": "15幢", "kind": "building"}, "geometry": {"type": "Polygon", "coordinates": [[[120.16994384013984, 30.213404501373624], [120.17055334155924, 30.213704375773652], [120.17063379042655, 30.213581817461062], [120.17002428924822, 30.213281943325324], [120.16994384013984, 30.213404501373624]]]}}, {"type": "Feature", "properties": {"osm_id": 514617952, "name": "19幢", "kind": "building"}, "geometry": {"type": "Polygon", "coordinates": [[[120.1712258613211, 30.212918365720984], [120.17169656805112, 30.21312939257886], [120.1717845917721, 30.21298231820853], [120.17131378549787, 30.212771291721268], [120.1712258613211, 30.212918365720984]]]}}, {"type": "Feature", "properties": {"osm_id": 514617953, "name": "20幢", "kind": "building"}, "geometry": {"type": "Polygon", "coordinates": [[[120.17105070602598, 30.213155608998168], [120.17152151278857, 30.213366736040623], [120.17160953656486, 30.213219661710273], [120.17113872997436, 30.21300863486263], [120.17105070602598, 30.213155608998168]]]}}, {"type": "Feature", "properties": {"osm_id": 514617957, "name": "南星街道/敬老院", "kind": "building"}, "geometry": {"type": "Polygon", "coordinates": [[[120.17066013594102, 30.212680414828437], [120.1710815908393, 30.212885435026404], [120.17115834933934, 30.21274808264763], [120.17082314051544, 30.21259330354857], [120.17076960592993, 30.212654007677124], [120.17070210552836, 30.21262383268832], [120.17066013594102, 30.212680414828437]]]}}, {"type": "Feature", "properties": {"osm_id": 515057520, "name": "杭州索非亚大酒店", "kind": "building"}, "geometry": {"type": "Polygon", "coordinates": [[[120.17117428554923, 30.230438483391723], [120.17111302865824, 30.229956265249164], [120.17172249657843, 30.229896914660088], [120.17175083027517, 30.230119476670893], [120.17145591700312, 30.230148133646043], [120.17148893979187, 30.230407889471817], [120.17117428554923, 30.230438483391723]]]}}, {"type": "Feature", "properties": {"osm_id": 515057524, "name": "杭州多瑙河大酒店", "kind": "building"}, "geometry": {"type": "Polygon", "coordinates": [[[120.17165514815494, 30.231680065238137], [120.17152204795897, 30.231688316288743], [120.17146860586617, 30.231660614899827], [120.17140169965559, 30.23157963510127], [120.17139370942031, 30.231410538316734], [120.17142312046444, 30.23140118233788], [120.17142111248775, 30.231234374478664], [120.17141711399476, 30.231109473298584], [120.17140942538168, 30.23097047808943], [120.17140483426222, 30.230912282679647], [120.17156046682994, 30.230902489188747], [120.17158182494452, 30.231166567373737], [120.17161343000915, 30.231164607760395], [120.17165514815494, 30.231680065238137]]]}}, {"type": "Feature", "properties": {"osm_id": 515059249, "name": "浙江赛丽美术馆", "kind": "building"}, "geometry": {"type": "Polygon", "coordinates": [[[120.17262434017157, 30.229296074324523], [120.17258015630544, 30.22909934416161], [120.17284774912791, 30.229053736426096], [120.17289193296074, 30.229250466548056], [120.17262434017157, 30.229296074324523]]]}}, {"type": "Feature", "properties": {"osm_id": 515252454, "name": "宾悦商务酒店", "kind": "building"}, "geometry": {"type": "Polygon", "coordinates": [[[120.17101620053475, 30.229738632269562], [120.17093123205518, 30.229463973078932], [120.17112963368965, 30.229417496989658], [120.17116673256001, 30.22953723545977], [120.1714061103604, 30.229481181433453], [120.17145407954274, 30.229636001825984], [120.17101620053475, 30.229738632269562]]]}}, {"type": "Feature", "properties": {"osm_id": 515252475, "name": "龙和概念酒店", "kind": "building"}, "geometry": {"type": "Polygon", "coordinates": [[[120.17067800649441, 30.227270899751858], [120.1710448034274, 30.22721920714544], [120.17103921763902, 30.227189115621005], [120.1712145901824, 30.22716608438115], [120.17122665659332, 30.22719676375457], [120.17161110525934, 30.227210641475374], [120.17161001324888, 30.22726684731107], [120.17070723220164, 30.227428555480476], [120.17067800649441, 30.227270899751858]]]}}, {"type": "Feature", "properties": {"osm_id": 515708813, "name": "近江", "kind": "building"}, "geometry": {"type": "Polygon", "coordinates": [[[120.19728623032806, 30.23037947823896], [120.19742832331477, 30.230259125108148], [120.19760494354071, 30.230417432223224], [120.1976912964577, 30.230341678607783], [120.19823825483705, 30.230102525101227], [120.19835362662765, 30.230006521461302], [120.19846820096213, 30.229911319462296], [120.19848096653743, 30.22992289849949], [120.19849223615454, 30.229933179999662], [120.19851686975001, 30.2299556395686], [120.19840159728174, 30.23005134270301], [120.19827705147186, 30.23015486244134], [120.19773946657799, 30.230394299536716], [120.19771822740853, 30.230414037368863], [120.1981307118939, 30.23080415754769], [120.19821726602396, 30.230739005044708], [120.19848843529694, 30.230999360345038], [120.19847457469231, 30.2310110847874], [120.19845842056678, 30.23102421324107], [120.19844106984765, 30.231038343809427], [120.19821348393451, 30.230828117699456], [120.19817958052133, 30.230857177669762], [120.19840985968345, 30.231077899792936], [120.19904744166921, 30.23163325442567], [120.19905811138436, 30.231623235639987], [120.19914288346965, 30.231695497086324], [120.19893756461802, 30.231868057225736], [120.19884421552186, 30.231782809724702], [120.19885119552609, 30.231774397280155], [120.19793357294549, 30.230958505776535], [120.19784900764391, 30.23095005015555], [120.19777431569646, 30.230950278309706], [120.19754377460187, 30.23114408788018], [120.19771381236724, 30.231288005706837], [120.19748018048233, 30.231485521119563], [120.1973687996629, 30.231583219724897], [120.19735214490109, 30.231567647328006], [120.19733519096403, 30.23155187543725], [120.19744726999465, 30.231456975767983], [120.19764809561359, 30.231288518622105], [120.19750837569201, 30.231171750699968], [120.19708668533647, 30.23154400359675], [120.1969173474406, 30.231397586051123], [120.19696501036782, 30.231355200663454], [120.19690188281598, 30.231301806115077], [120.19654979449147, 30.231587136123864], [120.19643811586594, 30.23167763636371], [120.19641238626322, 30.231654279428852], [120.19639523325124, 30.231639308186633], [120.19651030222782, 30.231548401961717], [120.19686069506336, 30.231263274693916], [120.1966506679869, 30.231067424861887], [120.1966703114028, 30.23105008959827], [120.19669035367312, 30.23103235362155], [120.19690257483886, 30.2312291998519], [120.19700559338355, 30.231315427731037], [120.1976195339137, 30.230791133067914], [120.1976292023591, 30.230735912616097], [120.19763368593088, 30.230688701633255], [120.19751540691277, 30.230580497491594], [120.19728805683496, 30.23075970145656], [120.19724707406158, 30.230791574335818], [120.19711822482832, 30.230675288602587], [120.19713657225176, 30.230660455896853], [120.19716519023868, 30.230637104878923], [120.19715132796854, 30.230624427925434], [120.19713497248772, 30.23060945511991], [120.19692773704445, 30.230420100093028], [120.19694040080985, 30.23041107756633], [120.19696652511136, 30.230380930305103], [120.19729473165725, 30.230681284504858], [120.1974713270199, 30.230545170889172], [120.19728623032806, 30.23037947823896]]]}}, {"type": "Feature", "properties": {"osm_id": 516639255, "name": "东方驿概念酒店", "kind": "building"}, "geometry": {"type": "Polygon", "coordinates": [[[120.17422762310832, 30.23166781215979], [120.17410716203125, 30.23139242050007], [120.17448361257544, 30.231176594124175], [120.17456029054851, 30.23127725622506], [120.17433178829435, 30.23140819718878], [120.17441784614344, 30.231604948315702], [120.17422762310832, 30.23166781215979]]]}}, {"type": "Feature", "properties": {"osm_id": 516731973, "name": "中国工商银行", "kind": "building"}, "geometry": {"type": "Polygon", "coordinates": [[[120.17380289139057, 30.230379324828085], [120.17383260937194, 30.230466074706403], [120.17387208988414, 30.230455799428277], [120.17397829674312, 30.230765820313646], [120.17413372630627, 30.23072562389987], [120.17405633993145, 30.230499854444094], [120.1739998110232, 30.230514462242233], [120.1739412725885, 30.23034346098139], [120.17380289139057, 30.230379324828085]]]}}, {"type": "Feature", "properties": {"osm_id": 516732019, "name": "候潮路农贸市场", "kind": "building"}, "geometry": {"type": "Polygon", "coordinates": [[[120.17240531705954, 30.225951161431297], [120.17242723491353, 30.225756007156104], [120.17286003869317, 30.225791693450876], [120.17283812086318, 30.22598684775982], [120.17240531705954, 30.225951161431297]]]}}, {"type": "Feature", "properties": {"osm_id": 516732024, "name": "民居", "kind": "building"}, "geometry": {"type": "Polygon", "coordinates": [[[120.17097313060817, 30.226175672002206], [120.17114688797591, 30.225913427947305], [120.17142764914215, 30.22594530205786], [120.17134212691403, 30.226200479912247], [120.17097313060817, 30.226175672002206]]]}}, {"type": "Feature", "properties": {"osm_id": 516732025, "name": "民居", "kind": "building"}, "geometry": {"type": "Polygon", "coordinates": [[[120.17151861297344, 30.22638085993241], [120.17152667868041, 30.226260336716262], [120.17293864718154, 30.226322580501485], [120.1729226062335, 30.226452419428213], [120.17285840852578, 30.226566148123897], [120.17245192686481, 30.226543713080385], [120.17245192473256, 30.22651821137995], [120.17193846390832, 30.226500577604074], [120.17194922308455, 30.22639865053506], [120.17151861297344, 30.22638085993241]]]}}, {"type": "Feature", "properties": {"osm_id": 516732026, "name": "民居", "kind": "building"}, "geometry": {"type": "Polygon", "coordinates": [[[120.17141161820126, 30.226195648876995], [120.17148916607721, 30.22596148739994], [120.17282018020624, 30.22605218594487], [120.17281202260286, 30.226265715554586], [120.17141161820126, 30.226195648876995]]]}}, {"type": "Feature", "properties": {"osm_id": 516753066, "name": "中国电信", "kind": "building"}, "geometry": {"type": "Polygon", "coordinates": [[[120.17434892166618, 30.22406866880811], [120.17438589754136, 30.223913488799372], [120.17447154143322, 30.223928727944035], [120.17450512870373, 30.22378805529063], [120.1744737226259, 30.223782514283826], [120.17457996600747, 30.223337184515994], [120.174781463402, 30.223373005972473], [120.17466186486392, 30.22387426467399], [120.17456864364611, 30.22385763978668], [120.17456316204895, 30.223880651648365], [120.17460802787816, 30.223888667372577], [120.17455630149864, 30.22410537929317], [120.17434892166618, 30.22406866880811]]]}}, {"type": "Feature", "properties": {"osm_id": 516753067, "name": "中国电信", "kind": "building"}, "geometry": {"type": "Polygon", "coordinates": [[[120.17376227798471, 30.2239919720345], [120.17378818758236, 30.223842113321975], [120.17429187951991, 30.223906766021752], [120.17426596993968, 30.22405662476609], [120.17376227798471, 30.2239919720345]]]}}, {"type": "Feature", "properties": {"osm_id": 516753068, "name": "中国电信", "kind": "building"}, "geometry": {"type": "Polygon", "coordinates": [[[120.1737603604852, 30.223714457553363], [120.17378557277348, 30.223571700644737], [120.17435307377171, 30.223646033391688], [120.17432786150218, 30.22378879033484], [120.1737603604852, 30.223714457553363]]]}}, {"type": "Feature", "properties": {"osm_id": 516753069, "name": "交通警察", "kind": "building"}, "geometry": {"type": "Polygon", "coordinates": [[[120.17379613838003, 30.223540078633633], [120.1738785477821, 30.22302698969387], [120.17453508450299, 30.223141556652966], [120.17450747766604, 30.22326321671755], [120.17433748613269, 30.2232345361058], [120.17427649191454, 30.2235028687864], [120.1740546553812, 30.223465385473567], [120.17403681813343, 30.22357462627422], [120.17379613838003, 30.223540078633633]]]}}, {"type": "Feature", "properties": {"osm_id": 516753075, "name": "民居", "kind": "building"}, "geometry": {"type": "Polygon", "coordinates": [[[120.174176315815, 30.22138912195217], [120.17420043381861, 30.22127546914042], [120.17426194915788, 30.22127775305482], [120.174276495931, 30.22116421833964], [120.17439414299916, 30.221171496491007], [120.17439445073038, 30.22127480248695], [120.17458159212579, 30.221320251703247], [120.17473255225673, 30.221485376894567], [120.174176315815, 30.22138912195217]]]}}, {"type": "Feature", "properties": {"osm_id": 516755139, "name": "世纪联华", "kind": "building"}, "geometry": {"type": "Polygon", "coordinates": [[[120.16858242494334, 30.21362616105117], [120.16885519515262, 30.21343564042581], [120.16920828066726, 30.213907808420966], [120.17021909809297, 30.21437414285234], [120.16978063990398, 30.214736586464802], [120.16858242494334, 30.21362616105117]]]}}, {"type": "Feature", "properties": {"osm_id": 516789144, "name": "秋江雅苑", "kind": "building"}, "geometry": {"type": "Polygon", "coordinates": [[[120.17434770338112, 30.21903304950421], [120.17434457298874, 30.21855802585183], [120.17465155028324, 30.21855594555836], [120.1748638069264, 30.218491140302337], [120.17492732916517, 30.218648229970825], [120.17467559219982, 30.218725110629215], [120.17467761174142, 30.219030825856034], [120.17434770338112, 30.21903304950421]]]}}, {"type": "Feature", "properties": {"osm_id": 517067477, "name": "杭州市紫阳派出所", "kind": "building"}, "geometry": {"type": "Polygon", "coordinates": [[[120.17568038757324, 30.220103997091734], [120.17568116794902, 30.219897682627632], [120.17585364950823, 30.219897856420634], [120.17585286913139, 30.220104170884916], [120.17568038757324, 30.220103997091734]]]}}, {"type": "Feature", "properties": {"osm_id": 517711618, "name": "杭州市上城区人民法院", "kind": "building"}, "geometry": {"type": "Polygon", "coordinates": [[[120.17313699809566, 30.21494818587106], [120.1734654689189, 30.214438335376336], [120.17423488855036, 30.214809704385896], [120.17390651788615, 30.215319655376405], [120.17313699809566, 30.21494818587106]]]}}, {"type": "Feature", "properties": {"osm_id": 517804258, "name": "凤山路民居", "kind": "building"}, "geometry": {"type": "Polygon", "coordinates": [[[120.1730310973268, 30.22068963980688], [120.173111109437, 30.220121452937672], [120.17306026057642, 30.220102947716267], [120.17308497206743, 30.21993229034595], [120.17326513265347, 30.21995155157666], [120.17324072008962, 30.22012000825804], [120.1732689356076, 30.220123055198606], [120.17318683098192, 30.22070524693863], [120.1730310973268, 30.22068963980688]]]}}, {"type": "Feature", "properties": {"osm_id": 517804292, "name": "南星桥火车站", "kind": "building"}, "geometry": {"type": "Polygon", "coordinates": [[[120.17108749297499, 30.216698852448957], [120.17132646483041, 30.216555394358], [120.17149148753383, 30.21676229654455], [120.17241750737361, 30.21792372393846], [120.17217853645249, 30.21806708312569], [120.17108749297499, 30.216698852448957]]]}}, {"type": "Feature", "properties": {"osm_id": 517804293, "name": "民居", "kind": "building"}, "geometry": {"type": "Polygon", "coordinates": [[[120.17203508215617, 30.217057391247515], [120.17271222469391, 30.216753296442295], [120.17284554322443, 30.216976958674998], [120.172685529594, 30.217048764847608], [120.17272860634966, 30.21712108804412], [120.17258324813498, 30.21718636613473], [120.17264457268462, 30.217289156812715], [120.172272702697, 30.21745616804051], [120.17203508215617, 30.217057391247515]]]}}, {"type": "Feature", "properties": {"osm_id": 517804294, "name": "民居", "kind": "building"}, "geometry": {"type": "Polygon", "coordinates": [[[120.17148988795145, 30.21671009636775], [120.17157442867894, 30.216640633053515], [120.17217638183817, 30.21614586949487], [120.17237549965587, 30.21632800534475], [120.17214420956317, 30.216518052739893], [120.172457692952, 30.216804579467304], [120.1723319788684, 30.216907922727284], [120.17202178572798, 30.216624289827582], [120.17193196134491, 30.216698063498015], [120.1721508216039, 30.21689826348642], [120.17191115704604, 30.217095226956385], [120.17148988795145, 30.21671009636775]]]}}, {"type": "Feature", "properties": {"osm_id": 518050854, "name": "复兴路", "kind": "building"}, "geometry": {"type": "Polygon", "coordinates": [[[120.16335191798738, 30.210105312915932], [120.16306674158642, 30.209949123276907], [120.1631074175486, 30.209892646032838], [120.1628301182264, 30.209747942010875], [120.16286281884794, 30.209705480169664], [120.16319136972407, 30.20987409215228], [120.16322606944588, 30.2098923300073], [120.16320932069426, 30.209917361937958], [120.16317362391621, 30.209899425908993], [120.16314231938489, 30.20994268536854], [120.1640082143771, 30.21040853200097], [120.16406145166796, 30.210336930496343], [120.16437165239579, 30.21050737223447], [120.16434393704343, 30.2105428250641], [120.16407930431676, 30.210398801380926], [120.16405398178512, 30.210433649716254], [120.16517243354353, 30.211032931855637], [120.16505818548069, 30.21120445195836], [120.16325162417583, 30.210245803693937], [120.16335191798738, 30.210105312915932]]]}}, {"type": "Feature", "properties": {"osm_id": 518483120, "name": "大资福庙", "kind": "building"}, "geometry": {"type": "Polygon", "coordinates": [[[120.15887706546712, 30.209365509316193], [120.15904357111049, 30.209183804473614], [120.1594081418321, 30.209434572501195], [120.15934114117776, 30.209507695557964], [120.15933585913358, 30.209540106773318], [120.1592985700532, 30.20958087523727], [120.1590668241919, 30.209421576813956], [120.15902494857404, 30.209467253533727], [120.15887706546712, 30.209365509316193]]]}}, {"type": "Feature", "properties": {"osm_id": 518483123, "name": "上城区国家税务局", "kind": "building"}, "geometry": {"type": "Polygon", "coordinates": [[[120.1584607435903, 30.20915393202157], [120.1585904518994, 30.208923790343402], [120.15866643637251, 30.208955858105362], [120.15853672822547, 30.209186099933266], [120.1584607435903, 30.20915393202157]]]}}, {"type": "Feature", "properties": {"osm_id": 518483124, "name": "上城区国家税务局", "kind": "building"}, "geometry": {"type": "Polygon", "coordinates": [[[120.15781158576542, 30.208950461147666], [120.15782693316676, 30.208846928395772], [120.15825471255195, 30.208894079991346], [120.15825899782702, 30.20886507081354], [120.15837975272674, 30.208878359061345], [120.15836769411655, 30.20895918486394], [120.15849393311922, 30.208973063292863], [120.1584607435903, 30.20915393202157], [120.15829611400656, 30.209133120695245], [120.15830159522686, 30.209096708987204], [120.15821893139452, 30.209087653874697], [120.15822501049546, 30.20904634084474], [120.15801451140375, 30.2090232093603], [120.158009222248, 30.20897221575748], [120.15781158576542, 30.208950461147666]]]}}, {"type": "Feature", "properties": {"osm_id": 518483125, "name": "情诗酒店", "kind": "building"}, "geometry": {"type": "Polygon", "coordinates": [[[120.15654597217517, 30.20873065443771], [120.15658146151429, 30.208612586261385], [120.15729005945853, 30.208771462906043], [120.15725457054714, 30.208889531481848], [120.15654597217517, 30.20873065443771]]]}}, {"type": "Feature", "properties": {"osm_id": 518483148, "name": "栖云寺", "kind": "building"}, "geometry": {"type": "Polygon", "coordinates": [[[120.15899840604557, 30.21636850646975], [120.15925554623713, 30.21613953713014], [120.15942247681507, 30.216280249526616], [120.15916543698233, 30.2165092192961], [120.15899840604557, 30.21636850646975]]]}}, {"type": "Feature", "properties": {"osm_id": 518532383, "name": "梵天寺遗址", "kind": "building"}, "geometry": {"type": "Polygon", "coordinates": [[[120.1666528779036, 30.217330973149636], [120.1667010188241, 30.21713847214401], [120.16706205342523, 30.217221307674745], [120.16701121986407, 30.217404513249086], [120.1666528779036, 30.217330973149636]]]}}, {"type": "Feature", "properties": {"osm_id": 518703665, "name": "体育馆I", "kind": "building"}, "geometry": {"type": "Polygon", "coordinates": [[[120.18607858376353, 30.171863933272693], [120.18606861843244, 30.171926654151054], [120.18607360981406, 30.172000247693145], [120.1860960489177, 30.172065108532145], [120.18613842911303, 30.172129932382788], [120.18620084797038, 30.172168718090223], [120.18626077244032, 30.17218600763159], [120.18637802588107, 30.172181390109834], [120.18646536539833, 30.17214882703965], [120.18651022815045, 30.172090341706767], [120.18653016355856, 30.172021002140312], [120.18653583907643, 30.171928088089075], [120.18652765614888, 30.171843200012603], [120.1865052171683, 30.17178093920415], [120.18645785261485, 30.17172912497207], [120.18636552189041, 30.17169029457894], [120.1862531540259, 30.17169480304824], [120.18618834634044, 30.17170582364583], [120.18613839659103, 30.171738317528625], [120.1860985196359, 30.171801193897196], [120.18607858376353, 30.171863933272693]]]}}, {"type": "Feature", "properties": {"osm_id": 518703666, "name": "食堂", "kind": "building"}, "geometry": {"type": "Polygon", "coordinates": [[[120.185105527729, 30.17143852604325], [120.18530553464984, 30.171432053437407], [120.18530453556772, 30.171407554369356], [120.1855066366319, 30.171400978140742], [120.1855475172288, 30.171420102847144], [120.18559906444216, 30.1714172069024], [120.18564173703832, 30.17140352706329], [120.18567802799807, 30.171383458855225], [120.18569637223635, 30.171365524086557], [120.18571351866323, 30.1713312909298], [120.18572617707748, 30.17128156552911], [120.18571949442143, 30.17125247684696], [120.1857075273982, 30.171223397985234], [120.18568878014332, 30.171190831593083], [120.18564331174385, 30.171155814774725], [120.18559246081605, 30.171139108668758], [120.18552974637511, 30.171138625252897], [120.18546713399185, 30.17116604272798], [120.1854192784912, 30.171199933022987], [120.1853631448509, 30.17120173752534], [120.1853607471275, 30.171143839801356], [120.1850938385414, 30.17115253700383], [120.185105527729, 30.17143852604325]]]}}, {"type": "Feature", "properties": {"osm_id": 519376456, "name": "杭州市文物考古研究所", "kind": "building"}, "geometry": {"type": "Polygon", "coordinates": [[[120.16640405583723, 30.223753340136085], [120.16641162766008, 30.223685321692265], [120.16667464891123, 30.22370673600914], [120.16667713968461, 30.223684929974016], [120.16672858729207, 30.22368913490925], [120.16671862442014, 30.223778959224443], [120.16640405583723, 30.223753340136085]]]}}, {"type": "Feature", "properties": {"osm_id": 519606296, "name": "空山美术馆", "kind": "building"}, "geometry": {"type": "Polygon", "coordinates": [[[120.16647271008883, 30.220872327822036], [120.16643908855113, 30.220618974006868], [120.1665994114498, 30.220602676109284], [120.1666331326451, 30.22085602969457], [120.16647271008883, 30.220872327822036]]]}}, {"type": "Feature", "properties": {"osm_id": 519606362, "name": "杭州市气象局", "kind": "building"}, "geometry": {"type": "Polygon", "coordinates": [[[120.16907670913062, 30.22386257457785], [120.1690973361325, 30.223726727160205], [120.16924888494907, 30.223743744867868], [120.1692437032569, 30.223777456756785], [120.16967282498312, 30.22382565672692], [120.1696572800263, 30.223927792502504], [120.16907670913062, 30.22386257457785]]]}}, {"type": "Feature", "properties": {"osm_id": 519606365, "name": "杭州市气象局", "kind": "building"}, "geometry": {"type": "Polygon", "coordinates": [[[120.16890420884563, 30.22368058511162], [120.16914635005381, 30.223253704770155], [120.1692484487507, 30.223297016637527], [120.16900630769989, 30.223723997143164], [120.16890420884563, 30.22368058511162]]]}}, {"type": "Feature", "properties": {"osm_id": 519606391, "name": "凤山门", "kind": "building"}, "geometry": {"type": "Polygon", "coordinates": [[[120.16979177151805, 30.227425472531365], [120.16975497293413, 30.22732283455799], [120.17009903655749, 30.227235783853246], [120.17013005257745, 30.227340832761108], [120.16979177151805, 30.227425472531365]]]}}, {"type": "Feature", "properties": {"osm_id": 520322740, "name": "杭州水灵山庄", "kind": "building"}, "geometry": {"type": "Polygon", "coordinates": [[[120.16952429004331, 30.22288547381254], [120.1695641587264, 30.222740589812776], [120.16995719034493, 30.22282095872294], [120.17001888692613, 30.2225960285532], [120.16975566958352, 30.222542218358175], [120.16978766413773, 30.222425650912086], [120.1702199784214, 30.2225140461782], [120.17008651854641, 30.223000427872904], [120.16952429004331, 30.22288547381254]]]}}, {"type": "Feature", "properties": {"osm_id": 520322743, "name": "国家基准气候站", "kind": "building"}, "geometry": {"type": "Polygon", "coordinates": [[[120.169308369545, 30.223294504383936], [120.16938461685552, 30.222997942505984], [120.17010248211598, 30.22313540667991], [120.17004537159103, 30.22335732815509], [120.16944057010953, 30.223241453569283], [120.16942133386273, 30.22331619441918], [120.169308369545, 30.223294504383936]]]}}, {"type": "Feature", "properties": {"osm_id": 520937294, "name": "杭州卷烟厂宿舍", "kind": "building"}, "geometry": {"type": "Polygon", "coordinates": [[[120.16560241597125, 30.227143145395633], [120.1655275235621, 30.226976372276823], [120.16586989907945, 30.226846031908764], [120.1659592476659, 30.227003777487596], [120.16560241597125, 30.227143145395633]]]}}, {"type": "Feature", "properties": {"osm_id": 520937295, "name": "杭州卷烟厂宿舍", "kind": "building"}, "geometry": {"type": "Polygon", "coordinates": [[[120.16550079719042, 30.226911617196983], [120.16543657586863, 30.22677722654152], [120.16572541253642, 30.226674787120917], [120.16580568575503, 30.226804447663056], [120.16550079719042, 30.226911617196983]]]}}, {"type": "Feature", "properties": {"osm_id": 520937296, "name": "缘外缘1栋", "kind": "building"}, "geometry": {"type": "Polygon", "coordinates": [[[120.16545946717196, 30.22747923152081], [120.1653651258333, 30.227236989022334], [120.16553561730176, 30.22718677148542], [120.16562995848892, 30.22742901383555], [120.16545946717196, 30.22747923152081]]]}}, {"type": "Feature", "properties": {"osm_id": 520937297, "name": "缘外缘2栋", "kind": "building"}, "geometry": {"type": "Polygon", "coordinates": [[[120.16528627397695, 30.227415346236903], [120.16538587629455, 30.227377660265095], [120.16528654838825, 30.227120625907745], [120.16532503354597, 30.227108054196943], [120.16526819057269, 30.226976850055323], [120.16542053636843, 30.22693256650395], [120.16536977869593, 30.22683995380123], [120.16508064152565, 30.226937392538833], [120.16528627397695, 30.227415346236903]]]}}, {"type": "Feature", "properties": {"osm_id": 521018531, "name": "杭州卷烟厂职工之家", "kind": "building"}, "geometry": {"type": "Polygon", "coordinates": [[[120.16968558661546, 30.228588250187325], [120.16965047851546, 30.22843270535652], [120.16982635013869, 30.22840257386486], [120.16986155790615, 30.228558118472776], [120.16968558661546, 30.228588250187325]]]}}, {"type": "Feature", "properties": {"osm_id": 521018532, "name": "南宋御街遗址陈列馆", "kind": "building"}, "geometry": {"type": "Polygon", "coordinates": [[[120.16950762480562, 30.22985357003939], [120.16952635938881, 30.229741327244106], [120.17021899276781, 30.229798933278595], [120.17020026068721, 30.229940278147406], [120.16950762480562, 30.22985357003939]]]}}, {"type": "Feature", "properties": {"osm_id": 521018533, "name": "御道遗址", "kind": "building"}, "geometry": {"type": "Polygon", "coordinates": [[[120.16992555071704, 30.229561167124825], [120.16989772393354, 30.229441911090177], [120.17014378419947, 30.229398446820746], [120.17017161094667, 30.229517702816928], [120.16992555071704, 30.229561167124825]]]}}, {"type": "Feature", "properties": {"osm_id": 521052932, "name": "闸口行知幼儿园", "kind": "building"}, "geometry": {"type": "Polygon", "coordinates": [[[120.1676342419887, 30.209958514338275], [120.16765296893557, 30.209752167715934], [120.16772246190251, 30.209749738286753], [120.16775984420032, 30.209673164355596], [120.16774917285326, 30.209636082100396], [120.16775186134919, 30.209594374720464], [120.16777857986108, 30.209571123671935], [120.16781337568762, 30.209564158511707], [120.16785345770445, 30.20958028481756], [120.16788287206418, 30.20960343137438], [120.16792833705588, 30.20960794697585], [120.16800053136603, 30.209719018853818], [120.16799256541064, 30.20984194070794], [120.16802736214626, 30.209846476150666], [120.16800862981596, 30.209987919129215], [120.16784013162678, 30.20998823291229], [120.16784282147692, 30.209962726446264], [120.1676342419887, 30.209958514338275]]]}}, {"type": "Feature", "properties": {"osm_id": 521849544, "name": "二干宿舍", "kind": "building"}, "geometry": {"type": "Polygon", "coordinates": [[[120.16688521076401, 30.22950433337538], [120.16689467192504, 30.229376607068044], [120.16753885951222, 30.229411213179223], [120.16752939839628, 30.229538939534677], [120.16688521076401, 30.22950433337538]]]}}, {"type": "Feature", "properties": {"osm_id": 522129092, "name": "吴山新村21-25号", "kind": "building"}, "geometry": {"type": "Polygon", "coordinates": [[[120.16803129169652, 30.234153828889273], [120.16800875023846, 30.234051263546004], [120.16880406745412, 30.233918370588146], [120.16882670850107, 30.23402103562831], [120.16803129169652, 30.234153828889273]]]}}, {"type": "Feature", "properties": {"osm_id": 522129094, "name": "吴山新村43-46号", "kind": "building"}, "geometry": {"type": "Polygon", "coordinates": [[[120.16798694863375, 30.234449332644218], [120.16796590267968, 30.234346364461196], [120.16866261643358, 30.23423825758817], [120.16868366227818, 30.234341125661572], [120.16798694863375, 30.234449332644218]]]}}, {"type": "Feature", "properties": {"osm_id": 522129095, "name": "吴山新村47-50号", "kind": "building"}, "geometry": {"type": "Polygon", "coordinates": [[[120.16799444369632, 30.23465633353963], [120.16797539162683, 30.23455126147993], [120.16875774979381, 30.234443494656556], [120.16877680176097, 30.23454856661272], [120.16799444369632, 30.23465633353963]]]}}, {"type": "Feature", "properties": {"osm_id": 522129096, "name": "吴山新村51-55号", "kind": "building"}, "geometry": {"type": "Polygon", "coordinates": [[[120.16804641075522, 30.234916855473973], [120.16802097648234, 30.234797194242912], [120.16902596524592, 30.234635407315636], [120.16905129964543, 30.234755068558744], [120.16804641075522, 30.234916855473973]]]}}, {"type": "Feature", "properties": {"osm_id": 522168353, "name": "滨江区国土局", "kind": "building"}, "geometry": {"type": "Polygon", "coordinates": [[[120.21523160602509, 30.20756750872737], [120.21534014103928, 30.207417955705033], [120.21537087089678, 30.207433915694022], [120.21538044776437, 30.2074234023653], [120.21576696906409, 30.20763420197583], [120.21575559679836, 30.20765161796109], [120.21576427713826, 30.20765660678228], [120.21585467260735, 30.207709290532616], [120.21586953931016, 30.20772177164915], [120.21588370756642, 30.207733453646657], [120.21589927397304, 30.20776173473923], [120.21589927773788, 30.20780743729486], [120.21587284208867, 30.207847774359188], [120.21583084109567, 30.20787213105995], [120.21578275222649, 30.207872194478607], [120.21573615891589, 30.207859455267613], [120.21569265740438, 30.207833211272103], [120.21565105195103, 30.207811665083515], [120.21565873305597, 30.207798254170935], [120.21523160602509, 30.20756750872737]]]}}, {"type": "Feature", "properties": {"osm_id": 522168354, "name": "沃尔沃大厦", "kind": "building"}, "geometry": {"type": "Polygon", "coordinates": [[[120.21818447401627, 30.208823459538372], [120.21827147458642, 30.20875814702045], [120.21822008555304, 30.208714308793606], [120.21827066818179, 30.208658742407998], [120.21814494083105, 30.20856359436893], [120.21799077865988, 30.208480683225755], [120.2179229280616, 30.20844976687698], [120.21785028904488, 30.208427157169083], [120.21771808312609, 30.208393622319612], [120.21768994522084, 30.208379557143004], [120.21775618920618, 30.208293068457195], [120.2178145500333, 30.208194489172687], [120.21817894100604, 30.208273735435014], [120.21822293043995, 30.208123271913625], [120.21826293512676, 30.208049217730697], [120.21833356894811, 30.207942423526955], [120.21836269512627, 30.20783358109146], [120.21835790013102, 30.207764883221525], [120.21827269576121, 30.207835793557084], [120.2182306942519, 30.207894549359423], [120.21819807338714, 30.207971694503506], [120.21816664258262, 30.207960133210044], [120.21815277172078, 30.207937949342256], [120.21810517744191, 30.207930808608506], [120.21807594529506, 30.207961347001383], [120.21807435085654, 30.207985550361265], [120.21802695827473, 30.208002910856084], [120.21798894241738, 30.20799165801464], [120.21793785637345, 30.207986322001105], [120.21789624682124, 30.207952472517103], [120.21788856182127, 30.207925480688807], [120.21785423703686, 30.207904222780147], [120.21784753887485, 30.20774442227397], [120.21781370718013, 30.2076522598162], [120.21774077189303, 30.20766355261557], [120.21770724392015, 30.207623292782728], [120.21764068843058, 30.207560573576103], [120.21763062031488, 30.207672392593967], [120.21764659225404, 30.20776787769382], [120.21768311621844, 30.20784203557795], [120.2177483770879, 30.207933558127408], [120.21776724225334, 30.208024939406883], [120.21771597512192, 30.208239216290828], [120.2176441472155, 30.20836721446523], [120.21761132057094, 30.208360855728937], [120.2175901708992, 30.208393684411543], [120.21754966481991, 30.208426137666404], [120.21753470226177, 30.208471259218797], [120.21754767594551, 30.208506644733536], [120.21759267679401, 30.208533489116974], [120.21763957110566, 30.208531929554635], [120.21766311690776, 30.2085170988789], [120.21769035638683, 30.2085260648849], [120.21768028110725, 30.208551079055127], [120.21776738687275, 30.208569569892276], [120.21788053651682, 30.208612629488414], [120.21797403101623, 30.208660814462203], [120.21806513201281, 30.20871930327417], [120.21818447401627, 30.208823459538372]]]}}, {"type": "Feature", "properties": {"osm_id": 522219255, "name": "吴山新村41/42号", "kind": "building"}, "geometry": {"type": "Polygon", "coordinates": [[[120.16884389726854, 30.234498137672073], [120.16883092713071, 30.234392754344334], [120.16888147585162, 30.234388059577597], [120.16886541285811, 30.234257780255795], [120.16896162487447, 30.234248699838133], [120.16899065798357, 30.234484362465214], [120.16884389726854, 30.234498137672073]]]}}, {"type": "Feature", "properties": {"osm_id": 522531342, "name": "察院前巷6号", "kind": "building"}, "geometry": {"type": "Polygon", "coordinates": [[[120.16948213903804, 30.23387979996932], [120.16946228674115, 30.23374132725374], [120.16983048260276, 30.233701034868204], [120.16985033485777, 30.233839507540484], [120.16948213903804, 30.23387979996932]]]}}, {"type": "Feature", "properties": {"osm_id": 522531343, "name": "察院前巷32号", "kind": "building"}, "geometry": {"type": "Polygon", "coordinates": [[[120.16945051394, 30.233646242515185], [120.16943574666091, 30.233510360483887], [120.1697776222819, 30.233481918310392], [120.16979228982972, 30.233617800498447], [120.16945051394, 30.233646242515185]]]}}, {"type": "Feature", "properties": {"osm_id": 522531344, "name": "察院前巷7号", "kind": "building"}, "geometry": {"type": "Polygon", "coordinates": [[[120.169521837856, 30.234087840514068], [120.16950268420617, 30.23395806709816], [120.1698771610456, 30.2339159627267], [120.16989621495289, 30.234045736287225], [120.169521837856, 30.234087840514068]]]}}, {"type": "Feature", "properties": {"osm_id": 522531345, "name": "察院前巷33号", "kind": "building"}, "geometry": {"type": "Polygon", "coordinates": [[[120.16943245105142, 30.233445362030547], [120.16941110246435, 30.233297891508382], [120.1697637450559, 30.23325892846865], [120.16978509359946, 30.233406398945878], [120.16943245105142, 30.233445362030547]]]}}, {"type": "Feature", "properties": {"osm_id": 522531346, "name": "勤远里16-19号", "kind": "building"}, "geometry": {"type": "Polygon", "coordinates": [[[120.16945415040229, 30.234209875939396], [120.16905544729578, 30.234279226666782], [120.16913862931236, 30.234641597138594], [120.16954869808602, 30.23457032478893], [120.16951877656659, 30.23443987144551], [120.16927460975143, 30.234482331397455], [120.16925486151982, 30.234396262166435], [120.16948756279257, 30.234355723843482], [120.16945415040229, 30.234209875939396]]]}}, {"type": "Feature", "properties": {"osm_id": 523258846, "name": "一幢", "kind": "building"}, "geometry": {"type": "Polygon", "coordinates": [[[120.2080286793262, 30.201530760798313], [120.20805350398756, 30.201383415449378], [120.208115846131, 30.20139122149661], [120.20812541708841, 30.201334204022015], [120.20830925226903, 30.201357227534242], [120.20829898338921, 30.201418546248025], [120.20837618843608, 30.2014282303473], [120.20835216116772, 30.20157117408135], [120.2080286793262, 30.201530760798313]]]}}, {"type": "Feature", "properties": {"osm_id": 523258847, "name": "二幢", "kind": "building"}, "geometry": {"type": "Polygon", "coordinates": [[[120.20754808592484, 30.2012990793163], [120.20757281050774, 30.201151633861], [120.20763515183808, 30.201159439224423], [120.20764472267811, 30.201102521657184], [120.20782865519014, 30.201125442988985], [120.20781828670009, 30.201186761959892], [120.2078955904792, 30.201196445055135], [120.2078715635365, 30.20133948904183], [120.20754808592484, 30.2012990793163]]]}}, {"type": "Feature", "properties": {"osm_id": 523258848, "name": "三幢", "kind": "building"}, "geometry": {"type": "Polygon", "coordinates": [[[120.20703567922311, 30.201051651166253], [120.2070604034652, 30.20090420544598], [120.20712274394016, 30.200912010090303], [120.20713231464799, 30.200855092420227], [120.20731624462732, 30.200878011622635], [120.2073058762812, 30.200939330705594], [120.20738317899243, 30.20094901290294], [120.20735915237553, 30.201091957144392], [120.20703567922311, 30.201051651166253]]]}}, {"type": "Feature", "properties": {"osm_id": 523258849, "name": "四幢", "kind": "building"}, "geometry": {"type": "Polygon", "coordinates": [[[120.2065512073223, 30.200804185653073], [120.20657593124648, 30.200656739687037], [120.20663827092359, 30.200664543660793], [120.20664784149982, 30.200607525890128], [120.20683176912486, 30.20063054311191], [120.20682150065602, 30.200691862145], [120.20689870262807, 30.20070154365874], [120.20687467632281, 30.200844488141417], [120.2065512073223, 30.200804185653073]]]}}, {"type": "Feature", "properties": {"osm_id": 523258850, "name": "五幢", "kind": "building"}, "geometry": {"type": "Polygon", "coordinates": [[[120.20601318100032, 30.200560809062136], [120.20603800431729, 30.200413362669412], [120.20610034312094, 30.200421165909518], [120.20610991357039, 30.200364248038834], [120.20629373885889, 30.20038716323757], [120.20628347053571, 30.200448482384186], [120.2063606714182, 30.200458162982578], [120.20633664546257, 30.200601207736618], [120.20601318100032, 30.200560809062136]]]}}, {"type": "Feature", "properties": {"osm_id": 523258874, "name": "海康威视3期", "kind": "building"}, "geometry": {"type": "Polygon", "coordinates": [[[120.20988418298467, 30.203661503359765], [120.20991769190435, 30.203569749139714], [120.2100022835421, 30.203597126305127], [120.21003948430094, 30.203516367355878], [120.21019430300132, 30.20355854270502], [120.21016119274954, 30.203649396068286], [120.21023979933797, 30.20367078216469], [120.21021067822012, 30.20375052906117], [120.20988418298467, 30.203661503359765]]]}}, {"type": "Feature", "properties": {"osm_id": 523258887, "name": "行政楼 1号楼", "kind": "building"}, "geometry": {"type": "Polygon", "coordinates": [[[120.2127497256367, 30.199589873879287], [120.21277205952079, 30.19944023490478], [120.21180558896253, 30.199313392761088], [120.21179133634418, 30.199466620948776], [120.21241073992535, 30.19954824776801], [120.2127497256367, 30.199589873879287]]]}}, {"type": "Feature", "properties": {"osm_id": 523258888, "name": "2", "kind": "building"}, "geometry": {"type": "Polygon", "coordinates": [[[120.21243510130985, 30.19979352612501], [120.21245384533785, 30.199664293060373], [120.21239189452263, 30.199657579960586], [120.2118440189571, 30.19959865275396], [120.21182527529169, 30.199728086114064], [120.21193052017207, 30.19974013706181], [120.21239509772634, 30.19979008229291], [120.21243510130985, 30.19979352612501]]]}}, {"type": "Feature", "properties": {"osm_id": 523258889, "name": "3", "kind": "building"}, "geometry": {"type": "Polygon", "coordinates": [[[120.21242485294496, 30.200118657394444], [120.21244359696682, 30.199989424302636], [120.21236777958588, 30.199981230686888], [120.2119007086237, 30.199932989405664], [120.2118352672759, 30.199925482101346], [120.21181542617282, 30.20005351697795], [120.21187697687543, 30.20006012973667], [120.2123343709668, 30.200108984420563], [120.21238255483239, 30.200114116749067], [120.21242485294496, 30.200118657394444]]]}}, {"type": "Feature", "properties": {"osm_id": 523258890, "name": "4", "kind": "building"}, "geometry": {"type": "Polygon", "coordinates": [[[120.21240233330101, 30.20043230541147], [120.21242307190985, 30.200296069114323], [120.21235583393569, 30.200289263510896], [120.21184716385844, 30.200234581199847], [120.21179299529207, 30.200228758012713], [120.2117742516395, 30.200357991429748], [120.2123661205219, 30.20042805622541], [120.21240233330101, 30.20043230541147]]]}}, {"type": "Feature", "properties": {"osm_id": 523258894, "name": "5", "kind": "building"}, "geometry": {"type": "Polygon", "coordinates": [[[120.21281309183084, 30.201026059869005], [120.21285257691734, 30.200784392038855], [120.21231826059805, 30.200721839037577], [120.21186445836494, 30.200677479649634], [120.21185209198062, 30.200719999461572], [120.21178016629712, 30.20070970132588], [120.21178137426436, 30.200841706498952], [120.21205481098394, 30.200863619051525], [120.21229752349849, 30.200875576333736], [120.21239439007516, 30.200886940318163], [120.21237923469216, 30.200983366719846], [120.21281309183084, 30.201026059869005]]]}}, {"type": "Feature", "properties": {"osm_id": 523258897, "name": "6", "kind": "building"}, "geometry": {"type": "Polygon", "coordinates": [[[120.21232388893316, 30.20122955766602], [120.21234692229469, 30.20109761825838], [120.21226591751143, 30.20108713203062], [120.2117327074354, 30.201017885074503], [120.21170947497083, 30.201149625108258], [120.21184674194362, 30.201166930454878], [120.21227899712459, 30.201223720721067], [120.21232388893316, 30.20122955766602]]]}}, {"type": "Feature", "properties": {"osm_id": 523258898, "name": "7", "kind": "building"}, "geometry": {"type": "Polygon", "coordinates": [[[120.21230027126687, 30.2015341069976], [120.21231572487464, 30.201425379469505], [120.21224569383794, 30.20141797796073], [120.21181084672816, 30.201377192584612], [120.21169472852641, 30.201362457314985], [120.21167658154029, 30.20146828877387], [120.212259170432, 30.201529764802437], [120.21230027126687, 30.2015341069976]]]}}, {"type": "Feature", "properties": {"osm_id": 523258902, "name": "江南体育中心", "kind": "building"}, "geometry": {"type": "Polygon", "coordinates": [[[120.21276761294865, 30.202377894757316], [120.21280768489805, 30.201995018413516], [120.2136451890192, 30.20209006131992], [120.2135388862249, 30.20262363613008], [120.21325915064423, 30.202582920872057], [120.21326921401925, 30.202430898837726], [120.21276761294865, 30.202377894757316]]]}}, {"type": "Feature", "properties": {"osm_id": 523582972, "name": "浙江省体育彩票管理中心", "kind": "building"}, "geometry": {"type": "Polygon", "coordinates": [[[120.15708346921325, 30.20546243909638], [120.15719115070938, 30.205321543793858], [120.15767200226462, 30.205597218960687], [120.15756442133822, 30.205738014886997], [120.15708346921325, 30.20546243909638]]]}}, {"type": "Feature", "properties": {"osm_id": 523582993, "name": "杭州消防上城大队复兴中队", "kind": "building"}, "geometry": {"type": "Polygon", "coordinates": [[[120.15812187914266, 30.205165306445775], [120.15819137187422, 30.20506777900257], [120.15890555206911, 30.205428139511294], [120.15906061640646, 30.20555307200371], [120.159015152538, 30.205615755904077], [120.15812187914266, 30.205165306445775]]]}}, {"type": "Feature", "properties": {"osm_id": 523817402, "name": "杭州市容环境卫生监督所", "kind": "building"}, "geometry": {"type": "Polygon", "coordinates": [[[120.1631557025341, 30.207830341511308], [120.16325928771175, 30.207700645631213], [120.16371168174301, 30.207971635699113], [120.16360799738402, 30.208101332268036], [120.1631557025341, 30.207830341511308]]]}}, {"type": "Feature", "properties": {"osm_id": 523817407, "name": "上城区司法局南星司法所", "kind": "building"}, "geometry": {"type": "Polygon", "coordinates": [[[120.16190410848729, 30.207162574069454], [120.16201237996837, 30.207014170164744], [120.16261564418919, 30.207344495929696], [120.16250727379348, 30.207492800776286], [120.16190410848729, 30.207162574069454]]]}}, {"type": "Feature", "properties": {"osm_id": 524696292, "name": "水澄大厦", "kind": "building"}, "geometry": {"type": "Polygon", "coordinates": [[[120.1562393533234, 30.204124630854256], [120.15635610763962, 30.20394761943575], [120.15696520352935, 30.204248678989423], [120.15684845044638, 30.20442569155368], [120.1562393533234, 30.204124630854256]]]}}, {"type": "Feature", "properties": {"osm_id": 524696293, "name": "水澄大厦", "kind": "building"}, "geometry": {"type": "Polygon", "coordinates": [[[120.15641722975586, 30.203892710707393], [120.15673668054168, 30.203386629768], [120.15689703119554, 30.203462455253838], [120.15678865372594, 30.20363415278756], [120.15720847595668, 30.203832632919234], [120.1569974050483, 30.20416711856134], [120.15641722975586, 30.203892710707393]]]}}, {"type": "Feature", "properties": {"osm_id": 524696317, "name": "光达美术馆", "kind": "building"}, "geometry": {"type": "Polygon", "coordinates": [[[120.1451265725165, 30.20579006653255], [120.14516546538869, 30.20571090366738], [120.14548714313074, 30.20582932467742], [120.14551556459918, 30.205771778510474], [120.14567535500488, 30.205830739556866], [120.14570886224905, 30.205762884976053], [120.14600819287695, 30.205873435490957], [120.14604628598754, 30.205783272423176], [120.14626122676565, 30.20580254487246], [120.14608521554086, 30.206150633155058], [120.14589859594025, 30.206082514009335], [120.14593998104561, 30.205997746309677], [120.14584392804429, 30.205962590636503], [120.14581500824758, 30.206021637871594], [120.1456364665676, 30.205956205436582], [120.14567077158048, 30.205886049545303], [120.14554010656984, 30.205838044985168], [120.14549682622354, 30.205926215339545], [120.1451265725165, 30.20579006653255]]]}}, {"type": "Feature", "properties": {"osm_id": 525082431, "name": "工业遗迹", "kind": "building"}, "geometry": {"type": "Polygon", "coordinates": [[[120.14600214266461, 30.20035865047906], [120.14607583084029, 30.200124525888505], [120.14621786309668, 30.200157910493743], [120.14620509984965, 30.20019853212748], [120.14650970947977, 30.200270068684453], [120.14649584951405, 30.200314392284778], [120.14678180544907, 30.20038155536155], [120.1467448124895, 30.200499118545515], [120.14646683554845, 30.20043374305683], [120.14643203594852, 30.20054420223801], [120.14612902156453, 30.200472962696473], [120.14615375039762, 30.200394220809038], [120.14600214266461, 30.20035865047906]]]}}, {"type": "Feature", "properties": {"osm_id": 525082432, "name": "工业遗迹", "kind": "building"}, "geometry": {"type": "Polygon", "coordinates": [[[120.14686041032127, 30.200515740938386], [120.14694068773574, 30.200378809707928], [120.14744897184511, 30.200663235205678], [120.14740888832101, 30.200788404179615], [120.14730456183443, 30.200765465369376], [120.14730455850695, 30.200725963317023], [120.14695407876266, 30.20068950513689], [120.14699147119029, 30.200580441587043], [120.14686041032127, 30.200515740938386]]]}}, {"type": "Feature", "properties": {"osm_id": 525082443, "name": "工业遗迹", "kind": "building"}, "geometry": {"type": "Polygon", "coordinates": [[[120.13963537028069, 30.19930770103371], [120.13972552730002, 30.199016963267837], [120.14039969950039, 30.199173145310066], [120.14030954436531, 30.199463884774346], [120.13963537028069, 30.19930770103371]]]}}, {"type": "Feature", "properties": {"osm_id": 525171019, "name": "工业遗迹", "kind": "building"}, "geometry": {"type": "Polygon", "coordinates": [[[120.14341031689762, 30.20169689261493], [120.14358773612936, 30.201333313752283], [120.14488854722494, 30.201778508474], [120.14470574825931, 30.20214210119013], [120.14341031689762, 30.20169689261493]]]}}, {"type": "Feature", "properties": {"osm_id": 525171023, "name": "工业遗迹", "kind": "building"}, "geometry": {"type": "Polygon", "coordinates": [[[120.1441417113148, 30.201168688904957], [120.14433777324298, 30.20073487555693], [120.14533094545227, 30.20107080599147], [120.14529105609503, 30.20115907079304], [120.14526303378251, 30.20122091628742], [120.14523441311381, 30.201284162740045], [120.14519911093008, 30.201362120010007], [120.14516729906356, 30.201432571605345], [120.14514157032079, 30.201489513316616], [120.14513478910749, 30.201504624313316], [120.1441417113148, 30.201168688904957]]]}}, {"type": "Feature", "properties": {"osm_id": 525337111, "name": "F", "kind": "building"}, "geometry": {"type": "Polygon", "coordinates": [[[120.20273267012979, 30.156284410319884], [120.20286381218735, 30.15619939437005], [120.20301281062889, 30.15615875118861], [120.20313727884754, 30.15616424961985], [120.20323731590825, 30.156210389150882], [120.20331960143726, 30.156268057927655], [120.20321508569535, 30.156337629122625], [120.20309281663307, 30.15639562893737], [120.2029994666786, 30.156405380602617], [120.20291947914038, 30.156390109949612], [120.20283939154048, 30.15636903940239], [120.20273267012979, 30.156284410319884]]]}}, {"type": "Feature", "properties": {"osm_id": 525337112, "name": "E", "kind": "building"}, "geometry": {"type": "Polygon", "coordinates": [[[120.20291483517904, 30.155708896099213], [120.20304418713282, 30.155678885259576], [120.20316875502257, 30.155682483546304], [120.20328434910945, 30.155709297373683], [120.20338877515285, 30.15575923022133], [120.2034488211019, 30.155828535477138], [120.20349550490366, 30.155924863198205], [120.20346658357975, 30.15594611050713], [120.20334211708578, 30.155973312283944], [120.20322203591965, 30.15596000600403], [120.20314204715956, 30.155935034699365], [120.20306205680934, 30.155888962863024], [120.20297757588484, 30.155809997410913], [120.20291483517904, 30.155708896099213]]]}}, {"type": "Feature", "properties": {"osm_id": 525337113, "name": "D", "kind": "building"}, "geometry": {"type": "Polygon", "coordinates": [[[120.20339820645944, 30.155232398565992], [120.20352776307394, 30.15524729004048], [120.20365483081274, 30.155311887403194], [120.20373462650447, 30.155402561878933], [120.20377941304541, 30.155467291915656], [120.20380934366786, 30.155588147604494], [120.20379688243915, 30.155657369782432], [120.20369475377392, 30.155661834084675], [120.2036050892088, 30.155629577378324], [120.20350534894749, 30.155564936066853], [120.20343812043828, 30.155476441741264], [120.20339572646478, 30.15539440761013], [120.20339820645944, 30.155232398565992]]]}}, {"type": "Feature", "properties": {"osm_id": 525337114, "name": "C", "kind": "building"}, "geometry": {"type": "Polygon", "coordinates": [[[120.20399626112044, 30.155741252530973], [120.20397131662227, 30.155613888525707], [120.20399623937938, 30.155477744336828], [120.20407841103199, 30.155345808630052], [120.20419808980871, 30.155287315393032], [120.2043475889848, 30.155213574401056], [120.2043650602262, 30.155423153056187], [120.20428029679852, 30.155578793161524], [120.2041781745974, 30.155676159348975], [120.20409589623537, 30.155725992507058], [120.20399626112044, 30.155741252530973]]]}}, {"type": "Feature", "properties": {"osm_id": 525337115, "name": "B", "kind": "building"}, "geometry": {"type": "Polygon", "coordinates": [[[120.20427783332187, 30.155941708449507], [120.20439740777192, 30.15582051389128], [120.20455189383613, 30.155738165295432], [120.20470139985038, 30.155731527471314], [120.20484093545126, 30.155759306990557], [120.20476374611866, 30.15585453236938], [120.20465912818645, 30.15593890110288], [120.20452199261071, 30.155980220457433], [120.20438246077794, 30.155984742868196], [120.20427783332187, 30.155941708449507]]]}}, {"type": "Feature", "properties": {"osm_id": 525337116, "name": "A", "kind": "building"}, "geometry": {"type": "Polygon", "coordinates": [[[120.2046342232034, 30.156295451881352], [120.20464918027295, 30.156252226752862], [120.204741333797, 30.156202378851923], [120.2048833565794, 30.156152452108543], [120.20499296896286, 30.156152278604825], [120.20509021565027, 30.1561715254962], [120.20520731312382, 30.156221042227624], [120.20521479657403, 30.15625773158053], [120.2051823839162, 30.156288083662293], [120.20504784259857, 30.156363898506772], [120.20493324493256, 30.156385680456587], [120.20481365837789, 30.15637936970563], [120.20470394390192, 30.156345042695328], [120.2046342232034, 30.156295451881352]]]}}, {"type": "Feature", "properties": {"osm_id": 525337119, "name": "G", "kind": "building"}, "geometry": {"type": "Polygon", "coordinates": [[[120.20326638242238, 30.15674185892063], [120.20326637575388, 30.156661056373053], [120.20329209966462, 30.156569811897416], [120.20332380893988, 30.156494158258546], [120.20339521411485, 30.156437241129954], [120.20343889772143, 30.156435470567665], [120.20350632761449, 30.156547165336306], [120.20352618236123, 30.156638236209254], [120.20352618931803, 30.156722538866514], [120.20348650295749, 30.156820605957993], [120.20342108311381, 30.156894613846944], [120.20337939677452, 30.156927382183987], [120.20334768092957, 30.15692393329856], [120.2032921218075, 30.156838120357033], [120.20326638242238, 30.15674185892063]]]}}, {"type": "Feature", "properties": {"osm_id": 526409516, "name": "皇山里民宿", "kind": "building"}, "geometry": {"type": "Polygon", "coordinates": [[[120.15212111377073, 30.214295580242148], [120.15227088045299, 30.214047317271444], [120.15224943796402, 30.21402885173518], [120.15232830903086, 30.213891212714596], [120.1523816638769, 30.213914125492508], [120.15244886861613, 30.21379670687319], [120.15254490705276, 30.21383794961459], [120.15247949720914, 30.213951965172132], [120.15253305388453, 30.21400517926292], [120.15246585006356, 30.214132098566484], [120.1523890593133, 30.214101724356453], [120.15230390762308, 30.214262675294368], [120.1522594286855, 30.214245048028584], [120.15222542775992, 30.214309308233716], [120.15212111377073, 30.214295580242148]]]}}, {"type": "Feature", "properties": {"osm_id": 526409523, "name": "杭州市人防工程平战结合服务保障中心", "kind": "building"}, "geometry": {"type": "Polygon", "coordinates": [[[120.1511609792037, 30.213505014191295], [120.15121271865894, 30.213277316013485], [120.15148986459359, 30.21332426402407], [120.15151149729984, 30.21322882283347], [120.15170905865159, 30.213262299633737], [120.1516165466757, 30.213669476063703], [120.15131636419216, 30.213618766299387], [120.15133550474134, 30.213534529917812], [120.1511609792037, 30.213505014191295]]]}}, {"type": "Feature", "properties": {"osm_id": 526542735, "name": "杭州陶瓷品市场", "kind": "building"}, "geometry": {"type": "Polygon", "coordinates": [[[120.15375045110696, 30.207757880085442], [120.15390715936537, 30.207105279290058], [120.15448405621352, 30.2072085078543], [120.15440241338605, 30.207548565441773], [120.15426798731234, 30.20752449212513], [120.15419292344465, 30.20783703678079], [120.15375045110696, 30.207757880085442]]]}}, {"type": "Feature", "properties": {"osm_id": 526542738, "name": "杭州陶瓷品市场", "kind": "building"}, "geometry": {"type": "Polygon", "coordinates": [[[120.15283049025369, 30.207584313740927], [120.15293955281847, 30.207162408085416], [120.15375280754975, 30.207319151634895], [120.1536437467739, 30.20774105894251], [120.15283049025369, 30.207584313740927]]]}}, {"type": "Feature", "properties": {"osm_id": 526542740, "name": "杭州陶瓷品市场", "kind": "building"}, "geometry": {"type": "Polygon", "coordinates": [[[120.1511321630432, 30.207641624363905], [120.15123375718511, 30.207305339249626], [120.15449438833969, 30.20793273072099], [120.15440616148481, 30.208243497990026], [120.1511321630432, 30.207641624363905]]]}}, {"type": "Feature", "properties": {"osm_id": 526772674, "name": "思美传媒", "kind": "building"}, "geometry": {"type": "Polygon", "coordinates": [[[120.15110139825693, 30.209433675659376], [120.15113070855188, 30.20931882117693], [120.1512135835531, 30.20933468638246], [120.1513772819188, 30.208693381654147], [120.15149994815651, 30.208716681477142], [120.15130694005803, 30.20947274120664], [120.15110139825693, 30.209433675659376]]]}}, {"type": "Feature", "properties": {"osm_id": 526835877, "name": "中针商务", "kind": "building"}, "geometry": {"type": "Polygon", "coordinates": [[[120.17449157557239, 30.216700033656203], [120.1748471612885, 30.216155228367366], [120.17544987445221, 30.21645010668738], [120.17509428885596, 30.216994812326526], [120.17449157557239, 30.216700033656203]]]}}, {"type": "Feature", "properties": {"osm_id": 526835880, "name": "凤凰中心", "kind": "building"}, "geometry": {"type": "Polygon", "coordinates": [[[120.17592266054852, 30.217730090929255], [120.17610907383303, 30.217414718931046], [120.17650499851837, 30.21758998080729], [120.17631858519312, 30.2179053528554], [120.17592266054852, 30.217730090929255]]]}}, {"type": "Feature", "properties": {"osm_id": 526835884, "name": "钱江国际商务中心", "kind": "building"}, "geometry": {"type": "Polygon", "coordinates": [[[120.17501433621636, 30.215885095934013], [120.17507833545882, 30.215784768858022], [120.17542599201298, 30.21580261254854], [120.17528569228602, 30.215546762394517], [120.17546315275112, 30.2154734223847], [120.17578702870418, 30.216063845576326], [120.17569372140359, 30.21621003092409], [120.17501433621636, 30.215885095934013]]]}}, {"type": "Feature", "properties": {"osm_id": 526835891, "name": "海运国际大厦", "kind": "building"}, "geometry": {"type": "Polygon", "coordinates": [[[120.17706784894068, 30.21450612910723], [120.17695809088438, 30.214651145383677], [120.1768005731753, 30.214758049730495], [120.17661194485926, 30.21481560997785], [120.17594941115225, 30.2145174453234], [120.17589545935616, 30.21435073741128], [120.1759072091846, 30.214173304606994], [120.17598565963748, 30.214009046444648], [120.17612193891098, 30.21387618077744], [120.17630099349324, 30.213789436940775], [120.17650288413255, 30.2137584532155], [120.17670517855441, 30.21378677224603], [120.1768852445107, 30.21387123666317], [120.17702324082059, 30.214002383442736], [120.17710371268367, 30.214165640954626], [120.17711808395366, 30.214338324069452], [120.17706784894068, 30.21450612910723]]]}}, {"type": "Feature", "properties": {"osm_id": 526835902, "name": "赞成大厦", "kind": "building"}, "geometry": {"type": "Polygon", "coordinates": [[[120.17773596481643, 30.214781982060995], [120.17798060030375, 30.214426298215614], [120.17898024251696, 30.214941839781762], [120.17849505769156, 30.2156468990396], [120.17818976113456, 30.215489366603556], [120.17828595058552, 30.21522966911953], [120.178486537861, 30.215104082423995], [120.17860937442398, 30.215167454085687], [120.17869311289965, 30.215045788527725], [120.17814194383699, 30.214761613240302], [120.17802530827558, 30.214931143914868], [120.17773596481643, 30.214781982060995]]]}}, {"type": "Feature", "properties": {"osm_id": 526835904, "name": "赞成中心", "kind": "building"}, "geometry": {"type": "Polygon", "coordinates": [[[120.17806174398191, 30.214275235785028], [120.17834834888413, 30.21386266942504], [120.1792752076869, 30.214345246932453], [120.17898770485164, 30.21475921473162], [120.1787432278724, 30.21463196901389], [120.17884481076958, 30.214485668324883], [120.17847301054509, 30.214292059361696], [120.1783723249405, 30.214436958317595], [120.17806174398191, 30.214275235785028]]]}}, {"type": "Feature", "properties": {"osm_id": 527244183, "name": "速8酒店杭州钱江滨盛路店(内宾)", "kind": "building"}, "geometry": {"type": "Polygon", "coordinates": [[[120.19940406552057, 30.206430375985054], [120.19950139189052, 30.20635990779758], [120.19960679262354, 30.206245523744567], [120.19961894799631, 30.206110295802617], [120.19979935199507, 30.20610289166676], [120.19980544679045, 30.206241689068673], [120.1998825425905, 30.206329464298058], [120.2000791114944, 30.206420439321494], [120.1999980449186, 30.206557582920247], [120.19985213968259, 30.206494624528368], [120.1997263818964, 30.206459634142135], [120.19966176006618, 30.20646804342146], [120.19960681124059, 30.206470436137487], [120.19949123441457, 30.206535634652298], [120.19940406552057, 30.206430375985054]]]}}, {"type": "Feature", "properties": {"osm_id": 527244185, "name": "浙江联通大厦", "kind": "building"}, "geometry": {"type": "Polygon", "coordinates": [[[120.19758363664734, 30.205550530065867], [120.19776789738866, 30.20524109661841], [120.19811893384674, 30.205397703702502], [120.19798991048584, 30.20561433640781], [120.19774448451219, 30.205504851233478], [120.19768924613236, 30.205597651168983], [120.19758363664734, 30.205550530065867]]]}}, {"type": "Feature", "properties": {"osm_id": 528948102, "name": "众苑宾馆", "kind": "building"}, "geometry": {"type": "Polygon", "coordinates": [[[120.18975000115644, 30.221034848027028], [120.1898600668494, 30.22087273717705], [120.19016778384876, 30.22102928710756], [120.19005771771886, 30.22119139761877], [120.18975000115644, 30.221034848027028]]]}}, {"type": "Feature", "properties": {"osm_id": 528948123, "name": "中国浙江杭州海事处", "kind": "building"}, "geometry": {"type": "Polygon", "coordinates": [[[120.18545246594363, 30.220198513179703], [120.18545514099348, 30.219994495345244], [120.18613174016235, 30.22000713936065], [120.18627610832365, 30.219944267678503], [120.1863750281167, 30.22008779336831], [120.1860702393677, 30.220215866616762], [120.18545246594363, 30.220198513179703]]]}}, {"type": "Feature", "properties": {"osm_id": 528948124, "name": "杭州水务河道分公司", "kind": "building"}, "geometry": {"type": "Polygon", "coordinates": [[[120.18645778563655, 30.220110441461276], [120.18674940255035, 30.219840384574603], [120.1871270150428, 30.220146605783352], [120.1868353970169, 30.22041666183277], [120.18645778563655, 30.220110441461276]]]}}, {"type": "Feature", "properties": {"osm_id": 529313306, "name": "久光广场", "kind": "building"}, "geometry": {"type": "Polygon", "coordinates": [[[120.18561930511791, 30.2229927815565], [120.1858238885018, 30.22285919279149], [120.18617019777768, 30.223258175887572], [120.1859656137277, 30.22339166415666], [120.18561930511791, 30.2229927815565]]]}}, {"type": "Feature", "properties": {"osm_id": 529317246, "name": "紫阳街道办事处", "kind": "building"}, "geometry": {"type": "Polygon", "coordinates": [[[120.17641657667002, 30.21893253121685], [120.1765101927687, 30.21890225225091], [120.17664391569153, 30.219198717807487], [120.1765609677116, 30.219231276741738], [120.17641657667002, 30.21893253121685]]]}}, {"type": "Feature", "properties": {"osm_id": 529830170, "name": "杭州市公安消防局", "kind": "building"}, "geometry": {"type": "Polygon", "coordinates": [[[120.19651440285999, 30.228087156422255], [120.19704677184212, 30.227632403649228], [120.19719885735849, 30.22776605009981], [120.1966663871421, 30.228220801829117], [120.19651440285999, 30.228087156422255]]]}}, {"type": "Feature", "properties": {"osm_id": 529830171, "name": "捷特曼大酒店", "kind": "building"}, "geometry": {"type": "Polygon", "coordinates": [[[120.19651664471755, 30.227463710364596], [120.19672793716383, 30.227291832333865], [120.19731643036538, 30.227786748754497], [120.1966852427391, 30.22832327610479], [120.19607531665166, 30.227826002431986], [120.19651664471755, 30.227463710364596]]]}}, {"type": "Feature", "properties": {"osm_id": 529830175, "name": "杭州市公安局指挥大楼", "kind": "building"}, "geometry": {"type": "Polygon", "coordinates": [[[120.19772841752899, 30.22943385229082], [120.19864580768117, 30.228693033410707], [120.19920490716038, 30.229225120942836], [120.1982795287026, 30.229963645010397], [120.19772841752899, 30.22943385229082]]]}}, {"type": "Feature", "properties": {"osm_id": 529856774, "name": "物美", "kind": "building"}, "geometry": {"type": "Polygon", "coordinates": [[[120.19036322290289, 30.228320011382692], [120.19086642508051, 30.227882769198416], [120.19152257039785, 30.22843072075524], [120.19104259617, 30.228865817224303], [120.19036322290289, 30.228320011382692]]]}}, {"type": "Feature", "properties": {"osm_id": 530059133, "name": "近江商务大厦", "kind": "building"}, "geometry": {"type": "Polygon", "coordinates": [[[120.19578138933115, 30.23075531610389], [120.19651706245844, 30.230096189297633], [120.1967929073062, 30.230327227005628], [120.19605723048649, 30.230986450852708], [120.19578138933115, 30.23075531610389]]]}}, {"type": "Feature", "properties": {"osm_id": 530059136, "name": "天阳亲子广场", "kind": "building"}, "geometry": {"type": "Polygon", "coordinates": [[[120.19620151787925, 30.2309123943816], [120.19680059116038, 30.230392218198435], [120.19711622880149, 30.230655890702703], [120.19669035367312, 30.23103235362155], [120.1966703114028, 30.23105008959827], [120.1966506679869, 30.231067424861887], [120.19652253726476, 30.231180655041168], [120.19620151787925, 30.2309123943816]]]}}, {"type": "Feature", "properties": {"osm_id": 530059138, "name": "稠银大厦", "kind": "building"}, "geometry": {"type": "Polygon", "coordinates": [[[120.19490164758075, 30.230367731734972], [120.19589646432193, 30.229550131907054], [120.1963459343241, 30.229985078917522], [120.1953723491617, 30.23079793486981], [120.19490164758075, 30.230367731734972]]]}}, {"type": "Feature", "properties": {"osm_id": 530059144, "name": "惠沣大厦", "kind": "building"}, "geometry": {"type": "Polygon", "coordinates": [[[120.1948604187077, 30.232219333517612], [120.19506861253765, 30.232034154333313], [120.19530765195766, 30.232235848860043], [120.19509945726978, 30.232421027359994], [120.1948604187077, 30.232219333517612]]]}}, {"type": "Feature", "properties": {"osm_id": 530059155, "name": "万泰城", "kind": "building"}, "geometry": {"type": "Polygon", "coordinates": [[[120.19178302723684, 30.22974514144308], [120.19268427962128, 30.229134082014863], [120.19307209836302, 30.229522715738362], [120.19219228242217, 30.23017553540932], [120.19178302723684, 30.22974514144308]]]}}, {"type": "Feature", "properties": {"osm_id": 530059161, "name": "昆仑中心", "kind": "building"}, "geometry": {"type": "Polygon", "coordinates": [[[120.19490304947678, 30.229236551363087], [120.1951502293531, 30.22900790119534], [120.19540831587582, 30.229217362776314], [120.19516113489583, 30.229446012063136], [120.19490304947678, 30.229236551363087]]]}}, {"type": "Feature", "properties": {"osm_id": 530059174, "name": "上城区行政中心 科技文化馆", "kind": "building"}, "geometry": {"type": "Polygon", "coordinates": [[[120.19665852518064, 30.226007566657835], [120.1969741351147, 30.225946716186023], [120.19709722474238, 30.226359030979143], [120.19756265374994, 30.226715152737246], [120.19812968214958, 30.22680228612754], [120.19807615557936, 30.22709899762108], [120.19735395725863, 30.22696582876514], [120.19680296537538, 30.226554252873026], [120.19665852518064, 30.226007566657835]]]}}, {"type": "Feature", "properties": {"osm_id": 530146547, "name": "三桥菜场", "kind": "building"}, "geometry": {"type": "Polygon", "coordinates": [[[120.2029412793876, 30.231911409809943], [120.20294705372743, 30.231788291800562], [120.20295750731341, 30.231565859254573], [120.20296258483033, 30.231458543508776], [120.20312385435244, 30.231463982400935], [120.20330308708547, 30.231595801610958], [120.2033004086484, 30.2317696181135], [120.2031426418794, 30.231918183784305], [120.2029790784127, 30.231912648546277], [120.2029412793876, 30.231911409809943]]]}}, {"type": "Feature", "properties": {"osm_id": 530340554, "name": "9幢", "kind": "building"}, "geometry": {"type": "Polygon", "coordinates": [[[120.19803383233132, 30.233825136075584], [120.19803650947257, 30.233639718271046], [120.19825320749328, 30.233641747835932], [120.19825053033112, 30.233827065624112], [120.19803383233132, 30.233825136075584]]]}}, {"type": "Feature", "properties": {"osm_id": 530340598, "name": "2幢", "kind": "building"}, "geometry": {"type": "Polygon", "coordinates": [[[120.19827215494922, 30.23243943025535], [120.19827811646185, 30.23217550148743], [120.19851785181591, 30.23217909276541], [120.19851189028124, 30.232443121517335], [120.19827215494922, 30.23243943025535]]]}}, {"type": "Feature", "properties": {"osm_id": 530340599, "name": "1幢", "kind": "building"}, "geometry": {"type": "Polygon", "coordinates": [[[120.19855654260026, 30.232154925151], [120.19854935342632, 30.232045529707218], [120.19858625140402, 30.232047867029937], [120.19859073203607, 30.231964153521], [120.19876933779187, 30.231965749782987], [120.19877602662751, 30.23205404461558], [120.19880544525918, 30.232053994618905], [120.19881024049984, 30.232156293662474], [120.19855654260026, 30.232154925151]]]}}, {"type": "Feature", "properties": {"osm_id": 530447445, "name": "望江街道卫生服务中心", "kind": "building"}, "geometry": {"type": "Polygon", "coordinates": [[[120.1991679898147, 30.236215377517574], [120.19931746555118, 30.236068313944905], [120.19951004757287, 30.236215199423928], [120.19936057123998, 30.236362262514568], [120.1991679898147, 30.236215377517574]]]}}, {"type": "Feature", "properties": {"osm_id": 533111364, "name": "秋涛发展大厦", "kind": "building"}, "geometry": {"type": "Polygon", "coordinates": [[[120.18701629394712, 30.232764053687063], [120.18720612191282, 30.232611092229316], [120.18893148973824, 30.23420593298469], [120.18874285471347, 30.234359989550747], [120.18701629394712, 30.232764053687063]]]}}, {"type": "Feature", "properties": {"osm_id": 533720350, "name": "彩钢瓦钢材", "kind": "building"}, "geometry": {"type": "Polygon", "coordinates": [[[120.17240874235397, 30.17624813795992], [120.17323376429113, 30.176220880721363], [120.1731644615653, 30.174897358971798], [120.17236416527597, 30.17492456942304], [120.17240874235397, 30.17624813795992]]]}}, {"type": "Feature", "properties": {"osm_id": 533720351, "name": "卡帝朗发现者仓库", "kind": "building"}, "geometry": {"type": "Polygon", "coordinates": [[[120.17112922034983, 30.176756067192937], [120.17225564069544, 30.17671534525129], [120.17222596122568, 30.175897268423302], [120.17193912221026, 30.175907309176043], [120.17106992941191, 30.17593794588755], [120.17112922034983, 30.176756067192937]]]}}, {"type": "Feature", "properties": {"osm_id": 533763556, "name": "浙江机电职业技术学院5号楼", "kind": "building"}, "geometry": {"type": "Polygon", "coordinates": [[[120.15362035500986, 30.17502794812049], [120.15381541562473, 30.175070921041012], [120.15382967225901, 30.17502759527735], [120.1539200218413, 30.175043943384757], [120.15392480624546, 30.175017134246854], [120.15400328841895, 30.17502940210474], [120.15401046700372, 30.175012889317756], [120.15424830659158, 30.175055788393454], [120.15429346544256, 30.174878304847816], [120.15405323239762, 30.174831309852088], [120.15405801696572, 30.174806600787736], [120.15398422163571, 30.17479232500662], [120.15398900637823, 30.17476961602683], [120.15390105024676, 30.174753263990226], [120.15391530685717, 30.1747099382111], [120.15372264030857, 30.174671061771594], [120.1536821658258, 30.174823735975945], [120.15370121315503, 30.174827804040646], [120.15368934947867, 30.174867025574148], [120.15367030214496, 30.174862957505326], [120.15362035500986, 30.17502794812049]]]}}, {"type": "Feature", "properties": {"osm_id": 533763557, "name": "浙江机电职业技术学院7号楼", "kind": "building"}, "geometry": {"type": "Polygon", "coordinates": [[[120.15329668908046, 30.17544040843381], [120.15387030328024, 30.175552847456892], [120.15387628441255, 30.175526736324223], [120.15394479459377, 30.17554052116174], [120.15397290841074, 30.175448069992946], [120.15372329982954, 30.175399589367412], [120.15374144358618, 30.175331556090466], [120.15369856227561, 30.17532342804684], [120.15360462215715, 30.175305585565088], [120.15358039762158, 30.175401630139305], [120.15338523648646, 30.175360056611005], [120.1533872294773, 30.175342552571514], [120.15329059600074, 30.17532181396522], [120.15326447525155, 30.17540216096148], [120.153302669987, 30.175410797226192], [120.15329668908046, 30.17544040843381]]]}}, {"type": "Feature", "properties": {"osm_id": 533763561, "name": "浙江机电职业技术学院综合楼", "kind": "building"}, "geometry": {"type": "Polygon", "coordinates": [[[120.1520401079688, 30.17363413142941], [120.15282126814914, 30.17380153979352], [120.15288517375939, 30.173592424975944], [120.1521010226492, 30.173422622428394], [120.1520401079688, 30.17363413142941]]]}}, {"type": "Feature", "properties": {"osm_id": 533763562, "name": "浙江机电职业技术学院9号楼", "kind": "building"}, "geometry": {"type": "Polygon", "coordinates": [[[120.15251707937787, 30.175830626407915], [120.15261480960402, 30.175830463743424], [120.15287280067778, 30.175879735455897], [120.1529637521512, 30.175917584988987], [120.15298568538871, 30.175845945466822], [120.15295875883167, 30.175832789962794], [120.15296374343063, 30.175813780874094], [120.1533447932332, 30.17588774545476], [120.15339533822392, 30.175713753662187], [120.15303792347171, 30.17564124995887], [120.15306324715603, 30.17556810468186], [120.15297728365782, 30.175549247735074], [120.1529637231752, 30.175572671335313], [120.1526838923161, 30.175516136180676], [120.15269067124429, 30.17548832378094], [120.15262156115917, 30.175476738462866], [120.15259793232012, 30.17554698059202], [120.15224390160937, 30.175465765640656], [120.1521916608172, 30.175648459485778], [120.15257261735006, 30.175726729866003], [120.1525642428098, 30.17575454490952], [120.15252544950664, 30.175750209287838], [120.15251707937787, 30.175830626407915]]]}}, {"type": "Feature", "properties": {"osm_id": 533763563, "name": "浙江机电职业技术学院图书馆", "kind": "building"}, "geometry": {"type": "Polygon", "coordinates": [[[120.15271223376996, 30.17575069824629], [120.15289842213247, 30.175788889047165], [120.15294129013172, 30.175630311119523], [120.15275998841683, 30.175592012314887], [120.15271223376996, 30.17575069824629]]]}}, {"type": "Feature", "properties": {"osm_id": 533763567, "name": "浙江机电职业技术学院体育馆", "kind": "building"}, "geometry": {"type": "Polygon", "coordinates": [[[120.15238970792329, 30.176747674787606], [120.15278931144712, 30.176827612744805], [120.15289222850821, 30.176848141752085], [120.15294199162888, 30.176858159005867], [120.15305314979703, 30.176454456899723], [120.15300548104837, 30.176445136275078], [120.15289139497483, 30.17642272607055], [120.15249039624882, 30.176343991260676], [120.15238970792329, 30.176747674787606]]]}}, {"type": "Feature", "properties": {"osm_id": 534403636, "name": "杭州浦沿农贸市场", "kind": "building"}, "geometry": {"type": "Polygon", "coordinates": [[[120.15283748020796, 30.161416065316555], [120.15348452017514, 30.16181609467314], [120.15389144861105, 30.16135099339217], [120.15323394173322, 30.160935885949012], [120.15283748020796, 30.161416065316555]]]}}, {"type": "Feature", "properties": {"osm_id": 535621391, "name": "龙湖杭州滨江天街", "kind": "building"}, "geometry": {"type": "Polygon", "coordinates": [[[120.20204149650115, 30.200586170067552], [120.2021177797556, 30.20045033787423], [120.20228410635474, 30.20013874926271], [120.20281799174516, 30.200352089531638], [120.20327957366405, 30.200531250478654], [120.20354178108174, 30.20059813072415], [120.20400454843106, 30.20054288425006], [120.20446741804403, 30.200455140289343], [120.20456095365468, 30.200239480197556], [120.20469878184166, 30.200131455543474], [120.2048471838791, 30.20003741525832], [120.20546248617573, 30.200207852995806], [120.20484193860962, 30.201738912534022], [120.2047081908421, 30.201746025065855], [120.20461723773651, 30.20183667433618], [120.2045798355957, 30.20182893339406], [120.20454552540018, 30.201821887598253], [120.20437118217963, 30.201786063406455], [120.20204149650115, 30.200586170067552]]]}}, {"type": "Feature", "properties": {"osm_id": 536239289, "name": "雄博驾校（滨江一校区）", "kind": "building"}, "geometry": {"type": "Polygon", "coordinates": [[[120.16827755482598, 30.17692091465571], [120.16826527077934, 30.176674627645472], [120.16915421593211, 30.176630165905983], [120.16916241239862, 30.176879960629314], [120.16827755482598, 30.17692091465571]]]}}, {"type": "Feature", "properties": {"osm_id": 539975335, "name": "Powerlong滨江宝龙城", "kind": "building"}, "geometry": {"type": "Polygon", "coordinates": [[[120.166505623407, 30.188847721929985], [120.16637760009456, 30.18881195727388], [120.16632315297815, 30.1887100533376], [120.1664559920425, 30.187911370942587], [120.16671545688656, 30.18713275501208], [120.16670597123803, 30.18696826516715], [120.16689336800451, 30.186409192602625], [120.16704022155001, 30.18628651465585], [120.16727212716872, 30.186223781272044], [120.16823848612574, 30.186639801539904], [120.16833301922814, 30.18681623320828], [120.16831050175833, 30.18700018349084], [120.16823545849184, 30.18739514126866], [120.16744794691849, 30.18792233125423], [120.1671123264865, 30.188898699430563], [120.166505623407, 30.188847721929985]]]}}, {"type": "Feature", "properties": {"osm_id": 541456534, "name": "十五奎巷118号", "kind": "building"}, "geometry": {"type": "Polygon", "coordinates": [[[120.16873984929863, 30.236182653726257], [120.16881840942202, 30.236118202315254], [120.16844539359145, 30.235776073772723], [120.16840511420556, 30.23578194933571], [120.16831707779751, 30.235794914461888], [120.16873984929863, 30.236182653726257]]]}}, {"type": "Feature", "properties": {"osm_id": 541456535, "name": "十五奎巷72/74/76号", "kind": "building"}, "geometry": {"type": "Polygon", "coordinates": [[[120.16875251506016, 30.236225033159297], [120.16885191123319, 30.236139741301947], [120.16916809039996, 30.236416670529096], [120.16906859471875, 30.236501962776973], [120.16875251506016, 30.236225033159297]]]}}, {"type": "Feature", "properties": {"osm_id": 541456537, "name": "茶啾弄1号", "kind": "building"}, "geometry": {"type": "Polygon", "coordinates": [[[120.16949292500946, 30.236478267288103], [120.1695741751575, 30.23639500910927], [120.16982703465268, 30.236580049014698], [120.16974578461809, 30.23666330731553], [120.16949292500946, 30.236478267288103]]]}}, {"type": "Feature", "properties": {"osm_id": 541456538, "name": "2幢", "kind": "building"}, "geometry": {"type": "Polygon", "coordinates": [[[120.16874790510363, 30.235942721236288], [120.16896693733365, 30.2357764999954], [120.16901240534763, 30.235821418278555], [120.16901500323466, 30.235888618300617], [120.16883285862235, 30.236026868683574], [120.16874790510363, 30.235942721236288]]]}}, {"type": "Feature", "properties": {"osm_id": 541456539, "name": "12幢", "kind": "building"}, "geometry": {"type": "Polygon", "coordinates": [[[120.16972647689359, 30.23588378669413], [120.16970951880943, 30.23577911086143], [120.16981928941934, 30.23576550423847], [120.16980512439325, 30.235677524399073], [120.1703327403505, 30.235612430444537], [120.17032825145348, 30.23558463685384], [120.1705766053508, 30.235553968511834], [120.170597353979, 30.235682138841067], [120.1703773150594, 30.235709353829506], [120.17038150469166, 30.235735247845135], [120.16981769748061, 30.235804810072484], [120.16982847083574, 30.235871194705002], [120.16972647689359, 30.23588378669413]]]}}, {"type": "Feature", "properties": {"osm_id": 541456542, "name": "14幢", "kind": "building"}, "geometry": {"type": "Polygon", "coordinates": [[[120.16998134574737, 30.236254336067297], [120.16996329126945, 30.23615326255029], [120.17043746686534, 30.23608906852037], [120.17043018525716, 30.236048479234395], [120.17068701330565, 30.236013694549072], [120.17071224961451, 30.236155357458497], [120.16998134574737, 30.236254336067297]]]}}, {"type": "Feature", "properties": {"osm_id": 541456543, "name": "11幢", "kind": "building"}, "geometry": {"type": "Polygon", "coordinates": [[[120.1701723116479, 30.2355071237621], [120.17015286032712, 30.23539365203358], [120.17047110428817, 30.235352051951583], [120.1704906552706, 30.235465423452307], [120.1701723116479, 30.2355071237621]]]}}, {"type": "Feature", "properties": {"osm_id": 541456544, "name": "3幢", "kind": "building"}, "geometry": {"type": "Polygon", "coordinates": [[[120.16902565364872, 30.23567688303502], [120.16900201367348, 30.235551118109985], [120.16954677964574, 30.23547329345007], [120.16957041954342, 30.23559905829494], [120.16902565364872, 30.23567688303502]]]}}, {"type": "Feature", "properties": {"osm_id": 541456545, "name": "茶啾弄6号", "kind": "building"}, "geometry": {"type": "Polygon", "coordinates": [[[120.1689056494149, 30.236123039691094], [120.16915159898161, 30.2359323661162], [120.16924233533118, 30.23602030281634], [120.16899638590002, 30.236210976534142], [120.1689056494149, 30.236123039691094]]]}}, {"type": "Feature", "properties": {"osm_id": 541456546, "name": "茶啾弄4号", "kind": "building"}, "geometry": {"type": "Polygon", "coordinates": [[[120.16907934398546, 30.236280126505367], [120.16930924127374, 30.236089682707064], [120.16941892189774, 30.236189184723614], [120.16918902475014, 30.236379528672618], [120.16907934398546, 30.236280126505367]]]}}, {"type": "Feature", "properties": {"osm_id": 541456548, "name": "4幢", "kind": "building"}, "geometry": {"type": "Polygon", "coordinates": [[[120.16905717483849, 30.235859237341042], [120.16903303734485, 30.235745274191714], [120.16958607754704, 30.235656333127462], [120.16961021495258, 30.23577019618681], [120.16905717483849, 30.235859237341042]]]}}, {"type": "Feature", "properties": {"osm_id": 541456549, "name": "新公房", "kind": "building"}, "geometry": {"type": "Polygon", "coordinates": [[[120.16966982766262, 30.235662176721902], [120.16963411735787, 30.235458928881872], [120.17010789502326, 30.235395436483575], [120.17012764534478, 30.235507607561843], [120.16978537304932, 30.235553552423077], [120.16980133296103, 30.235644529111475], [120.16966982766262, 30.235662176721902]]]}}, {"type": "Feature", "properties": {"osm_id": 541456550, "name": "13幢", "kind": "building"}, "geometry": {"type": "Polygon", "coordinates": [[[120.16976777123631, 30.23609602476385], [120.16974393096523, 30.235958359415786], [120.16987025180053, 30.235941721538243], [120.16986586277848, 30.235916127903796], [120.17039527280203, 30.23584633006755], [120.1703899860431, 30.23581553775375], [120.17063066276516, 30.235783783670367], [120.1706518096913, 30.23590595282915], [120.1704217012372, 30.23593628700297], [120.17042908270625, 30.235978776237022], [120.16989797786219, 30.236048777360857], [120.16990306511399, 30.23607816996446], [120.16976777123631, 30.23609602476385]]]}}, {"type": "Feature", "properties": {"osm_id": 541904450, "name": "诚高大厦", "kind": "building"}, "geometry": {"type": "Polygon", "coordinates": [[[120.22603406143261, 30.20901016284068], [120.2261479212463, 30.20878443495507], [120.22603094529013, 30.208740350718784], [120.22582544014305, 30.20866275515548], [120.22575249487342, 30.208807537791888], [120.22571168152943, 30.208888484103674], [120.22603406143261, 30.20901016284068]]]}}, {"type": "Feature", "properties": {"osm_id": 541904453, "name": "中化大厦", "kind": "building"}, "geometry": {"type": "Polygon", "coordinates": [[[120.21436683231892, 30.208776840754947], [120.21437960506424, 30.208811325368075], [120.21437930876141, 30.208847627825214], [120.21436594310589, 30.208882047917623], [120.21434100431357, 30.208911283439736], [120.21430688651601, 30.208932330989942], [120.21426688180702, 30.20894318600105], [120.21422508045795, 30.208942742860312], [120.21409199084981, 30.208892121412948], [120.2139788521907, 30.208813271541874], [120.21395211368838, 30.208790706849992], [120.21393455294475, 30.208762029265326], [120.2139280656895, 30.208730136343508], [120.21393315098058, 30.208698027565323], [120.21394941002494, 30.208668803656504], [120.21397514709727, 30.208645367115015], [120.21400796806438, 30.208629821351824], [120.21404478039294, 30.208623670694923], [120.21408189288834, 30.208627620234687], [120.2141912365926, 30.208654572642384], [120.21428851112452, 30.20870544312829], [120.21436683231892, 30.208776840754947]]]}}, {"type": "Feature", "properties": {"osm_id": 541904542, "name": "百得利大厦", "kind": "building"}, "geometry": {"type": "Polygon", "coordinates": [[[120.21928647043148, 30.206824585230382], [120.219255457976, 30.207060836212364], [120.21921826305972, 30.20734469746397], [120.21952539258112, 30.207374525132668], [120.2195617901567, 30.207096965527573], [120.21975776428995, 30.207115929595894], [120.21978947525734, 30.206873477876925], [120.2195745421523, 30.206852636493153], [120.21928647043148, 30.206824585230382]]]}}, {"type": "Feature", "properties": {"osm_id": 541904551, "name": "芯图大厦", "kind": "building"}, "geometry": {"type": "Polygon", "coordinates": [[[120.22376908037583, 30.209118844669227], [120.22421070137443, 30.209306079363397], [120.22432595239722, 30.20910274461173], [120.22388422971326, 30.20891550845126], [120.22376908037583, 30.209118844669227]]]}}, {"type": "Feature", "properties": {"osm_id": 541904555, "name": "聚光中心B楼", "kind": "building"}, "geometry": {"type": "Polygon", "coordinates": [[[120.22071486868259, 30.206783370012072], [120.22111572573947, 30.20694900939394], [120.22127157099057, 30.206666812384213], [120.22087071170802, 30.206501071150484], [120.22071486868259, 30.206783370012072]]]}}, {"type": "Feature", "properties": {"osm_id": 541904560, "name": "杭州海康威视数字技术股份有限公司", "kind": "building"}, "geometry": {"type": "Polygon", "coordinates": [[[120.22012056479701, 30.20939882235111], [120.2200351629023, 30.209557433608975], [120.22063289316961, 30.20979853645274], [120.22069305487479, 30.209687059120718], [120.22069365070239, 30.209651956415076], [120.22068157384665, 30.209618468741212], [120.22065792224771, 30.209589995011285], [120.22027882571695, 30.209436635642803], [120.2203152415314, 30.209369088446], [120.22042898820493, 30.209271247723112], [120.22048984516908, 30.2091256672983], [120.22055180024154, 30.20898418592894], [120.22057114903448, 30.20886755643911], [120.22060406672783, 30.20872710958892], [120.22102767521109, 30.208911622290987], [120.22106808882053, 30.208908974935863], [120.22110550798483, 30.208895630516235], [120.22113624064366, 30.208872693387313], [120.22119650317107, 30.208760716874814], [120.22059876101501, 30.20851960413536], [120.22051345744377, 30.208677913969805], [120.22039450961692, 30.208629952308318], [120.22000531071663, 30.209352257706463], [120.22012056479701, 30.20939882235111]]]}}, {"type": "Feature", "properties": {"osm_id": 543871248, "name": "宿舍楼F", "kind": "building"}, "geometry": {"type": "Polygon", "coordinates": [[[120.18507035788677, 30.171749703351956], [120.18553607782138, 30.17174103628933], [120.18557456242046, 30.171722964048314], [120.18559819050489, 30.171699019212333], [120.18560676182466, 30.17165920176669], [120.18558592028498, 30.171620639047696], [120.18553038409344, 30.171614042054674], [120.18506745590577, 30.171622703934883], [120.18507035788677, 30.171749703351956]]]}}, {"type": "Feature", "properties": {"osm_id": 543871249, "name": "宿舍楼G", "kind": "building"}, "geometry": {"type": "Polygon", "coordinates": [[[120.18509321818827, 30.17208637359184], [120.18508802125024, 30.17193827762612], [120.18570509268176, 30.171920628950364], [120.18573400816115, 30.17193277568448], [120.18575076057415, 30.171956345456998], [120.18575245951426, 30.172003944114284], [120.18568346376664, 30.172005872390955], [120.18568546251858, 30.172061870811664], [120.18561866032238, 30.172063795044078], [120.18561666154662, 30.172007496612895], [120.18517437217261, 30.172019919930264], [120.18517657099844, 30.172084018280618], [120.18509321818827, 30.17208637359184]]]}}, {"type": "Feature", "properties": {"osm_id": 543871250, "name": "宿舍楼H", "kind": "building"}, "geometry": {"type": "Polygon", "coordinates": [[[120.1853238595444, 30.172382255510648], [120.18531866259688, 30.172234159517117], [120.1859357352899, 30.172216411840818], [120.18596455113367, 30.172228658814223], [120.18598140327917, 30.172252128429292], [120.18598300251732, 30.17229972728084], [120.18591410632845, 30.172301655256312], [120.18591610509262, 30.172357753691607], [120.18584930274713, 30.17235957780857], [120.18584730396748, 30.172303279366595], [120.18540491398697, 30.17231580215422], [120.18540721252161, 30.172379900331073], [120.1853238595444, 30.172382255510648]]]}}, {"type": "Feature", "properties": {"osm_id": 543871259, "name": "教学楼B", "kind": "building"}, "geometry": {"type": "Polygon", "coordinates": [[[120.18625395671498, 30.17055485855566], [120.18628666008544, 30.170554097894545], [120.18634289395423, 30.170552793606316], [120.1868993517059, 30.170539962971365], [120.18694211681525, 30.170433179905977], [120.18681110309353, 30.17043572227541], [120.18680572089006, 30.170458933099994], [120.18637778357872, 30.170464125623734], [120.18632085170158, 30.17046483116822], [120.18628495545774, 30.170438096710917], [120.18624337675716, 30.17042037313735], [120.18619272688177, 30.170426867306315], [120.18616082373387, 30.170458327655407], [120.18616132515115, 30.170493128028184], [120.1861623245394, 30.170521227226825], [120.1862018102638, 30.170549455050534], [120.18625395671498, 30.17055485855566]]]}}, {"type": "Feature", "properties": {"osm_id": 543871260, "name": "教学楼A", "kind": "building"}, "geometry": {"type": "Polygon", "coordinates": [[[120.18639052571186, 30.17022089291903], [120.18642053707974, 30.170220237284266], [120.18647687072814, 30.170218932869716], [120.18703592158764, 30.170205998036007], [120.18707868675794, 30.170099215034195], [120.18694767286016, 30.170101857260942], [120.18694229064903, 30.170125068076153], [120.1864574207883, 30.17013086561527], [120.18642152449655, 30.170104131124045], [120.18637994574064, 30.170086407509412], [120.18632929579799, 30.17009290162446], [120.18629739260773, 30.1701243619357], [120.18629789403379, 30.170159262307592], [120.18629889341491, 30.17018726149942], [120.18633837919143, 30.170215489360114], [120.18639052571186, 30.17022089291903]]]}}, {"type": "Feature", "properties": {"osm_id": 543871261, "name": "教学楼C", "kind": "building"}, "geometry": {"type": "Polygon", "coordinates": [[[120.18613114671074, 30.170882298614007], [120.18616554503544, 30.17088153477824], [120.1862262655787, 30.170880122113687], [120.18677654091454, 30.1708674024068], [120.18681930596964, 30.170760619283453], [120.18668829241199, 30.17076316178297], [120.18668300992128, 30.170786372431657], [120.18625477401544, 30.17079156592265], [120.18619804161746, 30.170792271151026], [120.18616224512165, 30.17076553653851], [120.1861205667648, 30.170747813186097], [120.18606991694925, 30.170754307403], [120.18603811353604, 30.170785667597343], [120.1860386149612, 30.17082056797843], [120.18603961434842, 30.170848667180213], [120.18607900031284, 30.17087679515279], [120.18613114671074, 30.170882298614007]]]}}, {"type": "Feature", "properties": {"osm_id": 544075640, "name": "长一农贸市场", "kind": "building"}, "geometry": {"type": "Polygon", "coordinates": [[[120.1789725376297, 30.17272609464723], [120.17896084885737, 30.172440705781597], [120.17956134665846, 30.172421070918165], [120.1795730354407, 30.17270635979312], [120.1789725376297, 30.17272609464723]]]}}, {"type": "Feature", "properties": {"osm_id": 544075653, "name": "彩宏大厦", "kind": "building"}, "geometry": {"type": "Polygon", "coordinates": [[[120.17801454605282, 30.17432736740131], [120.1779930681511, 30.173820088210046], [120.17839117211786, 30.173806735071924], [120.17841274973446, 30.17431401408353], [120.17801454605282, 30.17432736740131]]]}}, {"type": "Feature", "properties": {"osm_id": 544531800, "name": "教学楼J", "kind": "building"}, "geometry": {"type": "Polygon", "coordinates": [[[120.18591574052917, 30.17156972434648], [120.18593628217698, 30.171598187288215], [120.18643879655284, 30.17158145467041], [120.18641851604156, 30.17109677391532], [120.18639608231588, 30.171097515512074], [120.18613086620509, 30.171106407575813], [120.1860779227625, 30.171108105864654], [120.1860536944219, 30.17110895085386], [120.18601211739983, 30.17111032806505], [120.18602830157214, 30.171494512552115], [120.18596110036704, 30.17149673736852], [120.18593328339502, 30.171506389375143], [120.18591952682831, 30.171539616175007], [120.18591574052917, 30.17156972434648]]]}}, {"type": "Feature", "properties": {"osm_id": 544761232, "name": "杭州六和农贸市场", "kind": "building"}, "geometry": {"type": "Polygon", "coordinates": [[[120.1352303326035, 30.178217451469298], [120.13517605404284, 30.17819401739371], [120.1351490125086, 30.178158749241582], [120.13514082792082, 30.17812115777946], [120.1351543939237, 30.178083639558277], [120.13517334627265, 30.178029514024413], [120.1351760341952, 30.17795900784557], [120.1351543778513, 30.177893331834102], [120.1351354153633, 30.1778275524925], [120.13514079974549, 30.177787544244115], [120.13517063017477, 30.17776640667325], [120.13522760023638, 30.1777616362899], [120.13531709809747, 30.177780326582614], [120.13540380026404, 30.177777819232286], [120.13540111851886, 30.177921228379446], [120.13543095025946, 30.177918791328636], [120.13543096117067, 30.178047996572545], [120.13539843557425, 30.178050436959097], [120.13539026673165, 30.178198453104734], [120.13534417160959, 30.17819611003719], [120.13530625877856, 30.178205557279], [120.13527912196801, 30.178222091464953], [120.1352303326035, 30.178217451469298]]]}}, {"type": "Feature", "properties": {"osm_id": 544768478, "name": "东铁大厦", "kind": "building"}, "geometry": {"type": "Polygon", "coordinates": [[[120.19248711795767, 30.234792932288162], [120.19304966181167, 30.234315392106726], [120.19320024107418, 30.234448633089656], [120.1926377956248, 30.234926072059103], [120.19248711795767, 30.234792932288162]]]}}, {"type": "Feature", "properties": {"osm_id": 545008859, "name": "中恒大厦", "kind": "building"}, "geometry": {"type": "Polygon", "coordinates": [[[120.14327384351115, 30.17544098691995], [120.14354066801302, 30.17544639703543], [120.14354064607312, 30.175185986782502], [120.14324689003264, 30.17518471610476], [120.14320200349911, 30.17518458151563], [120.14319534216415, 30.175443001425112], [120.14327384351115, 30.17544098691995]]]}}, {"type": "Feature", "properties": {"osm_id": 545672916, "name": "税友大厦", "kind": "building"}, "geometry": {"type": "Polygon", "coordinates": [[[120.15658347678702, 30.17917245057407], [120.15659421509123, 30.178801416655322], [120.15672793430505, 30.178787284079675], [120.15694722824854, 30.17899091140279], [120.15718475340292, 30.179003798350475], [120.15727888569658, 30.17900893441805], [120.15733772619052, 30.179106135757582], [120.15732706555536, 30.1792128587734], [120.15731101870432, 30.17930099042228], [120.15723613441781, 30.17932892220639], [120.15707029258375, 30.179162304304185], [120.15658347678702, 30.17917245057407]]]}}, {"type": "Feature", "properties": {"osm_id": 545859708, "name": "杭州中兴肛肠医院", "kind": "building"}, "geometry": {"type": "Polygon", "coordinates": [[[120.18904238968292, 30.234497850931643], [120.1892459813908, 30.234340267311417], [120.18950295172068, 30.234589615858386], [120.18929945907952, 30.23474719880159], [120.18904238968292, 30.234497850931643]]]}}, {"type": "Feature", "properties": {"osm_id": 545859721, "name": "婺江路二弄北楼", "kind": "building"}, "geometry": {"type": "Polygon", "coordinates": [[[120.19048468394561, 30.235688108322435], [120.19057541352726, 30.235606537792], [120.1910514653167, 30.236004304424544], [120.19096063543783, 30.2360858746786], [120.19048468394561, 30.235688108322435]]]}}, {"type": "Feature", "properties": {"osm_id": 545859722, "name": "婺江路二弄南楼", "kind": "building"}, "geometry": {"type": "Polygon", "coordinates": [[[120.1904912364674, 30.235346971726713], [120.1905825645528, 30.235268200336908], [120.19122175700134, 30.235825083578533], [120.19113052782184, 30.235903754159512], [120.1904912364674, 30.235346971726713]]]}}, {"type": "Feature", "properties": {"osm_id": 546101432, "name": "2幢", "kind": "building"}, "geometry": {"type": "Polygon", "coordinates": [[[120.18290557364703, 30.233813885476803], [120.1830500347877, 30.233716607682545], [120.18325095471059, 30.233941047159966], [120.18310659307643, 30.23403832463081], [120.18290557364703, 30.233813885476803]]]}}, {"type": "Feature", "properties": {"osm_id": 546101433, "name": "3幢", "kind": "building"}, "geometry": {"type": "Polygon", "coordinates": [[[120.18259093414507, 30.234075694470185], [120.18275334047915, 30.233966781935088], [120.18306234791689, 30.234312927215484], [120.18289994125486, 30.23442183952437], [120.18259093414507, 30.234075694470185]]]}}, {"type": "Feature", "properties": {"osm_id": 546101434, "name": "10幢", "kind": "building"}, "geometry": {"type": "Polygon", "coordinates": [[[120.18270654751461, 30.23477362756589], [120.18282538632252, 30.23469359886751], [120.18312910906134, 30.235032653812162], [120.18301027001458, 30.23511268234534], [120.18270654751461, 30.23477362756589]]]}}, {"type": "Feature", "properties": {"osm_id": 546101435, "name": "8幢", "kind": "building"}, "geometry": {"type": "Polygon", "coordinates": [[[120.18301780258001, 30.234574529486547], [120.18312019182164, 30.234508332807355], [120.18335401776008, 30.234780114240674], [120.18362818643445, 30.23460268818078], [120.18370676016033, 30.234693947708145], [120.18333030157238, 30.234937569997484], [120.18301780258001, 30.234574529486547]]]}}, {"type": "Feature", "properties": {"osm_id": 546101436, "name": "4/6幢", "kind": "building"}, "geometry": {"type": "Polygon", "coordinates": [[[120.18329853314587, 30.234182775308188], [120.18340770182493, 30.23410976561393], [120.18384065355498, 30.234596590246007], [120.18373138483219, 30.234669599886438], [120.18329853314587, 30.234182775308188]]]}}, {"type": "Feature", "properties": {"osm_id": 546101437, "name": "9幢", "kind": "building"}, "geometry": {"type": "Polygon", "coordinates": [[[120.1828687543532, 30.23466221527015], [120.18297214011066, 30.23459111628867], [120.18328613289125, 30.23493425249617], [120.18318274691427, 30.235005351325025], [120.1828687543532, 30.23466221527015]]]}}, {"type": "Feature", "properties": {"osm_id": 546241114, "name": "杭州市公安局上城分局", "kind": "building"}, "geometry": {"type": "Polygon", "coordinates": [[[120.18280536077373, 30.224099809518517], [120.18312538774076, 30.223873594679436], [120.18335442565983, 30.224117181468014], [120.18303439819685, 30.22434339596071], [120.18280536077373, 30.224099809518517]]]}}, {"type": "Feature", "properties": {"osm_id": 546393065, "name": "中山南路沿街商铺", "kind": "building"}, "geometry": {"type": "Polygon", "coordinates": [[[120.1709412564802, 30.237261808159264], [120.17086495194582, 30.236867022572337], [120.17092287769191, 30.236858513112487], [120.17090681886421, 30.236775837235356], [120.17087292083525, 30.236780801289022], [120.17085197451395, 30.236672732738075], [120.17090152544782, 30.236665339100078], [120.17085035655286, 30.236401015937208], [120.17090070508941, 30.236393520794756], [120.1710650839151, 30.237243574100127], [120.1709412564802, 30.237261808159264]]]}}, {"type": "Feature", "properties": {"osm_id": 546393071, "name": "杭州艺苑", "kind": "building"}, "geometry": {"type": "Polygon", "coordinates": [[[120.16787139333583, 30.236835520692463], [120.16816160741851, 30.23658256162044], [120.16865527100015, 30.237007871926266], [120.16836495819126, 30.237260832194462], [120.16787139333583, 30.236835520692463]]]}}, {"type": "Feature", "properties": {"osm_id": 546393073, "name": "杭州艺术学院", "kind": "building"}, "geometry": {"type": "Polygon", "coordinates": [[[120.16724632302764, 30.2364719564277], [120.16743873877934, 30.236330088587685], [120.16733663377617, 30.23622607074788], [120.16754649639002, 30.236071269422848], [120.16764549995918, 30.236050283774148], [120.16779636366678, 30.23620341421125], [120.1678961602553, 30.236129623067974], [120.16822381190934, 30.23646233690292], [120.16805422785905, 30.236587862087777], [120.16793198162455, 30.2364636807084], [120.16798462154267, 30.23642477983989], [120.16789208927999, 30.236330745292697], [120.16758372652778, 30.236558435691695], [120.16775891997536, 30.23673672281012], [120.16766161570159, 30.236808509102982], [120.16744873104322, 30.236591789109525], [120.16739948061597, 30.236628083294054], [120.16724632302764, 30.2364719564277]]]}}, {"type": "Feature", "properties": {"osm_id": 546393076, "name": "瑞石亭1/2号", "kind": "building"}, "geometry": {"type": "Polygon", "coordinates": [[[120.16872559883832, 30.23388511475863], [120.16865757459176, 30.233561018675235], [120.16881290896904, 30.23353622684632], [120.16888093314712, 30.233860322859606], [120.16872559883832, 30.23388511475863]]]}}, {"type": "Feature", "properties": {"osm_id": 546393078, "name": "燕春里（东）", "kind": "building"}, "geometry": {"type": "Polygon", "coordinates": [[[120.16826168898413, 30.233962485857205], [120.16818040051416, 30.233596211275728], [120.16835148807375, 30.233567390256564], [120.16836565119313, 30.233631068374706], [120.16844491371197, 30.233617719578653], [120.16851203893893, 30.233920415915026], [120.16826168898413, 30.233962485857205]]]}}, {"type": "Feature", "properties": {"osm_id": 546393079, "name": "燕春里（西）", "kind": "building"}, "geometry": {"type": "Polygon", "coordinates": [[[120.1680041602925, 30.234008169016832], [120.1679605726488, 30.23379993533795], [120.1681774236108, 30.233765528882596], [120.16822101117897, 30.233973662486555], [120.1680041602925, 30.234008169016832]]]}}, {"type": "Feature", "properties": {"osm_id": 546393080, "name": "瑞石亭8-12号", "kind": "building"}, "geometry": {"type": "Polygon", "coordinates": [[[120.16761591316339, 30.233969288871837], [120.16760254807109, 30.233911309590535], [120.16770145248034, 30.233897224607123], [120.1676987568086, 30.233853226483664], [120.16791810048936, 30.23381571555316], [120.16795021902827, 30.233984867814172], [120.16761591316339, 30.233969288871837]]]}}, {"type": "Feature", "properties": {"osm_id": 546393081, "name": "大马弄44号", "kind": "building"}, "geometry": {"type": "Polygon", "coordinates": [[[120.16891960830591, 30.233748542630227], [120.16885537226568, 30.23341763909528], [120.16904978902201, 30.23338417341269], [120.1690823067864, 30.233561225211716], [120.16901371242484, 30.23357085411784], [120.1690425394374, 30.233726711333137], [120.16891960830591, 30.233748542630227]]]}}, {"type": "Feature", "properties": {"osm_id": 546393082, "name": "察院前巷41号", "kind": "building"}, "geometry": {"type": "Polygon", "coordinates": [[[120.16911530342719, 30.233503859441935], [120.16909505271255, 30.233370587831246], [120.16937830381936, 30.23333775571417], [120.16939855450741, 30.233471127296102], [120.16911530342719, 30.233503859441935]]]}}, {"type": "Feature", "properties": {"osm_id": 546393083, "name": "察院前巷39/40号", "kind": "building"}, "geometry": {"type": "Polygon", "coordinates": [[[120.16907713603634, 30.233725646584638], [120.16905698552998, 30.233598475197756], [120.16940574018062, 30.23355621990096], [120.16942599034621, 30.233683391057273], [120.16907713603634, 30.233725646584638]]]}}, {"type": "Feature", "properties": {"osm_id": 546393084, "name": "大马弄40号", "kind": "building"}, "geometry": {"type": "Polygon", "coordinates": [[[120.1690536500173, 30.23424772777158], [120.1690202341397, 30.234061276898057], [120.16947706422434, 30.233999117985537], [120.16951038031598, 30.234185668957643], [120.1690536500173, 30.23424772777158]]]}}, {"type": "Feature", "properties": {"osm_id": 546393085, "name": "大马弄38号", "kind": "building"}, "geometry": {"type": "Polygon", "coordinates": [[[120.1690187365287, 30.23403647792532], [120.16896597260124, 30.233780858295628], [120.16942340183583, 30.23372809908645], [120.16945881672098, 30.233974850406305], [120.1690187365287, 30.23403647792532]]]}}, {"type": "Feature", "properties": {"osm_id": 546393086, "name": "察院前巷8号", "kind": "building"}, "geometry": {"type": "Polygon", "coordinates": [[[120.16957818833994, 30.234313151137528], [120.16955843674423, 30.234186479050656], [120.16989761918289, 30.234146140832834], [120.16991737074085, 30.234272812880445], [120.16957818833994, 30.234313151137528]]]}}, {"type": "Feature", "properties": {"osm_id": 546393087, "name": "察院前巷9号", "kind": "building"}, "geometry": {"type": "Polygon", "coordinates": [[[120.16958977353374, 30.234549246372108], [120.1695698218154, 30.234413974025955], [120.1699351260179, 30.23437268675709], [120.16995517739697, 30.23450795887377], [120.16958977353374, 30.234549246372108]]]}}, {"type": "Feature", "properties": {"osm_id": 546393089, "name": "勤远里21/22号", "kind": "building"}, "geometry": {"type": "Polygon", "coordinates": [[[120.16919418243185, 30.23486840956267], [120.16916346300604, 30.2347352574324], [120.16955777898596, 30.23466611466646], [120.1695885980505, 30.23479936654266], [120.16919418243185, 30.23486840956267]]]}}, {"type": "Feature", "properties": {"osm_id": 546393090, "name": "察院前巷10号", "kind": "building"}, "geometry": {"type": "Polygon", "coordinates": [[[120.16964602462, 30.2347784575062], [120.16961849623158, 30.23465119991018], [120.16998499516546, 30.23459090893579], [120.17001252350661, 30.234718266480428], [120.16964602462, 30.2347784575062]]]}}, {"type": "Feature", "properties": {"osm_id": 546393092, "name": "勤远里26号", "kind": "building"}, "geometry": {"type": "Polygon", "coordinates": [[[120.16929083947872, 30.235413668107487], [120.16927817110489, 30.235339586450646], [120.16968604758996, 30.23528611913794], [120.16969881563544, 30.235360200576686], [120.16929083947872, 30.235413668107487]]]}}, {"type": "Feature", "properties": {"osm_id": 546393093, "name": "勤远里25号", "kind": "building"}, "geometry": {"type": "Polygon", "coordinates": [[[120.16928295348222, 30.235299874635505], [120.16926100953567, 30.235186707512653], [120.16964774895712, 30.235129679571887], [120.16966969286236, 30.23524294665033], [120.16928295348222, 30.235299874635505]]]}}, {"type": "Feature", "properties": {"osm_id": 546393094, "name": "勤远里24号", "kind": "building"}, "geometry": {"type": "Polygon", "coordinates": [[[120.16923647443573, 30.235086746193605], [120.16921054204484, 30.234969386237314], [120.16960007255675, 30.234904252604895], [120.16962590518638, 30.23502161268609], [120.16923647443573, 30.235086746193605]]]}}, {"type": "Feature", "properties": {"osm_id": 552994783, "name": "南星桥", "kind": "building"}, "geometry": {"type": "Polygon", "coordinates": [[[120.17858429895503, 30.218147183278884], [120.17773520270993, 30.217597654532447], [120.17768715205858, 30.217657549082922], [120.17780011997353, 30.217744140802367], [120.17794898240277, 30.217858166364515], [120.17789993402485, 30.21790966228133], [120.17775007449687, 30.217794338528932], [120.17775904679996, 30.217785421012987], [120.17759851873467, 30.21766261700409], [120.17767986613788, 30.21756425711727], [120.17741036145702, 30.21739325626901], [120.17721486884521, 30.217632540719823], [120.17703360478849, 30.21752837715154], [120.1771835392483, 30.217348982538713], [120.17715053685166, 30.2173303438142], [120.17711783862325, 30.21737240824267], [120.17704008064892, 30.217472461464173], [120.17699541266212, 30.217446044327303], [120.17707436699493, 30.21734548881217], [120.17710586897515, 30.217305326763046], [120.17713657339523, 30.217265666254594], [120.17720826150483, 30.217307633241205], [120.17734493652137, 30.21713636424058], [120.1773891991199, 30.217083577294236], [120.1771390397686, 30.21695244239817], [120.17698938279385, 30.21687272058787], [120.17700503396087, 30.216851189668244], [120.1770222801676, 30.21682765560964], [120.17716914551234, 30.216907082682084], [120.1774231934013, 30.217040710377848], [120.17797976606899, 30.2163776174362], [120.17817100210509, 30.216501063405946], [120.17808915602927, 30.21659842407074], [120.17784860158437, 30.216874495744], [120.17799935598991, 30.21696031595324], [120.17823642206965, 30.216697151692472], [120.17828458055538, 30.216734062910152], [120.17800135601607, 30.217032416584967], [120.17781371032184, 30.216921564596664], [120.17756398465546, 30.217210654532824], [120.17831128120386, 30.21770007168973], [120.17839352719086, 30.217615511020114], [120.17836889953793, 30.217596456397235], [120.1783350986855, 30.21756851856813], [120.17836301274556, 30.217543064238548], [120.1783965143816, 30.217569602548068], [120.17842164059795, 30.217589356272367], [120.17861696581147, 30.217727795645498], [120.17873122956298, 30.21780818467915], [120.17868906007304, 30.217855267268394], [120.17857489586036, 30.217772777923123], [120.17858107675308, 30.21776616583448], [120.17842732943284, 30.21766004987273], [120.1783594391464, 30.217730382528288], [120.17872885099946, 30.21797909972416], [120.17858429895503, 30.218147183278884]]]}}, {"type": "Feature", "properties": {"osm_id": 564059800, "name": "江陵路", "kind": "building"}, "geometry": {"type": "Polygon", "coordinates": [[[120.21678153629082, 30.210011011672655], [120.21682083102026, 30.209820250021775], [120.21686970086914, 30.209591473919698], [120.21673270601426, 30.209507145999375], [120.21665831594177, 30.209993970077758], [120.21641297491324, 30.20996818719951], [120.21648765840037, 30.209417058576907], [120.21624799615951, 30.209275662871573], [120.21623432930815, 30.209296981942984], [120.21622125871511, 30.20928949860232], [120.21620788879896, 30.209281815646467], [120.2162213561628, 30.209261296871535], [120.21610342211079, 30.20919814765004], [120.21596224106969, 30.209122428649845], [120.21597979849143, 30.20909700413274], [120.21599865275272, 30.209069377796197], [120.21613923520661, 30.20914349762879], [120.21613504537252, 30.20914990347964], [120.21624689322651, 30.209209460549964], [120.21649733140046, 30.209358142650725], [120.21651817200109, 30.20921620750059], [120.21578292876298, 30.208804046740482], [120.2159253835069, 30.208606847920343], [120.21655267246287, 30.208966248512752], [120.2165950502899, 30.208659676175216], [120.21629812718089, 30.20862286041073], [120.21631796670516, 30.208441724298538], [120.21633142564991, 30.208318399791956], [120.21636395118377, 30.20831985746707], [120.21639986897863, 30.20832131075314], [120.21638561204706, 30.208447236420668], [120.21637085664484, 30.208577763012], [120.21660402525809, 30.208604861439497], [120.21665328064367, 30.208215775670197], [120.21690810188248, 30.208239347827465], [120.21685505514739, 30.208633738440724], [120.21698775467371, 30.20864966844599], [120.21709943129957, 30.209014945684924], [120.21710761303824, 30.20901853539356], [120.21728801089144, 30.209096808911237], [120.2172729470434, 30.209121929584946], [120.21725668607732, 30.209149051909456], [120.2170802792823, 30.20906987337482], [120.21704096704873, 30.20905222284764], [120.21693807195052, 30.20870243535372], [120.21684917321899, 30.208690449231963], [120.21679393306476, 30.209102743880035], [120.21728973086348, 30.209385923145717], [120.21715784537115, 30.209578502843947], [120.21675723639235, 30.209341304844884], [120.21674098176724, 30.209442031589653], [120.21694153557169, 30.209568580071327], [120.21688299040386, 30.2098310704685], [120.2168425979276, 30.21001983335392], [120.21681256596152, 30.21001547185913], [120.21678153629082, 30.210011011672655]]]}}, {"type": "Feature", "properties": {"osm_id": 580879146, "name": "城市花园酒店", "kind": "building"}, "geometry": {"type": "Polygon", "coordinates": [[[120.21115882842483, 30.20001415516221], [120.21126895836214, 30.200015596783647], [120.21129845382707, 30.19962563422928], [120.21117076679425, 30.199623117747784], [120.21115882842483, 30.20001415516221]]]}}, {"type": "Feature", "properties": {"osm_id": 581094189, "name": "湘湖公交总站", "kind": "building"}, "geometry": {"type": "Polygon", "coordinates": [[[120.23065441193671, 30.168107447105967], [120.23102260323816, 30.1673657059887], [120.23110006097312, 30.167284337534454], [120.23121066475053, 30.167247342997968], [120.23191595780251, 30.167409664355343], [120.2318003079296, 30.168035981717903], [120.2319309857148, 30.16806377578686], [120.23187091464925, 30.168378336337323], [120.23065441193671, 30.168107447105967]]]}}, {"type": "Feature", "properties": {"osm_id": 581252220, "name": "体育餐馆", "kind": "building"}, "geometry": {"type": "Polygon", "coordinates": [[[120.21225817446764, 30.202759431328317], [120.212442734279, 30.202835975147526], [120.21260870717688, 30.202516024805558], [120.21246484622988, 30.202417021729413], [120.21225817446764, 30.202759431328317]]]}}, {"type": "Feature", "properties": {"osm_id": 582242842, "name": "杭州国际博览中心", "kind": "building"}, "geometry": {"type": "Polygon", "coordinates": [[[120.23752368052064, 30.231936197360525], [120.23628272610904, 30.230372884532876], [120.23623259897857, 30.23032181431478], [120.23562806482894, 30.23066364682805], [120.23536874402042, 30.23032590277726], [120.23585166718918, 30.230067552845163], [120.23585166189521, 30.230003048397887], [120.23557436510895, 30.22964471338932], [120.2356646197488, 30.229593847858904], [120.2357565720105, 30.22954208139872], [120.2359016396513, 30.229460377160056], [120.23588346569395, 30.22943388765684], [120.2358055774842, 30.229320632799404], [120.23642668825693, 30.228947991360695], [120.2365850622821, 30.22914090069857], [120.2368289163954, 30.2294377628888], [120.23746193079077, 30.228997932150396], [120.23824203681046, 30.228422019009628], [120.23969307457693, 30.227221614986394], [120.23959210698554, 30.227121063000823], [120.23956284291944, 30.227061174922085], [120.23957611985448, 30.227006063982408], [120.23961346596384, 30.226984342198232], [120.2398585105677, 30.226801797849074], [120.23989835654238, 30.226814977458464], [120.2399259218497, 30.226856265543162], [120.24027088393143, 30.2272934135095], [120.24026689280036, 30.227335018384743], [120.24015055831467, 30.22741148424328], [120.24007037012588, 30.22743232778116], [120.24003661328227, 30.227392442900346], [120.23988712857528, 30.227503129717345], [120.23994974584052, 30.22754889946473], [120.24145307657314, 30.229453671765004], [120.24128141064052, 30.22954756049389], [120.24139367364425, 30.229683715920267], [120.24071451285042, 30.230102978163853], [120.24062991852622, 30.23000041379475], [120.24054643619479, 30.23005846020341], [120.24061774685215, 30.230145129949097], [120.23992862312552, 30.230570217344876], [120.2398591122807, 30.230485748564853], [120.23979939821065, 30.230524883265502], [120.23987629939218, 30.230618348572563], [120.2391811065424, 30.231046558365147], [120.23904908030255, 30.230886121365966], [120.23893085447835, 30.23096089351363], [120.23905598832111, 30.231103032563997], [120.23839936332463, 30.23152133983053], [120.23828781401724, 30.23138819630828], [120.23824128395536, 30.2314169258866], [120.23836421789932, 30.231566463662656], [120.23777970017503, 30.23191393843044], [120.23770779887059, 30.23182477613491], [120.23752368052064, 30.231936197360525]]]}}, {"type": "Feature", "properties": {"osm_id": 586374915, "name": "唯新食品", "kind": "building"}, "geometry": {"type": "Polygon", "coordinates": [[[120.17825852223596, 30.18639811262002], [120.17839825345378, 30.18580732207864], [120.1791312649266, 30.185936342750757], [120.1790348880309, 30.186343643018798], [120.1786957006367, 30.186283881203437], [120.17865224636026, 30.186467371547657], [120.17825852223596, 30.18639811262002]]]}}, {"type": "Feature", "properties": {"osm_id": 601252882, "name": "浙能第二大厦", "kind": "building"}, "geometry": {"type": "Polygon", "coordinates": [[[120.20763909001919, 30.20899086042012], [120.20768028703043, 30.209017899196365], [120.20764507915547, 30.209044454333696], [120.20794851836818, 30.209203202052805], [120.20796048540406, 30.209173082192375], [120.20798562252627, 30.209186544844407], [120.20806570792834, 30.209055616083365], [120.20804555817939, 30.209043545911335], [120.2080588232122, 30.209028724982396], [120.20771667886908, 30.208833733356236], [120.207687357954, 30.208884780884254], [120.20771389177933, 30.20890374156295], [120.20763909001919, 30.20899086042012]]]}}, {"type": "Feature", "properties": {"osm_id": 601252891, "name": "保时捷", "kind": "building"}, "geometry": {"type": "Polygon", "coordinates": [[[120.21863172310776, 30.205718729354896], [120.2186643298708, 30.205464375019847], [120.21872029959734, 30.20538760155779], [120.21881349213079, 30.205371385549682], [120.21932137794896, 30.205419165200556], [120.21927480940252, 30.205774441485218], [120.21863172310776, 30.205718729354896]]]}}, {"type": "Feature", "properties": {"osm_id": 602633112, "name": "3号楼", "kind": "building"}, "geometry": {"type": "Polygon", "coordinates": [[[120.19235523552324, 30.185984449975784], [120.19052003572196, 30.185910357596285], [120.19040714866921, 30.18573025447442], [120.19014557689209, 30.1853423125538], [120.1901020985113, 30.185283689033163], [120.19059676141846, 30.185291190870945], [120.19070316943206, 30.185493806931113], [120.19204090356818, 30.185534794234066], [120.19235523552324, 30.185984449975784]]]}}, {"type": "Feature", "properties": {"osm_id": 602633113, "name": "2号楼", "kind": "building"}, "geometry": {"type": "Polygon", "coordinates": [[[120.1899209102459, 30.185095210447816], [120.1897043106437, 30.18472688884793], [120.19018232062238, 30.184748819506808], [120.19086922850066, 30.184781474577935], [120.19152413505807, 30.184810892468906], [120.191555448672, 30.18486033818972], [120.19190109598694, 30.185405339851762], [120.1915101247708, 30.185402643908567], [120.19132424120556, 30.185148868082862], [120.1899209102459, 30.185095210447816]]]}}, {"type": "Feature", "properties": {"osm_id": 602633114, "name": "1号楼", "kind": "building"}, "geometry": {"type": "Polygon", "coordinates": [[[120.19150716992381, 30.184640515557838], [120.19124968605739, 30.18429666519067], [120.19173229245848, 30.184314595545853], [120.19253747491875, 30.184344650790248], [120.19277143022357, 30.18467664669501], [120.19172942835684, 30.18464681529767], [120.19167687997663, 30.184645309877865], [120.19150716992381, 30.184640515557838]]]}}, {"type": "Feature", "properties": {"osm_id": 605022084, "name": "兴耀大厦", "kind": "building"}, "geometry": {"type": "Polygon", "coordinates": [[[120.2036184852037, 30.20310833971463], [120.2037827291347, 30.202868162730788], [120.20409930373212, 30.203030363782172], [120.20432940532926, 30.203148302418743], [120.20416515920513, 30.203388377607983], [120.20393954683709, 30.203272832659515], [120.2036184852037, 30.20310833971463]]]}}, {"type": "Feature", "properties": {"osm_id": 605335713, "name": "浙商证券", "kind": "building"}, "geometry": {"type": "Polygon", "coordinates": [[[120.20927221224021, 30.235058277767948], [120.20900406537777, 30.234804558778624], [120.20933112190961, 30.2345451533391], [120.20959927125143, 30.234798974370307], [120.20927221224021, 30.235058277767948]]]}}, {"type": "Feature", "properties": {"osm_id": 605342691, "name": "创新大厦", "kind": "building"}, "geometry": {"type": "Polygon", "coordinates": [[[120.16100984745479, 30.183788629255695], [120.16104633226382, 30.183679658985767], [120.16098959214341, 30.183620058297144], [120.16098958654455, 30.183553255405652], [120.16104232854354, 30.18349695824184], [120.16113146703722, 30.183468596848368], [120.1612001710838, 30.183514275317354], [120.16122879313953, 30.18357742658672], [120.16124096098656, 30.18361600637761], [120.16138683646902, 30.183615743855874], [120.16148824150441, 30.183619161369943], [120.16160978800191, 30.18362594259283], [120.16168277763727, 30.183653912169884], [120.16172734947344, 30.18367493266643], [120.16167870486326, 30.183836627467358], [120.16157330905938, 30.18380171600553], [120.16150361163137, 30.183796341383324], [120.161439597625, 30.18379135648411], [120.16139094076743, 30.183809044874124], [120.16130180169225, 30.18382680609278], [120.16118424398594, 30.18383051770453], [120.1611619054056, 30.183788356029936], [120.16100984745479, 30.183788629255695]]]}}, {"type": "Feature", "properties": {"osm_id": 606110912, "name": "辛迪", "kind": "building"}, "geometry": {"type": "Polygon", "coordinates": [[[120.21282951841202, 30.211506215464215], [120.21294013890864, 30.2113410513971], [120.21310105928869, 30.211419031767225], [120.21352366615011, 30.211623958205074], [120.21364099141803, 30.21168089980508], [120.213505729027, 30.21186739713805], [120.21282951841202, 30.211506215464215]]]}}, {"type": "Feature", "properties": {"osm_id": 606417084, "name": "世贸智慧之门", "kind": "building"}, "geometry": {"type": "Polygon", "coordinates": [[[120.22903166298939, 30.214709905840426], [120.22903385552395, 30.214668001325506], [120.22929893973581, 30.214285337245986], [120.22959459375117, 30.214174564394185], [120.22962713304669, 30.214152333945727], [120.22967684282716, 30.21414798926391], [120.22970529488282, 30.214189866371214], [120.22970090816861, 30.214255074172392], [120.22948512620704, 30.21458878737064], [120.22910323410149, 30.21473604204621], [120.22906879719473, 30.214736873523226], [120.22903166298939, 30.214709905840426]]]}}, {"type": "Feature", "properties": {"osm_id": 607445656, "name": "中国动漫博物馆", "kind": "building"}, "geometry": {"type": "Polygon", "coordinates": [[[120.20518561608857, 30.161616052098864], [120.20514321451546, 30.161463813892027], [120.205211328092, 30.161365803131947], [120.2053650240944, 30.16134086015545], [120.20547962875874, 30.16138898154368], [120.20551185196771, 30.161477333887305], [120.2055439755704, 30.16156698645646], [120.2056330500301, 30.16164824942973], [120.20566357734555, 30.16173130436826], [120.20570098957077, 30.16184844969351], [120.20582367775938, 30.161939760732285], [120.2058413423428, 30.16206713741625], [120.20580095552002, 30.1621652039042], [120.20581592253016, 30.162237182931246], [120.20589462572072, 30.162332363124], [120.20598629058071, 30.162369221244187], [120.2060624987815, 30.16244250487685], [120.20609811565922, 30.162554953196388], [120.20604386740216, 30.16268754226796], [120.20592019477303, 30.16276183780233], [120.2057667943543, 30.162768977897112], [120.20567273366679, 30.162700822891765], [120.20561966519891, 30.16261900330341], [120.2056031018717, 30.16254032660419], [120.20551233547023, 30.16250226778508], [120.20544430849448, 30.16244727281191], [120.20541617277048, 30.162336013272494], [120.2054335171235, 30.162210881751864], [120.20543301029215, 30.16211227920761], [120.2054091676375, 30.16205271468663], [120.20531999109161, 30.161936851116636], [120.20521086737838, 30.161826219351855], [120.2051739536928, 30.161701573379197], [120.20518561608857, 30.161616052098864]]]}}, {"type": "Feature", "properties": {"osm_id": 607446959, "name": "省气象防灾减灾中心", "kind": "building"}, "geometry": {"type": "Polygon", "coordinates": [[[120.17544657031534, 30.197169542891633], [120.17569219238612, 30.19669405450925], [120.17615661176895, 30.196873685080902], [120.1762292176937, 30.197161862212518], [120.17656701287751, 30.197284229402033], [120.17644151170455, 30.197543779884974], [120.17601976630026, 30.19739116994097], [120.17590976901282, 30.197058361251624], [120.17582292716463, 30.19702462381229], [120.17571437417355, 30.197273041616402], [120.17544657031534, 30.197169542891633]]]}}, {"type": "Feature", "properties": {"osm_id": 607448528, "name": "华业科技", "kind": "building"}, "geometry": {"type": "Polygon", "coordinates": [[[120.178968491144, 30.18998133475111], [120.17977169805405, 30.190165626628485], [120.17989459636931, 30.189766176072695], [120.17909128941572, 30.189581984197332], [120.178968491144, 30.18998133475111]]]}}, {"type": "Feature", "properties": {"osm_id": 607448995, "name": "维尔生物", "kind": "building"}, "geometry": {"type": "Polygon", "coordinates": [[[120.18466288419323, 30.187560221392427], [120.18470344828647, 30.187373937279276], [120.18523039482683, 30.187481860305034], [120.18529926792483, 30.187207619682084], [120.18549379505104, 30.18724595951999], [120.18538036812615, 30.187692390766795], [120.18466288419323, 30.187560221392427]]]}}, {"type": "Feature", "properties": {"osm_id": 608388287, "name": "3", "kind": "building"}, "geometry": {"type": "Polygon", "coordinates": [[[120.19718813966718, 30.187469306920175], [120.19720577499295, 30.18728416809615], [120.19685465591488, 30.187261873828184], [120.19679811502742, 30.18726957206046], [120.19675404089004, 30.187297149645264], [120.19674347382897, 30.187336969756277], [120.19674347762943, 30.187382871830913], [120.19676641711145, 30.187428734173185], [120.19680700483501, 30.18744696471007], [120.19718813966718, 30.187469306920175]]]}}, {"type": "Feature", "properties": {"osm_id": 610596252, "name": "武警医院门诊", "kind": "building"}, "geometry": {"type": "Polygon", "coordinates": [[[120.2157192858873, 30.21013540660221], [120.21579291110062, 30.210080606268736], [120.21585715649056, 30.210005717290116], [120.21593486742344, 30.209888108271635], [120.21594633730015, 30.20984369064837], [120.21593965129325, 30.209826398451728], [120.21595361150607, 30.209734474843707], [120.21593314760042, 30.209599994077692], [120.21587676722737, 30.209473061039894], [120.21582967164986, 30.209420520093015], [120.21579205752181, 30.20940786897059], [120.21573308863896, 30.209344443195107], [120.21569607325131, 30.209331891386956], [120.2155881177871, 30.20926513043853], [120.2153795260732, 30.209556623944973], [120.21554674645382, 30.209661607849082], [120.21545856005781, 30.20976993105926], [120.21536867817795, 30.209882156966955], [120.21547872730339, 30.209940314020457], [120.2154780303173, 30.209957215913132], [120.21569823026182, 30.210082731405596], [120.21571658939317, 30.21010230826728], [120.2157126004075, 30.21012391477619], [120.21568885559489, 30.210126746319933], [120.21569504200998, 30.210135638652226], [120.2157192858873, 30.21013540660221]]]}}, {"type": "Feature", "properties": {"osm_id": 610596265, "name": "寰宇天下", "kind": "building"}, "geometry": {"type": "Polygon", "coordinates": [[[120.215979546798, 30.220572593116824], [120.21567861745399, 30.220274570924765], [120.21603956061632, 30.219992977703527], [120.21633570478862, 30.220294709309066], [120.215979546798, 30.220572593116824]]]}}, {"type": "Feature", "properties": {"osm_id": 610596272, "name": "江滨澜庭", "kind": "building"}, "geometry": {"type": "Polygon", "coordinates": [[[120.21088368871563, 30.215537622473118], [120.21105473793634, 30.21517685358003], [120.21105293868716, 30.215132453503927], [120.21102450478408, 30.21508629176097], [120.21070776134017, 30.21479763287604], [120.21052414267824, 30.215130919793488], [120.21051716408923, 30.215181032969245], [120.21053901420322, 30.215231404195087], [120.21088368871563, 30.215537622473118]]]}}, {"type": "Feature", "properties": {"osm_id": 610596274, "name": "海亮大厦", "kind": "building"}, "geometry": {"type": "Polygon", "coordinates": [[[120.21048915086794, 30.212974442331127], [120.21072404953281, 30.212723086047372], [120.21104388023397, 30.212947436472856], [120.21080488922125, 30.213195896699837], [120.21048915086794, 30.212974442331127]]]}}, {"type": "Feature", "properties": {"osm_id": 610596278, "name": "海康威视3期", "kind": "building"}, "geometry": {"type": "Polygon", "coordinates": [[[120.22436001917467, 30.210745602264563], [120.22418995620751, 30.210677580100498], [120.22418994941636, 30.210594975348968], [120.224243420861, 30.210343603644564], [120.22447922276774, 30.21005503571543], [120.22454748593469, 30.210056163335747], [120.2246917019305, 30.210113214039804], [120.22475398252023, 30.210174251856635], [120.22477055445677, 30.210235237898747], [120.22443885743922, 30.210706016031477], [120.22436001917467, 30.210745602264563]]]}}, {"type": "Feature", "properties": {"osm_id": 611607666, "name": "中胜大厦", "kind": "building"}, "geometry": {"type": "Polygon", "coordinates": [[[120.22710182890198, 30.21054258745832], [120.22731520140678, 30.210283064581773], [120.2276179435264, 30.210469382783984], [120.22740456853292, 30.21072900358073], [120.22710182890198, 30.21054258745832]]]}}, {"type": "Feature", "properties": {"osm_id": 611607667, "name": "中胜光网大厦", "kind": "building"}, "geometry": {"type": "Polygon", "coordinates": [[[120.22770312070489, 30.21092882751235], [120.22791210723015, 30.21067921353174], [120.22823022879214, 30.21087872400485], [120.2280212396873, 30.211128435829334], [120.22770312070489, 30.21092882751235]]]}}, {"type": "Feature", "properties": {"osm_id": 611607668, "name": "初灵大厦", "kind": "building"}, "geometry": {"type": "Polygon", "coordinates": [[[120.22893666598345, 30.21141339844833], [120.22896031333646, 30.2113010702432], [120.22897567914475, 30.211228151933735], [120.22959316193787, 30.21132529814992], [120.22955414782338, 30.211510543869387], [120.22893666598345, 30.21141339844833]]]}}, {"type": "Feature", "properties": {"osm_id": 611607670, "name": "安恒大厦", "kind": "building"}, "geometry": {"type": "Polygon", "coordinates": [[[120.22799515515501, 30.20950776749639], [120.22814265716637, 30.209238412579495], [120.22815822580603, 30.209210496301694], [120.2284964083941, 30.209350987133504], [120.22848004115221, 30.209380404069464], [120.22833403416621, 30.209646755788476], [120.22799515515501, 30.20950776749639]]]}}, {"type": "Feature", "properties": {"osm_id": 611963068, "name": "丹枫实验小学体育馆", "kind": "building"}, "geometry": {"type": "Polygon", "coordinates": [[[120.216048595457, 30.214612935404155], [120.21643273974044, 30.214935052731516], [120.21670659346997, 30.214689982666073], [120.21635038359271, 30.214391327440847], [120.21632244574405, 30.214367962479493], [120.216048595457, 30.214612935404155]]]}}, {"type": "Feature", "properties": {"osm_id": 612016902, "name": "英飞特大厦", "kind": "building"}, "geometry": {"type": "Polygon", "coordinates": [[[120.20089984542882, 30.185608233032877], [120.2009271007538, 30.18475715005084], [120.20122160147922, 30.184763861751012], [120.20120190573684, 30.18537702149269], [120.2016938746123, 30.185388109191468], [120.20220419960425, 30.185399571405004], [120.20222528821061, 30.184739907698702], [120.20155868513866, 30.184724902765744], [120.20095282700731, 30.184711305285806], [120.20096078478045, 30.184462881138618], [120.20156923601742, 30.184476574432278], [120.20252137274525, 30.18449801309287], [120.2024923255817, 30.185401900415837], [120.20248456645928, 30.18564392383733], [120.20167763818226, 30.185625746502982], [120.20089984542882, 30.185608233032877]]]}}, {"type": "Feature", "properties": {"osm_id": 626352415, "name": "安恒大厦", "kind": "building"}, "geometry": {"type": "Polygon", "coordinates": [[[120.22814265716637, 30.209238412579495], [120.22799515515501, 30.20950776749639], [120.22833403416621, 30.209646755788476], [120.22848004115221, 30.209380404069464], [120.22863895181463, 30.209438359561435], [120.2284994404785, 30.209809210432237], [120.22846440749133, 30.20983434454389], [120.22841849293174, 30.209837387603947], [120.22775311324325, 30.20955200063174], [120.22772316705381, 30.209520727515905], [120.22773154760785, 30.209476216954783], [120.22799912035708, 30.209175144814388], [120.22814265716637, 30.209238412579495]]]}}, {"type": "Feature", "properties": {"osm_id": 626392562, "name": "中威大厦", "kind": "building"}, "geometry": {"type": "Polygon", "coordinates": [[[120.2263509673788, 30.209271358346314], [120.22635096557103, 30.209249357097615], [120.22635655327768, 30.209231450478814], [120.22636293924253, 30.20921114292484], [120.22638040267334, 30.209177523519667], [120.22644816247049, 30.20906624941267], [120.22647141581827, 30.20904532499596], [120.22649816281975, 30.209028997371718], [120.22656513407574, 30.209034730949405], [120.22665606262484, 30.20907984311649], [120.22675787164319, 30.209137745513015], [120.22677523999971, 30.20915852951515], [120.22678732033796, 30.209201420008952], [120.2267564848032, 30.209265254128187], [120.22669091741066, 30.20934522361513], [120.2266547883589, 30.209362660449944], [120.22660258964838, 30.209372012842085], [120.22650886972893, 30.209364005720108], [120.22640716234284, 30.209316504628315], [120.2263509673788, 30.209271358346314]]]}}, {"type": "Feature", "properties": {"osm_id": 626403371, "name": "联慧科创中心", "kind": "building"}, "geometry": {"type": "Polygon", "coordinates": [[[120.23184475060359, 30.209655371305544], [120.23197981889797, 30.209657661109897], [120.23196817956656, 30.21015289891567], [120.23175734168231, 30.210149371288562], [120.23175863496442, 30.21009476709582], [120.23171481046306, 30.210094103118678], [120.23171341801215, 30.2101567078537], [120.23089813671328, 30.210143989999203], [120.23090281125903, 30.209934374015013], [120.23170212025316, 30.20994690514513], [120.23170033017465, 30.210030011377114], [120.23174125963263, 30.21003057770846], [120.23175091849014, 30.209732652728963], [120.23171288204367, 30.209707982625076], [120.23171726993624, 30.20965277586083], [120.23184475060359, 30.209655371305544]]]}}, {"type": "Feature", "properties": {"osm_id": 626403379, "name": "矽力杰大厦", "kind": "building"}, "geometry": {"type": "Polygon", "coordinates": [[[120.23330001488513, 30.209942532181095], [120.2332987980508, 30.209713120006647], [120.23389761105388, 30.209710365697198], [120.2338989277441, 30.20993967781612], [120.23330001488513, 30.209942532181095]]]}}, {"type": "Feature", "properties": {"osm_id": 626403382, "name": "矽力杰半导体产业化基地", "kind": "building"}, "geometry": {"type": "Polygon", "coordinates": [[[120.23264632570354, 30.210147153889903], [120.23264410863806, 30.209894041152907], [120.23259179697457, 30.20989438262873], [120.23258998330158, 30.209690772436023], [120.23326515168415, 30.209685744333253], [120.23326585717759, 30.20976684842019], [120.23314316142728, 30.20976774320968], [120.23314477362565, 30.209948852314234], [120.23288810287768, 30.20995065228044], [120.23288981600882, 30.21014536208986], [120.23264632570354, 30.210147153889903]]]}}, {"type": "Feature", "properties": {"osm_id": 626403385, "name": "世贸智慧之门裙楼", "kind": "building"}, "geometry": {"type": "Polygon", "coordinates": [[[120.2294832694417, 30.21507331810326], [120.22942527804278, 30.21511357273243], [120.22929201901266, 30.215095592048684], [120.22922923124122, 30.21506824733842], [120.22916863605657, 30.21499759816328], [120.22912291044547, 30.214885933096344], [120.22914177056343, 30.214820311976833], [120.22920724817185, 30.21478645038486], [120.22928540205609, 30.214742976874216], [120.22941745825159, 30.214700354977655], [120.22952426693577, 30.214731160724977], [120.22960163403714, 30.214819096626574], [120.2296068287255, 30.214868794957365], [120.22955043631708, 30.21493544949188], [120.22953716556545, 30.214998665196134], [120.2294832694417, 30.21507331810326]]]}}, {"type": "Feature", "properties": {"osm_id": 626531509, "name": "星耀城A座", "kind": "building"}, "geometry": {"type": "Polygon", "coordinates": [[[120.21427314369059, 30.21350224167033], [120.21424591059012, 30.213533880594508], [120.21424691128475, 30.213570881425547], [120.21399053906912, 30.21383064658559], [120.2143497111804, 30.21408447219322], [120.2143933049695, 30.214042610522043], [120.21444467987497, 30.213993237907058], [120.21449604417258, 30.21381415766718], [120.21433321754262, 30.213690771189118], [120.21447157985561, 30.21354917508073], [120.21457244807925, 30.213615642498315], [120.21485286688274, 30.21333384770207], [120.21478282673668, 30.213282538910917], [120.21486063692328, 30.213191428838496], [120.21478281451333, 30.21313423016713], [120.21474001237006, 30.213103986039467], [120.2146933219137, 30.2131040489943], [120.21463885090665, 30.21311752330466], [120.21458438361233, 30.213174900281402], [120.21427314369059, 30.21350224167033]]]}}, {"type": "Feature", "properties": {"osm_id": 626531510, "name": "星耀城B座", "kind": "building"}, "geometry": {"type": "Polygon", "coordinates": [[[120.21488007609439, 30.21300599176782], [120.2150590426197, 30.21282374095577], [120.21498511006904, 30.21275983626943], [120.21542085583444, 30.212290826960064], [120.21562318470353, 30.212270357374486], [120.21570110926255, 30.212330957854576], [120.21568494894923, 30.212358580833737], [120.21548941861217, 30.21255725150576], [120.21564756129385, 30.21267064859116], [120.21538429480319, 30.212944613975267], [120.21550601961889, 30.21303595763771], [120.21525751652224, 30.213268401945605], [120.21488007609439, 30.21300599176782]]]}}, {"type": "Feature", "properties": {"osm_id": 626538918, "name": "星耀城C座", "kind": "building"}, "geometry": {"type": "Polygon", "coordinates": [[[120.21585688951458, 30.212820081022834], [120.21579652661634, 30.212791558912755], [120.21564756129385, 30.21267064859116], [120.21548941861217, 30.21255725150576], [120.21568494894923, 30.212358580833737], [120.21598467572107, 30.212590499414528], [120.21594287595777, 30.212637157096335], [120.21600284165328, 30.212684981102374], [120.21585688951458, 30.212820081022834]]]}}, {"type": "Feature", "properties": {"osm_id": 626538922, "name": "金铂湾", "kind": "building"}, "geometry": {"type": "Polygon", "coordinates": [[[120.20976611795531, 30.213821752016727], [120.20933782958247, 30.214306514437734], [120.20931499460775, 30.214400153931546], [120.20933874280165, 30.214493924279523], [120.20940548055734, 30.21455512893202], [120.20970246053933, 30.21483270626564], [120.20988332300055, 30.21499844971668], [120.2099793833918, 30.214994608260778], [120.21006776096357, 30.214964276705008], [120.21014905316393, 30.21489525339426], [120.21017737520232, 30.214803406403448], [120.21015991237202, 30.214728327475157], [120.21002374102282, 30.214608319954078], [120.20996638725398, 30.214650206693886], [120.20973684107794, 30.21442653122418], [120.20971189809944, 30.214362964220864], [120.20971428667262, 30.21429695675558], [120.20973343465468, 30.214246125476006], [120.20993750479074, 30.213992809893217], [120.21000174907269, 30.214044118556874], [120.21005012436692, 30.213991744429524], [120.2100456319769, 30.213948648457162], [120.21000752347179, 30.213908402001813], [120.20990337518548, 30.213815949561546], [120.20983085429046, 30.213795655086038], [120.20976611795531, 30.213821752016727]]]}}, {"type": "Feature", "properties": {"osm_id": 626541581, "name": "星耀城二期大厦A座", "kind": "building"}, "geometry": {"type": "Polygon", "coordinates": [[[120.21622736682669, 30.211979945627764], [120.21644528046545, 30.21214287095956], [120.21648040222291, 30.212169126814846], [120.2167703160276, 30.211878434083275], [120.21651727821938, 30.211689250893073], [120.21625659726969, 30.211950605719046], [120.21622736682669, 30.211979945627764]]]}}, {"type": "Feature", "properties": {"osm_id": 626541584, "name": "星耀城二期大厦B座", "kind": "building"}, "geometry": {"type": "Polygon", "coordinates": [[[120.21659199073224, 30.211487442176118], [120.21686648072483, 30.211681398483147], [120.21700874509042, 30.211534106768156], [120.21698628841496, 30.211440930227848], [120.21693091097, 30.211400699151525], [120.2167055108265, 30.211236680567033], [120.21657861144438, 30.211367952594383], [120.21659199073224, 30.211487442176118]]]}}, {"type": "Feature", "properties": {"osm_id": 626541585, "name": "中财大厦", "kind": "building"}, "geometry": {"type": "Polygon", "coordinates": [[[120.2139204632515, 30.209692801452263], [120.21408458186337, 30.20978158212728], [120.21410612960618, 30.20976605183117], [120.21412348906097, 30.209772228500437], [120.21419541115796, 30.20967652499658], [120.21426603662754, 30.20958262350163], [120.2142693271754, 30.209562217862114], [120.21423370960156, 30.209542165183024], [120.21423670110003, 30.209524760119184], [120.2141918049552, 30.20949831974612], [120.21410091541016, 30.209444940630547], [120.21408684974409, 30.20945776055835], [120.21406250666355, 30.20944949332477], [120.21395746649017, 30.20958334455115], [120.21390848817911, 30.209650815456936], [120.21392684601835, 30.209667391261522], [120.2139204632515, 30.209692801452263]]]}}, {"type": "Feature", "properties": {"osm_id": 626541595, "name": "杭州市公安局滨江区分局", "kind": "building"}, "geometry": {"type": "Polygon", "coordinates": [[[120.21185129244272, 30.209170260961987], [120.21201736908432, 30.208935011664828], [120.21205906961832, 30.208957053778107], [120.21208999092966, 30.208913307477815], [120.2122484136815, 30.208997088091884], [120.2122151980557, 30.20904413770045], [120.21225949267023, 30.20906757643947], [120.212096307459, 30.209298720405684], [120.21203914374946, 30.209268399703284], [120.21200712528425, 30.209313747699877], [120.21185598626523, 30.209233757891315], [120.21188740611612, 30.209189310676805], [120.21185129244272, 30.209170260961987]]]}}, {"type": "Feature", "properties": {"osm_id": 626541598, "name": "浙江农资大厦", "kind": "building"}, "geometry": {"type": "Polygon", "coordinates": [[[120.20925123075992, 30.20927805006224], [120.20902818310793, 30.209178276521655], [120.20900035126641, 30.20915541674872], [120.20900693146619, 30.20911630470863], [120.20915155371054, 30.20894687954229], [120.2091874623424, 30.2089330253126], [120.20922327240007, 30.208932972042078], [120.2093865729901, 30.20905703655189], [120.20938657668778, 30.20910183908882], [120.20929501942987, 30.209260684009486], [120.20925123075992, 30.20927805006224]]]}}, {"type": "Feature", "properties": {"osm_id": 626568419, "name": "中化蓝天大厦B座", "kind": "building"}, "geometry": {"type": "Polygon", "coordinates": [[[120.21442601687396, 30.20906737691326], [120.21448836740502, 30.209034890572607], [120.21453944348107, 30.20898921884145], [120.21456946908422, 30.208943175618746], [120.21458283280676, 30.20888425421252], [120.21458472329142, 30.20882284818009], [120.21457494179634, 30.20876855833181], [120.21454630325265, 30.208697493044795], [120.21457792559688, 30.208657348009577], [120.21489300099918, 30.208831233199312], [120.21495366193473, 30.208865653698098], [120.21497391692913, 30.208894128136244], [120.21496504189142, 30.208945142932148], [120.21476304021812, 30.20925253193028], [120.21453366886672, 30.2091321347634], [120.21452299502134, 30.209144849930322], [120.21444407691989, 30.20909855419679], [120.21445415185947, 30.209082339620807], [120.21442601687396, 30.20906737691326]]]}}, {"type": "Feature", "properties": {"osm_id": 626568693, "name": "杭州市滨江人民检察院", "kind": "building"}, "geometry": {"type": "Polygon", "coordinates": [[[120.21076842624493, 30.208929102678844], [120.21183875197313, 30.209520998762166], [120.211935006993, 30.209391054492666], [120.21087006552088, 30.208806148486886], [120.21076842624493, 30.208929102678844]]]}}, {"type": "Feature", "properties": {"osm_id": 626574695, "name": "上座", "kind": "building"}, "geometry": {"type": "Polygon", "coordinates": [[[120.20856740690363, 30.207502071911712], [120.20883494269185, 30.20764077853733], [120.20894684812863, 30.207489402785715], [120.20901827156212, 30.207528798369207], [120.209085495035, 30.207439293130605], [120.20913117515691, 30.207378521684298], [120.20920697636421, 30.207277703241548], [120.20934212165781, 30.207089691962477], [120.2096220349407, 30.20725998691452], [120.20967290209471, 30.207190707924298], [120.20939897387083, 30.207026004074535], [120.2094845502675, 30.206914171043916], [120.2092957149136, 30.20680994532263], [120.20924095337277, 30.206822327385986], [120.20917592479304, 30.206920329552936], [120.20902220492212, 30.20684305430618], [120.20897941800189, 30.206908021765763], [120.20921633294134, 30.207036875915097], [120.20907909224731, 30.2072109899397], [120.20885634345937, 30.207093715997114], [120.20878433351331, 30.207195529433168], [120.20874693228083, 30.207248388399623], [120.2086801088395, 30.20734279383611], [120.20856740690363, 30.207502071911712]]]}}, {"type": "Feature", "properties": {"osm_id": 626574696, "name": "首座", "kind": "building"}, "geometry": {"type": "Polygon", "coordinates": [[[120.20798547204848, 30.208572110273547], [120.20825070810199, 30.20869551598063], [120.20831802958112, 30.208602309123542], [120.20853006815132, 30.20830907329771], [120.20857624605547, 30.208245300311003], [120.20846172219566, 30.208079963210263], [120.20817802944302, 30.207931982768734], [120.20804428554179, 30.20812689607333], [120.20820248963295, 30.208201560950705], [120.20809746921056, 30.2083554284182], [120.20794804278255, 30.208275450302352], [120.20780891498624, 30.208488873576105], [120.20798547204848, 30.208572110273547]]]}}, {"type": "Feature", "properties": {"osm_id": 626581843, "name": "滨江会展中心", "kind": "building"}, "geometry": {"type": "Polygon", "coordinates": [[[120.15954068023046, 30.18353264281031], [120.1595379699191, 30.183317038279306], [120.15992843245213, 30.183200338412007], [120.15997390682382, 30.183269860367908], [120.16045530651125, 30.183190197242784], [120.16049271463729, 30.183387138840352], [120.16024214391359, 30.183426988528943], [120.16025740421587, 30.183480363584977], [120.15997123754826, 30.1835434769861], [120.15995787059883, 30.183476897924013], [120.15968944918038, 30.183512877456568], [120.15954068023046, 30.18353264281031]]]}}, {"type": "Feature", "properties": {"osm_id": 626581848, "name": "创新大厦", "kind": "building"}, "geometry": {"type": "Polygon", "coordinates": [[[120.16101064510313, 30.183788227805763], [120.16104443763619, 30.183678062319625], [120.16124096098656, 30.18361600637761], [120.1613876341134, 30.183615342402327], [120.16148903914772, 30.183618759915426], [120.16161058564397, 30.18362554113716], [120.16168357527857, 30.18365351071352], [120.16172814711427, 30.183674531209647], [120.1616795025046, 30.183836226010996], [120.16157410670179, 30.183801314550173], [120.16150440926613, 30.183795839924286], [120.16144039526881, 30.183790955030027], [120.16139173841175, 30.1838086434205], [120.16130259933749, 30.18382640464001], [120.16118504163242, 30.18383011625289], [120.16116270305231, 30.183787954578523], [120.16101064510313, 30.183788227805763]]]}}, {"type": "Feature", "properties": {"osm_id": 626581865, "name": "三维大厦", "kind": "building"}, "geometry": {"type": "Polygon", "coordinates": [[[120.16421046961196, 30.18720607425976], [120.1642526337549, 30.18706679074642], [120.16440294928739, 30.18657039296373], [120.16490039198537, 30.186685485084002], [120.16475017719051, 30.187185183571067], [120.16470791366433, 30.18732576753525], [120.16421046961196, 30.18720607425976]]]}}, {"type": "Feature", "properties": {"osm_id": 626581866, "name": "恒生大厦", "kind": "building"}, "geometry": {"type": "Polygon", "coordinates": [[[120.16561169152887, 30.18551092308271], [120.16577243350265, 30.185720835855463], [120.16594863115432, 30.185950820776476], [120.16582031693085, 30.186020660831083], [120.16547261030115, 30.18559928341676], [120.16561169152887, 30.18551092308271]]]}}, {"type": "Feature", "properties": {"osm_id": 626581867, "name": "恒生B座", "kind": "building"}, "geometry": {"type": "Polygon", "coordinates": [[[120.1655957146919, 30.18641519287721], [120.16600747438733, 30.18615942138619], [120.16609840462188, 30.186154653136835], [120.16599683431336, 30.186497956203933], [120.1655957146919, 30.18641519287721]]]}}, {"type": "Feature", "properties": {"osm_id": 626600805, "name": "2号楼", "kind": "building"}, "geometry": {"type": "Polygon", "coordinates": [[[120.22578689130273, 30.219296427310827], [120.22588171146825, 30.21936513497296], [120.22594767552052, 30.219278862515093], [120.22575154939433, 30.21916125495178], [120.22557930291919, 30.219348943173983], [120.22556763050805, 30.21940525869427], [120.22565995309006, 30.21945336696209], [120.22578689130273, 30.219296427310827]]]}}, {"type": "Feature", "properties": {"osm_id": 626600806, "name": "7号楼", "kind": "building"}, "geometry": {"type": "Polygon", "coordinates": [[[120.22424160722527, 30.22105705374192], [120.22501655498434, 30.22104513340513], [120.225000976777, 30.220933842618766], [120.22424369227448, 30.22092664322134], [120.22424160722527, 30.22105705374192]]]}}, {"type": "Feature", "properties": {"osm_id": 626600808, "name": "3号楼", "kind": "building"}, "geometry": {"type": "Polygon", "coordinates": [[[120.22568746148268, 30.220210586402075], [120.22585842444214, 30.220184010146927], [120.22593836613251, 30.220158327216808], [120.22604465859018, 30.220155419240154], [120.22616073036586, 30.22012700015304], [120.22613567013985, 30.22001831859083], [120.2256624007769, 30.22009060450406], [120.22568746148268, 30.220210586402075]]]}}, {"type": "Feature", "properties": {"osm_id": 626600809, "name": "5号楼", "kind": "building"}, "geometry": {"type": "Polygon", "coordinates": [[[120.22507161658882, 30.220692753522155], [120.22521852364444, 30.22067189923702], [120.22530335416042, 30.22065140992416], [120.22538828631298, 30.2206499219401], [120.2255230186894, 30.220624281364227], [120.22550664135518, 30.220508090866623], [120.22503338263243, 30.220572785844276], [120.22504157255084, 30.220647882045498], [120.22507161658882, 30.220692753522155]]]}}, {"type": "Feature", "properties": {"osm_id": 626600821, "name": "2幢", "kind": "building"}, "geometry": {"type": "Polygon", "coordinates": [[[120.22142886139058, 30.21908766160547], [120.22161446895205, 30.219090447629583], [120.22161556266683, 30.21904224336089], [120.22176834057753, 30.219044568022255], [120.22176754563338, 30.219085571493736], [120.22188459942147, 30.219087337630338], [120.22188698500494, 30.218973327787896], [120.22180924845986, 30.21897221663971], [120.221810341985, 30.218921612231373], [120.22153222851858, 30.21891743159135], [120.22153103574244, 30.21897443652257], [120.22143134666483, 30.218972951571036], [120.22142886139058, 30.21908766160547]]]}}, {"type": "Feature", "properties": {"osm_id": 626600824, "name": "4幢", "kind": "building"}, "geometry": {"type": "Polygon", "coordinates": [[[120.22050278597453, 30.218445705608993], [120.22108034917203, 30.218446826618262], [120.22108083785365, 30.218322218316914], [120.22050327464449, 30.218321097299253], [120.22050278597453, 30.218445705608993]]]}}, {"type": "Feature", "properties": {"osm_id": 626600825, "name": "4号楼", "kind": "building"}, "geometry": {"type": "Polygon", "coordinates": [[[120.22520130121737, 30.219985773786384], [120.22557735468637, 30.21993088170522], [120.22554121210467, 30.219765008427203], [120.22516955014088, 30.219816196134754], [120.22520130121737, 30.219985773786384]]]}}, {"type": "Feature", "properties": {"osm_id": 626600827, "name": "6号楼", "kind": "building"}, "geometry": {"type": "Polygon", "coordinates": [[[120.22455958033545, 30.219993147820603], [120.22495389307943, 30.219995232520663], [120.22495537597368, 30.219823420155343], [120.22456116299804, 30.219821235324876], [120.22455958033545, 30.219993147820603]]]}}, {"type": "Feature", "properties": {"osm_id": 626600843, "name": "8号楼", "kind": "building"}, "geometry": {"type": "Polygon", "coordinates": [[[120.22398024880025, 30.22000556786707], [120.22437445352558, 30.22001124569879], [120.22437803217034, 30.219839431071275], [120.22398382738287, 30.21983365318949], [120.22398024880025, 30.22000556786707]]]}}, {"type": "Feature", "properties": {"osm_id": 626600859, "name": "9号楼", "kind": "building"}, "geometry": {"type": "Polygon", "coordinates": [[[120.22364188331446, 30.220574470358294], [120.2242149264137, 30.220636955627803], [120.22423307961301, 30.220513328368536], [120.22366003612721, 30.220450842777954], [120.22364188331446, 30.220574470358294]]]}}, {"type": "Feature", "properties": {"osm_id": 626600875, "name": "10号楼", "kind": "building"}, "geometry": {"type": "Polygon", "coordinates": [[[120.22295465569177, 30.220123097309816], [120.2234664107734, 30.22020073823622], [120.22349334520389, 30.220073300741916], [120.22297280804521, 30.219999469375253], [120.22295465569177, 30.220123097309816]]]}}, {"type": "Feature", "properties": {"osm_id": 626600929, "name": "19幢", "kind": "building"}, "geometry": {"type": "Polygon", "coordinates": [[[120.22306775421353, 30.218081244437965], [120.22308850975, 30.21806032018511], [120.22303920926146, 30.2180356732158], [120.22303680763247, 30.217955870942365], [120.22283482480583, 30.217958395408285], [120.22283373857697, 30.21809820526297], [120.22285748981975, 30.21810247908455], [120.22285669402868, 30.21813358189507], [120.22292026316107, 30.21813931156069], [120.22292685260459, 30.218176306530676], [120.22295768974128, 30.21818587288331], [120.22301796099364, 30.21813200271144], [120.22304321170547, 30.21816537680946], [120.22309809511094, 30.21812211341003], [120.22306775421353, 30.218081244437965]]]}}, {"type": "Feature", "properties": {"osm_id": 626600931, "name": "33幢", "kind": "building"}, "geometry": {"type": "Polygon", "coordinates": [[[120.22374448203477, 30.219454188260844], [120.22432211304113, 30.219455366593234], [120.22432260178924, 30.219330758267517], [120.22374497077081, 30.219329579926303], [120.22374448203477, 30.219454188260844]]]}}, {"type": "Feature", "properties": {"osm_id": 626600932, "name": "32幢", "kind": "building"}, "geometry": {"type": "Polygon", "coordinates": [[[120.22313533867255, 30.219580363126454], [120.22371295669124, 30.219581530479104], [120.22371344542657, 30.219456922134786], [120.22313582739585, 30.219455754773385], [120.22313533867255, 30.219580363126454]]]}}, {"type": "Feature", "properties": {"osm_id": 626600938, "name": "29幢", "kind": "building"}, "geometry": {"type": "Polygon", "coordinates": [[[120.22317972244254, 30.219277495165965], [120.22375734140772, 30.219278663315396], [120.22375783014408, 30.219154054993854], [120.22318021116688, 30.21915288683567], [120.22317972244254, 30.219277495165965]]]}}, {"type": "Feature", "properties": {"osm_id": 626600939, "name": "13幢", "kind": "building"}, "geometry": {"type": "Polygon", "coordinates": [[[120.22165606862782, 30.217726315122935], [120.22223365559593, 30.21772745620842], [120.22223414430135, 30.217602847976384], [120.22165655732144, 30.217601706882345], [120.22165606862782, 30.217726315122935]]]}}, {"type": "Feature", "properties": {"osm_id": 626600940, "name": "14幢", "kind": "building"}, "geometry": {"type": "Polygon", "coordinates": [[[120.22145092668846, 30.21802106981295], [120.2220285093958, 30.21802220730124], [120.22202899809692, 30.217897599044782], [120.22145141537777, 30.21789646154797], [120.22145092668846, 30.21802106981295]]]}}, {"type": "Feature", "properties": {"osm_id": 626600948, "name": "5幢", "kind": "building"}, "geometry": {"type": "Polygon", "coordinates": [[[120.22062778982837, 30.21811303717318], [120.22120535558564, 30.218114160341027], [120.22120584426993, 30.217989552065664], [120.22062827850097, 30.2179884288894], [120.22062778982837, 30.21811303717318]]]}}, {"type": "Feature", "properties": {"osm_id": 626600959, "name": "15幢", "kind": "building"}, "geometry": {"type": "Polygon", "coordinates": [[[120.22138199776643, 30.218324168328323], [120.2219595790423, 30.218325304610495], [120.22196006774189, 30.218200696331035], [120.22138248645423, 30.218199560040343], [120.22138199776643, 30.218324168328323]]]}}, {"type": "Feature", "properties": {"osm_id": 626600960, "name": "20幢", "kind": "building"}, "geometry": {"type": "Polygon", "coordinates": [[[120.2232983839617, 30.21812689290397], [120.22387600546462, 30.218128063186022], [120.2238764942039, 30.21800345494995], [120.22325324083832, 30.217693115769794], [120.22321611602702, 30.217680455874582], [120.22316721799142, 30.21769841089728], [120.22307282254097, 30.21782362291216], [120.22333210085276, 30.217957345371246], [120.22334737333303, 30.218003231437685], [120.22329887268897, 30.218002284659125], [120.2232983839617, 30.21812689290397]]]}}, {"type": "Feature", "properties": {"osm_id": 626600961, "name": "27幢", "kind": "building"}, "geometry": {"type": "Polygon", "coordinates": [[[120.22327769528219, 30.21896256757791], [120.22385531633405, 30.218963737488], [120.22385580507259, 30.218839129190908], [120.2232781840087, 30.21883795927205], [120.22327769528219, 30.21896256757791]]]}}, {"type": "Feature", "properties": {"osm_id": 626600962, "name": "22幢", "kind": "building"}, "geometry": {"type": "Polygon", "coordinates": [[[120.22388012417744, 30.218456579096298], [120.22445775810313, 30.21845775988616], [120.22445824685447, 30.21833315163516], [120.22388061291669, 30.218331970836456], [120.22388012417744, 30.218456579096298]]]}}, {"type": "Feature", "properties": {"osm_id": 626600967, "name": "23幢", "kind": "building"}, "geometry": {"type": "Polygon", "coordinates": [[[120.22454431178211, 30.21878968863576], [120.22512196001148, 30.218790881525766], [120.22512244877669, 30.21866627326091], [120.22454480053514, 30.218665080361983], [120.22454431178211, 30.21878968863576]]]}}, {"type": "Feature", "properties": {"osm_id": 626600968, "name": "28幢", "kind": "building"}, "geometry": {"type": "Polygon", "coordinates": [[[120.22386271605326, 30.219142640651768], [120.22444034959678, 30.21914382112608], [120.22444083834748, 30.219019212824914], [120.22386320479188, 30.219018032341754], [120.22386271605326, 30.219142640651768]]]}}, {"type": "Feature", "properties": {"osm_id": 626600969, "name": "26幢", "kind": "building"}, "geometry": {"type": "Polygon", "coordinates": [[[120.22327667354858, 30.218673450691643], [120.22385429458248, 30.218674620583304], [120.2238547833211, 30.218550012307222], [120.22327716227518, 30.218548842406797], [120.22327667354858, 30.218673450691643]]]}}, {"type": "Feature", "properties": {"osm_id": 626600972, "name": "21幢", "kind": "building"}, "geometry": {"type": "Polygon", "coordinates": [[[120.22328463503992, 30.218404425220342], [120.22386225624669, 30.21840559525514], [120.22386274498558, 30.21828098699872], [120.22328512376679, 30.21827981695516], [120.22328463503992, 30.218404425220342]]]}}, {"type": "Feature", "properties": {"osm_id": 626600974, "name": "6幢", "kind": "building"}, "geometry": {"type": "Polygon", "coordinates": [[[120.22088970382123, 30.217812410395922], [120.22124354884231, 30.217804496796244], [120.22124044640624, 30.217694993648553], [120.22088660143146, 30.21770300728679], [120.22088970382123, 30.217812410395922]]]}}, {"type": "Feature", "properties": {"osm_id": 626600975, "name": "8幢", "kind": "building"}, "geometry": {"type": "Polygon", "coordinates": [[[120.2213780131829, 30.217196003358403], [120.22179982101846, 30.217185916927452], [120.22179681925019, 30.217087814350272], [120.22137501145075, 30.21709780081279], [120.2213780131829, 30.217196003358403]]]}}, {"type": "Feature", "properties": {"osm_id": 626600976, "name": "7幢", "kind": "building"}, "geometry": {"type": "Polygon", "coordinates": [[[120.22112058554961, 30.217502321309187], [120.22147672875975, 30.217496107619287], [120.2214737267127, 30.217394204820565], [120.2211175838443, 30.217404118769366], [120.22112058554961, 30.217502321309187]]]}}, {"type": "Feature", "properties": {"osm_id": 626600979, "name": "10幢", "kind": "building"}, "geometry": {"type": "Polygon", "coordinates": [[[120.22181111314964, 30.217378815840295], [120.22223292754315, 30.217368734951474], [120.22222992572897, 30.21727063232436], [120.22180811137189, 30.217280613244988], [120.22181111314964, 30.217378815840295]]]}}, {"type": "Feature", "properties": {"osm_id": 626640156, "name": "瑞晶国际", "kind": "building"}, "geometry": {"type": "Polygon", "coordinates": [[[120.20939912924328, 30.23669290813646], [120.20977512312673, 30.237108482721283], [120.20994728413281, 30.236991520740062], [120.20957128840915, 30.236575944639288], [120.20939912924328, 30.23669290813646]]]}}, {"type": "Feature", "properties": {"osm_id": 626788429, "name": "天恒大厦B座", "kind": "building"}, "geometry": {"type": "Polygon", "coordinates": [[[120.21163935492697, 30.212143434420163], [120.21174807747907, 30.211995470650457], [120.2117393909581, 30.211902377600993], [120.2118390475629, 30.211895335239703], [120.21184623646614, 30.211972829531067], [120.21201543248485, 30.21206409446253], [120.21194052317698, 30.212168106885798], [120.21188685989398, 30.212242687518156], [120.2118435663686, 30.212255849872733], [120.21163935492697, 30.212143434420163]]]}}, {"type": "Feature", "properties": {"osm_id": 626788441, "name": "寰宇天下", "kind": "building"}, "geometry": {"type": "Polygon", "coordinates": [[[120.21387441084985, 30.214997875327995], [120.21387580089863, 30.214917368587017], [120.21377334405372, 30.214916109079343], [120.2137737411185, 30.214892007087077], [120.21362459567256, 30.214890312100493], [120.21362429808363, 30.21491091374713], [120.21343255495044, 30.21490907819344], [120.21343295188714, 30.214883476107858], [120.21330495750985, 30.214882453179182], [120.21330475953711, 30.21490125458211], [120.2131992119513, 30.21490050092677], [120.21319832155542, 30.214990907592714], [120.21329578844832, 30.214991572437818], [120.21329549110997, 30.215015174268167], [120.21333250266741, 30.215015423009426], [120.21333220526276, 30.21503822479181], [120.21339535445821, 30.215038637415258], [120.21339555267068, 30.215022736185293], [120.21344493482995, 30.21502306793082], [120.21344513273765, 30.215003466479317], [120.2136137310191, 30.215005033955368], [120.21361343346325, 30.215026035627442], [120.21366650718997, 30.21502656258597], [120.21366620938625, 30.21504456407787], [120.21373444716531, 30.21504527027705], [120.21373494377805, 30.215018567989492], [120.21377654495305, 30.215019010865113], [120.21377694216628, 30.214996708979417], [120.21387441084985, 30.214997875327995]]]}}, {"type": "Feature", "properties": {"osm_id": 626788457, "name": "丹枫幼儿园", "kind": "building"}, "geometry": {"type": "Polygon", "coordinates": [[[120.21820215045712, 30.21507490222868], [120.21817321447168, 30.21506803804324], [120.2181495653701, 30.21504496628217], [120.21807921977224, 30.215011352480712], [120.21805696789356, 30.214991579227604], [120.218057956603, 30.214881571379866], [120.21786598663131, 30.214882913041375], [120.21783445644941, 30.214871852156506], [120.21782776342882, 30.21477445476156], [120.2178518078616, 30.21475482324259], [120.21807590591057, 30.21475364117191], [120.21807769268798, 30.214641832230157], [120.21804995125548, 30.214599864547523], [120.2180013639372, 30.21464802848676], [120.21796663870234, 30.21461197000521], [120.21803607881127, 30.214557779454275], [120.21808467113617, 30.214569719155122], [120.2181055170986, 30.214479487603835], [120.21818184364807, 30.21444328978443], [120.21825827413363, 30.214455194877452], [120.21827903480332, 30.214539373967632], [120.218223562959, 30.214593546557882], [120.21816100308334, 30.21459972524323], [120.21811231381244, 30.214623687706904], [120.21811231695013, 30.21466178998468], [120.21855273641408, 30.214664740595744], [120.21858476591098, 30.214671601257084], [120.21859285626643, 30.21477219724999], [120.21855683761933, 30.214789642990016], [120.2181243013407, 30.214797083065246], [120.2181083441512, 30.21488380827919], [120.2181363815108, 30.214883773122427], [120.21827248525493, 30.21497380819489], [120.21828046974417, 30.21500149988254], [120.21820215045712, 30.21507490222868]]]}}, {"type": "Feature", "properties": {"osm_id": 626794971, "name": "杭州高新技术产业开发区（滨江）城市管理局", "kind": "building"}, "geometry": {"type": "Polygon", "coordinates": [[[120.22080799676863, 30.215607271651006], [120.220836133794, 30.21557393658062], [120.22086227922313, 30.215590506886734], [120.22093621394133, 30.215502814900578], [120.22092104282832, 30.215460030092956], [120.2209546679971, 30.215423688513013], [120.2214248943069, 30.21574686079715], [120.22132810765322, 30.2158449788322], [120.22121015961038, 30.215861616824974], [120.22080799676863, 30.215607271651006]]]}}, {"type": "Feature", "properties": {"osm_id": 626794973, "name": "1号楼", "kind": "building"}, "geometry": {"type": "Polygon", "coordinates": [[[120.2263268867608, 30.21987021682979], [120.22640763591268, 30.219936740105762], [120.2265890714574, 30.21976534829902], [120.22639572970104, 30.219581629706802], [120.22638535043703, 30.21958954059526], [120.22634522580825, 30.219561479041992], [120.22625790259985, 30.219652772453575], [120.22635322507533, 30.219740682272153], [120.22634194776545, 30.219750994227052], [120.22639963983504, 30.219796539289113], [120.22632778388592, 30.21985641506155], [120.22633526994248, 30.219863207979202], [120.2263268867608, 30.21987021682979]]]}}, {"type": "Feature", "properties": {"osm_id": 626794975, "name": "34幢", "kind": "building"}, "geometry": {"type": "Polygon", "coordinates": [[[120.2243935726954, 30.219496893008234], [120.22438927166087, 30.21937939022713], [120.22481382135237, 30.21937894082642], [120.22489695657512, 30.21939025420701], [120.225137686925, 30.219496109207054], [120.22504138552796, 30.219587115356106], [120.22489257435902, 30.219500165691684], [120.22480943852516, 30.219481251846165], [120.22478319339544, 30.21951158136539], [120.2243935726954, 30.219496893008234]]]}}, {"type": "Feature", "properties": {"osm_id": 626794976, "name": "24幢", "kind": "building"}, "geometry": {"type": "Polygon", "coordinates": [[[120.22468025924897, 30.219028559678023], [120.22467585836891, 30.218911056995637], [120.225100412617, 30.218910611445164], [120.22518364853718, 30.21892192547534], [120.22542438148486, 30.21902778264234], [120.2253280790466, 30.21911878788711], [120.225179266273, 30.21903183688996], [120.22509602974182, 30.219012922396995], [120.22506978432945, 30.21904325166927], [120.22468025924897, 30.219028559678023]]]}}, {"type": "Feature", "properties": {"osm_id": 626794977, "name": "25幢", "kind": "building"}, "geometry": {"type": "Polygon", "coordinates": [[[120.2238768604219, 30.21881600497678], [120.22445449427293, 30.21881718570752], [120.22445498302407, 30.218692577430346], [120.22387734916093, 30.218691396690765], [120.2238768604219, 30.21881600497678]]]}}, {"type": "Feature", "properties": {"osm_id": 626794978, "name": "3幢", "kind": "building"}, "geometry": {"type": "Polygon", "coordinates": [[[120.22098637871939, 30.21879975836811], [120.22117198335549, 30.218802541919032], [120.22117307705253, 30.21875433764384], [120.22132595233724, 30.21875666014836], [120.22132505761788, 30.21879766373932], [120.22144210955254, 30.218799428308852], [120.22144449509713, 30.218685418453585], [120.22136675978332, 30.218684308346447], [120.22136785329069, 30.218633703931967], [120.2210897442176, 30.218629527006346], [120.2210885514608, 30.2186865319439], [120.22098886395344, 30.218685048319863], [120.22098637871939, 30.21879975836811]]]}}, {"type": "Feature", "properties": {"osm_id": 626794979, "name": "16幢", "kind": "building"}, "geometry": {"type": "Polygon", "coordinates": [[[120.22152921051664, 30.218621716659413], [120.2218830636055, 30.218613809878136], [120.22187996109989, 30.218504306618936], [120.2215261080577, 30.218512313439142], [120.22152921051664, 30.218621716659413]]]}}, {"type": "Feature", "properties": {"osm_id": 626794981, "name": "12幢", "kind": "building"}, "geometry": {"type": "Polygon", "coordinates": [[[120.2223136971233, 30.21783287219273], [120.22254661157888, 30.21782760958204], [120.22266766001435, 30.21782487375783], [120.2226644576299, 30.217715370586266], [120.22231059457079, 30.217723368942625], [120.2223136971233, 30.21783287219273]]]}}, {"type": "Feature", "properties": {"osm_id": 626794983, "name": "11幢", "kind": "building"}, "geometry": {"type": "Polygon", "coordinates": [[[120.22231855358842, 30.21742774174964], [120.22257611697367, 30.217423751597032], [120.22257740526997, 30.217314243422674], [120.22231545104371, 30.217318338530955], [120.22231855358842, 30.21742774174964]]]}}, {"type": "Feature", "properties": {"osm_id": 626794985, "name": "9幢", "kind": "building"}, "geometry": {"type": "Polygon", "coordinates": [[[120.22191966096288, 30.21708907394953], [120.22217722062875, 30.21708498065343], [120.22217850890554, 30.216975472484805], [120.22191655845366, 30.216979570783895], [120.22191966096288, 30.21708907394953]]]}}, {"type": "Feature", "properties": {"osm_id": 626794987, "name": "18幢", "kind": "building"}, "geometry": {"type": "Polygon", "coordinates": [[[120.22266320366889, 30.218242304556615], [120.22268385909756, 30.218221280148356], [120.22263455933637, 30.21819663379162], [120.22263225754313, 30.21811693143504], [120.22243017789084, 30.21811935852126], [120.22242919147145, 30.2182591682902], [120.22245294236494, 30.21826344181697], [120.22245214658587, 30.218294544640305], [120.22251561499029, 30.218300273627957], [120.22252230413781, 30.218337368413497], [120.22255314081218, 30.218346834377005], [120.22261331138291, 30.21829296356119], [120.22263856172259, 30.21832633734757], [120.22269344431758, 30.21828307325948], [120.22266320366889, 30.218242304556615]]]}}, {"type": "Feature", "properties": {"osm_id": 626794988, "name": "17幢", "kind": "building"}, "geometry": {"type": "Polygon", "coordinates": [[[120.2224038866682, 30.218774428803922], [120.2224246417024, 30.218753504118617], [120.22237534240539, 30.218728858146225], [120.22237294083304, 30.218649055889554], [120.22217096288082, 30.218651584473946], [120.22216987668055, 30.218791394407276], [120.22219362734275, 30.21879556774084], [120.22219283157962, 30.21882677058637], [120.22225639917907, 30.218832498959344], [120.22226298846424, 30.218869493809997], [120.22229382485683, 30.21887905953782], [120.22235409465269, 30.218825188114568], [120.22237934475488, 30.21885856171064], [120.22243422683258, 30.21881529717268], [120.2224038866682, 30.218774428803922]]]}}, {"type": "Feature", "properties": {"osm_id": 626794989, "name": "30幢", "kind": "building"}, "geometry": {"type": "Polygon", "coordinates": [[[120.22295730374758, 30.21955925890933], [120.22281169812553, 30.219480615909866], [120.2228344494379, 30.219460889328033], [120.22284023690831, 30.219454082456636], [120.2227586046896, 30.219440172584626], [120.22269004409041, 30.21940784714616], [120.22263814763068, 30.219358002092605], [120.22261419373446, 30.219314126176535], [120.2226215759268, 30.219284016021806], [120.22267306846076, 30.219276457906364], [120.22274791462887, 30.219292175249812], [120.22280829250083, 30.219326910077584], [120.22285978842051, 30.219356254564403], [120.22288303749951, 30.219321426518917], [120.22287684585123, 30.219267530033246], [120.2229141660865, 30.21923518651812], [120.22285808108451, 30.21922444821739], [120.22279590658188, 30.219186815120768], [120.22275229376106, 30.219149061412697], [120.22273981605427, 30.219105972650787], [120.22277723678513, 30.219084429543326], [120.22287683210408, 30.219100419602828], [120.22297014386523, 30.219154219301856], [120.22300746422778, 30.219121875896324], [120.22303779915933, 30.219091040363477], [120.22305485956427, 30.219037118108716], [120.22304118648286, 30.21902193229794], [120.22297392508344, 30.21902100678758], [120.22290047525603, 30.219003387253906], [120.22285945706955, 30.21896763064612], [120.22286174913272, 30.218928825675096], [120.22289926963471, 30.21890498245629], [120.22297012259105, 30.218895603183995], [120.2230697181672, 30.21890619349819], [120.22314436675089, 30.218933112671735], [120.22316931854824, 30.218970787482238], [120.22311323656862, 30.219003151426342], [120.22309457985844, 30.219062475751368], [120.22306973590348, 30.219121806934634], [120.22304069841124, 30.219154441113776], [120.22300367703231, 30.219182483881337], [120.22300348153252, 30.219232187205556], [120.22295069161547, 30.219246546661658], [120.22292125511514, 30.219279681424684], [120.22292944196134, 30.219325175177072], [120.22291427606524, 30.219358994143043], [120.2229951132322, 30.219407407449022], [120.22295730374758, 30.21955925890933]]]}}, {"type": "Feature", "properties": {"osm_id": 626794990, "name": "1幢", "kind": "building"}, "geometry": {"type": "Polygon", "coordinates": [[[120.22219447341331, 30.219375803018202], [120.22221522828163, 30.219354778186393], [120.2221658295673, 30.21933013263412], [120.22216352781209, 30.219250430257816], [120.22196145159087, 30.21925286024117], [120.2219604651902, 30.219392670116772], [120.221984215681, 30.219396943306513], [120.2219834199159, 30.219428046161838], [120.22204688724351, 30.219433774244514], [120.22205357627801, 30.219470868958794], [120.2220844124289, 30.219480334486683], [120.22214458197647, 30.21942646277235], [120.22216993167851, 30.219459836105347], [120.22222481333945, 30.219416571200803], [120.22219447341331, 30.219375803018202]]]}}, {"type": "Feature", "properties": {"osm_id": 626794991, "name": "31幢", "kind": "building"}, "geometry": {"type": "Polygon", "coordinates": [[[120.22271112701334, 30.219730843842477], [120.22273178248547, 30.21970991945262], [120.22268248263995, 30.219685273001872], [120.22268008104946, 30.219605570684223], [120.22247810084556, 30.219607997364015], [120.22247701463267, 30.219747807365327], [120.22250076556652, 30.219752080930594], [120.22249996978623, 30.21978318377983], [120.22256353809122, 30.219788912753486], [120.22257022724206, 30.21982590757485], [120.22260096418452, 30.21983547371005], [120.22266123465053, 30.21978160282397], [120.22268648503345, 30.219814976676545], [120.2227413677221, 30.219771712631616], [120.22271112701334, 30.219730843842477]]]}}, {"type": "Feature", "properties": {"osm_id": 626860230, "name": "南区7号楼", "kind": "building"}, "geometry": {"type": "Polygon", "coordinates": [[[120.23475434250263, 30.236687089840228], [120.23528209165994, 30.2365413052157], [120.23522546848544, 30.236387833663354], [120.2346978204193, 30.236533719263225], [120.23475434250263, 30.236687089840228]]]}}, {"type": "Feature", "properties": {"osm_id": 626860232, "name": "南区5号楼", "kind": "building"}, "geometry": {"type": "Polygon", "coordinates": [[[120.23336529314305, 30.236534709790252], [120.23449352034372, 30.23618834188238], [120.23441922522397, 30.23600658277132], [120.23329100149532, 30.236353153583774], [120.23336529314305, 30.236534709790252]]]}}, {"type": "Feature", "properties": {"osm_id": 627046437, "name": "安恒大厦", "kind": "building"}, "geometry": {"type": "Polygon", "coordinates": [[[120.22827073403161, 30.209428902789465], [120.22826933684738, 30.209431504250528], [120.22826704128688, 30.209433506521844], [120.228264246615, 30.20943500923401], [120.2282609527908, 30.20943551235873], [120.22825765889311, 30.20943511543264], [120.22825466436412, 30.209433818174176], [120.22825236848459, 30.209431920224855], [120.2282506714321, 30.20942932167271], [120.22825007230138, 30.209426322065347], [120.22825077073689, 30.209423121226347], [120.2282526669822, 30.20942041928945], [120.22825546161175, 30.2094184165478], [120.22825885520004, 30.209417313294534], [120.22826254832142, 30.2094173098227], [120.22826594209134, 30.2094184066953], [120.22826883687324, 30.20942050409416], [120.22827063375752, 30.20942330256488], [120.22827113304994, 30.209426002249383], [120.22827073403161, 30.209428902789465]]]}}, {"type": "Feature", "properties": {"osm_id": 627046439, "name": "安恒大厦", "kind": "building"}, "geometry": {"type": "Polygon", "coordinates": [[[120.22826304818044, 30.20942690989935], [120.22826264897333, 30.209427510308767], [120.2282620501216, 30.209427910894476], [120.22826125163348, 30.209428211662175], [120.22826045312074, 30.20942821241284], [120.22825975439747, 30.20942791305263], [120.22825905567423, 30.209427613692434], [120.22825875617448, 30.209426913934152], [120.22825845668295, 30.209426314181563], [120.22825865626183, 30.209425713959767], [120.2282589556548, 30.209425113644137], [120.22825935487829, 30.209424713246044], [120.22826005354405, 30.209424312566444], [120.22826075223446, 30.20942421190392], [120.22826145094132, 30.209424311252782], [120.22826214965642, 30.20942451060734], [120.22826264876798, 30.209425010166633], [120.22826304806544, 30.209425509819752], [120.22826324775114, 30.2094262096719], [120.22826304818044, 30.20942690989935]]]}}, {"type": "Feature", "properties": {"osm_id": 627052858, "name": "大华江虹国际", "kind": "building"}, "geometry": {"type": "Polygon", "coordinates": [[[120.2253862800394, 30.20959875908348], [120.22551760277031, 30.209374210843023], [120.22556170978882, 30.209298761182204], [120.2252319494985, 30.209167794442187], [120.22519113630058, 30.20924074099497], [120.22506799860199, 30.209461181809296], [120.2253862800394, 30.20959875908348]]]}}, {"type": "Feature", "properties": {"osm_id": 627052890, "name": "滨江区疾病预防控制中心", "kind": "building"}, "geometry": {"type": "Polygon", "coordinates": [[[120.22535039762907, 30.194376091037373], [120.22569771370793, 30.19436903327065], [120.22569769558811, 30.19414842252195], [120.22529628580004, 30.194148835978893], [120.22528082845871, 30.194295959180245], [120.22527424413379, 30.194328267585796], [120.22527923688095, 30.19436006396159], [120.22530688340349, 30.19437413599409], [120.22535039762907, 30.194376091037373]]]}}, {"type": "Feature", "properties": {"osm_id": 627052891, "name": "西兴街道社区卫生服务中心", "kind": "building"}, "geometry": {"type": "Polygon", "coordinates": [[[120.22446246306774, 30.194349020957073], [120.22506176676829, 30.194349289688496], [120.22506175080639, 30.194154980222116], [120.22441713786091, 30.1941518595408], [120.22438859804159, 30.194186191601847], [120.22438631210478, 30.194301199649253], [120.22439140448597, 30.19433299577789], [120.22441905008942, 30.194347067032457], [120.22446246306774, 30.194349020957073]]]}}, {"type": "Feature", "properties": {"osm_id": 627090519, "name": "星光百货中心", "kind": "building"}, "geometry": {"type": "Polygon", "coordinates": [[[120.21029851601278, 30.20684296965562], [120.21025202883509, 30.206812635929293], [120.2103135694802, 30.206731741490152], [120.21035437034725, 30.206756183259092], [120.21039735899375, 30.206697817285225], [120.21083918773532, 30.206945488842816], [120.2107463270666, 30.207070630374204], [120.21079560791547, 30.207099660545413], [120.21072907935296, 30.207188261941123], [120.21024345865762, 30.206916054205255], [120.21029851601278, 30.20684296965562]]]}}, {"type": "Feature", "properties": {"osm_id": 627090520, "name": "新大集团大厦", "kind": "building"}, "geometry": {"type": "Polygon", "coordinates": [[[120.20720861761548, 30.208088967562208], [120.20724122931193, 30.20803311442552], [120.20721060654111, 30.208016860461417], [120.20725269306296, 30.207950492216792], [120.2072804229973, 30.20796325044449], [120.20734165917291, 30.207880652044306], [120.20740948810214, 30.20791325011035], [120.20743252713366, 30.207889413552543], [120.20767331999014, 30.20799315198214], [120.20763881318577, 30.208054207979497], [120.20769098215435, 30.208080930016056], [120.2076316417828, 30.20817832588492], [120.20759473476141, 30.20816218123775], [120.20754387096096, 30.208236563009425], [120.20720861761548, 30.208088967562208]]]}}, {"type": "Feature", "properties": {"osm_id": 627092022, "name": "苏泊尔大厦", "kind": "building"}, "geometry": {"type": "Polygon", "coordinates": [[[120.2087035118544, 30.206885133268774], [120.20868854883783, 30.206875355162406], [120.20866790327987, 30.206902987662986], [120.20868206815517, 30.206910966859404], [120.20863200073883, 30.2069843460571], [120.20861813519275, 30.20697716647196], [120.2086109540923, 30.206986177754363], [120.20813045014722, 30.206721587198686], [120.2082601064828, 30.206547681643332], [120.20844943575361, 30.206659502440356], [120.20856754214103, 30.206723628381656], [120.20875786979839, 30.20682694857437], [120.20873522801568, 30.206839783210732], [120.2087035118544, 30.206885133268774]]]}}, {"type": "Feature", "properties": {"osm_id": 627094154, "name": "康恩贝大厦", "kind": "building"}, "geometry": {"type": "Polygon", "coordinates": [[[120.20919478506572, 30.20580413982461], [120.20932296598842, 30.205836151076735], [120.20937044933612, 30.20586528220545], [120.20938691143832, 30.205905960022346], [120.20936905901014, 30.205940088382018], [120.20957644895314, 30.20605158734315], [120.20960008791911, 30.206028351115727], [120.20981865241816, 30.206152735476724], [120.20986463690362, 30.2061423672009], [120.20992299335657, 30.206164982601106], [120.20996758745517, 30.206227320493422], [120.20995263160407, 30.206310847080893], [120.20990435557482, 30.206355820542022], [120.20987293285134, 30.20634336608309], [120.20963295960739, 30.20667943850718], [120.20940990939239, 30.2065778629935], [120.20934814767845, 30.206378143563526], [120.20925576749123, 30.206233772796406], [120.20928010002544, 30.20615643237215], [120.20909525842009, 30.20608490345922], [120.20911410662613, 30.206031672445754], [120.20919478506572, 30.20580413982461]]]}}, {"type": "Feature", "properties": {"osm_id": 627119003, "name": "海康威视3期", "kind": "building"}, "geometry": {"type": "Polygon", "coordinates": [[[120.22356016987753, 30.209894116116093], [120.22352314132941, 30.20984365365599], [120.22356444820015, 30.209737002468916], [120.22360386224115, 30.209669755652474], [120.22364747199002, 30.209653507229223], [120.22369367753642, 30.209649556745408], [120.2238009628823, 30.209693242800025], [120.22388220061328, 30.209726156749948], [120.22438490199188, 30.20993052892749], [120.22440975617177, 30.209980805337214], [120.22439878352375, 30.210045120702418], [120.22433571907048, 30.210150793976158], [120.22426935495598, 30.210178066410236], [120.22419310761883, 30.210164947253414], [120.2237377142693, 30.209969627199193], [120.2236552792151, 30.209934314777414], [120.22356016987753, 30.209894116116093]]]}}, {"type": "Feature", "properties": {"osm_id": 627139355, "name": "电魂网络", "kind": "building"}, "geometry": {"type": "Polygon", "coordinates": [[[120.21522088535144, 30.186421359698393], [120.21524879999079, 30.186174711397513], [120.21481461330508, 30.186166892759353], [120.21482211704779, 30.186425194239817], [120.21522088535144, 30.186421359698393]]]}}, {"type": "Feature", "properties": {"osm_id": 627154292, "name": "百合苑69栋", "kind": "building"}, "geometry": {"type": "Polygon", "coordinates": [[[120.2029265405792, 30.204444330434196], [120.20324110479028, 30.20449522339744], [120.20352585493669, 30.204597869185015], [120.20356613957733, 30.204498598883337], [120.20328138728789, 30.20437335165118], [120.20296692169921, 30.204312657749867], [120.2029265405792, 30.204444330434196]]]}}, {"type": "Feature", "properties": {"osm_id": 627154295, "name": "百合苑62栋", "kind": "building"}, "geometry": {"type": "Polygon", "coordinates": [[[120.20205443988675, 30.203941926756485], [120.2023243231432, 30.20405749090312], [120.20263140512093, 30.20413429373696], [120.20266420735206, 30.204015633888027], [120.20238694474386, 30.20393558194704], [120.2021544606608, 30.203823156351245], [120.20205443988675, 30.203941926756485]]]}}, {"type": "Feature", "properties": {"osm_id": 627924439, "name": "国家级科技企业孵化器", "kind": "building"}, "geometry": {"type": "Polygon", "coordinates": [[[120.19405148503162, 30.18609723137501], [120.19459104916898, 30.186101077723183], [120.19459522261512, 30.185924262461484], [120.19405575778036, 30.185915915706115], [120.19405148503162, 30.18609723137501]]]}}, {"type": "Feature", "properties": {"osm_id": 627924441, "name": "国家级科技企业孵化器", "kind": "building"}, "geometry": {"type": "Polygon", "coordinates": [[[120.19519964541897, 30.185174965519014], [120.1955280163686, 30.185174889848593], [120.19551693208447, 30.184986900941393], [120.19521029988442, 30.18499003863801], [120.19519964541897, 30.185174965519014]]]}}, {"type": "Feature", "properties": {"osm_id": 627924444, "name": "国家级科技企业孵化器", "kind": "building"}, "geometry": {"type": "Polygon", "coordinates": [[[120.19338400936158, 30.185103172531967], [120.19398698781508, 30.18512050221166], [120.19399106144343, 30.184942987146094], [120.19364315398988, 30.184932804088362], [120.19340702874528, 30.184925923721543], [120.19338400936158, 30.185103172531967]]]}}, {"type": "Feature", "properties": {"osm_id": 627924446, "name": "国家级科技企业孵化器", "kind": "building"}, "geometry": {"type": "Polygon", "coordinates": [[[120.19346193657682, 30.184504207431278], [120.19366854592037, 30.184505640158616], [120.19407568400466, 30.184508418078316], [120.19407566626377, 30.18429430871185], [120.19348983888779, 30.18428924835578], [120.19346193657682, 30.184504207431278]]]}}, {"type": "Feature", "properties": {"osm_id": 627924447, "name": "国家级科技企业孵化器", "kind": "building"}, "geometry": {"type": "Polygon", "coordinates": [[[120.19418418770144, 30.184664332842598], [120.19439598601488, 30.18468145909423], [120.19439997990821, 30.184744754825932], [120.19471299023061, 30.18474770263897], [120.19471905765899, 30.18456308381997], [120.19472204332939, 30.18449267546369], [120.19420441408278, 30.184471888589293], [120.19418418770144, 30.184664332842598]]]}}, {"type": "Feature", "properties": {"osm_id": 627924453, "name": "国家级科技企业孵化器", "kind": "building"}, "geometry": {"type": "Polygon", "coordinates": [[[120.19509072430354, 30.186021294452022], [120.19574138552277, 30.186039555092197], [120.195750739237, 30.185800128060013], [120.19510017764064, 30.18578206716777], [120.19509072430354, 30.186021294452022]]]}}, {"type": "Feature", "properties": {"osm_id": 627924470, "name": "宇树科技", "kind": "building"}, "geometry": {"type": "Polygon", "coordinates": [[[120.21681688916806, 30.184965599624196], [120.21681664015743, 30.184364473482017], [120.21657219779986, 30.184364889847483], [120.2165725465841, 30.184966015858706], [120.21681688916806, 30.184965599624196]]]}}, {"type": "Feature", "properties": {"osm_id": 627924519, "name": "8号楼", "kind": "building"}, "geometry": {"type": "Polygon", "coordinates": [[[120.23117798392575, 30.180181473634168], [120.23118735234061, 30.179996057993932], [120.23085583224555, 30.179983738362143], [120.23084646395668, 30.1801691541071], [120.23117798392575, 30.180181473634168]]]}}, {"type": "Feature", "properties": {"osm_id": 627924520, "name": "9号楼", "kind": "building"}, "geometry": {"type": "Polygon", "coordinates": [[[120.2316550536317, 30.180157974882484], [120.23166442222863, 30.179972559397164], [120.23133289575553, 30.17996013436484], [120.23132342745889, 30.180145550038933], [120.2316550536317, 30.180157974882484]]]}}, {"type": "Feature", "properties": {"osm_id": 627924521, "name": "10号楼", "kind": "building"}, "geometry": {"type": "Polygon", "coordinates": [[[120.23122654700374, 30.179546206287824], [120.23123601526352, 30.179360790634668], [120.23090439468311, 30.17934837053781], [120.23089502637534, 30.17953378621189], [120.23122654700374, 30.179546206287824]]]}}, {"type": "Feature", "properties": {"osm_id": 627924522, "name": "11号楼", "kind": "building"}, "geometry": {"type": "Polygon", "coordinates": [[[120.23175133956617, 30.17957357116864], [120.23176080802843, 30.179388155683167], [120.23142918043432, 30.17937572964381], [120.23141981192681, 30.179561145152544], [120.23175133956617, 30.17957357116864]]]}}, {"type": "Feature", "properties": {"osm_id": 627924548, "name": "2幢", "kind": "building"}, "geometry": {"type": "Polygon", "coordinates": [[[120.23569351713773, 30.18018872502519], [120.23569610024931, 30.180032016702672], [120.2349916090369, 30.180023707389793], [120.23499051626442, 30.180090610961685], [120.23498902599509, 30.18018031577207], [120.235250611842, 30.180183431501202], [120.23538759610894, 30.180185135972923], [120.23554295238029, 30.18018692843107], [120.23569351713773, 30.18018872502519]]]}}, {"type": "Feature", "properties": {"osm_id": 627924549, "name": "3幢", "kind": "building"}, "geometry": {"type": "Polygon", "coordinates": [[[120.23660831301223, 30.180256816483535], [120.23660859967111, 30.1800995097126], [120.2358584530014, 30.180098908832917], [120.23585816634545, 30.180256115607474], [120.23610458487207, 30.180256349436792], [120.23641410932399, 30.18025664377569], [120.23649738207114, 30.180256689027804], [120.23660831301223, 30.180256816483535]]]}}, {"type": "Feature", "properties": {"osm_id": 627924550, "name": "7幢", "kind": "building"}, "geometry": {"type": "Polygon", "coordinates": [[[120.23648795697652, 30.178556424664208], [120.23648754269479, 30.178374617472603], [120.23571353717959, 30.178376036216825], [120.23571385162248, 30.17855804347386], [120.23648795697652, 30.178556424664208]]]}}, {"type": "Feature", "properties": {"osm_id": 627924555, "name": "5幢", "kind": "building"}, "geometry": {"type": "Polygon", "coordinates": [[[120.23495972711594, 30.179626213454945], [120.23496201239296, 30.179491106215302], [120.23496310477913, 30.17941950246638], [120.234151508748, 30.17941019029546], [120.23414813119344, 30.179616801375587], [120.23434780781858, 30.179619154583115], [120.23479269326589, 30.179624232557416], [120.23495972711594, 30.179626213454945]]]}}, {"type": "Feature", "properties": {"osm_id": 627924563, "name": "9幢", "kind": "building"}, "geometry": {"type": "Polygon", "coordinates": [[[120.23552380923883, 30.178076854361606], [120.23552329475879, 30.177890547110188], [120.23511943114019, 30.17789042892236], [120.23511924681847, 30.178077936708217], [120.23552380923883, 30.178076854361606]]]}}, {"type": "Feature", "properties": {"osm_id": 627955137, "name": "滨江医院住院楼", "kind": "building"}, "geometry": {"type": "Polygon", "coordinates": [[[120.19649793439797, 30.202644849030538], [120.19692784514966, 30.2028472148033], [120.19698138949838, 30.20277881856829], [120.19690778515228, 30.20265223911457], [120.19673875129688, 30.20255942681448], [120.19660492047483, 30.202482754744732], [120.19649793439797, 30.202644849030538]]]}}, {"type": "Feature", "properties": {"osm_id": 628220351, "name": "中财大厦B", "kind": "building"}, "geometry": {"type": "Polygon", "coordinates": [[[120.21419541115796, 30.20967652499658], [120.21429917120786, 30.20973718726433], [120.21447434044367, 30.209519437122378], [120.21447613456849, 30.209499433551922], [120.21446356293839, 30.20948464974249], [120.21429974159042, 30.209394966976514], [120.21427450122435, 30.20939590134987], [120.2142214319371, 30.20946157730479], [120.2141918049552, 30.20949831974612], [120.21423670110003, 30.209524760119184], [120.21423370960156, 30.209542165183024], [120.2142693271754, 30.209562217862114], [120.21426603662754, 30.20958262350163], [120.21419541115796, 30.20967652499658]]]}}, {"type": "Feature", "properties": {"osm_id": 628632916, "name": "综合楼", "kind": "building"}, "geometry": {"type": "Polygon", "coordinates": [[[120.19207518480292, 30.185294921987673], [120.19201215760751, 30.185188030517217], [120.19176014909733, 30.184760264976713], [120.19181798223755, 30.184761160909872], [120.19246801009069, 30.18477039395371], [120.19207518480292, 30.185294921987673]]]}}, {"type": "Feature", "properties": {"osm_id": 652007880, "name": "钱元瓘墓", "kind": "building"}, "geometry": {"type": "Polygon", "coordinates": [[[120.1436068468325, 30.21031207794598], [120.14369681343226, 30.210255442627446], [120.14363376625339, 30.21016783018971], [120.14350559857068, 30.21024982277282], [120.14356635114474, 30.21032963833495], [120.1436068468325, 30.21031207794598]]]}}, {"type": "Feature", "properties": {"osm_id": 653407320, "name": "搜房网", "kind": "building"}, "geometry": {"type": "Polygon", "coordinates": [[[120.18664433793353, 30.18896120309474], [120.18723400842308, 30.18905781743937], [120.18730138466331, 30.188752278980978], [120.18671171376124, 30.188655664326102], [120.18664433793353, 30.18896120309474]]]}}, {"type": "Feature", "properties": {"osm_id": 653407321, "name": "创业智慧大厦", "kind": "building"}, "geometry": {"type": "Polygon", "coordinates": [[[120.18554446959082, 30.188740133485084], [120.18613413377062, 30.18883674280067], [120.18620150925824, 30.18853120378429], [120.18561184470465, 30.188434594191982], [120.18554446959082, 30.188740133485084]]]}}, {"type": "Feature", "properties": {"osm_id": 653407332, "name": "浙江百腾", "kind": "building"}, "geometry": {"type": "Polygon", "coordinates": [[[120.22017282418334, 30.18116086395803], [120.22015450005087, 30.180386853214745], [120.22155380556511, 30.18036040960184], [120.22157213057943, 30.181134421101348], [120.22017282418334, 30.18116086395803]]]}}, {"type": "Feature", "properties": {"osm_id": 659513878, "name": "报告厅", "kind": "building"}, "geometry": {"type": "Polygon", "coordinates": [[[120.21254480790465, 30.200659316773493], [120.21280598142715, 30.2006931524114], [120.21283030530809, 30.200479907286972], [120.21258429565971, 30.200453950603816], [120.21254480790465, 30.200659316773493]]]}}, {"type": "Feature", "properties": {"osm_id": 675828160, "name": "将庄", "kind": "building"}, "geometry": {"type": "Polygon", "coordinates": [[[120.14171367741868, 30.231270436998543], [120.14185941946818, 30.231324233812185], [120.14187368151103, 30.23129531151749], [120.14194939526772, 30.23132320570802], [120.14198539933487, 30.231250149328208], [120.14201811893186, 30.231264203663997], [120.14197992015131, 30.23133466302191], [120.14210012405779, 30.231379494671277], [120.14215896836615, 30.231276403408085], [120.14204066005779, 30.23123296934026], [120.14202968872482, 30.231248286056026], [120.14199008619211, 30.231232941450834], [120.1420177125615, 30.231176998174128], [120.14204234686488, 30.231126859551527], [120.1420967128786, 30.231146883347154], [120.14212074874605, 30.23109824563374], [120.14198727762266, 30.23104903266292], [120.14195845449919, 30.231108377854312], [120.1419090763629, 30.23109454719439], [120.14186659040276, 30.23119181439689], [120.14176513990381, 30.23115725611662], [120.14171367741868, 30.231270436998543]]]}}, {"type": "Feature", "properties": {"osm_id": 675833158, "name": "花港茶室", "kind": "building"}, "geometry": {"type": "Polygon", "coordinates": [[[120.1405226086177, 30.228822038277777], [120.14063893120584, 30.22891258304597], [120.14075084739721, 30.22880472006085], [120.14063442546056, 30.228714275797216], [120.1405226086177, 30.228822038277777]]]}}, {"type": "Feature", "properties": {"osm_id": 675833168, "name": "红栎山庄", "kind": "building"}, "geometry": {"type": "Polygon", "coordinates": [[[120.13650555487514, 30.23194589462548], [120.13660722354695, 30.232000869072134], [120.13664193880521, 30.23195272144375], [120.13659105473442, 30.23192578441387], [120.13660142919711, 30.23190877000585], [120.13665580504852, 30.23193470249493], [120.13669850059487, 30.23187364372472], [120.136665176318, 30.231852784804634], [120.13668881846786, 30.231818852254335], [120.1366270588344, 30.231781128410404], [120.13650555487514, 30.23194589462548]]]}}, {"type": "Feature", "properties": {"osm_id": 676022006, "name": "三台阁", "kind": "building"}, "geometry": {"type": "Polygon", "coordinates": [[[120.12593173010644, 30.229252267424553], [120.12597734263566, 30.22925662556274], [120.12600997779482, 30.229233793792783], [120.12601566367864, 30.229196685991223], [120.12598881285079, 30.22916620877438], [120.12594320035122, 30.229161950661968], [120.12591046529569, 30.229184782445174], [120.12590487919566, 30.229221890132994], [120.12593173010644, 30.229252267424553]]]}}, {"type": "Feature", "properties": {"osm_id": 676025203, "name": "三台山庄", "kind": "building"}, "geometry": {"type": "Polygon", "coordinates": [[[120.12930605226877, 30.229781587190946], [120.12950155283598, 30.229825986027194], [120.12952090841092, 30.229773862159234], [120.12955314239981, 30.229781328855765], [120.12959823803594, 30.22965107254976], [120.12955522576975, 30.229636216712315], [120.12958525669272, 30.229554379564178], [120.1296089078976, 30.22955625483249], [120.12963035700197, 30.22947992704241], [120.12954443340806, 30.229463316192682], [120.1295337573765, 30.22948562892122], [120.12946928900548, 30.229467095207347], [120.129417800332, 30.22952665313877], [120.12936621049973, 30.22957131006668], [120.12935543460927, 30.229593722843124], [120.12930605226877, 30.229781587190946]]]}}, {"type": "Feature", "properties": {"osm_id": 676314603, "name": "翠雨厅", "kind": "building"}, "geometry": {"type": "Polygon", "coordinates": [[[120.13979576904214, 30.23222837399266], [120.1398229036091, 30.232233337266123], [120.13981582322741, 30.232262048958553], [120.13991149236315, 30.232279519325246], [120.13992246193231, 30.232235001177873], [120.14000376548552, 30.23224989078934], [120.14001463528294, 30.232205572765753], [120.14010481710973, 30.232222050079592], [120.14012336553606, 30.232146719292853], [120.1400388700048, 30.232131234290456], [120.1400442550322, 30.232109225354275], [120.13994060555939, 30.232090166162795], [120.13992225648387, 30.232164796531208], [120.13982139988792, 30.232146333214576], [120.13983595950951, 30.232086909145192], [120.1397276206638, 30.23206705569803], [120.13971505545508, 30.232118176420684], [120.13973480788096, 30.23212184973607], [120.1397252343715, 30.23216056551189], [120.1398087331324, 30.23217585259507], [120.13979576904214, 30.23222837399266]]]}}, {"type": "Feature", "properties": {"osm_id": 676314605, "name": "藏山阁", "kind": "building"}, "geometry": {"type": "Polygon", "coordinates": [[[120.14143930093293, 30.23177556029628], [120.14144758098924, 30.23178224908297], [120.141457855864, 30.231786134856883], [120.14146912800192, 30.231786919003483], [120.14148010059043, 30.231784303331786], [120.1414893771335, 30.231778789849027], [120.14149605990016, 30.231770879859297], [120.14149935098844, 30.23176197458885], [120.14149915068886, 30.231752574214372], [120.14149545908582, 30.231743678805636], [120.14148877502646, 30.231736287727106], [120.14147969709327, 30.231731200188026], [120.1414692228463, 30.231728814806516], [120.14145844959093, 30.231729430053807], [120.1414483748557, 30.231733044522162], [120.14144019563389, 30.231739156488544], [120.14143451043596, 30.231747665102958], [120.14143231668265, 30.231757268868755], [120.14143401330188, 30.23176696715391], [120.14143930093293, 30.23177556029628]]]}}, {"type": "Feature", "properties": {"osm_id": 687893190, "name": "浙江革命烈士纪念馆", "kind": "building"}, "geometry": {"type": "Polygon", "coordinates": [[[120.16302797758041, 30.23042568539785], [120.16293709515323, 30.231032992796244], [120.16319085325158, 30.23106113307898], [120.16328173540856, 30.230453725416925], [120.16302797758041, 30.23042568539785]]]}}, {"type": "Feature", "properties": {"osm_id": 687895896, "name": "驰往亭", "kind": "building"}, "geometry": {"type": "Polygon", "coordinates": [[[120.12269112619036, 30.221899383571927], [120.12272995954874, 30.221933554465547], [120.12277138229213, 30.221898218770292], [120.12273254900191, 30.22186404793738], [120.12269112619036, 30.221899383571927]]]}}, {"type": "Feature", "properties": {"osm_id": 698459063, "name": "排屋", "kind": "building"}, "geometry": {"type": "Polygon", "coordinates": [[[120.23184064108801, 30.180245825929386], [120.2320716452613, 30.18024863771648], [120.23207393059542, 30.180117630378], [120.23184292640835, 30.18011491857708], [120.23184064108801, 30.180245825929386]]]}}, {"type": "Feature", "properties": {"osm_id": 698459068, "name": "排屋", "kind": "building"}, "geometry": {"type": "Polygon", "coordinates": [[[120.23225669160306, 30.1797863688624], [120.23226576663009, 30.179670356727282], [120.23246822386675, 30.1796820950243], [120.23245914876449, 30.17979810709667], [120.23225669160306, 30.1797863688624]]]}}, {"type": "Feature", "properties": {"osm_id": 698459069, "name": "排屋", "kind": "building"}, "geometry": {"type": "Polygon", "coordinates": [[[120.23193941455506, 30.179552716254037], [120.231943797093, 30.179431607648155], [120.23216851321888, 30.179437525462923], [120.23216413064046, 30.179558634035235], [120.23193941455506, 30.179552716254037]]]}}, {"type": "Feature", "properties": {"osm_id": 698459070, "name": "排屋", "kind": "building"}, "geometry": {"type": "Polygon", "coordinates": [[[120.23232415864653, 30.179564705408563], [120.23233782686337, 30.17946049011181], [120.23249386350547, 30.179475666001846], [120.23248019520149, 30.179579881225745], [120.23232415864653, 30.179564705408563]]]}}, {"type": "Feature", "properties": {"osm_id": 728338374, "name": "联络大厦", "kind": "building"}, "geometry": {"type": "Polygon", "coordinates": [[[120.23284262708826, 30.211749991787183], [120.23298427254119, 30.211541468855557], [120.23342693689082, 30.211553327762307], [120.23359597408906, 30.21175241062892], [120.23284262708826, 30.211749991787183]]]}}, {"type": "Feature", "properties": {"osm_id": 728338376, "name": "浙水大厦", "kind": "building"}, "geometry": {"type": "Polygon", "coordinates": [[[120.2324782403691, 30.20686890248075], [120.2324687418123, 30.20669070017294], [120.23287196066998, 30.206674280451434], [120.23288145938993, 30.206852582895532], [120.2324782403691, 30.20686890248075]]]}}, {"type": "Feature", "properties": {"osm_id": 728338378, "name": "交投智慧园", "kind": "building"}, "geometry": {"type": "Polygon", "coordinates": [[[120.23316838319336, 30.205676694682445], [120.23316606594904, 30.205419882406087], [120.23351898048189, 30.205417211457906], [120.23351706669779, 30.205211001644685], [120.233095965907, 30.205214225471604], [120.23309294355111, 30.204880809642855], [120.23373248445401, 30.204876120214863], [120.2337396381374, 30.205672458328753], [120.23316838319336, 30.205676694682445]]]}}, {"type": "Feature", "properties": {"osm_id": 743663859, "name": "九曜阁", "kind": "building"}, "geometry": {"type": "Polygon", "coordinates": [[[120.14105801120387, 30.220769563370613], [120.14112424746439, 30.220764970258113], [120.1411197544435, 30.220716473489684], [120.14105351818235, 30.220721166600395], [120.14105801120387, 30.220769563370613]]]}}, {"type": "Feature", "properties": {"osm_id": 769660207, "name": "碧桂园深蓝国际1幢", "kind": "building"}, "geometry": {"type": "Polygon", "coordinates": [[[120.23295983085217, 30.23607378986401], [120.23270742505025, 30.23571166170697], [120.2330822801934, 30.23551575402367], [120.23333478969504, 30.23587778533426], [120.2331366288858, 30.23599434660578], [120.23295983085217, 30.23607378986401]]]}}, {"type": "Feature", "properties": {"osm_id": 798237527, "name": "创伟科技园A座", "kind": "building"}, "geometry": {"type": "Polygon", "coordinates": [[[120.21283254672721, 30.18046376456482], [120.21365128940224, 30.180471929155054], [120.21364058424639, 30.180100928336223], [120.21284857832423, 30.180102026991833], [120.21283254672721, 30.18046376456482]]]}}, {"type": "Feature", "properties": {"osm_id": 798237528, "name": "创伟科技园B座", "kind": "building"}, "geometry": {"type": "Polygon", "coordinates": [[[120.21276829628225, 30.180403551898728], [120.21209402484762, 30.180395300990998], [120.21208542192392, 30.180107101099935], [120.21278273699166, 30.180106219229316], [120.21276829628225, 30.180403551898728]]]}}, {"type": "Feature", "properties": {"osm_id": 798237529, "name": "创伟科技园C座", "kind": "building"}, "geometry": {"type": "Polygon", "coordinates": [[[120.2122919746228, 30.179541685390735], [120.21230261784545, 30.179166054781913], [120.21365656928057, 30.17916876753166], [120.21362986572939, 30.179567620846832], [120.2122919746228, 30.179541685390735]]]}}, {"type": "Feature", "properties": {"osm_id": 798237530, "name": "创伟科技园D座", "kind": "building"}, "geometry": {"type": "Polygon", "coordinates": [[[120.21191203593797, 30.180019843502386], [120.21201648190541, 30.180017595098015], [120.21229201320895, 30.18001010486479], [120.21224914959365, 30.17919393143701], [120.21191196602435, 30.17917120829371], [120.21191203593797, 30.180019843502386]]]}}, {"type": "Feature", "properties": {"osm_id": 817881683, "name": "贵人阁", "kind": "building"}, "geometry": {"type": "Polygon", "coordinates": [[[120.12576720839633, 30.21114687958685], [120.12578636968456, 30.211123860668756], [120.12578097764398, 30.211095763999882], [120.12575432735844, 30.21107928750666], [120.12572198973412, 30.21108391741526], [120.12570292821302, 30.21110703620302], [120.12570822045346, 30.211135032972766], [120.12573487079746, 30.2111516095163], [120.12576720839633, 30.21114687958685]]]}}, {"type": "Feature", "properties": {"osm_id": 895366837, "name": "奥体中心", "kind": "building"}, "geometry": {"type": "Polygon", "coordinates": [[[120.22933107037197, 30.226304667423616], [120.22972353954657, 30.22607009941035], [120.22976976053756, 30.22612336179937], [120.22979072478944, 30.226148244812887], [120.229860096227, 30.226104280293708], [120.22983913191739, 30.22607939723196], [120.22979500711948, 30.22602733295297], [120.23041786164869, 30.225655061129103], [120.23045280297991, 30.225696533578663], [120.23019228003362, 30.225854470997167], [120.23005842627398, 30.22593659394309], [120.23007779350372, 30.22595997846225], [120.23009346700776, 30.225979065954267], [120.2302269216588, 30.225896843506934], [120.23054933244386, 30.225705250658493], [120.23047994836254, 30.225618504889056], [120.23140338167099, 30.22507428394056], [120.2314371269987, 30.225122258973418], [120.23105660833038, 30.225336992660147], [120.2309290380502, 30.22540890563647], [120.23094680884945, 30.225433392149327], [120.23096737507491, 30.22546177655752], [120.2310962431159, 30.225387862516733], [120.23142405610056, 30.225200075005397], [120.23152727217352, 30.22514098524605], [120.23146087903498, 30.225040433794362], [120.23266526494194, 30.224391513591254], [120.23272387377418, 30.224483973364865], [120.2326368243734, 30.224530745234684], [120.23245234455823, 30.224629898417888], [120.23249108404049, 30.22469217161471], [120.23267776033715, 30.224591716853123], [120.23278068248436, 30.224536432051707], [120.23281741909113, 30.22451650185941], [120.23282969792739, 30.224509991788363], [120.23273943733652, 30.22435955293012], [120.23293280411468, 30.22425659439978], [120.23328737868661, 30.22506027228126], [120.23350356356569, 30.225583141369857], [120.23350027059352, 30.22560244515832], [120.23355858715304, 30.22575861115053], [120.23383941847577, 30.225673693506725], [120.23377331442249, 30.22552243313345], [120.23375554355027, 30.22552194647632], [120.2335965636164, 30.22501783329708], [120.23343779484114, 30.224641029354018], [120.23321212559331, 30.224109267793747], [120.23338802625004, 30.224020826772446], [120.233572854972, 30.224437313103042], [120.23366390279311, 30.22441064236273], [120.23364942351508, 30.224372850836605], [120.23390629488438, 30.224285651910293], [120.23410426639485, 30.22421840017234], [120.2340714138354, 30.22414491971721], [120.23387583861387, 30.22421146983967], [120.23361826875906, 30.224299169597565], [120.2334774747396, 30.22397855565236], [120.23445134669133, 30.2235199996054], [120.23446802064213, 30.22353018812511], [120.23467358231731, 30.223435233048633], [120.2345162127004, 30.22316162914432], [120.23429547826547, 30.223272797528384], [120.23430336702931, 30.223291492952427], [120.233779643096, 30.223564999827484], [120.23373740604329, 30.223487326571977], [120.23343880944208, 30.2236228619664], [120.23336503438193, 30.223656320604775], [120.23341236290639, 30.22374068986087], [120.233116067665, 30.223890827826878], [120.232991352799, 30.223608606380715], [120.23311095004249, 30.223572711058278], [120.23313511532442, 30.22364059675041], [120.23334206571933, 30.223574232875993], [120.23332539013764, 30.22353474310729], [120.23319750601259, 30.223575244236777], [120.23314228550109, 30.22342327705746], [120.23306699408639, 30.223216122003407], [120.23302117183107, 30.22323045857115], [120.23298044100878, 30.223243191136348], [120.23305822786446, 30.223448843930075], [120.23308099476262, 30.223508630131768], [120.23296688841512, 30.223543821245705], [120.23236019129749, 30.222080806530094], [120.23248497563246, 30.222032303682177], [120.23230115153763, 30.221592822645576], [120.23222147128286, 30.221398974395225], [120.23219441801282, 30.221406296685174], [120.23215588462445, 30.22141672847766], [120.23223157186587, 30.22161538007446], [120.23239023340021, 30.221997177102423], [120.23232863996238, 30.222020527963807], [120.23212275077218, 30.221532962704693], [120.23184902726136, 30.221621691268904], [120.2320500208047, 30.222088157234204], [120.23199132299395, 30.22210830625575], [120.23191214407473, 30.221928959316354], [120.23184714366155, 30.22178170304911], [120.23182148849622, 30.221790224619497], [120.23178525186795, 30.22180225512479], [120.23184995269078, 30.221950211545913], [120.23195668942826, 30.2221940399802], [120.23208127249204, 30.222150835897196], [120.23269724877755, 30.223634638849358], [120.23252693958513, 30.22367377640416], [120.23248369962484, 30.22351370041898], [120.23244395393908, 30.223355121820486], [120.23236369172228, 30.22337418726127], [120.23240613244103, 30.22352956338737], [120.2324695440218, 30.2237619278735], [120.23272031501607, 30.22369662467987], [120.23285411659704, 30.224019640505748], [120.23261852306722, 30.224139234070265], [120.23250290532006, 30.223978415412358], [120.23212297002216, 30.224203235219306], [120.23195376793804, 30.224303379255634], [120.23199959448029, 30.224365545999046], [120.23216899629195, 30.22426240186794], [120.23248045150746, 30.224077639790753], [120.23254345290306, 30.224175396026244], [120.23208225679622, 30.22441208189477], [120.23176840944481, 30.224580949201382], [120.2317169933531, 30.224523387718936], [120.2316802585058, 30.224544719395627], [120.2316576985549, 30.224557938880107], [120.23170562048657, 30.224614703085532], [120.23132958885267, 30.224817028641123], [120.23081431479311, 30.225104083279803], [120.2294934410502, 30.2258889933254], [120.22940090044388, 30.22578366966214], [120.2292973941735, 30.225848667531327], [120.22915625872835, 30.225933801329788], [120.22917532597756, 30.2259591856681], [120.22919219700493, 30.22598157181588], [120.22933522919728, 30.225896436469252], [120.22938823019872, 30.22586528651755], [120.22943684655297, 30.225922546487595], [120.22916695155232, 30.226084001595297], [120.22933107037197, 30.226304667423616]]]}}, {"type": "Feature", "properties": {"osm_id": 919127980, "name": "综合训练馆", "kind": "building"}, "geometry": {"type": "Polygon", "coordinates": [[[120.2364991161557, 30.225767429494592], [120.23606283827604, 30.225181380276], [120.23679847899898, 30.22477106885374], [120.23723467055555, 30.22535712945747], [120.2364991161557, 30.225767429494592]]]}}, {"type": "Feature", "properties": {"osm_id": 920617148, "name": "奥体·华润双塔", "kind": "building"}, "geometry": {"type": "Polygon", "coordinates": [[[120.2367833213854, 30.23230869187541], [120.23644080931602, 30.231900486495896], [120.23666515632242, 30.231768330488865], [120.23673404835534, 30.231727782948216], [120.23688940561159, 30.231636276362394], [120.23723072729742, 30.232060789071152], [120.2367833213854, 30.23230869187541]]]}}, {"type": "Feature", "properties": {"osm_id": 920617149, "name": "奥体·华润双塔", "kind": "building"}, "geometry": {"type": "Polygon", "coordinates": [[[120.23538789719409, 30.232555845252328], [120.23535834084096, 30.232520663343156], [120.23504530531811, 30.23214765686244], [120.23549397518383, 30.23188342436597], [120.23578804551691, 30.23224924817089], [120.23583517699318, 30.23230792022762], [120.23538789719409, 30.232555845252328]]]}}, {"type": "Feature", "properties": {"osm_id": 921144020, "name": "明珠国际", "kind": "building"}, "geometry": {"type": "Polygon", "coordinates": [[[120.20837782746999, 30.235768167526018], [120.20848195768691, 30.235696605548284], [120.20864014903508, 30.235595360506252], [120.20875595231583, 30.235545283239457], [120.20903028610769, 30.23585179538589], [120.20866871811708, 30.236093853848697], [120.20837782746999, 30.235768167526018]]]}}, {"type": "Feature", "properties": {"osm_id": 921144021, "name": "明珠国际", "kind": "building"}, "geometry": {"type": "Polygon", "coordinates": [[[120.20801645374989, 30.235868120833743], [120.20796089041608, 30.23581020085146], [120.20782133403605, 30.23566460214089], [120.20749817896123, 30.23589721129949], [120.20784971132782, 30.236263902602364], [120.20817286947744, 30.236031195970433], [120.20801645374989, 30.235868120833743]]]}}, {"type": "Feature", "properties": {"osm_id": 966175141, "name": "星民", "kind": "building"}, "geometry": {"type": "Polygon", "coordinates": [[[120.22282991169655, 30.212823091157638], [120.223455153737, 30.213162320801423], [120.22339019456912, 30.21325819762325], [120.22331245047123, 30.213216980524866], [120.2232588580682, 30.213188537780685], [120.22312732260998, 30.21311887869605], [120.22309619022938, 30.213162015646365], [120.2232818171517, 30.21326371696265], [120.22345307408482, 30.213357634618905], [120.22347392929382, 30.213331610260646], [120.22344209283104, 30.21331254397333], [120.22351972478883, 30.213199152372482], [120.22411524150095, 30.213523026513297], [120.2240113643115, 30.213677147362198], [120.22424679964999, 30.213810402566896], [120.22443433100568, 30.21391650883286], [120.22446965660033, 30.21387446877564], [120.22428042827627, 30.21376666401591], [120.2240925985238, 30.213659658934688], [120.22416673967143, 30.213549572829425], [120.22457164332381, 30.213768554273], [120.22472282377302, 30.213561582194323], [120.22431292744139, 30.213337203855584], [120.22451699380277, 30.213051369776565], [120.22474993783443, 30.213175830792704], [120.22492908903766, 30.21327754852606], [120.22496651027133, 30.213225206234945], [120.22491391235538, 30.21319385949216], [120.22478835646332, 30.21311908698234], [120.22451658761496, 30.212966365196756], [120.2242601314168, 30.213308358557633], [120.22366870320799, 30.212984877329898], [120.22386158729144, 30.21269795121002], [120.22375330278852, 30.212642665281297], [120.22369741418981, 30.2126142243062], [120.22356637583106, 30.212547463077634], [120.22353524294785, 30.21259059958977], [120.22372336762325, 30.2126903005777], [120.22376318834957, 30.212711458598005], [120.22360293431038, 30.212948846816076], [120.22297758884979, 30.212606714291464], [120.22282991169655, 30.212823091157638]]]}}, {"type": "Feature", "properties": {"osm_id": 966175144, "name": "江汉路", "kind": "building"}, "geometry": {"type": "Polygon", "coordinates": [[[120.20400391571825, 30.202541490458824], [120.20419292391598, 30.20264159332719], [120.20411503993756, 30.20276292433264], [120.20405679153889, 30.202732315927634], [120.20404891330536, 30.202743329128705], [120.2040436279107, 30.20275073798694], [120.20410137768454, 30.20278224722247], [120.20409040822736, 30.20280056575316], [120.20426206139679, 30.202885295860757], [120.2044173577681, 30.2029619522115], [120.20443331354713, 30.202936225412255], [120.20444966823068, 30.202909897951113], [120.20429477061599, 30.202832440819865], [120.20418385910196, 30.20277701502884], [120.20425127243506, 30.202674501855707], [120.20490717235992, 30.203007576533235], [120.2047914900392, 30.203173468723527], [120.20505431127839, 30.203309559925902], [120.20519554700431, 30.20337984069654], [120.20520831191303, 30.203359719484023], [120.20522706036549, 30.203329988325244], [120.20508981396969, 30.203258501095995], [120.20489012929754, 30.203154611384164], [120.20496751649274, 30.203038282658333], [120.20614349810893, 30.203645169238847], [120.20613671680483, 30.203658480513965], [120.2063130669978, 30.203747011001887], [120.20643872647857, 30.203562506059548], [120.20625868511482, 30.20347208073241], [120.20625160417762, 30.20348069220282], [120.20508220307946, 30.20288619321708], [120.20525243644228, 30.202635811246356], [120.20555575646186, 30.202789042292864], [120.20566737003544, 30.202845370225173], [120.20570217510767, 30.202794412969435], [120.20558766890606, 30.202737189446296], [120.20522649777111, 30.202556547921258], [120.20501926548444, 30.202854390991003], [120.2043563820885, 30.202520425902108], [120.20454147027142, 30.20223451587585], [120.20461723773651, 30.20183667433618], [120.2045798355957, 30.20182893339406], [120.20454552540018, 30.201821887598253], [120.20447863315233, 30.20220141414311], [120.20425311848548, 30.202082267470413], [120.2040702936736, 30.20198255452106], [120.20403110216915, 30.202039920308565], [120.20421642005003, 30.20213762902459], [120.20444382957284, 30.202257472548396], [120.20429115195059, 30.202491828463778], [120.2041005477524, 30.20239452792584], [120.20410822640801, 30.20238211498018], [120.20397008617283, 30.202310432399976], [120.203857399042, 30.202481822249162], [120.20399374355391, 30.202552307332493], [120.20400391571825, 30.202541490458824]]]}}, {"type": "Feature", "properties": {"osm_id": 966175146, "name": "长河", "kind": "building"}, "geometry": {"type": "Polygon", "coordinates": [[[120.19369471998087, 30.197123287683816], [120.19380301495288, 30.197175598039095], [120.19368039202749, 30.19749733198279], [120.19333037920505, 30.197327645989137], [120.19367453859552, 30.19665349996343], [120.19360583255992, 30.19662422058384], [120.19326306933122, 30.19729576428949], [120.19308676726861, 30.19720757419262], [120.19290767356132, 30.197117689399253], [120.19286928875357, 30.197177961011093], [120.19304668693418, 30.197264448574654], [120.19365656547653, 30.19756167756166], [120.19358977144078, 30.197742205393766], [120.19382779703463, 30.197811286154295], [120.19402937815472, 30.19728700224899], [120.19426720924587, 30.197394986701937], [120.19408884130364, 30.19768061679026], [120.19400947819545, 30.197807563805025], [120.19398734428475, 30.197843004825074], [120.19406353016792, 30.197881371784447], [120.19416662274995, 30.197718781016672], [120.19415445692664, 30.197712802247118], [120.1943333236179, 30.19742687141657], [120.19486762589007, 30.19768134181367], [120.19474229862092, 30.197884572813297], [120.19505582186406, 30.1980400289844], [120.19501733668068, 30.198108600115834], [120.19521149398683, 30.198199363658738], [120.19538820088621, 30.198284958067283], [120.19542040531495, 30.198231198893083], [120.19524828535968, 30.198145996375715], [120.19511814865038, 30.198081521579343], [120.1951908323678, 30.19795698761765], [120.19501711767037, 30.19787238851369], [120.19507514532415, 30.197778181748937], [120.19523380256366, 30.197859507250485], [120.19536770630532, 30.19765236189628], [120.19509077984583, 30.197523541400066], [120.19516256605633, 30.1973988090123], [120.19558409016189, 30.197600780299123], [120.19575381734415, 30.197679387480495], [120.19577126557516, 30.197649055459536], [120.19578881353846, 30.19761882327437], [120.19562028296932, 30.197541413975475], [120.1951329428222, 30.19731255668814], [120.19501469435598, 30.197509174398856], [120.1941169121754, 30.197090037301123], [120.19424092943208, 30.196737300125033], [120.19447855722602, 30.196788582749836], [120.1945124614127, 30.19679612327437], [120.19453739098329, 30.196801779558143], [120.19459760272746, 30.196596563046516], [120.19463717871753, 30.19645798632068], [120.19456627898558, 30.196442610612593], [120.19452710190023, 30.1965810866672], [120.19448732673368, 30.19672186392418], [120.19426824651916, 30.196675948737656], [120.19436006223191, 30.196401172684272], [120.1945162762585, 30.195902171941114], [120.1942844312069, 30.195843278613577], [120.19417686278622, 30.196145583929056], [120.19411643383722, 30.19613129018567], [120.19422837221732, 30.195618666628654], [120.19425378768416, 30.19547271445138], [120.19420851617257, 30.195466894248923], [120.19416254667591, 30.195460975304893], [120.19413723096345, 30.195606927336218], [120.1940195142236, 30.19617956425447], [120.19415383378362, 30.196210127902308], [120.19400569077787, 30.19662611103971], [120.19372758255474, 30.196599803064256], [120.19346861388382, 30.196490157894402], [120.19332182881415, 30.1964272160483], [120.19330517892575, 30.196456447164802], [120.19328693381884, 30.196488181252324], [120.19343371880738, 30.196551123033945], [120.19367513672799, 30.196651598805722], [120.19398375847899, 30.196687852998323], [120.19388197270756, 30.196973547792517], [120.1938045906804, 30.19693778329045], [120.19369471998087, 30.197123287683816]]]}}, {"type": "Feature", "properties": {"osm_id": 966175148, "name": "诚业路", "kind": "building"}, "geometry": {"type": "Polygon", "coordinates": [[[120.1687231106787, 30.186273480861697], [120.16888363760998, 30.186342884119718], [120.16889181226168, 30.186331468334647], [120.16937777905159, 30.186540569002872], [120.16928317645535, 30.18671805398386], [120.16920969327657, 30.186687090045826], [120.16902563621709, 30.18660953071029], [120.16899782367261, 30.18666258508099], [120.16918138207565, 30.18673804528698], [120.16931309321481, 30.18679080128739], [120.16943461114481, 30.186562563630606], [120.16994590177852, 30.186784615943765], [120.16982019723527, 30.187019162096487], [120.17007205354832, 30.18713049504006], [120.17001543184637, 30.187237606044228], [120.1704255192568, 30.187405844411142], [120.17047805364582, 30.187305541262415], [120.17044375508196, 30.187291204992242], [120.17040617326784, 30.187359578623266], [120.17006428440207, 30.187221413717793], [120.17010455754314, 30.187144834737964], [120.17015331353358, 30.187166444279406], [120.17032799745365, 30.18724362007505], [120.17036189134772, 30.187187553939257], [120.17018710777181, 30.187110578371293], [120.16991202023969, 30.18698938867696], [120.17000921477401, 30.1868120984955], [120.17029008479462, 30.186932377152303], [120.17028520043834, 30.186944686871215], [120.17038759780996, 30.186989196739933], [120.17048110358897, 30.186817113483993], [120.17038977347451, 30.18677648307127], [120.17038289486996, 30.186786196417245], [120.1700592512945, 30.186646797246574], [120.1700952388305, 30.186589027170527], [120.17053204842118, 30.18678481639455], [120.17069636263992, 30.186856911101348], [120.17072766416175, 30.186799949745396], [120.17056185440943, 30.186727457854783], [120.17007090516911, 30.18651226935292], [120.17000570970764, 30.18662659672226], [120.16897315590049, 30.18616890905348], [120.16897993452132, 30.186155195771406], [120.16882469212142, 30.1860881828495], [120.1687231106787, 30.186273480861697]]]}}, {"type": "Feature", "properties": {"osm_id": 966351839, "name": "建业路", "kind": "building"}, "geometry": {"type": "Polygon", "coordinates": [[[120.17629988771748, 30.189778471283034], [120.17644804783949, 30.18984189397437], [120.17693260904609, 30.190045886890157], [120.17703787634113, 30.189848978599585], [120.17834260427074, 30.190399637073632], [120.17826823858452, 30.19053228386486], [120.1778647360075, 30.19036463888721], [120.17771159056811, 30.190301025501736], [120.17767769778156, 30.190365992634675], [120.17782775254196, 30.190430211889613], [120.17824022888938, 30.190606740307267], [120.17829885495857, 30.19063133063629], [120.17840900723706, 30.190426912834795], [120.18001514677006, 30.191102511213103], [120.17992393314815, 30.191258890704365], [120.17958822731595, 30.191114917520764], [120.17943717486133, 30.191051099700363], [120.17941305125099, 30.191099647541233], [120.179563405735, 30.19116286664398], [120.17996461730354, 30.191331517370617], [120.180077163157, 30.1911287954511], [120.1806457806643, 30.191373034750686], [120.18051439393918, 30.19161159372153], [120.18076664757126, 30.191716623252827], [120.18092986478827, 30.191784418951503], [120.18095448686071, 30.191733470147323], [120.18079236637516, 30.19166607238885], [120.18060880944674, 30.191589814707157], [120.1807095921884, 30.191403415922608], [120.18084698590981, 30.1914624598179], [120.18083980838435, 30.19147437390581], [120.18098029285912, 30.191532411995034], [120.1810899494102, 30.191348096730973], [120.18096252594518, 30.191292034082423], [120.18095435128238, 30.19130254997868], [120.18079472355957, 30.191237847665285], [120.18090776639622, 30.191011824011], [120.18102342456893, 30.19106240852824], [120.18120628426927, 30.19114246794701], [120.18122253308995, 30.191111535893416], [120.18123868220185, 30.191080504024306], [120.18105761716915, 30.191001241243836], [120.1810042748076, 30.19097794061556], [120.18101474158752, 30.190955119825393], [120.1809848300059, 30.19094227556185], [120.18097286769402, 30.190964999165526], [120.18087017126855, 30.19092049053649], [120.1807293171597, 30.191211969696113], [120.18014125725503, 30.190962566701483], [120.1802519090664, 30.190762248561526], [120.17979575921825, 30.19056399986594], [120.17966813755186, 30.19051383839669], [120.17964082431813, 30.190572392701593], [120.17976754861927, 30.19062205583374], [120.18016397507944, 30.190793515890494], [120.18008632013415, 30.190942169376466], [120.17755103626543, 30.189864708764905], [120.17765480929648, 30.18968150399505], [120.17747923016648, 30.18960443246387], [120.17744733091239, 30.189663495536276], [120.17756906967095, 30.18971596774106], [120.17749968879127, 30.189844504932537], [120.176869459604, 30.189577584549834], [120.17697472657561, 30.189376876127543], [120.1767590669357, 30.189286679884656], [120.17660642021359, 30.189222765674458], [120.17657571727591, 30.189280326414526], [120.17672746663945, 30.18934364229572], [120.17688250642384, 30.18941035211618], [120.17681153168195, 30.189554193038692], [120.17677085246551, 30.189537069192053], [120.17677444057264, 30.189523761787527], [120.17663425677011, 30.189464224197337], [120.1765295864054, 30.18964533059604], [120.17667535371002, 30.189708357790444], [120.1766826308496, 30.189696443471306], [120.17697665800931, 30.189822193147943], [120.17690000036767, 30.189966444866602], [120.17647695629907, 30.189785936687187], [120.17632899562481, 30.189723113648654], [120.17629988771748, 30.189778471283034]]]}}, {"type": "Feature", "properties": {"osm_id": 966351841, "name": "伟业路", "kind": "building"}, "geometry": {"type": "Polygon", "coordinates": [[[120.1581921596036, 30.182373276441105], [120.1583199942703, 30.18238475207611], [120.15832298415157, 30.182366346025578], [120.15849848208333, 30.18238103756957], [120.15871007713152, 30.182410965608664], [120.15867728880244, 30.18261893241172], [120.15830575218105, 30.182587885853188], [120.15814820244084, 30.1825746623433], [120.15814262420406, 30.18264347510221], [120.1582989773709, 30.182656500722278], [120.15874729401257, 30.182693912041557], [120.15879054662285, 30.18241922385215], [120.15934076939392, 30.182494352955146], [120.1592971171082, 30.182754941586627], [120.15949724320474, 30.18279138793952], [120.15955138782653, 30.182801192163904], [120.15972538822228, 30.18283288411901], [120.15974183468482, 30.18276105176031], [120.1595671363281, 30.182729161076544], [120.15938785067024, 30.182696378086444], [120.15941804754206, 30.18250531627848], [120.15998132740654, 30.18258051741914], [120.15997654356067, 30.182608127133413], [120.16013179687735, 30.18263675143607], [120.16017176229306, 30.18241167043746], [120.1600145148653, 30.18238344979218], [120.16001142554066, 30.182404156188447], [120.15943847336106, 30.182323572223943], [120.15945711221609, 30.182235635363934], [120.15959451818665, 30.182263892443586], [120.1597765956302, 30.182301370160427], [120.1597940396195, 30.182234536246717], [120.1596121616632, 30.182197258227372], [120.15939438609536, 30.18215254317156], [120.15936069660614, 30.182311809773587], [120.15871574547135, 30.182228147773053], [120.15879122233177, 30.18215351128486], [120.15890259490605, 30.18206711075679], [120.15884924437458, 30.182020503079208], [120.15873926763085, 30.182106101022917], [120.158638266726, 30.182213083877464], [120.15837192787922, 30.182176651752645], [120.1583750175141, 30.182158745547433], [120.15822454730147, 30.18214120956487], [120.1581921596036, 30.182373276441105]]]}}, {"type": "Feature", "properties": {"osm_id": 966351845, "name": "中医药大学", "kind": "building"}, "geometry": {"type": "Polygon", "coordinates": [[[120.14648460214465, 30.17690333480372], [120.14655841042914, 30.17692152205519], [120.1466031795306, 30.17676024667686], [120.1466676908252, 30.17652793800134], [120.14657313647982, 30.176502382571538], [120.14665279709534, 30.176139545422867], [120.14650687670033, 30.17610786870988], [120.14671695482566, 30.17526251173398], [120.14682996017324, 30.175285738247737], [120.14686276360885, 30.17516248270218], [120.14689486909597, 30.17504212833223], [120.14683472610203, 30.17503032081327], [120.14680301952639, 30.17515077452628], [120.14678407529696, 30.175222306593913], [120.14673021575533, 30.17521178928122], [120.14678455412304, 30.174986296553318], [120.1465162532499, 30.174936007888515], [120.14637257800788, 30.175515051385712], [120.14614566696109, 30.175472397189903], [120.14617358275305, 30.17533754917167], [120.14610196864307, 30.17532695822032], [120.14607375354511, 30.17546140663226], [120.1460601943313, 30.175525929890178], [120.14635632615835, 30.175582178972892], [120.14621873308538, 30.176145112155005], [120.14607919998957, 30.176179826861965], [120.14591543498075, 30.176280080649903], [120.14579665005775, 30.17635286434168], [120.14583355864393, 30.17640661035423], [120.14595294170755, 30.17633162555747], [120.14608698540849, 30.176247517673374], [120.1462074683313, 30.176214332155734], [120.1461765594383, 30.17633808438457], [120.14643488873986, 30.176388090497415], [120.14648922852065, 30.176174498491946], [120.1465725121279, 30.176194471221965], [120.14649414706112, 30.176546705815838], [120.14657723129751, 30.17656807890283], [120.14654033919948, 30.176701641013747], [120.14650612817151, 30.176694493327755], [120.14649865045688, 30.176726606110655], [120.1465309666223, 30.17673575679693], [120.14652837419582, 30.17674506115695], [120.14648460214465, 30.17690333480372]]]}}, {"type": "Feature", "properties": {"osm_id": 966351848, "name": "西浦路", "kind": "building"}, "geometry": {"type": "Polygon", "coordinates": [[[120.13612834148903, 30.16835575171042], [120.13627680345736, 30.168410266261063], [120.1362869785072, 30.16839325277188], [120.13668696360092, 30.16853614959547], [120.1366334973895, 30.168649221950552], [120.13634465806736, 30.1685457853105], [120.13616207438221, 30.16848201377585], [120.1361526976596, 30.168501526311918], [120.13614322135825, 30.16852333905487], [120.1363270024505, 30.168587809203178], [120.13642188572688, 30.16862109013918], [120.1363874716525, 30.168695136497448], [120.13641281377838, 30.168704404691717], [120.13644623052262, 30.168634959741397], [120.13667051690796, 30.168714477099247], [120.13674143877223, 30.16855788078134], [120.13734325039756, 30.168765613557284], [120.13727961201955, 30.168912001347692], [120.13763099645398, 30.169032049093502], [120.13777865253431, 30.169082557981042], [120.13778902597244, 30.169058043501405], [120.1378006960661, 30.16903022719971], [120.13765453647294, 30.16897861641407], [120.13737219206887, 30.16887898017388], [120.1374111929962, 30.16879022631492], [120.13873659252195, 30.169273997852073], [120.13873060783288, 30.169285806284396], [120.13887247271543, 30.169338618363668], [120.13896882466301, 30.169136981674274], [120.13882406716093, 30.16908437386781], [120.13881159805611, 30.169096691013515], [120.13747033933929, 30.16861644312751], [120.13750864149641, 30.168524289952074], [120.13759494110658, 30.16855597871036], [120.13775147698541, 30.168613276374046], [120.13777721122462, 30.168553840530937], [120.13762127423648, 30.168498542277522], [120.13746733182754, 30.16844404075382], [120.13740299557705, 30.168593129759394], [120.1368137555705, 30.168381781828757], [120.13690392865283, 30.168183059001738], [120.13657588218997, 30.168070474333373], [120.13642772133855, 30.168019660870613], [120.13641545206555, 30.168047077434146], [120.13640418030073, 30.16807239265199], [120.13655174266654, 30.168123306985443], [120.13681833084057, 30.16821536992098], [120.13675479133146, 30.168364256656062], [120.13633295710095, 30.16821448807933], [120.13633924106294, 30.16819667947426], [120.13622530083211, 30.16815522209111], [120.13612834148903, 30.16835575171042]]]}}, {"type": "Feature", "properties": {"osm_id": 966357553, "name": "博览中心", "kind": "building"}, "geometry": {"type": "Polygon", "coordinates": [[[120.23665179313316, 30.233185639111486], [120.23671669104897, 30.233143393970497], [120.2369767239804, 30.23346294931415], [120.23735124482619, 30.233247897259602], [120.23683436787454, 30.232598079353693], [120.23697554734129, 30.23250888249478], [120.23740854318186, 30.233049947439863], [120.23753616676915, 30.233211179602755], [120.23756432345542, 30.23319216084319], [120.23759797174681, 30.23316953847003], [120.23747164625688, 30.233012705532886], [120.23743749366925, 30.232971723865248], [120.2372684292383, 30.23277051536557], [120.23703944823858, 30.232473839266483], [120.23718452322612, 30.232386241104834], [120.2373421797027, 30.232290935284382], [120.23731391924507, 30.23225895073318], [120.23728615810816, 30.23222736592594], [120.23713529160338, 30.2323200675759], [120.23678423866195, 30.232535807288766], [120.2361014091966, 30.231635993373256], [120.2358951058043, 30.23135831298288], [120.23577318194346, 30.23119428441072], [120.23570758671347, 30.231224631330086], [120.23583230634229, 30.23139415810456], [120.23603821012908, 30.231675738581973], [120.23572341443575, 30.231862265095746], [120.23598942919281, 30.232205708618153], [120.23590795944276, 30.232253567028426], [120.2354879715764, 30.231724917409547], [120.23528100659009, 30.23183716925137], [120.2351235626542, 30.231922685790796], [120.23516160674778, 30.231975762724858], [120.23531705423835, 30.231892147921393], [120.23546201967264, 30.231814241638883], [120.23588560195081, 30.232348388850504], [120.23602987116939, 30.232261385299477], [120.23636678838928, 30.232700091597607], [120.23582864541696, 30.233016674723267], [120.23563196168085, 30.23313231733173], [120.23568588314849, 30.23320198528789], [120.23588166877379, 30.233086943702595], [120.2364185150297, 30.232771562518664], [120.23666666205689, 30.23308262213674], [120.23653826396935, 30.233160111387726], [120.23677942170615, 30.233457375675936], [120.23687259012637, 30.233572123810312], [120.23693399440421, 30.23353578182939], [120.23684052609717, 30.233419833600507], [120.23665179313316, 30.233185639111486]]]}}, {"type": "Feature", "properties": {"osm_id": 966428683, "name": "侯潮门", "kind": "building"}, "geometry": {"type": "Polygon", "coordinates": [[[120.17344141600209, 30.22487633586474], [120.17329842453448, 30.225819168119433], [120.17323574747591, 30.226233013946366], [120.17364462354331, 30.22628364546308], [120.17361671903052, 30.226422707432757], [120.17343705693958, 30.226401345203413], [120.17328361628363, 30.226383033610112], [120.17329208631519, 30.22632901401904], [120.17344582611193, 30.226347825077074], [120.17355918662412, 30.226360211888746], [120.17356416923252, 30.226331300552122], [120.17322747724569, 30.22629183347611], [120.17314058755518, 30.226880536814225], [120.17325723828209, 30.226893217527465], [120.17320772058272, 30.227293737885752], [120.17318709652918, 30.227460788057364], [120.17311750505955, 30.22745521900261], [120.17313962439049, 30.22728536582523], [120.17315795770752, 30.227146721905722], [120.17318057299, 30.22694636577506], [120.17313441108571, 30.226939952454014], [120.17308748028037, 30.22727696365146], [120.17311051141441, 30.227280520433858], [120.17309556654422, 30.22740275686331], [120.17283055987652, 30.22737395485775], [120.1728452056202, 30.22725131897904], [120.17286823660082, 30.227252875642854], [120.17291417140117, 30.226927567143132], [120.17276043200833, 30.22691585633132], [120.17262385428405, 30.22706212369312], [120.17265947747411, 30.227421380690338], [120.1726747445556, 30.227575362284348], [120.17259887287973, 30.227582105797858], [120.17258350607726, 30.227427924374204], [120.17254538878042, 30.227049770800164], [120.17266342402094, 30.2269252398949], [120.17262304282359, 30.226896414102566], [120.17265095680256, 30.226869859689295], [120.17267209459439, 30.226884720828043], [120.17269004176252, 30.226897187821574], [120.17272044778501, 30.226865028327314], [120.17273071605115, 30.226854208238016], [120.17292274085564, 30.226870147127308], [120.17301192453722, 30.226291440183886], [120.17289547325858, 30.226280159114072], [120.17290274699013, 30.22622734187214], [120.17291739207184, 30.226096805550675], [120.1729766147144, 30.22610239420175], [120.17296326584292, 30.226234128160677], [120.17301800189311, 30.22623902522314], [120.17321978020787, 30.224858653036353], [120.17320632030666, 30.224854778182657], [120.17321757796017, 30.224752950237264], [120.17347032087393, 30.224777274778493], [120.17345696957368, 30.22487980673141], [120.17344141600209, 30.22487633586474]]]}}, {"type": "Feature", "properties": {"osm_id": 970553070, "name": "滨康路", "kind": "building"}, "geometry": {"type": "Polygon", "coordinates": [[[120.23166778308422, 30.18321919471949], [120.23180515709093, 30.183350287367215], [120.23145718218889, 30.183641087577296], [120.23159557179127, 30.18399768825849], [120.23178044705975, 30.18392783278155], [120.23193008543494, 30.1838737079044], [120.2319508537541, 30.183921693055215], [120.23180201391978, 30.183976317193398], [120.23156203528671, 30.18406441895055], [120.23141356091061, 30.183677725514347], [120.23098733383746, 30.184031899488428], [120.23107320457277, 30.18428973804288], [120.23071913740625, 30.18441864519679], [120.23058847228076, 30.184466959660277], [120.23056870367695, 30.184423174784964], [120.23069886958848, 30.184374960667675], [120.23097517494861, 30.184272720345476], [120.23099104662514, 30.18426680661803], [120.23100661884497, 30.184260993157448], [120.23099703326815, 30.184232000015335], [120.23094321441697, 30.18407043863851], [120.230717726454, 30.184255039232582], [120.23057227280611, 30.18412435861204], [120.23119024457378, 30.18361510986143], [120.23106344902472, 30.183405707736988], [120.23116882106503, 30.18287359577284], [120.23063854537074, 30.182783143282123], [120.23060591406276, 30.182916877141068], [120.23075575169304, 30.182944249634236], [120.23075804716125, 30.182938347413852], [120.23077871105964, 30.182942229895673], [120.23077671506177, 30.18294813185822], [120.230771027304, 30.18297513789152], [120.23059922811022, 30.18294388406705], [120.23038620272906, 30.18290496670399], [120.23021530458219, 30.182873814337498], [120.23022837674411, 30.182818900538557], [120.23039837670014, 30.182851553824555], [120.2305453182887, 30.182879827801404], [120.23057286047398, 30.182769799288227], [120.23012644806612, 30.182688184185924], [120.23017903663354, 30.182475828946913], [120.23063014183211, 30.18255924087412], [120.23069141501684, 30.182333378509007], [120.23054766715552, 30.18230810118242], [120.2303508137762, 30.182273370307886], [120.23035919594626, 30.182237861494695], [120.23036767790879, 30.18220195258058], [120.23056453142101, 30.18223668356631], [120.23078304876495, 30.1822769975674], [120.23069572704777, 30.182572485075656], [120.23156641758023, 30.182723757141368], [120.23163118398905, 30.18246069223035], [120.23179071137116, 30.1824909621288], [120.23193476608515, 30.18251834539898], [120.231920096241, 30.1825790599834], [120.23177614140808, 30.182551276685782], [120.23168499706598, 30.18253365094186], [120.23163320301542, 30.182734802351863], [120.23199119252925, 30.182800511553975], [120.23194568750785, 30.183007257556596], [120.23122442495271, 30.182884949483512], [120.2311788233965, 30.18311459776208], [120.23151494336673, 30.183170119114518], [120.23148271370005, 30.183346353532304], [120.23143210097933, 30.183339995385673], [120.23145604853684, 30.183207469698015], [120.23116824552434, 30.183159108595554], [120.23111984976262, 30.18339855977516], [120.23123186913796, 30.183580873374357], [120.23166778308422, 30.18321919471949]]]}}, {"type": "Feature", "properties": {"osm_id": 970553071, "name": "西兴", "kind": "building"}, "geometry": {"type": "Polygon", "coordinates": [[[120.219987668036, 30.187749074950617], [120.22010532402086, 30.187882040072452], [120.22048568084537, 30.18761227497789], [120.22052400211263, 30.187657131634868], [120.22065241915985, 30.187570875951508], [120.22075619094265, 30.18750125051193], [120.2207248553436, 30.18746798589131], [120.22062168229144, 30.18753641066533], [120.22053387572393, 30.187594517101825], [120.2205261914145, 30.18758442573771], [120.2207157739031, 30.187456996089033], [120.22154456321843, 30.186894304635366], [120.22143249100193, 30.186780628926677], [120.22085245747348, 30.187168422280774], [120.22066853357535, 30.186951728901246], [120.22073578600123, 30.18691064779791], [120.22085322867723, 30.18683890649357], [120.22081790060744, 30.18679464598796], [120.22069975954284, 30.186865988219825], [120.22058022204659, 30.186938232562387], [120.22069109483193, 30.187068807588286], [120.2205009125611, 30.187181237383623], [120.22051947472883, 30.187206616552494], [120.22071235132348, 30.18709388367308], [120.22080196805874, 30.18719948299368], [120.219987668036, 30.187749074950617]]]}}, {"type": "Feature", "properties": {"osm_id": 970553072, "name": "滨和路", "kind": "building"}, "geometry": {"type": "Polygon", "coordinates": [[[120.21749371160412, 30.200193363131113], [120.21774724287911, 30.20021624280754], [120.21785851667629, 30.19928955438329], [120.2179840362369, 30.199299096771842], [120.21800208037516, 30.199111464438385], [120.21801214991503, 30.199015346847396], [120.21796066479607, 30.199011011379174], [120.21795019616766, 30.199107129487118], [120.21793484223994, 30.199248756093432], [120.21786429989533, 30.1992433447128], [120.21790258480395, 30.198888578243338], [120.21765174608798, 30.198865094021446], [120.21761036877972, 30.199223664877366], [120.2174048306209, 30.19920512523139], [120.21741569824579, 30.199110106504545], [120.21742885896609, 30.198994083788172], [120.2173705900259, 30.198987857725697], [120.21735792827825, 30.199104779873046], [120.2173423751993, 30.19924750704786], [120.21732991076529, 30.199337127564352], [120.21736124031641, 30.199341387809945], [120.21736682731391, 30.199336780447258], [120.21737869340375, 30.19925066088663], [120.2176044858761, 30.199270374741285], [120.21755174241764, 30.199728065282052], [120.21730589526094, 30.199703177096815], [120.21728066744387, 30.199886518801474], [120.21726022594588, 30.200035052618762], [120.21731320644496, 30.20003908514155], [120.21733424672489, 30.199891750652352], [120.21735419015022, 30.199752317994697], [120.2175446620837, 30.19977307660146], [120.21749371160412, 30.200193363131113]]]}}, {"type": "Feature", "properties": {"osm_id": 970553073, "name": "婺江路", "kind": "building"}, "geometry": {"type": "Polygon", "coordinates": [[[120.19021503196676, 30.237653941884886], [120.19032970505663, 30.23773403941768], [120.19058773218728, 30.237459350810177], [120.19074767690245, 30.23756916894463], [120.19055405679856, 30.237780635587832], [120.19046332898661, 30.237883107792758], [120.19050451149548, 30.237909434998183], [120.19059394316443, 30.23780746522012], [120.19069304635065, 30.23769937755378], [120.19070790398736, 30.237708651308772], [120.19073313205429, 30.23772430674406], [120.19075666120166, 30.23769366184746], [120.19073043606288, 30.2376785082498], [120.1907184702261, 30.23767162942714], [120.19081767328241, 30.237563441717917], [120.19061893853068, 30.237423191553013], [120.19116450705272, 30.236835760736646], [120.191325949978, 30.23696087827905], [120.19146254305939, 30.23682092151708], [120.19156104976311, 30.23671993648622], [120.1915353225732, 30.23670098148242], [120.19152574966522, 30.236693898225013], [120.19151298764018, 30.236706722176002], [120.19142664465049, 30.236793784293656], [120.19131896531363, 30.236902286594468], [120.19119441798014, 30.23680660454827], [120.19165384829563, 30.236321240120375], [120.19187691689602, 30.236476049819373], [120.1920311563937, 30.236290858970104], [120.19212078943126, 30.236189090516422], [120.19206953440923, 30.236155280128433], [120.19204829766824, 30.236179420045435], [120.19198000115145, 30.236257048455805], [120.1918549740797, 30.236402083898177], [120.19168585295641, 30.23628697996717], [120.19185305533048, 30.236110566103537], [120.19153784671524, 30.23587821694788], [120.19150524370261, 30.235910678095976], [120.19178086387548, 30.236111596103324], [120.19146570238532, 30.23644248814679], [120.19138672646548, 30.23638952677775], [120.1910658834529, 30.236723330803], [120.19087442457248, 30.236554964935426], [120.1909678455945, 30.23645858879961], [120.19087261515976, 30.23637905536733], [120.1907871571864, 30.236307904947697], [120.1907791797807, 30.236301218911937], [120.19076831167465, 30.236305438909245], [120.19074996685661, 30.236328673841612], [120.19075694709521, 30.236334661630725], [120.19084130830724, 30.236406914089457], [120.1909042302754, 30.236460904104753], [120.19080572408375, 30.236557189511213], [120.1910358733167, 30.23675788760817], [120.19050296911641, 30.237347296339], [120.19036077374119, 30.237242646788886], [120.19024103249912, 30.237368273578948], [120.1901495069435, 30.23746544712314], [120.19018610262268, 30.237491682514985], [120.19027702987115, 30.237393410011173], [120.19035848563078, 30.237305455562634], [120.19046966912366, 30.237386059625535], [120.19021503196676, 30.237653941884886]]]}}, {"type": "Feature", "properties": {"osm_id": 970559707, "name": "湘湖", "kind": "building"}, "geometry": {"type": "Polygon", "coordinates": [[[120.23434630596414, 30.168599325157064], [120.23427488272327, 30.169345504975226], [120.23425970750509, 30.16934801622096], [120.2342483336853, 30.16944252807779], [120.234494337706, 30.169459048787452], [120.23450301589935, 30.169363538950094], [120.23449333106483, 30.169358345797573], [120.23455337315998, 30.168611074731682], [120.23461202591608, 30.167964708703845], [120.23473492933155, 30.16796932029923], [120.23473223647078, 30.168003823487897], [120.23471976939395, 30.168161938201337], [120.23474572797039, 30.168163319598396], [120.23476339978217, 30.16816420694573], [120.23477616639478, 30.168005992032885], [120.23479543568507, 30.168006978258287], [120.23479433816857, 30.16801587936806], [120.23481360745701, 30.168016665598543], [120.23481460515019, 30.168007964568222], [120.23481689936226, 30.167982061985075], [120.23477826089774, 30.167979789578933], [120.23478235024395, 30.167929584823717], [120.23461791288197, 30.167921002861902], [120.23467596611093, 30.167266737308413], [120.23484908993066, 30.167274313360483], [120.23486095771962, 30.167112399055984], [120.23487103076319, 30.16697958709323], [120.23481382180758, 30.166976727878357], [120.23480424793344, 30.167108839478658], [120.23479557038357, 30.167213549460957], [120.23468155227029, 30.167207131137182], [120.23470160258852, 30.16699300900214], [120.2344958321226, 30.166982457456005], [120.23447438419517, 30.167196180737943], [120.2342849893378, 30.16718781888408], [120.23401433365642, 30.16724502097714], [120.23386118326147, 30.16723893508389], [120.23371162784824, 30.16723184726272], [120.23370993270846, 30.167257149452887], [120.23370853687204, 30.16727995132751], [120.2338580922579, 30.167286939129074], [120.23401164222794, 30.167296024816725], [120.23427231472337, 30.16724713032962], [120.23446869813841, 30.167254486975526], [120.23440545366554, 30.167907256684373], [120.23369261264484, 30.167884585212143], [120.23368862576936, 30.167964691131512], [120.23368085152019, 30.16812280275311], [120.233703813877, 30.16812388545416], [120.23373526237327, 30.16812556179901], [120.23374283688581, 30.167966450306153], [120.2337445311103, 30.167929947704103], [120.2344020626086, 30.167949560696492], [120.23434630596414, 30.168599325157064]]]}}, {"type": "Feature", "properties": {"osm_id": 970642487, "name": "甬江路", "kind": "building"}, "geometry": {"type": "Polygon", "coordinates": [[[120.19064479927873, 30.224654155366192], [120.1908278559014, 30.224509314130415], [120.19105072668984, 30.22471382420567], [120.1910321816738, 30.22472865872409], [120.19110118760594, 30.224799538596457], [120.19132622302327, 30.224644521815033], [120.19101599777612, 30.224358863712624], [120.19110762621182, 30.2242864932609], [120.19077865451706, 30.22397946854973], [120.19066288221305, 30.223879271819094], [120.19060924153935, 30.223922071876018], [120.19072611049265, 30.224021266487895], [120.19100871259596, 30.224283271937328], [120.19096563992748, 30.224312851808], [120.18961327571256, 30.223144732806002], [120.18951635231231, 30.22307040483008], [120.18960079998934, 30.222999346142945], [120.18914310261555, 30.22259265583954], [120.18900669146457, 30.222472897674944], [120.18895026041406, 30.222519603975858], [120.18908806756531, 30.222641459650127], [120.18948922561736, 30.223000049784122], [120.18946001286466, 30.223023804649344], [120.1890745104801, 30.222680786989777], [120.18854153391297, 30.222242235159925], [120.18862239107526, 30.222170782260044], [120.1882470676459, 30.22188745300667], [120.18819422707122, 30.22194025348822], [120.18849296983605, 30.22216561934031], [120.1884705370942, 30.222183761673033], [120.18819502727492, 30.221970853980018], [120.18774930860062, 30.221640352841987], [120.18757503724862, 30.22183568644437], [120.18791455899135, 30.22207107620551], [120.18797109642288, 30.222112774850974], [120.18789233412636, 30.222189224697303], [120.18745270056226, 30.22187701465922], [120.18734640701024, 30.221800805867794], [120.18730204180773, 30.221851190968426], [120.18740923275197, 30.22192839813057], [120.18789403644791, 30.22227702720933], [120.18802753418264, 30.222154473709463], [120.18833754362818, 30.222383318665415], [120.1889527843104, 30.22289482358596], [120.18928104830498, 30.2231778415137], [120.18918274224966, 30.223258326428848], [120.18885816943653, 30.222994403279248], [120.18876483628557, 30.222918469350716], [120.18871239362845, 30.222964068413212], [120.18880871809864, 30.223041596919977], [120.18918643872398, 30.223345625338766], [120.18933639042359, 30.22322304332865], [120.18970304626873, 30.223533194332642], [120.189509723596, 30.223693557420024], [120.18937991154499, 30.223801501464013], [120.18943216308676, 30.22385070925508], [120.1895615764109, 30.223743066023548], [120.18975659405183, 30.223580099775198], [120.19017669991335, 30.223933658069004], [120.1902312451377, 30.223980761988496], [120.19077689950318, 30.224458303083782], [120.19054309336009, 30.224638438795342], [120.19053222554233, 30.224645758993994], [120.19084643665516, 30.22492530784465], [120.19089997758154, 30.22488000791872], [120.19064479927873, 30.224654155366192]]]}}, {"type": "Feature", "properties": {"osm_id": 970642496, "name": "水澄桥", "kind": "building"}, "geometry": {"type": "Polygon", "coordinates": [[[120.15235352683827, 30.20425782513158], [120.152195880408, 30.20448639898394], [120.15206144378914, 30.2044087174054], [120.15202224965877, 30.204386081020917], [120.15200250615155, 30.204412315090146], [120.15218202085158, 30.20451352341902], [120.15230239440281, 30.204573727082874], [120.1524683438617, 30.20465685596976], [120.1524996531146, 30.20460520111194], [120.15233629669396, 30.204522968069917], [120.15226339447273, 30.20448628704633], [120.15240279319606, 30.20428374471369], [120.15264064890957, 30.20442845687989], [120.15276040364624, 30.204259048120562], [120.15252075428887, 30.20412394000367], [120.15253650927336, 30.204105812817016], [120.15267184188231, 30.204181291562335], [120.15280119037463, 30.204253379771053], [120.15283479376372, 30.20421002134764], [120.15270664208735, 30.204138331248153], [120.15251765514213, 30.20403264023806], [120.15246680042978, 30.204091427970813], [120.1518646286096, 30.20374410688413], [120.15192326068205, 30.20366250567359], [120.15173766047864, 30.20354710577026], [120.15157978502992, 30.20344896051992], [120.15154199231304, 30.203493425071162], [120.15170006730196, 30.203591070084382], [120.15183650004359, 30.203675349622344], [120.15181047475585, 30.203714094647083], [120.15145024486834, 30.203509376735504], [120.15132589886105, 30.20367318965042], [120.1517008902027, 30.203889284745483], [120.15157255529122, 30.20404700453813], [120.15147441983808, 30.20399706321048], [120.15127884641697, 30.203897478865336], [120.15114251300575, 30.203828198471722], [120.15111529086933, 30.20387024528176], [120.15125052730974, 30.203938927516074], [120.15158801826256, 30.204110282505713], [120.15174716534624, 30.20391390980014], [120.15235352683827, 30.20425782513158]]]}}, {"type": "Feature", "properties": {"osm_id": 970642500, "name": "联庄", "kind": "building"}, "geometry": {"type": "Polygon", "coordinates": [[[120.15208959799696, 30.186995908972882], [120.15233212393943, 30.18692030355537], [120.15223098036213, 30.18665715951573], [120.15225910216715, 30.186648212480875], [120.15246996930247, 30.187221788162624], [120.15251753706046, 30.187209908522675], [120.15228851568484, 30.18658336077922], [120.15221302587837, 30.18661068719501], [120.15206141175146, 30.186239521676352], [120.1521441818702, 30.186213383478613], [120.15206747509777, 30.18600250106325], [120.15205979444102, 30.18598141283324], [120.15205370978212, 30.18596492216645], [120.1520226878769, 30.1858795696849], [120.15197181590136, 30.1857396475789], [120.1519116823351, 30.18575424759613], [120.15196335241102, 30.18589686856291], [120.15206070747523, 30.18616581954912], [120.15203876841716, 30.186173156175606], [120.1517261594386, 30.185373636840858], [120.15148532609031, 30.18545393679734], [120.15167624337154, 30.185931843880226], [120.15158310096253, 30.185959498463497], [120.15144095888154, 30.18558871567618], [120.15139477508207, 30.185468286182616], [120.15132985439027, 30.185489293660698], [120.15137543977444, 30.185608324134563], [120.15148636067649, 30.185897754809282], [120.15154062388343, 30.18603747181789], [120.1516972906193, 30.185990611822724], [120.15208959799696, 30.186995908972882]]]}}, {"type": "Feature", "properties": {"osm_id": 970642503, "name": "杨家墩", "kind": "building"}, "geometry": {"type": "Polygon", "coordinates": [[[120.14851072078645, 30.16829484510228], [120.14876803950521, 30.168367139887426], [120.14885229483119, 30.168138797728425], [120.14900828084843, 30.168183851151618], [120.14891894155366, 30.16843710259412], [120.1488736735842, 30.168565479276886], [120.14893740438816, 30.16858277853037], [120.14898396880591, 30.16845429971658], [120.14909554369352, 30.168146110695826], [120.14887393218926, 30.168082761294475], [120.14908741481533, 30.167545001902628], [120.14934123932451, 30.16761679905485], [120.14941113841942, 30.167463181624303], [120.14947266162048, 30.167329478242543], [120.14940643788592, 30.16730688352586], [120.14934391733746, 30.167441388445045], [120.14929824834742, 30.1675394650311], [120.14910975001142, 30.167486964188875], [120.14922102817286, 30.167212076667564], [120.14897009457269, 30.1671329740143], [120.14885522576031, 30.167412666810574], [120.14875169991603, 30.167379430068404], [120.14880065978733, 30.167270548406556], [120.14884622931604, 30.167169272360123], [120.14877581569714, 30.16714548337215], [120.14873104396655, 30.167246858085868], [120.14865725525878, 30.16741388113548], [120.14883468560755, 30.167470501540734], [120.14861970607954, 30.168012962297542], [120.14844566633067, 30.167963035935795], [120.14835832166162, 30.168229983615642], [120.14834495704295, 30.168227304617357], [120.14832620667407, 30.168223534075448], [120.14830745628818, 30.168219663522247], [120.14829648881968, 30.168259082258327], [120.14833508671232, 30.16826732165266], [120.14834535953797, 30.168269605520287], [120.14829241420172, 30.168431394959445], [120.14834796739915, 30.168445207797692], [120.14840230882398, 30.168282016036656], [120.14842763490432, 30.16820607325702], [120.14848426951633, 30.16803587753745], [120.14859836777327, 30.16806879813003], [120.14851072078645, 30.16829484510228]]]}}, {"type": "Feature", "properties": {"osm_id": 970642513, "name": "浦沿", "kind": "building"}, "geometry": {"type": "Polygon", "coordinates": [[[120.15316821184288, 30.15960365214008], [120.15305374948194, 30.15984655177647], [120.15324183384952, 30.159914438926414], [120.15332638516887, 30.159747191582678], [120.15356343366525, 30.159830295920596], [120.15327697683855, 30.160395295835897], [120.15334728427622, 30.160425678849997], [120.15365846658891, 30.159797434842048], [120.15335240779686, 30.159686145896547], [120.15347873734123, 30.159453326030746], [120.15377960951645, 30.159561222905786], [120.15395399594287, 30.159232417766784], [120.15389545760188, 30.159214416065122], [120.15374440118691, 30.15948567980762], [120.15350735316227, 30.15939797610491], [120.15417429301687, 30.158183811132833], [120.1543656289274, 30.15783377552001], [120.15442176303951, 30.157727976846612], [120.15463417541031, 30.157810618430005], [120.15447863589574, 30.158107892431886], [120.15456389930344, 30.1581324482992], [120.15474037479427, 30.157774736470163], [120.15445237206458, 30.15766442283296], [120.15457780224351, 30.15744160254061], [120.15459654636855, 30.15740136937778], [120.15478698326876, 30.15705153401151], [120.15461944749062, 30.15698851729982], [120.15455812756343, 30.157087824746295], [120.15435648470815, 30.15700446461145], [120.15428399906699, 30.157144091991963], [120.15426186017429, 30.157135129241215], [120.15422307390429, 30.15719899700663], [120.1542417225144, 30.157207365669322], [120.15426794555187, 30.15716341982344], [120.15427283208238, 30.157165611608747], [120.15415837021915, 30.157384612515653], [120.15422827732742, 30.15741239497917], [120.15438990011181, 30.157109511233177], [120.15451226219696, 30.15716200506981], [120.15400315398709, 30.157986294377686], [120.1538701469228, 30.158249527547767], [120.15384781340939, 30.158300166879204], [120.15365707593703, 30.15867450058227], [120.1536347418261, 30.158719139643893], [120.15333751518747, 30.159282857712896], [120.15312958503156, 30.15920120370454], [120.1529544032528, 30.15959340963913], [120.15303857294707, 30.159625969937657], [120.15318114986447, 30.159293520324702], [120.15330660599508, 30.159342511536988], [120.15316821184288, 30.15960365214008]]]}}, {"type": "Feature", "properties": {"osm_id": 972170244, "name": "聚才路", "kind": "building"}, "geometry": {"type": "Polygon", "coordinates": [[[120.19734706241438, 30.183455654633114], [120.19752295839837, 30.183298244971926], [120.19767791580549, 30.183170773077183], [120.19780256142509, 30.183083855330434], [120.19794156716422, 30.182994013104885], [120.19883055783188, 30.182455873163534], [120.19929086559587, 30.182186481470897], [120.19950678620779, 30.18236472442051], [120.19950579138158, 30.182394127361015], [120.19949862918115, 30.182612448829364], [120.19956963412865, 30.182614129140056], [120.19957789592237, 30.182427207174822], [120.1995792894471, 30.18239530345557], [120.19961170039537, 30.1823953488257], [120.1996125910731, 30.18231244376704], [120.19954906559217, 30.18231185083624], [120.19934950122709, 30.18215128084752], [120.19949190302489, 30.182074037077268], [120.19941141430954, 30.181952067736056], [120.1993715190869, 30.181891632543778], [120.19926741075895, 30.18195211110952], [120.19917786037617, 30.181986664109605], [120.19916599140255, 30.18196628333193], [120.19908461866568, 30.182001022638993], [120.19910257157738, 30.18203029347341], [120.19888159213903, 30.18215827372828], [120.19876831071237, 30.182224669017582], [120.19789996132134, 30.18273397318782], [120.19778696613409, 30.18261736196134], [120.19772793365331, 30.182654964907382], [120.19782666702291, 30.182754899771425], [120.19752003986535, 30.182976836080037], [120.197314626366, 30.183134596608397], [120.19713713536204, 30.183289809496433], [120.19699993050612, 30.183425052376474], [120.19687439414922, 30.183570375804845], [120.19685873710029, 30.183559302419017], [120.1967774742364, 30.18367214802246], [120.19705869844508, 30.18381566782174], [120.19712689876644, 30.18370874537609], [120.1972362821238, 30.183578550951076], [120.19734706241438, 30.183455654633114]]]}}, {"type": "Feature", "properties": {"osm_id": 972170252, "name": "江晖路", "kind": "building"}, "geometry": {"type": "Polygon", "coordinates": [[[120.21036736782511, 30.181712740145734], [120.21062772392769, 30.181714861046107], [120.21062554001436, 30.18184426973778], [120.21073248409546, 30.181942018629538], [120.21072512297118, 30.182192740033702], [120.21080921563266, 30.182193118130485], [120.21081558464915, 30.182008100986373], [120.21081737357241, 30.181927394946467], [120.21071362134145, 30.181829541196016], [120.21071470923765, 30.181715534756613], [120.21143823211798, 30.18172129155381], [120.2114385430709, 30.18186309715542], [120.21165331848682, 30.181864389974923], [120.21181422641607, 30.181865860617712], [120.21181492272167, 30.18184165859355], [120.21181571877615, 30.18181735642339], [120.21165511006815, 30.18181538532603], [120.21150796923374, 30.18181369560737], [120.21150836077624, 30.1817228911756], [120.21340897057063, 30.181729716703398], [120.21340767948844, 30.181800421503027], [120.2132045648616, 30.181800702937615], [120.21301631584844, 30.181800964731835], [120.21301512161924, 30.181836167897142], [120.21301402700253, 30.181869570847464], [120.21320397202635, 30.181870306730215], [120.21350295790151, 30.1818687927791], [120.21350414369932, 30.181730985265062], [120.2147298456744, 30.18172831304536], [120.21472786120432, 30.181860121341174], [120.21466171638488, 30.181860210563663], [120.21447236139417, 30.181860466631413], [120.21447236630955, 30.181920169173473], [120.2146622201045, 30.18191961241965], [120.2147270679416, 30.18191922493359], [120.21472607469403, 30.18197282856225], [120.214768375499, 30.181972471549532], [120.21481077612721, 30.181972114450517], [120.21480896011417, 30.181726506414154], [120.21546193868937, 30.181741434042213], [120.21546531273921, 30.181521820213014], [120.21393031364505, 30.18152319053057], [120.21393248839183, 30.181279677213944], [120.21393387212866, 30.18112236865544], [120.21388658416599, 30.181121533390538], [120.2138412915466, 30.181120795452003], [120.21384010740654, 30.181278903773922], [120.21383823184108, 30.18152101662586], [120.21300861087363, 30.181516863368834], [120.21301627497783, 30.18130474368431], [120.21301707128445, 30.18128314165893], [120.21301766845677, 30.181266240110457], [120.21283191443342, 30.181265399280715], [120.21264436579179, 30.181264561857652], [120.21264337301491, 30.181323065731178], [120.2128319191615, 30.181322801708394], [120.21293287659203, 30.181322660713292], [120.21292740571376, 30.181516276569017], [120.2115128326317, 30.181514475904056], [120.2115135199738, 30.181381569274247], [120.21188351807066, 30.181385241565856], [120.21188332129977, 30.18141854325962], [120.21205739834971, 30.1814197961551], [120.2120578961913, 30.18140829496096], [120.21205879225674, 30.181386992786283], [120.21208832060802, 30.181387250949474], [120.2122514253384, 30.181388920265956], [120.2122517192833, 30.181324217104876], [120.21205878692618, 30.181322290048083], [120.21144927165867, 30.181316258513707], [120.21144679419, 30.181515670531976], [120.21133985587662, 30.181515123891707], [120.2109595891586, 30.181513171533638], [120.21089375114587, 30.18151246669841], [120.21071658772208, 30.181511223335303], [120.21071617888208, 30.181392018864404], [120.21080186257791, 30.181331592056598], [120.2108260987534, 30.181282054845287], [120.21083507179213, 30.181223339361118], [120.21085310445267, 30.180946001517302], [120.21082517316648, 30.180944741910025], [120.21079115687124, 30.180943091123567], [120.21077900299775, 30.181138717011788], [120.21075456799872, 30.181196154870793], [120.21072833622735, 30.181238794725505], [120.21069192913558, 30.181275949135333], [120.2106545243067, 30.181310204904683], [120.21061821479674, 30.181320058081553], [120.21036563948367, 30.181317925883604], [120.21036534206333, 30.181340227263867], [120.21036504444515, 30.181360128542796], [120.21054340312315, 30.18136166865274], [120.21063008898452, 30.1813626426313], [120.21063129822636, 30.181510647160675], [120.21036944583565, 30.18150892843875], [120.21036736782511, 30.181712740145734]]]}}, {"type": "Feature", "properties": {"osm_id": 975338178, "name": "1号楼", "kind": "building"}, "geometry": {"type": "Polygon", "coordinates": [[[120.13646833411376, 30.23657967308571], [120.13637255177889, 30.236529790970444], [120.13641813883277, 30.23644282683084], [120.13637862854995, 30.236421775399368], [120.13641513852357, 30.236357224404586], [120.13638620419832, 30.236341459949948], [120.13643338697408, 30.236247893296838], [120.13652148560958, 30.236282083860385], [120.13651091214994, 30.23630579903047], [120.13687577710789, 30.236465944811513], [120.13679976499708, 30.236592451414385], [120.1367479839415, 30.236573216252125], [120.13669510532341, 30.236553682390298], [120.13652000657113, 30.23648880079], [120.13650584154422, 30.236513720616557], [120.13647451885005, 30.23656876443414], [120.13646833411376, 30.23657967308571]]]}}, {"type": "Feature", "properties": {"osm_id": 975338182, "name": "9号楼", "kind": "building"}, "geometry": {"type": "Polygon", "coordinates": [[[120.13479454652101, 30.23634333956627], [120.13470544131293, 30.236266542508634], [120.13466214223723, 30.23630429790342], [120.13458920137886, 30.236241481895785], [120.13483233445645, 30.236029670674288], [120.13499437927504, 30.23616918262032], [120.13479454652101, 30.23634333956627]]]}}, {"type": "Feature", "properties": {"osm_id": 975338184, "name": "2号楼", "kind": "building"}, "geometry": {"type": "Polygon", "coordinates": [[[120.13512975899992, 30.23601650534373], [120.13496911092203, 30.235866891642953], [120.13513921264978, 30.235723372474897], [120.13515827084532, 30.235741250322523], [120.13527431596765, 30.235849415151154], [120.13533806635098, 30.235798032692934], [120.13536390932404, 30.235820402359963], [120.13512975899992, 30.23601650534373]]]}}, {"type": "Feature", "properties": {"osm_id": 975710337, "name": "杭州花港海航酒店", "kind": "building"}, "geometry": {"type": "Polygon", "coordinates": [[[120.1364597715621, 30.228531717319314], [120.13634812277044, 30.228444853021937], [120.13651771440747, 30.228262825443398], [120.13631297700167, 30.22812547587386], [120.13644346272909, 30.227981700759354], [120.13664271269081, 30.228127357081185], [120.13685031178473, 30.227918277535835], [120.13702222219554, 30.22805536605482], [120.13673651224515, 30.228336051457468], [120.13680795066003, 30.22839206387037], [120.13669412643173, 30.22851981807778], [120.1368927765179, 30.228670274060043], [120.13681915438205, 30.22874387342922], [120.13661371873881, 30.228583624989984], [120.13657132048648, 30.228622381634885], [120.1364597715621, 30.228531717319314]]]}}, {"type": "Feature", "properties": {"osm_id": 985031023, "name": "世茂杭州双塔B", "kind": "building"}, "geometry": {"type": "Polygon", "coordinates": [[[120.23083871943233, 30.214742610236637], [120.2308662695745, 30.21472588573246], [120.23089771341986, 30.214715458315695], [120.23093125418059, 30.214711829556688], [120.23096489539424, 30.214715301176067], [120.23119210766808, 30.21483751642532], [120.23120897957774, 30.214854103227623], [120.23122165902815, 30.214873293719418], [120.23122974664386, 30.214894288182904], [120.2312326441139, 30.214924987591285], [120.23122565879316, 30.214955295280262], [120.23108432198308, 30.215152126223813], [120.23105647206684, 30.215168150739053], [120.23102522766307, 30.21517847781356], [120.23099148718373, 30.215182806677785], [120.23095744672581, 30.215180435432405], [120.23073013677077, 30.21505822205856], [120.2307134647756, 30.21504093531585], [120.23070098518205, 30.21502114483404], [120.23069319716791, 30.21499965022738], [120.23069069908787, 30.21496935055199], [120.2306973848281, 30.214939543022673], [120.23083871943233, 30.214742610236637]]]}}, {"type": "Feature", "properties": {"osm_id": 985031024, "name": "世茂杭州双塔A", "kind": "building"}, "geometry": {"type": "Polygon", "coordinates": [[[120.229868353041, 30.214822559226217], [120.22989590211527, 30.2148058338173], [120.22992724492097, 30.214795405456314], [120.22996088420174, 30.214791775507642], [120.22999442429793, 30.21479534611634], [120.2302217275705, 30.214917553810867], [120.2302385988244, 30.214934140058386], [120.23025127777385, 30.214953230127513], [120.23025936507538, 30.214974224325605], [120.23026226243333, 30.21500492363999], [120.23025527738491, 30.215035231560478], [120.23011394608046, 30.215232167171138], [120.23008609723792, 30.21524809259695], [120.23005485405557, 30.21525852070511], [120.23002111487763, 30.215262750672366], [120.22998707574037, 30.215260380545182], [120.22975977459035, 30.21513817462317], [120.22974310324003, 30.215120888425933], [120.22973062413713, 30.21510119835804], [120.22972283641568, 30.215079603999484], [120.22972023861186, 30.21504930449348], [120.22972702391264, 30.215019496654776], [120.229868353041, 30.214822559226217]]]}}, {"type": "Feature", "properties": {"osm_id": 987640905, "name": "A座", "kind": "building"}, "geometry": {"type": "Polygon", "coordinates": [[[120.20226969175663, 30.18381019425599], [120.2022711811559, 30.1837305883483], [120.20239285430365, 30.183732189441272], [120.20246496075104, 30.18373297169186], [120.20246217474258, 30.18381157966767], [120.20237012183505, 30.183810229996897], [120.20233042868588, 30.183812594997814], [120.20226969175663, 30.18381019425599]]]}}, {"type": "Feature", "properties": {"osm_id": 993437813, "name": "迷邓花园", "kind": "building"}, "geometry": {"type": "Polygon", "coordinates": [[[120.16620384934876, 30.221370656960733], [120.16615957123815, 30.221259131723794], [120.16636386034112, 30.221197849971308], [120.16640813838146, 30.221309475136923], [120.16620384934876, 30.221370656960733]]]}}, {"type": "Feature", "properties": {"osm_id": 1001612432, "name": "绿城卓越·傲旋城", "kind": "building"}, "geometry": {"type": "Polygon", "coordinates": [[[120.18701154210613, 30.182798749015266], [120.18701601059949, 30.182578531274405], [120.18701387881936, 30.182121615613106], [120.18726095230966, 30.18213335975478], [120.18773086980733, 30.18212549287853], [120.18773577584571, 30.18237109436599], [120.18773242137067, 30.18279941896787], [120.18745733045436, 30.18280462623267], [120.18701154210613, 30.182798749015266]]]}}, {"type": "Feature", "properties": {"osm_id": 1006336274, "name": "滨江区科技创新综合体", "kind": "building"}, "geometry": {"type": "Polygon", "coordinates": [[[120.1685634758681, 30.188528881089308], [120.16861590946918, 30.18840907772619], [120.168861860236, 30.188223109900928], [120.17025463716976, 30.188678423132416], [120.17010032832097, 30.189031528811345], [120.1685634758681, 30.188528881089308]]]}}, {"type": "Feature", "properties": {"osm_id": 1015040645, "name": "杭州世纪中心", "kind": "building"}, "geometry": {"type": "Polygon", "coordinates": [[[120.23637301180324, 30.227017495981666], [120.23636271872066, 30.226909695546034], [120.23640674358708, 30.226816160213062], [120.23646684604927, 30.226748116092107], [120.23655310864113, 30.226678654885262], [120.23669069535482, 30.226631462073065], [120.23678984529154, 30.226635698168955], [120.23686223647161, 30.22664465212589], [120.23696358726062, 30.22669089023532], [120.23701022220872, 30.226754264701402], [120.237022907435, 30.22680686013936], [120.23703189752128, 30.226850857361494], [120.23702211680131, 30.226906367316094], [120.23699985511789, 30.226964785432305], [120.2369552278702, 30.227031718438155], [120.23689831849028, 30.227089358772613], [120.236823035497, 30.227128109789412], [120.23673736660848, 30.227143866186626], [120.23663901720316, 30.227158231005156], [120.23655853965928, 30.227156883421294], [120.23648495035133, 30.22713713030832], [120.23641784901399, 30.227089071210848], [120.23637301180324, 30.227017495981666]]]}}, {"type": "Feature", "properties": {"osm_id": 1016020305, "name": "碧桂园深蓝国际2幢", "kind": "building"}, "geometry": {"type": "Polygon", "coordinates": [[[120.23362685537327, 30.23525201728531], [120.23432757775434, 30.23484416568862], [120.23447645307046, 30.2350358707752], [120.23377582622443, 30.235443818701654], [120.23362685537327, 30.23525201728531]]]}}, {"type": "Feature", "properties": {"osm_id": 1016020306, "name": "碧桂园深蓝国际3幢", "kind": "building"}, "geometry": {"type": "Polygon", "coordinates": [[[120.23481175701872, 30.23554816577696], [120.23449613088026, 30.235151664816573], [120.23469370367792, 30.235033913371403], [120.2350092325661, 30.235430416568814], [120.23481175701872, 30.23554816577696]]]}}, {"type": "Feature", "properties": {"osm_id": 1022141178, "name": "跨湖桥遗址博物馆", "kind": "building"}, "geometry": {"type": "Polygon", "coordinates": [[[120.222233246902, 30.142305750055193], [120.22181500112308, 30.14203441909757], [120.22166739970407, 30.14188538451139], [120.22154444413155, 30.141701721265513], [120.22143985459128, 30.14157123863093], [120.22159052466989, 30.141432561171413], [120.22186725577292, 30.141602748061754], [120.22211944929003, 30.141874267787856], [120.22225777640818, 30.142071216149773], [120.22215320277618, 30.142167237136366], [120.22229162068088, 30.142252382624296], [120.222233246902, 30.142305750055193]]]}}, {"type": "Feature", "properties": {"osm_id": 1023947444, "name": "E", "kind": "building"}, "geometry": {"type": "Polygon", "coordinates": [[[120.19840159728174, 30.23005134270301], [120.19851686975001, 30.2299556395686], [120.19849223615454, 30.229933179999662], [120.19848096653743, 30.22992289849949], [120.19846820096213, 30.229911319462296], [120.19835362662765, 30.230006521461302], [120.1983666913935, 30.230018700005676], [120.19840159728174, 30.23005134270301]]]}}, {"type": "Feature", "properties": {"osm_id": 1023947445, "name": "A", "kind": "building"}, "geometry": {"type": "Polygon", "coordinates": [[[120.19844106984765, 30.231038343809427], [120.19845842056678, 30.23102421324107], [120.19847457469231, 30.2310110847874], [120.19836856044776, 30.23091195870239], [120.19835130940842, 30.23092518906291], [120.19844106984765, 30.231038343809427]]]}}, {"type": "Feature", "properties": {"osm_id": 1023947446, "name": "B", "kind": "building"}, "geometry": {"type": "Polygon", "coordinates": [[[120.1973687996629, 30.231583219724897], [120.19735214490109, 30.231567647328006], [120.19733519096403, 30.23155187543725], [120.19744726999465, 30.231456975767983], [120.19748018048233, 30.231485521119563], [120.1973687996629, 30.231583219724897]]]}}, {"type": "Feature", "properties": {"osm_id": 1023947447, "name": "C", "kind": "building"}, "geometry": {"type": "Polygon", "coordinates": [[[120.19643811586594, 30.23167763636371], [120.19654979449147, 30.231587136123864], [120.19652067393149, 30.23155858466928], [120.19651030222782, 30.231548401961717], [120.19639523325124, 30.231639308186633], [120.19641238626322, 30.231654279428852], [120.19643811586594, 30.23167763636371]]]}}, {"type": "Feature", "properties": {"osm_id": 1024243738, "name": "B", "kind": "building"}, "geometry": {"type": "Polygon", "coordinates": [[[120.21596224106969, 30.209122428649845], [120.21610342211079, 30.20919814765004], [120.21613504537252, 30.20914990347964], [120.21613923520661, 30.20914349762879], [120.21599865275272, 30.209069377796197], [120.21597979849143, 30.20909700413274], [120.21596224106969, 30.209122428649845]]]}}, {"type": "Feature", "properties": {"osm_id": 1024243739, "name": "A", "kind": "building"}, "geometry": {"type": "Polygon", "coordinates": [[[120.21678153629082, 30.210011011672655], [120.21681256596152, 30.21001547185913], [120.2168425979276, 30.21001983335392], [120.21688299040386, 30.2098310704685], [120.21682083102026, 30.209820250021775], [120.21678153629082, 30.210011011672655]]]}}, {"type": "Feature", "properties": {"osm_id": 1024243740, "name": "D", "kind": "building"}, "geometry": {"type": "Polygon", "coordinates": [[[120.2170802792823, 30.20906987337482], [120.21725668607732, 30.209149051909456], [120.2172729470434, 30.209121929584946], [120.21728801089144, 30.209096808911237], [120.21710761303824, 30.20901853539356], [120.2170802792823, 30.20906987337482]]]}}, {"type": "Feature", "properties": {"osm_id": 1024243741, "name": "C", "kind": "building"}, "geometry": {"type": "Polygon", "coordinates": [[[120.21631796670516, 30.208441724298538], [120.21638561204706, 30.208447236420668], [120.21639986897863, 30.20832131075314], [120.21636395118377, 30.20831985746707], [120.21633142564991, 30.208318399791956], [120.21631796670516, 30.208441724298538]]]}}, {"type": "Feature", "properties": {"osm_id": 1024243743, "name": "垂梯", "kind": "building"}, "geometry": {"type": "Polygon", "coordinates": [[[120.21620788879896, 30.209281815646467], [120.21622125871511, 30.20928949860232], [120.21623432930815, 30.209296981942984], [120.21621497593267, 30.209323208733515], [120.21618843566131, 30.20930794257574], [120.21620788879896, 30.209281815646467]]]}}, {"type": "Feature", "properties": {"osm_id": 1024431381, "name": "D", "kind": "building"}, "geometry": {"type": "Polygon", "coordinates": [[[120.19084130830724, 30.236406914089457], [120.1908666329566, 30.23638436658636], [120.19087261515976, 30.23637905536733], [120.1907871571864, 30.236307904947697], [120.1907791797807, 30.236301218911937], [120.19076831167465, 30.236305438909245], [120.19074996685661, 30.236328673841612], [120.19075694709521, 30.236334661630725], [120.19084130830724, 30.236406914089457]]]}}, {"type": "Feature", "properties": {"osm_id": 1024431382, "name": "E1", "kind": "building"}, "geometry": {"type": "Polygon", "coordinates": [[[120.1920311563937, 30.236290858970104], [120.19212078943126, 30.236189090516422], [120.19206953440923, 30.236155280128433], [120.19204829766824, 30.236179420045435], [120.19198000115145, 30.236257048455805], [120.1920311563937, 30.236290858970104]]]}}, {"type": "Feature", "properties": {"osm_id": 1024431385, "name": "垂梯", "kind": "building"}, "geometry": {"type": "Polygon", "coordinates": [[[120.19713657225176, 30.230660455896853], [120.19710595562533, 30.23063270683292], [120.19713497248772, 30.23060945511991], [120.19715132796854, 30.230624427925434], [120.19716519023868, 30.230637104878923], [120.19713657225176, 30.230660455896853]]]}}, {"type": "Feature", "properties": {"osm_id": 1024431388, "name": "B", "kind": "building"}, "geometry": {"type": "Polygon", "coordinates": [[[120.21726022594588, 30.200035052618762], [120.21731320644496, 30.20003908514155], [120.21733424672489, 30.199891750652352], [120.21728066744387, 30.199886518801474], [120.21726022594588, 30.200035052618762]]]}}, {"type": "Feature", "properties": {"osm_id": 1024431389, "name": "垂梯", "kind": "building"}, "geometry": {"type": "Polygon", "coordinates": [[[120.21728481223244, 30.19933098483847], [120.21732991076529, 30.199337127564352], [120.21736124031641, 30.199341387809945], [120.2173522648301, 30.199392701900422], [120.21731395098026, 30.19938725051819], [120.21727523808225, 30.199381799687327], [120.21728481223244, 30.19933098483847]]]}}, {"type": "Feature", "properties": {"osm_id": 1024431390, "name": "C", "kind": "building"}, "geometry": {"type": "Polygon", "coordinates": [[[120.21735792827825, 30.199104779873046], [120.21741569824579, 30.199110106504545], [120.21742885896609, 30.198994083788172], [120.2173705900259, 30.198987857725697], [120.21735792827825, 30.199104779873046]]]}}, {"type": "Feature", "properties": {"osm_id": 1024431391, "name": "D", "kind": "building"}, "geometry": {"type": "Polygon", "coordinates": [[[120.21795019616766, 30.199107129487118], [120.21800208037516, 30.199111464438385], [120.21801214991503, 30.199015346847396], [120.21796066479607, 30.199011011379174], [120.21795019616766, 30.199107129487118]]]}}, {"type": "Feature", "properties": {"osm_id": 1024431393, "name": "B", "kind": "building"}, "geometry": {"type": "Polygon", "coordinates": [[[120.22065241915985, 30.187570875951508], [120.22075619094265, 30.18750125051193], [120.2207248553436, 30.18746798589131], [120.22062168229144, 30.18753641066533], [120.22065241915985, 30.187570875951508]]]}}, {"type": "Feature", "properties": {"osm_id": 1024431394, "name": "D", "kind": "building"}, "geometry": {"type": "Polygon", "coordinates": [[[120.22073578600123, 30.18691064779791], [120.22085322867723, 30.18683890649357], [120.22081790060744, 30.18679464598796], [120.22069975954284, 30.186865988219825], [120.22073578600123, 30.18691064779791]]]}}, {"type": "Feature", "properties": {"osm_id": 1024431395, "name": "垂梯", "kind": "building"}, "geometry": {"type": "Polygon", "coordinates": [[[120.22048115992985, 30.1872403634606], [120.22050440886323, 30.187227635342886], [120.22052616110818, 30.18721580905368], [120.22051947472883, 30.187206616552494], [120.2205009125611, 30.187181237383623], [120.22049302862413, 30.187170346229397], [120.22044822702742, 30.187194400420818], [120.22048115992985, 30.1872403634606]]]}}, {"type": "Feature", "properties": {"osm_id": 1024431397, "name": "B", "kind": "building"}, "geometry": {"type": "Polygon", "coordinates": [[[120.23058847228076, 30.184466959660277], [120.23071913740625, 30.18441864519679], [120.23069886958848, 30.184374960667675], [120.23056870367695, 30.184423174784964], [120.23058847228076, 30.184466959660277]]]}}, {"type": "Feature", "properties": {"osm_id": 1024431398, "name": "A", "kind": "building"}, "geometry": {"type": "Polygon", "coordinates": [[[120.23180201391978, 30.183976317193398], [120.23178044705975, 30.18392783278155], [120.23193008543494, 30.1838737079044], [120.2319508537541, 30.183921693055215], [120.23180201391978, 30.183976317193398]]]}}, {"type": "Feature", "properties": {"osm_id": 1024431399, "name": "垂梯", "kind": "building"}, "geometry": {"type": "Polygon", "coordinates": [[[120.23097517494861, 30.184272720345476], [120.2309657887957, 30.184240826917076], [120.23099703326815, 30.184232000015335], [120.23100661884497, 30.184260993157448], [120.23099104662514, 30.18426680661803], [120.23097517494861, 30.184272720345476]]]}}, {"type": "Feature", "properties": {"osm_id": 1024431400, "name": "垂梯", "kind": "building"}, "geometry": {"type": "Polygon", "coordinates": [[[120.23074287368678, 30.182935560289422], [120.23075804716125, 30.182938347413852], [120.23077871105964, 30.182942229895673], [120.23078430129964, 30.182943325160885], [120.2307908875597, 30.182917318405362], [120.23077142153996, 30.182913434889848], [120.230749859199, 30.182909153165475], [120.23074287368678, 30.182935560289422]]]}}, {"type": "Feature", "properties": {"osm_id": 1024431401, "name": "G", "kind": "building"}, "geometry": {"type": "Polygon", "coordinates": [[[120.2303508137762, 30.182273370307886], [120.23054766715552, 30.18230810118242], [120.23056453142101, 30.18223668356631], [120.23036767790879, 30.18220195258058], [120.23035919594626, 30.182237861494695], [120.2303508137762, 30.182273370307886]]]}}, {"type": "Feature", "properties": {"osm_id": 1024431402, "name": "H", "kind": "building"}, "geometry": {"type": "Polygon", "coordinates": [[[120.23177614140808, 30.182551276685782], [120.231920096241, 30.1825790599834], [120.23193476608515, 30.18251834539898], [120.23179071137116, 30.1824909621288], [120.23177614140808, 30.182551276685782]]]}}, {"type": "Feature", "properties": {"osm_id": 1024431403, "name": "E", "kind": "building"}, "geometry": {"type": "Polygon", "coordinates": [[[120.23021530458219, 30.182873814337498], [120.23038620272906, 30.18290496670399], [120.23039837670014, 30.182851553824555], [120.23022837674411, 30.182818900538557], [120.23021530458219, 30.182873814337498]]]}}, {"type": "Feature", "properties": {"osm_id": 1024431406, "name": "A", "kind": "building"}, "geometry": {"type": "Polygon", "coordinates": [[[120.23471976939395, 30.168161938201337], [120.23474572797039, 30.168163319598396], [120.23476339978217, 30.16816420694573], [120.23477616639478, 30.168005992032885], [120.23473223647078, 30.168003823487897], [120.23471976939395, 30.168161938201337]]]}}, {"type": "Feature", "properties": {"osm_id": 1024431407, "name": "C", "kind": "building"}, "geometry": {"type": "Polygon", "coordinates": [[[120.23370853687204, 30.16727995132751], [120.2338580922579, 30.167286939129074], [120.23386118326147, 30.16723893508389], [120.23371162784824, 30.16723184726272], [120.23370993270846, 30.167257149452887], [120.23370853687204, 30.16727995132751]]]}}, {"type": "Feature", "properties": {"osm_id": 1024431408, "name": "E", "kind": "building"}, "geometry": {"type": "Polygon", "coordinates": [[[120.23480424793344, 30.167108839478658], [120.23486095771962, 30.167112399055984], [120.23487103076319, 30.16697958709323], [120.23481382180758, 30.166976727878357], [120.23480424793344, 30.167108839478658]]]}}, {"type": "Feature", "properties": {"osm_id": 1024431416, "name": "垂梯", "kind": "building"}, "geometry": {"type": "Polygon", "coordinates": [[[120.23478126138541, 30.168044189768594], [120.23479983179614, 30.16804517649803], [120.23481570650897, 30.168045965161475], [120.23481780077783, 30.16801686260474], [120.23481360745701, 30.168016665598543], [120.23479433816857, 30.16801587936806], [120.23478375503765, 30.16801538693396], [120.23478126138541, 30.168044189768594]]]}}, {"type": "Feature", "properties": {"osm_id": 1024431417, "name": "B", "kind": "building"}, "geometry": {"type": "Polygon", "coordinates": [[[120.23368085152019, 30.16812280275311], [120.233703813877, 30.16812388545416], [120.23373526237327, 30.16812556179901], [120.23374283688581, 30.167966450306153], [120.23368862576936, 30.167964691131512], [120.23368085152019, 30.16812280275311]]]}}, {"type": "Feature", "properties": {"osm_id": 1024485807, "name": "C1", "kind": "building"}, "geometry": {"type": "Polygon", "coordinates": [[[120.18943216308676, 30.22385070925508], [120.1895615764109, 30.223743066023548], [120.189509723596, 30.223693557420024], [120.18937991154499, 30.223801501464013], [120.18943216308676, 30.22385070925508]]]}}, {"type": "Feature", "properties": {"osm_id": 1024485811, "name": "D", "kind": "building"}, "geometry": {"type": "Polygon", "coordinates": [[[120.19060924153935, 30.223922071876018], [120.19072611049265, 30.224021266487895], [120.19077865451706, 30.22397946854973], [120.19066288221305, 30.223879271819094], [120.19060924153935, 30.223922071876018]]]}}, {"type": "Feature", "properties": {"osm_id": 1024485820, "name": "A", "kind": "building"}, "geometry": {"type": "Polygon", "coordinates": [[[120.17775007449687, 30.217794338528932], [120.17789993402485, 30.21790966228133], [120.17794898240277, 30.217858166364515], [120.17780011997353, 30.217744140802367], [120.17775904679996, 30.217785421012987], [120.17775007449687, 30.217794338528932]]]}}, {"type": "Feature", "properties": {"osm_id": 1024485821, "name": "E", "kind": "building"}, "geometry": {"type": "Polygon", "coordinates": [[[120.17857489586036, 30.217772777923123], [120.17868906007304, 30.217855267268394], [120.17873122956298, 30.21780818467915], [120.17861696581147, 30.217727795645498], [120.17858107675308, 30.21776616583448], [120.17857489586036, 30.217772777923123]]]}}, {"type": "Feature", "properties": {"osm_id": 1024485822, "name": "垂梯", "kind": "building"}, "geometry": {"type": "Polygon", "coordinates": [[[120.1783350986855, 30.21756851856813], [120.17836889953793, 30.217596456397235], [120.17838425218608, 30.217581426453076], [120.1783965143816, 30.217569602548068], [120.17836301274556, 30.217543064238548], [120.1783350986855, 30.21756851856813]]]}}, {"type": "Feature", "properties": {"osm_id": 1024485826, "name": "C", "kind": "building"}, "geometry": {"type": "Polygon", "coordinates": [[[120.17698938279385, 30.21687272058787], [120.1771390397686, 30.21695244239817], [120.17716914551234, 30.216907082682084], [120.1770222801676, 30.21682765560964], [120.17700503396087, 30.216851189668244], [120.17698938279385, 30.21687272058787]]]}}, {"type": "Feature", "properties": {"osm_id": 1024485827, "name": "B", "kind": "building"}, "geometry": {"type": "Polygon", "coordinates": [[[120.17704008064892, 30.217472461464173], [120.17711783862325, 30.21737240824267], [120.17707436699493, 30.21734548881217], [120.17699541266212, 30.217446044327303], [120.17704008064892, 30.217472461464173]]]}}, {"type": "Feature", "properties": {"osm_id": 1024485828, "name": "C", "kind": "building"}, "geometry": {"type": "Polygon", "coordinates": [[[120.17290274699013, 30.22622734187214], [120.17296326584292, 30.226234128160677], [120.1729766147144, 30.22610239420175], [120.17291739207184, 30.226096805550675], [120.17290274699013, 30.22622734187214]]]}}, {"type": "Feature", "properties": {"osm_id": 1024485829, "name": "D", "kind": "building"}, "geometry": {"type": "Polygon", "coordinates": [[[120.17328361628363, 30.226383033610112], [120.17343705693958, 30.226401345203413], [120.17344582611193, 30.226347825077074], [120.17329208631519, 30.22632901401904], [120.17328361628363, 30.226383033610112]]]}}, {"type": "Feature", "properties": {"osm_id": 1024485832, "name": "A", "kind": "building"}, "geometry": {"type": "Polygon", "coordinates": [[[120.17311750505955, 30.22745521900261], [120.17318709652918, 30.227460788057364], [120.17320772058272, 30.227293737885752], [120.17313962439049, 30.22728536582523], [120.17311750505955, 30.22745521900261]]]}}, {"type": "Feature", "properties": {"osm_id": 1024485833, "name": "B", "kind": "building"}, "geometry": {"type": "Polygon", "coordinates": [[[120.17259887287973, 30.227582105797858], [120.1726747445556, 30.227575362284348], [120.17265947747411, 30.227421380690338], [120.17258350607726, 30.227427924374204], [120.17259887287973, 30.227582105797858]]]}}, {"type": "Feature", "properties": {"osm_id": 1024485834, "name": "垂梯", "kind": "building"}, "geometry": {"type": "Polygon", "coordinates": [[[120.17265095680256, 30.226869859689295], [120.17268116350216, 30.226838600635407], [120.17272044778501, 30.226865028327314], [120.17269004176252, 30.226897187821574], [120.17267209459439, 30.226884720828043], [120.17265095680256, 30.226869859689295]]]}}, {"type": "Feature", "properties": {"osm_id": 1024581955, "name": "C", "kind": "building"}, "geometry": {"type": "Polygon", "coordinates": [[[120.2044173577681, 30.2029619522115], [120.20426206139679, 30.202885295860757], [120.20429477061599, 30.202832440819865], [120.20444966823068, 30.202909897951113], [120.20443331354713, 30.202936225412255], [120.2044173577681, 30.2029619522115]]]}}, {"type": "Feature", "properties": {"osm_id": 1024581956, "name": "B", "kind": "building"}, "geometry": {"type": "Polygon", "coordinates": [[[120.20505431127839, 30.203309559925902], [120.20519554700431, 30.20337984069654], [120.20520831191303, 30.203359719484023], [120.20522706036549, 30.203329988325244], [120.20508981396969, 30.203258501095995], [120.20505431127839, 30.203309559925902]]]}}, {"type": "Feature", "properties": {"osm_id": 1024581957, "name": "垂梯", "kind": "building"}, "geometry": {"type": "Polygon", "coordinates": [[[120.20399824751148, 30.20274401031946], [120.20403385491176, 30.202764354363477], [120.2040436279107, 30.20275073798694], [120.20404891330536, 30.202743329128705], [120.20405679153889, 30.202732315927634], [120.2040611794269, 30.202726308582445], [120.20402557217648, 30.2027080646306], [120.20399824751148, 30.20274401031946]]]}}, {"type": "Feature", "properties": {"osm_id": 1024581964, "name": "B", "kind": "building"}, "geometry": {"type": "Polygon", "coordinates": [[[120.19406353016792, 30.197881371784447], [120.19416662274995, 30.197718781016672], [120.19415445692664, 30.197712802247118], [120.19408884130364, 30.19768061679026], [120.19400947819545, 30.197807563805025], [120.19398734428475, 30.197843004825074], [120.19406353016792, 30.197881371784447]]]}}, {"type": "Feature", "properties": {"osm_id": 1024581965, "name": "A2", "kind": "building"}, "geometry": {"type": "Polygon", "coordinates": [[[120.19521149398683, 30.198199363658738], [120.19538820088621, 30.198284958067283], [120.19542040531495, 30.198231198893083], [120.19524828535968, 30.198145996375715], [120.19521149398683, 30.198199363658738]]]}}, {"type": "Feature", "properties": {"osm_id": 1024581966, "name": "C", "kind": "building"}, "geometry": {"type": "Polygon", "coordinates": [[[120.19286928875357, 30.197177961011093], [120.19304668693418, 30.197264448574654], [120.19308676726861, 30.19720757419262], [120.19290767356132, 30.197117689399253], [120.19286928875357, 30.197177961011093]]]}}, {"type": "Feature", "properties": {"osm_id": 1024581967, "name": "F", "kind": "building"}, "geometry": {"type": "Polygon", "coordinates": [[[120.19452710190023, 30.1965810866672], [120.19459760272746, 30.196596563046516], [120.19463717871753, 30.19645798632068], [120.19456627898558, 30.196442610612593], [120.19452710190023, 30.1965810866672]]]}}, {"type": "Feature", "properties": {"osm_id": 1024581968, "name": "垂梯", "kind": "building"}, "geometry": {"type": "Polygon", "coordinates": [[[120.19447855722602, 30.196788582749836], [120.19446978471079, 30.19681899976386], [120.19452612564062, 30.196833301020277], [120.19453739098329, 30.196801779558143], [120.1945124614127, 30.19679612327437], [120.19447855722602, 30.196788582749836]]]}}, {"type": "Feature", "properties": {"osm_id": 1024581969, "name": "F", "kind": "building"}, "geometry": {"type": "Polygon", "coordinates": [[[120.19413723096345, 30.195606927336218], [120.19422837221732, 30.195618666628654], [120.19425378768416, 30.19547271445138], [120.19420851617257, 30.195466894248923], [120.19416254667591, 30.195460975304893], [120.19413723096345, 30.195606927336218]]]}}, {"type": "Feature", "properties": {"osm_id": 1024581970, "name": "D", "kind": "building"}, "geometry": {"type": "Polygon", "coordinates": [[[120.19328693381884, 30.196488181252324], [120.19343371880738, 30.196551123033945], [120.19346861388382, 30.196490157894402], [120.19332182881415, 30.1964272160483], [120.19330517892575, 30.196456447164802], [120.19328693381884, 30.196488181252324]]]}}, {"type": "Feature", "properties": {"osm_id": 1024581971, "name": "G", "kind": "building"}, "geometry": {"type": "Polygon", "coordinates": [[[120.19558409016189, 30.197600780299123], [120.19575381734415, 30.197679387480495], [120.19577126557516, 30.197649055459536], [120.19578881353846, 30.19761882327437], [120.19562028296932, 30.197541413975475], [120.19558409016189, 30.197600780299123]]]}}, {"type": "Feature", "properties": {"osm_id": 1024581972, "name": "垂梯", "kind": "building"}, "geometry": {"type": "Polygon", "coordinates": [[[120.22344668780707, 30.213365642082934], [120.22349848439858, 30.2133958872125], [120.2235320121907, 30.21335084791701], [120.2235055649928, 30.213335975929752], [120.22348131343912, 30.213322401639868], [120.22347392929382, 30.213331610260646], [120.22345307408482, 30.213357634618905], [120.22344668780707, 30.213365642082934]]]}}, {"type": "Feature", "properties": {"osm_id": 1024581973, "name": "垂梯", "kind": "building"}, "geometry": {"type": "Polygon", "coordinates": [[[120.22424679964999, 30.213810402566896], [120.22443433100568, 30.21391650883286], [120.22446965660033, 30.21387446877564], [120.22428042827627, 30.21376666401591], [120.22424679964999, 30.213810402566896]]]}}, {"type": "Feature", "properties": {"osm_id": 1024581974, "name": "C", "kind": "building"}, "geometry": {"type": "Polygon", "coordinates": [[[120.22309619022938, 30.213162015646365], [120.2232818171517, 30.21326371696265], [120.22331245047123, 30.213216980524866], [120.2232588580682, 30.213188537780685], [120.22312732260998, 30.21311887869605], [120.22309619022938, 30.213162015646365]]]}}, {"type": "Feature", "properties": {"osm_id": 1024740433, "name": "J1", "kind": "building"}, "geometry": {"type": "Polygon", "coordinates": [[[120.23305822786446, 30.223448843930075], [120.23314228550109, 30.22342327705746], [120.23306699408639, 30.223216122003407], [120.23302117183107, 30.22323045857115], [120.23298044100878, 30.223243191136348], [120.23305822786446, 30.223448843930075]]]}}, {"type": "Feature", "properties": {"osm_id": 1024740434, "name": "G", "kind": "building"}, "geometry": {"type": "Polygon", "coordinates": [[[120.23240613244103, 30.22352956338737], [120.23248369962484, 30.22351370041898], [120.23244395393908, 30.223355121820486], [120.23236369172228, 30.22337418726127], [120.23240613244103, 30.22352956338737]]]}}, {"type": "Feature", "properties": {"osm_id": 1024740435, "name": "H2", "kind": "building"}, "geometry": {"type": "Polygon", "coordinates": [[[120.23223157186587, 30.22161538007446], [120.23230115153763, 30.221592822645576], [120.23222147128286, 30.221398974395225], [120.23219441801282, 30.221406296685174], [120.23215588462445, 30.22141672847766], [120.23223157186587, 30.22161538007446]]]}}, {"type": "Feature", "properties": {"osm_id": 1024740436, "name": "H1", "kind": "building"}, "geometry": {"type": "Polygon", "coordinates": [[[120.23184995269078, 30.221950211545913], [120.23191214407473, 30.221928959316354], [120.23184714366155, 30.22178170304911], [120.23182148849622, 30.221790224619497], [120.23178525186795, 30.22180225512479], [120.23184995269078, 30.221950211545913]]]}}, {"type": "Feature", "properties": {"osm_id": 1024740437, "name": "A", "kind": "building"}, "geometry": {"type": "Polygon", "coordinates": [[[120.23390629488438, 30.224285651910293], [120.23410426639485, 30.22421840017234], [120.2340714138354, 30.22414491971721], [120.23387583861387, 30.22421146983967], [120.23390629488438, 30.224285651910293]]]}}, {"type": "Feature", "properties": {"osm_id": 1024740438, "name": "C", "kind": "building"}, "geometry": {"type": "Polygon", "coordinates": [[[120.23249108404049, 30.22469217161471], [120.23267776033715, 30.224591716853123], [120.2326368243734, 30.224530745234684], [120.23245234455823, 30.224629898417888], [120.23249108404049, 30.22469217161471]]]}}, {"type": "Feature", "properties": {"osm_id": 1024740439, "name": "E", "kind": "building"}, "geometry": {"type": "Polygon", "coordinates": [[[120.23199959448029, 30.224365545999046], [120.23216899629195, 30.22426240186794], [120.23212297002216, 30.224203235219306], [120.23195376793804, 30.224303379255634], [120.23199959448029, 30.224365545999046]]]}}, {"type": "Feature", "properties": {"osm_id": 1024740440, "name": "D2", "kind": "building"}, "geometry": {"type": "Polygon", "coordinates": [[[120.23096737507491, 30.22546177655752], [120.2310962431159, 30.225387862516733], [120.23105660833038, 30.225336992660147], [120.2309290380502, 30.22540890563647], [120.23094680884945, 30.225433392149327], [120.23096737507491, 30.22546177655752]]]}}, {"type": "Feature", "properties": {"osm_id": 1024740442, "name": "D3", "kind": "building"}, "geometry": {"type": "Polygon", "coordinates": [[[120.23009346700776, 30.225979065954267], [120.2302269216588, 30.225896843506934], [120.23019228003362, 30.225854470997167], [120.23005842627398, 30.22593659394309], [120.23007779350372, 30.22595997846225], [120.23009346700776, 30.225979065954267]]]}}, {"type": "Feature", "properties": {"osm_id": 1024740443, "name": "D5", "kind": "building"}, "geometry": {"type": "Polygon", "coordinates": [[[120.22919219700493, 30.22598157181588], [120.22933522919728, 30.225896436469252], [120.2292973941735, 30.225848667531327], [120.22915625872835, 30.225933801329788], [120.22917532597756, 30.2259591856681], [120.22919219700493, 30.22598157181588]]]}}, {"type": "Feature", "properties": {"osm_id": 1024740448, "name": "B2", "kind": "building"}, "geometry": {"type": "Polygon", "coordinates": [[[120.23568588314849, 30.23320198528789], [120.23588166877379, 30.233086943702595], [120.23582864541696, 30.233016674723267], [120.23563196168085, 30.23313231733173], [120.23568588314849, 30.23320198528789]]]}}, {"type": "Feature", "properties": {"osm_id": 1024740449, "name": "C", "kind": "building"}, "geometry": {"type": "Polygon", "coordinates": [[[120.23516160674778, 30.231975762724858], [120.23531705423835, 30.231892147921393], [120.23528100659009, 30.23183716925137], [120.2351235626542, 30.231922685790796], [120.23516160674778, 30.231975762724858]]]}}, {"type": "Feature", "properties": {"osm_id": 1024740450, "name": "D", "kind": "building"}, "geometry": {"type": "Polygon", "coordinates": [[[120.23583230634229, 30.23139415810456], [120.2358951058043, 30.23135831298288], [120.23577318194346, 30.23119428441072], [120.23570758671347, 30.231224631330086], [120.23583230634229, 30.23139415810456]]]}}, {"type": "Feature", "properties": {"osm_id": 1024909812, "name": "E", "kind": "building"}, "geometry": {"type": "Polygon", "coordinates": [[[120.17964082431813, 30.190572392701593], [120.17976754861927, 30.19062205583374], [120.17979575921825, 30.19056399986594], [120.17966813755186, 30.19051383839669], [120.17964082431813, 30.190572392701593]]]}}, {"type": "Feature", "properties": {"osm_id": 1024909813, "name": "垂梯", "kind": "building"}, "geometry": {"type": "Polygon", "coordinates": [[[120.18097585652976, 30.19093839228201], [120.1809848300059, 30.19094227556185], [120.18101474158752, 30.190955119825393], [120.1810191286205, 30.190957011651363], [120.18104524674646, 30.190912260350323], [120.18100267262857, 30.190894439700273], [120.18098931442539, 30.19091636589445], [120.18097585652976, 30.19093839228201]]]}}, {"type": "Feature", "properties": {"osm_id": 1024909814, "name": "A", "kind": "building"}, "geometry": {"type": "Polygon", "coordinates": [[[120.18102342456893, 30.19106240852824], [120.18120628426927, 30.19114246794701], [120.18122253308995, 30.191111535893416], [120.18123868220185, 30.191080504024306], [120.18105761716915, 30.191001241243836], [120.18102342456893, 30.19106240852824]]]}}, {"type": "Feature", "properties": {"osm_id": 1024909815, "name": "B", "kind": "building"}, "geometry": {"type": "Polygon", "coordinates": [[[120.18092986478827, 30.191784418951503], [120.18076664757126, 30.191716623252827], [120.18079236637516, 30.19166607238885], [120.18095448686071, 30.191733470147323], [120.18092986478827, 30.191784418951503]]]}}, {"type": "Feature", "properties": {"osm_id": 1024909816, "name": "C", "kind": "building"}, "geometry": {"type": "Polygon", "coordinates": [[[120.17941305125099, 30.191099647541233], [120.179563405735, 30.19116286664398], [120.17958822731595, 30.191114917520764], [120.17943717486133, 30.191051099700363], [120.17941305125099, 30.191099647541233]]]}}, {"type": "Feature", "properties": {"osm_id": 1024909817, "name": "D3", "kind": "building"}, "geometry": {"type": "Polygon", "coordinates": [[[120.17629988771748, 30.189778471283034], [120.17644804783949, 30.18984189397437], [120.17647695629907, 30.189785936687187], [120.17632899562481, 30.189723113648654], [120.17629988771748, 30.189778471283034]]]}}, {"type": "Feature", "properties": {"osm_id": 1024909824, "name": "D4", "kind": "building"}, "geometry": {"type": "Polygon", "coordinates": [[[120.17657571727591, 30.189280326414526], [120.17672746663945, 30.18934364229572], [120.1767590669357, 30.189286679884656], [120.17660642021359, 30.189222765674458], [120.17657571727591, 30.189280326414526]]]}}, {"type": "Feature", "properties": {"osm_id": 1024909825, "name": "D2", "kind": "building"}, "geometry": {"type": "Polygon", "coordinates": [[[120.17730445489369, 30.189601762891957], [120.17744733091239, 30.189663495536276], [120.17747923016648, 30.18960443246387], [120.17733555654448, 30.18954280133143], [120.17730445489369, 30.189601762891957]]]}}, {"type": "Feature", "properties": {"osm_id": 1024909826, "name": "D1", "kind": "building"}, "geometry": {"type": "Polygon", "coordinates": [[[120.17767769778156, 30.190365992634675], [120.17782775254196, 30.190430211889613], [120.1778647360075, 30.19036463888721], [120.17771159056811, 30.190301025501736], [120.17767769778156, 30.190365992634675]]]}}, {"type": "Feature", "properties": {"osm_id": 1025078772, "name": "垂梯", "kind": "building"}, "geometry": {"type": "Polygon", "coordinates": [[[120.17041753263037, 30.18728025371257], [120.17044375508196, 30.187291204992242], [120.17047805364582, 30.187305541262415], [120.17050417145857, 30.187257490060368], [120.17044365050074, 30.187232802545797], [120.17043268498297, 30.187252724028266], [120.17041753263037, 30.18728025371257]]]}}, {"type": "Feature", "properties": {"osm_id": 1025078773, "name": "B", "kind": "building"}, "geometry": {"type": "Polygon", "coordinates": [[[120.17015331353358, 30.187166444279406], [120.17032799745365, 30.18724362007505], [120.17036189134772, 30.187187553939257], [120.17018710777181, 30.187110578371293], [120.17015331353358, 30.187166444279406]]]}}, {"type": "Feature", "properties": {"osm_id": 1025078774, "name": "C", "kind": "building"}, "geometry": {"type": "Polygon", "coordinates": [[[120.16899782367261, 30.18666258508099], [120.16918138207565, 30.18673804528698], [120.16920969327657, 30.186687090045826], [120.16902563621709, 30.18660953071029], [120.16899782367261, 30.18666258508099]]]}}, {"type": "Feature", "properties": {"osm_id": 1025078775, "name": "A", "kind": "building"}, "geometry": {"type": "Polygon", "coordinates": [[[120.17069636263992, 30.186856911101348], [120.17053204842118, 30.18678481639455], [120.17056185440943, 30.186727457854783], [120.17072766416175, 30.186799949745396], [120.17069636263992, 30.186856911101348]]]}}, {"type": "Feature", "properties": {"osm_id": 1025078776, "name": "B", "kind": "building"}, "geometry": {"type": "Polygon", "coordinates": [[[120.15814262420406, 30.18264347510221], [120.1582989773709, 30.182656500722278], [120.15830575218105, 30.182587885853188], [120.15814820244084, 30.1825746623433], [120.15814262420406, 30.18264347510221]]]}}, {"type": "Feature", "properties": {"osm_id": 1025078777, "name": "A", "kind": "building"}, "geometry": {"type": "Polygon", "coordinates": [[[120.15955138782653, 30.182801192163904], [120.15972538822228, 30.18283288411901], [120.15974183468482, 30.18276105176031], [120.1595671363281, 30.182729161076544], [120.15955138782653, 30.182801192163904]]]}}, {"type": "Feature", "properties": {"osm_id": 1025078778, "name": "垂梯", "kind": "building"}, "geometry": {"type": "Polygon", "coordinates": [[[120.15949724320474, 30.18279138793952], [120.15949365506896, 30.18280939508834], [120.15948966820926, 30.182828903009998], [120.15954461046832, 30.182837905788215], [120.15955138782653, 30.182801192163904], [120.15949724320474, 30.18279138793952]]]}}, {"type": "Feature", "properties": {"osm_id": 1025078779, "name": "D", "kind": "building"}, "geometry": {"type": "Polygon", "coordinates": [[[120.15959451818665, 30.182263892443586], [120.1597765956302, 30.182301370160427], [120.1597940396195, 30.182234536246717], [120.1596121616632, 30.182197258227372], [120.15959451818665, 30.182263892443586]]]}}, {"type": "Feature", "properties": {"osm_id": 1025078780, "name": "C", "kind": "building"}, "geometry": {"type": "Polygon", "coordinates": [[[120.15873926763085, 30.182106101022917], [120.15879122233177, 30.18215351128486], [120.15890259490605, 30.18206711075679], [120.15884924437458, 30.182020503079208], [120.15873926763085, 30.182106101022917]]]}}, {"type": "Feature", "properties": {"osm_id": 1025078781, "name": "垂梯", "kind": "building"}, "geometry": {"type": "Polygon", "coordinates": [[[120.14644369576396, 30.176744291249722], [120.14649246885848, 30.176752916667784], [120.14649865045688, 30.176726606110655], [120.14650612817151, 30.176694493327755], [120.14651350615428, 30.17666248070137], [120.14646253867691, 30.176652058606322], [120.14645356586195, 30.176695974151144], [120.14644369576396, 30.176744291249722]]]}}, {"type": "Feature", "properties": {"osm_id": 1025078782, "name": "A", "kind": "building"}, "geometry": {"type": "Polygon", "coordinates": [[[120.14648460214465, 30.17690333480372], [120.14655841042914, 30.17692152205519], [120.1466031795306, 30.17676024667686], [120.14652837419582, 30.17674506115695], [120.14648460214465, 30.17690333480372]]]}}, {"type": "Feature", "properties": {"osm_id": 1025078783, "name": "B", "kind": "building"}, "geometry": {"type": "Polygon", "coordinates": [[[120.14583355864393, 30.17640661035423], [120.14579665005775, 30.17635286434168], [120.14591543498075, 30.176280080649903], [120.14595294170755, 30.17633162555747], [120.14583355864393, 30.17640661035423]]]}}, {"type": "Feature", "properties": {"osm_id": 1025078784, "name": "C", "kind": "building"}, "geometry": {"type": "Polygon", "coordinates": [[[120.14607375354511, 30.17546140663226], [120.14614566696109, 30.175472397189903], [120.14617358275305, 30.17533754917167], [120.14610196864307, 30.17532695822032], [120.14607375354511, 30.17546140663226]]]}}, {"type": "Feature", "properties": {"osm_id": 1025078785, "name": "D", "kind": "building"}, "geometry": {"type": "Polygon", "coordinates": [[[120.14680301952639, 30.17515077452628], [120.14686276360885, 30.17516248270218], [120.14689486909597, 30.17504212833223], [120.14683472610203, 30.17503032081327], [120.14680301952639, 30.17515077452628]]]}}, {"type": "Feature", "properties": {"osm_id": 1025131695, "name": "B", "kind": "building"}, "geometry": {"type": "Polygon", "coordinates": [[[120.13763099645398, 30.169032049093502], [120.13777865253431, 30.169082557981042], [120.13778902597244, 30.169058043501405], [120.1378006960661, 30.16903022719971], [120.13765453647294, 30.16897861641407], [120.13763099645398, 30.169032049093502]]]}}, {"type": "Feature", "properties": {"osm_id": 1025131696, "name": "A", "kind": "building"}, "geometry": {"type": "Polygon", "coordinates": [[[120.13759494110658, 30.16855597871036], [120.13775147698541, 30.168613276374046], [120.13777721122462, 30.168553840530937], [120.13762127423648, 30.168498542277522], [120.13759494110658, 30.16855597871036]]]}}, {"type": "Feature", "properties": {"osm_id": 1025131697, "name": "C", "kind": "building"}, "geometry": {"type": "Polygon", "coordinates": [[[120.13640418030073, 30.16807239265199], [120.13655174266654, 30.168123306985443], [120.13657588218997, 30.168070474333373], [120.13642772133855, 30.168019660870613], [120.13641545206555, 30.168047077434146], [120.13640418030073, 30.16807239265199]]]}}, {"type": "Feature", "properties": {"osm_id": 1025131698, "name": "D", "kind": "building"}, "geometry": {"type": "Polygon", "coordinates": [[[120.13614322135825, 30.16852333905487], [120.1363270024505, 30.168587809203178], [120.13634465806736, 30.1685457853105], [120.13616207438221, 30.16848201377585], [120.1361526976596, 30.168501526311918], [120.13614322135825, 30.16852333905487]]]}}, {"type": "Feature", "properties": {"osm_id": 1025131699, "name": "垂梯", "kind": "building"}, "geometry": {"type": "Polygon", "coordinates": [[[120.13638148544673, 30.168694444062314], [120.13641840112129, 30.16870769772236], [120.13642947339324, 30.168682982767894], [120.13641111533339, 30.168676305820707], [120.1363928570397, 30.168669728740596], [120.13638148544673, 30.168694444062314]]]}}, {"type": "Feature", "properties": {"osm_id": 1025525795, "name": "A", "kind": "building"}, "geometry": {"type": "Polygon", "coordinates": [[[120.19949862918115, 30.182612448829364], [120.19956963412865, 30.182614129140056], [120.19957789592237, 30.182427207174822], [120.1995792894471, 30.18239530345557], [120.19950579138158, 30.182394127361015], [120.19949862918115, 30.182612448829364]]]}}, {"type": "Feature", "properties": {"osm_id": 1025525796, "name": "垂梯", "kind": "building"}, "geometry": {"type": "Polygon", "coordinates": [[[120.1995792894471, 30.18239530345557], [120.19957789592237, 30.182427207174822], [120.1995947496162, 30.182427278766653], [120.19961080550793, 30.182427351708053], [120.19961170039537, 30.1823953488257], [120.1995792894471, 30.18239530345557]]]}}, {"type": "Feature", "properties": {"osm_id": 1025525797, "name": "B", "kind": "building"}, "geometry": {"type": "Polygon", "coordinates": [[[120.21072512297118, 30.182192740033702], [120.21080921563266, 30.182193118130485], [120.21081558464915, 30.182008100986373], [120.21073019507213, 30.18200652470669], [120.21072512297118, 30.182192740033702]]]}}, {"type": "Feature", "properties": {"osm_id": 1025525798, "name": "A", "kind": "building"}, "geometry": {"type": "Polygon", "coordinates": [[[120.21165331848682, 30.181864389974923], [120.21181422641607, 30.181865860617712], [120.21181492272167, 30.18184165859355], [120.21181571877615, 30.18181735642339], [120.21165511006815, 30.18181538532603], [120.21165431376217, 30.181836587367467], [120.21165331848682, 30.181864389974923]]]}}, {"type": "Feature", "properties": {"osm_id": 1025525799, "name": "C2", "kind": "building"}, "geometry": {"type": "Polygon", "coordinates": [[[120.21078388537435, 30.181071107073784], [120.21084403734157, 30.18107372004391], [120.21085310445267, 30.180946001517302], [120.21082517316648, 30.180944741910025], [120.21079115687124, 30.180943091123567], [120.21078388537435, 30.181071107073784]]]}}, {"type": "Feature", "properties": {"osm_id": 1025525803, "name": "E2", "kind": "building"}, "geometry": {"type": "Polygon", "coordinates": [[[120.21301402700253, 30.181869570847464], [120.21320397202635, 30.181870306730215], [120.2132045648616, 30.181800702937615], [120.21301631584844, 30.181800964731835], [120.21301512161924, 30.181836167897142], [120.21301402700253, 30.181869570847464]]]}}, {"type": "Feature", "properties": {"osm_id": 1025525808, "name": "D", "kind": "building"}, "geometry": {"type": "Polygon", "coordinates": [[[120.21205879225674, 30.181386992786283], [120.21208832060802, 30.181387250949474], [120.2122514253384, 30.181388920265956], [120.2122517192833, 30.181324217104876], [120.21205878692618, 30.181322290048083], [120.21205879225674, 30.181386992786283]]]}}, {"type": "Feature", "properties": {"osm_id": 1025525809, "name": "垂梯", "kind": "building"}, "geometry": {"type": "Polygon", "coordinates": [[[120.2120578961913, 30.18140829496096], [120.21208742456648, 30.18140885313619], [120.21208802201812, 30.18139555172493], [120.21208832060802, 30.181387250949474], [120.21205879225674, 30.181386992786283], [120.2120578961913, 30.18140829496096]]]}}, {"type": "Feature", "properties": {"osm_id": 1026008448, "name": "A", "kind": "building"}, "geometry": {"type": "Polygon", "coordinates": [[[120.15230239440281, 30.204573727082874], [120.1524683438617, 30.20465685596976], [120.1524996531146, 30.20460520111194], [120.15233629669396, 30.204522968069917], [120.15230239440281, 30.204573727082874]]]}}, {"type": "Feature", "properties": {"osm_id": 1026008449, "name": "D", "kind": "building"}, "geometry": {"type": "Polygon", "coordinates": [[[120.15267184188231, 30.204181291562335], [120.15280119037463, 30.204253379771053], [120.15283479376372, 30.20421002134764], [120.15270664208735, 30.204138331248153], [120.15267184188231, 30.204181291562335]]]}}, {"type": "Feature", "properties": {"osm_id": 1026008450, "name": "B", "kind": "building"}, "geometry": {"type": "Polygon", "coordinates": [[[120.15111529086933, 30.20387024528176], [120.15125052730974, 30.203938927516074], [120.15127884641697, 30.203897478865336], [120.15114251300575, 30.203828198471722], [120.15111529086933, 30.20387024528176]]]}}, {"type": "Feature", "properties": {"osm_id": 1026008451, "name": "C", "kind": "building"}, "geometry": {"type": "Polygon", "coordinates": [[[120.15154199231304, 30.203493425071162], [120.15170006730196, 30.203591070084382], [120.15173766047864, 30.20354710577026], [120.15157978502992, 30.20344896051992], [120.15154199231304, 30.203493425071162]]]}}, {"type": "Feature", "properties": {"osm_id": 1026008452, "name": "垂梯", "kind": "building"}, "geometry": {"type": "Polygon", "coordinates": [[[120.15202224965877, 30.204386081020917], [120.15204478520106, 30.20435654214699], [120.15206363427187, 30.2043673115423], [120.15208298198024, 30.204378280116345], [120.15206144378914, 30.2044087174054], [120.15202224965877, 30.204386081020917]]]}}, {"type": "Feature", "properties": {"osm_id": 1026008454, "name": "D", "kind": "building"}, "geometry": {"type": "Polygon", "coordinates": [[[120.1519116823351, 30.18575424759613], [120.15196335241102, 30.18589686856291], [120.1520226878769, 30.1858795696849], [120.15197181590136, 30.1857396475789], [120.1519116823351, 30.18575424759613]]]}}, {"type": "Feature", "properties": {"osm_id": 1026008455, "name": "C1", "kind": "building"}, "geometry": {"type": "Polygon", "coordinates": [[[120.15132985439027, 30.185489293660698], [120.15137543977444, 30.185608324134563], [120.15144095888154, 30.18558871567618], [120.15139477508207, 30.185468286182616], [120.15132985439027, 30.185489293660698]]]}}, {"type": "Feature", "properties": {"osm_id": 1026008456, "name": "垂梯", "kind": "building"}, "geometry": {"type": "Polygon", "coordinates": [[[120.15206747509777, 30.18600250106325], [120.15211145298679, 30.185988827657546], [120.15209788716065, 30.185951548455677], [120.15205370978212, 30.18596492216645], [120.15205979444102, 30.18598141283324], [120.15206747509777, 30.18600250106325]]]}}, {"type": "Feature", "properties": {"osm_id": 1026008459, "name": "C", "kind": "building"}, "geometry": {"type": "Polygon", "coordinates": [[[120.14873104396655, 30.167246858085868], [120.14880065978733, 30.167270548406556], [120.14884622931604, 30.167169272360123], [120.14877581569714, 30.16714548337215], [120.14873104396655, 30.167246858085868]]]}}, {"type": "Feature", "properties": {"osm_id": 1026008460, "name": "垂梯", "kind": "building"}, "geometry": {"type": "Polygon", "coordinates": [[[120.14829648881968, 30.168259082258327], [120.14833508671232, 30.16826732165266], [120.14834495704295, 30.168227304617357], [120.14832620667407, 30.168223534075448], [120.14830745628818, 30.168219663522247], [120.14829648881968, 30.168259082258327]]]}}, {"type": "Feature", "properties": {"osm_id": 1026008461, "name": "B", "kind": "building"}, "geometry": {"type": "Polygon", "coordinates": [[[120.14829241420172, 30.168431394959445], [120.14834796739915, 30.168445207797692], [120.14840230882398, 30.168282016036656], [120.14834535953797, 30.168269605520287], [120.14829241420172, 30.168431394959445]]]}}, {"type": "Feature", "properties": {"osm_id": 1026008462, "name": "A", "kind": "building"}, "geometry": {"type": "Polygon", "coordinates": [[[120.1488736735842, 30.168565479276886], [120.14893740438816, 30.16858277853037], [120.14898396880591, 30.16845429971658], [120.14891894155366, 30.16843710259412], [120.1488736735842, 30.168565479276886]]]}}, {"type": "Feature", "properties": {"osm_id": 1026008463, "name": "D", "kind": "building"}, "geometry": {"type": "Polygon", "coordinates": [[[120.14934391733746, 30.167441388445045], [120.14941113841942, 30.167463181624303], [120.14947266162048, 30.167329478242543], [120.14940643788592, 30.16730688352586], [120.14934391733746, 30.167441388445045]]]}}, {"type": "Feature", "properties": {"osm_id": 1029223271, "name": "上城区交通警察大队", "kind": "building"}, "geometry": {"type": "Polygon", "coordinates": [[[120.18469315698003, 30.232648159259472], [120.18514718581827, 30.23235929277781], [120.18528090378437, 30.23253115596464], [120.18482288509394, 30.23280592851329], [120.18469315698003, 30.232648159259472]]]}}, {"type": "Feature", "properties": {"osm_id": 1052239418, "name": "千一客栈", "kind": "building"}, "geometry": {"type": "Polygon", "coordinates": [[[120.1272982263624, 30.21941222920068], [120.12724973134482, 30.219518482930447], [120.12716998662505, 30.2194912584886], [120.12718645103332, 30.21945504029315], [120.1270950287912, 30.219423726688554], [120.12712695987629, 30.219353791498346], [120.1272982263624, 30.21941222920068]]]}}, {"type": "Feature", "properties": {"osm_id": 1058040109, "name": "2", "kind": "building"}, "geometry": {"type": "Polygon", "coordinates": [[[120.23117952365894, 30.22205927531164], [120.23187681388222, 30.22203979530669], [120.2318816164127, 30.222170899797693], [120.23118422623854, 30.222190479780174], [120.23117952365894, 30.22205927531164]]]}}, {"type": "Feature", "properties": {"osm_id": 1058040110, "name": "1", "kind": "building"}, "geometry": {"type": "Polygon", "coordinates": [[[120.23186357853379, 30.222549238909842], [120.23186458900369, 30.22269764765902], [120.23215628914826, 30.22269601026683], [120.23215527866726, 30.22254760150772], [120.23186357853379, 30.222549238909842]]]}}, {"type": "Feature", "properties": {"osm_id": 1058040111, "name": "3", "kind": "building"}, "geometry": {"type": "Polygon", "coordinates": [[[120.23076447375644, 30.222322244590856], [120.23122097387814, 30.222333858091183], [120.2312162931208, 30.22246847069417], [120.23075979309439, 30.22245695727214], [120.23076447375644, 30.222322244590856]]]}}, {"type": "Feature", "properties": {"osm_id": 1058040112, "name": "5", "kind": "building"}, "geometry": {"type": "Polygon", "coordinates": [[[120.23067269633812, 30.22305837083109], [120.23030721060181, 30.222641660169153], [120.23054158141835, 30.222487546889642], [120.23069851848783, 30.222666623322237], [120.23061147707867, 30.222723901857435], [120.23081992862191, 30.222961538429256], [120.23067269633812, 30.22305837083109]]]}}, {"type": "Feature", "properties": {"osm_id": 1058040113, "name": "6", "kind": "building"}, "geometry": {"type": "Polygon", "coordinates": [[[120.23089012096901, 30.223154491056775], [120.23131238047394, 30.223135433181366], [120.23132147723749, 30.22328863550453], [120.23089921758752, 30.223307793257387], [120.23089012096901, 30.223154491056775]]]}}, {"type": "Feature", "properties": {"osm_id": 1058040114, "name": "7", "kind": "building"}, "geometry": {"type": "Polygon", "coordinates": [[[120.23184078794154, 30.22340291283652], [120.23184439446392, 30.22355761994354], [120.23136262847676, 30.22356641914393], [120.23135902202313, 30.223411712095476], [120.23184078794154, 30.22340291283652]]]}}, {"type": "Feature", "properties": {"osm_id": 1058040115, "name": "8", "kind": "building"}, "geometry": {"type": "Polygon", "coordinates": [[[120.2323668120837, 30.223686205062734], [120.23191338798654, 30.22370457307842], [120.23192028677738, 30.223833875875997], [120.23237371099226, 30.223815407959943], [120.2323668120837, 30.223686205062734]]]}}, {"type": "Feature", "properties": {"osm_id": 1058040116, "name": "9", "kind": "building"}, "geometry": {"type": "Polygon", "coordinates": [[[120.23206357927168, 30.223081110274908], [120.23206458974941, 30.223229519077968], [120.23235629225243, 30.22322778368553], [120.23235528176356, 30.223079374872533], [120.23206357927168, 30.223081110274908]]]}}, {"type": "Feature", "properties": {"osm_id": 1058435608, "name": "AITO授权用户中心·杭州滨江", "kind": "building"}, "geometry": {"type": "Polygon", "coordinates": [[[120.22024119702819, 30.216590502272258], [120.2202354535114, 30.215912467890696], [120.22072040929932, 30.215908892957344], [120.2207218197029, 30.21607170117137], [120.22080434283664, 30.216071004033164], [120.22080545042023, 30.216191710062702], [120.22086262802024, 30.216191242881077], [120.22086595345252, 30.216585863005047], [120.22024119702819, 30.216590502272258]]]}}, {"type": "Feature", "properties": {"osm_id": 1071419374, "name": "T5", "kind": "building"}, "geometry": {"type": "Polygon", "coordinates": [[[120.23193338514263, 30.2362419216531], [120.2321487199476, 30.236284349802045], [120.23212906523308, 30.23642667608566], [120.23212937273139, 30.236524182956675], [120.23207288081707, 30.236663938950777], [120.23199462875064, 30.236833214934173], [120.23180005965189, 30.23679227097019], [120.23179395484065, 30.236606062357836], [120.23180712118925, 30.23647264180457], [120.23186092168028, 30.236388291555922], [120.23193338514263, 30.2362419216531]]]}}, {"type": "Feature", "properties": {"osm_id": 1075642963, "name": "滨江银泰B区", "kind": "building"}, "geometry": {"type": "Polygon", "coordinates": [[[120.22303468922175, 30.20190325435298], [120.2226389062394, 30.201887394251504], [120.22217906302434, 30.201873411635326], [120.22195761699435, 30.201751157002498], [120.22163788182024, 30.20165041791466], [120.2211425278847, 30.201601588830222], [120.22111031647205, 30.20184423917254], [120.22109496995215, 30.202096470405273], [120.22261299875706, 30.20235774816989], [120.22300888116405, 30.202373707854022], [120.22303468922175, 30.20190325435298]]]}}, {"type": "Feature", "properties": {"osm_id": 1075642964, "name": "滨江银泰A区", "kind": "building"}, "geometry": {"type": "Polygon", "coordinates": [[[120.22115628436003, 30.201428763710872], [120.22122576094736, 30.200511034839252], [120.22161324254998, 30.200542588224994], [120.22179765587838, 30.200568977857397], [120.22192679264114, 30.200670035466775], [120.22197599853932, 30.200781885174326], [120.2218981209294, 30.201495811464017], [120.22162758858583, 30.201468820197068], [120.22130756467419, 30.20145138903552], [120.22115628436003, 30.201428763710872]]]}}, {"type": "Feature", "properties": {"osm_id": 1075642965, "name": "滨江银泰C区", "kind": "building"}, "geometry": {"type": "Polygon", "coordinates": [[[120.22381770013747, 30.200846241179303], [120.2238094479382, 30.20122306984753], [120.22380199102068, 30.201562195746977], [120.2242006842836, 30.201568366538222], [120.2245924972324, 30.20157444960752], [120.22460810700642, 30.200858295520966], [120.22381770013747, 30.200846241179303]]]}}, {"type": "Feature", "properties": {"osm_id": 1075642966, "name": "滨江银泰D区", "kind": "building"}, "geometry": {"type": "Polygon", "coordinates": [[[120.22382226509747, 30.20174758355196], [120.2238194332917, 30.202505726754904], [120.22476053805367, 30.202507521495633], [120.22476200306362, 30.202118099297856], [120.22428875196346, 30.202117201302805], [120.22429021863708, 30.201748380249118], [120.22382226509747, 30.20174758355196]]]}}, {"type": "Feature", "properties": {"osm_id": 1075642967, "name": "星耀中心", "kind": "building"}, "geometry": {"type": "Polygon", "coordinates": [[[120.22134424590531, 30.20095482045318], [120.22130756467419, 30.20145138903552], [120.22162758858583, 30.201468820197068], [120.22166437003769, 30.200972351855217], [120.22134424590531, 30.20095482045318]]]}}, {"type": "Feature", "properties": {"osm_id": 1077712475, "name": "A", "kind": "building"}, "geometry": {"type": "Polygon", "coordinates": [[[120.20555575646186, 30.202789042292864], [120.20566737003544, 30.202845370225173], [120.20570217510767, 30.202794412969435], [120.20558766890606, 30.202737189446296], [120.20555575646186, 30.202789042292864]]]}}, {"type": "Feature", "properties": {"osm_id": 1077712476, "name": "D", "kind": "building"}, "geometry": {"type": "Polygon", "coordinates": [[[120.20403110216915, 30.202039920308565], [120.20421642005003, 30.20213762902459], [120.20425311848548, 30.202082267470413], [120.2040702936736, 30.20198255452106], [120.20403110216915, 30.202039920308565]]]}}, {"type": "Feature", "properties": {"osm_id": 1090543248, "name": "杭州畅达驾校（之江校区）", "kind": "building"}, "geometry": {"type": "Polygon", "coordinates": [[[120.1242361684864, 30.143618377471903], [120.12517025253908, 30.142837135303516], [120.12447829580842, 30.142171429557404], [120.12354437224553, 30.14280654394696], [120.1242361684864, 30.143618377471903]]]}}, {"type": "Feature", "properties": {"osm_id": 1092932957, "name": "肖锋美术馆", "kind": "building"}, "geometry": {"type": "Polygon", "coordinates": [[[120.13739571911744, 30.20529899649327], [120.13729684884997, 30.20527162316156], [120.13725903112454, 30.205196067991793], [120.13738979754763, 30.204880081394265], [120.13764976300365, 30.2046095284336], [120.13774413971248, 30.20460130468745], [120.13774158475682, 30.205062033021765], [120.13739571911744, 30.20529899649327]]]}}, {"type": "Feature", "properties": {"osm_id": 1095525159, "name": "福临福私人定制家居(杭州店)", "kind": "building"}, "geometry": {"type": "Polygon", "coordinates": [[[120.18881601641827, 30.14399608616133], [120.18979418342896, 30.14425920590112], [120.19026712923026, 30.14331802002741], [120.18946822477699, 30.14295156551148], [120.18881601641827, 30.14399608616133]]]}}, {"type": "Feature", "properties": {"osm_id": 1107037578, "name": "杭州朗诗假日酒店(杭州海军疗养院内)(暂停营业)", "kind": "building"}, "geometry": {"type": "Polygon", "coordinates": [[[120.15712186694236, 30.226908574742964], [120.15647817389748, 30.226639474781866], [120.15656321972908, 30.226487117255775], [120.15664339494042, 30.22652068048373], [120.15662724323478, 30.226549510422355], [120.15708037082331, 30.226739135665756], [120.15710978263549, 30.226686480922165], [120.15722017206035, 30.22673259164438], [120.15712186694236, 30.226908574742964]]]}}, {"type": "Feature", "properties": {"osm_id": 1107037579, "name": "海鹰山庄", "kind": "building"}, "geometry": {"type": "Polygon", "coordinates": [[[120.15685674533842, 30.22600637580489], [120.15617861067845, 30.22530830442188], [120.15653466764815, 30.224908162074552], [120.15697955110117, 30.225473426931075], [120.1571535743102, 30.225694638592042], [120.15685674533842, 30.22600637580489]]]}}, {"type": "Feature", "properties": {"osm_id": 1107104189, "name": "钱塘江大桥纪念馆", "kind": "building"}, "geometry": {"type": "Polygon", "coordinates": [[[120.13490571885691, 30.198878196697567], [120.13502374385256, 30.198788947590913], [120.13537246167645, 30.19891692452906], [120.13571299663053, 30.199075309531782], [120.13563378734264, 30.199184913868546], [120.13520046616428, 30.199068344618215], [120.13490571885691, 30.198878196697567]]]}}, {"type": "Feature", "properties": {"osm_id": 1107104190, "name": "蔡永祥陈列馆", "kind": "building"}, "geometry": {"type": "Polygon", "coordinates": [[[120.13477560488431, 30.198780850592712], [120.13488105278243, 30.19861961367121], [120.13484781841335, 30.198506748530193], [120.13465504233751, 30.19837137648944], [120.13448902595881, 30.198485983631045], [120.13477560488431, 30.198780850592712]]]}}, {"type": "Feature", "properties": {"osm_id": 1107104192, "name": "西湖名胜区景区公安分局", "kind": "building"}, "geometry": {"type": "Polygon", "coordinates": [[[120.13867249356429, 30.202934988675274], [120.13850767528409, 30.202795600831394], [120.13839551878114, 30.202514634890655], [120.13903897071013, 30.202406569641983], [120.13907819085752, 30.20257642587239], [120.13909157345476, 30.202750817113138], [120.13892398813508, 30.202896250086585], [120.13867249356429, 30.202934988675274]]]}}, {"type": "Feature", "properties": {"osm_id": 1107104193, "name": "食神家宴", "kind": "building"}, "geometry": {"type": "Polygon", "coordinates": [[[120.13880861457163, 30.20230497332771], [120.13874931842655, 30.20185512890424], [120.13901577431923, 30.201791068347962], [120.1390834521066, 30.202268002459213], [120.13880861457163, 30.20230497332771]]]}}, {"type": "Feature", "properties": {"osm_id": 1107104195, "name": "泽雨江南生活美学馆", "kind": "building"}, "geometry": {"type": "Polygon", "coordinates": [[[120.13774751285467, 30.200835100271203], [120.13833221095747, 30.200642220527207], [120.1379217253067, 30.199938825488594], [120.13749754405622, 30.200153190912122], [120.13774751285467, 30.200835100271203]]]}}, {"type": "Feature", "properties": {"osm_id": 1107104196, "name": "杭州盛和商业旅游服务有限公司", "kind": "building"}, "geometry": {"type": "Polygon", "coordinates": [[[120.12947052457257, 30.194561657732095], [120.12954505982727, 30.19443467341066], [120.12985772324355, 30.19457205031023], [120.1297831888805, 30.194699035427742], [120.12947052457257, 30.194561657732095]]]}}, {"type": "Feature", "properties": {"osm_id": 1110205108, "name": "拉喜街美食广场", "kind": "building"}, "geometry": {"type": "Polygon", "coordinates": [[[120.1545071952234, 30.170455372458168], [120.15516855494569, 30.17063495149788], [120.15533803886622, 30.17016824389672], [120.15465922975729, 30.169983996329886], [120.15460050786888, 30.17014560225603], [120.15510749699007, 30.1702833427834], [120.1550568510484, 30.1704228345544], [120.15456741269932, 30.170289863916008], [120.1545071952234, 30.170455372458168]]]}}, {"type": "Feature", "properties": {"osm_id": 1119501982, "name": "浦沿街道城市管理保障中心", "kind": "building"}, "geometry": {"type": "Polygon", "coordinates": [[[120.1638080635915, 30.15873461119466], [120.16388950921039, 30.158556456564472], [120.16400207542603, 30.158523749656474], [120.16413387165, 30.158332902315703], [120.16458116781766, 30.15849438774785], [120.16465108355465, 30.158754767867073], [120.16484673904448, 30.159142521154926], [120.1646953976559, 30.159288403881394], [120.16427481753495, 30.15905736768471], [120.1638080635915, 30.15873461119466]]]}}, {"type": "Feature", "properties": {"osm_id": 1119501983, "name": "钱塘君廷酒店", "kind": "building"}, "geometry": {"type": "Polygon", "coordinates": [[[120.1610986931282, 30.160030164649104], [120.16136457266691, 30.15946786797337], [120.16237714436605, 30.159763948774515], [120.16241464696854, 30.159909585597568], [120.16221087003305, 30.16023856554221], [120.1610986931282, 30.160030164649104]]]}}, {"type": "Feature", "properties": {"osm_id": 1119515700, "name": "杭州市高新区浦沿街道浦联村村民委员会", "kind": "building"}, "geometry": {"type": "Polygon", "coordinates": [[[120.14878234732582, 30.159424808512856], [120.14925732663362, 30.15885973338829], [120.1489172234388, 30.158678169850656], [120.14903340026311, 30.158536780297275], [120.14862277674943, 30.158273524327555], [120.14802324154391, 30.159080396572573], [120.14878234732582, 30.159424808512856]]]}}, {"type": "Feature", "properties": {"osm_id": 1119515704, "name": "浦沿派出所", "kind": "building"}, "geometry": {"type": "Polygon", "coordinates": [[[120.15218503710058, 30.156155080053885], [120.15256879742029, 30.15636744935023], [120.15268606178552, 30.156226549611624], [120.15303426348274, 30.15580815504898], [120.15246054100024, 30.15571340895315], [120.15218503710058, 30.156155080053885]]]}}, {"type": "Feature", "properties": {"osm_id": 1119515722, "name": "浦沿人民法庭", "kind": "building"}, "geometry": {"type": "Polygon", "coordinates": [[[120.16142478031415, 30.162836472091858], [120.16136055913223, 30.16274008444096], [120.161540488367, 30.162180941361758], [120.16219657823675, 30.162221357712397], [120.16197886452979, 30.162825372017657], [120.16142478031415, 30.162836472091858]]]}}, {"type": "Feature", "properties": {"osm_id": 1119515729, "name": "浦沿街道办事处", "kind": "building"}, "geometry": {"type": "Polygon", "coordinates": [[[120.16107689608936, 30.16526438191564], [120.16154484628778, 30.164212603099948], [120.16237275451711, 30.164496716762716], [120.16192963735202, 30.165554855620343], [120.16107689608936, 30.16526438191564]]]}}, {"type": "Feature", "properties": {"osm_id": 1119515743, "name": "杭州市滨江区行政复议局", "kind": "building"}, "geometry": {"type": "Polygon", "coordinates": [[[120.1673229176942, 30.160480588902022], [120.16728851301004, 30.160397850080475], [120.16735002698276, 30.16035963452469], [120.16746867074386, 30.160317412613843], [120.16759170135956, 30.16027528244596], [120.16771912581257, 30.160316946765114], [120.16780207306687, 30.160245990043897], [120.16867399178166, 30.16043607077738], [120.16896382269401, 30.160380627517668], [120.16914986936759, 30.160402680432263], [120.16925956557388, 30.16068498462388], [120.16920393809475, 30.160762191244018], [120.1691422257106, 30.160803008016163], [120.16862588757907, 30.161061281381244], [120.16848301571648, 30.161088148936674], [120.16837324127671, 30.161069353105052], [120.16823035437986, 30.160919114547056], [120.16826464692728, 30.160855848503452], [120.16829625056124, 30.160829388692875], [120.1682281496114, 30.160783814152225], [120.16814908972333, 30.160839163365115], [120.1676283155237, 30.16055052345617], [120.16757776747386, 30.160569718113067], [120.16745911759435, 30.16053753766423], [120.1673229176942, 30.160480588902022]]]}}, {"type": "Feature", "properties": {"osm_id": 1120244683, "name": "白马湖摄影基地", "kind": "building"}, "geometry": {"type": "Polygon", "coordinates": [[[120.19662588210737, 30.161772567420435], [120.19859642456497, 30.16218699461657], [120.19875506908456, 30.161986017903356], [120.19712831494644, 30.161051673797537], [120.19662588210737, 30.161772567420435]]]}}, {"type": "Feature", "properties": {"osm_id": 1120777046, "name": "黄山村村委会", "kind": "building"}, "geometry": {"type": "Polygon", "coordinates": [[[120.1630397648531, 30.136636588747383], [120.16293121852517, 30.135869667665347], [120.16277067203737, 30.135672354702038], [120.16264004859322, 30.135604790263688], [120.16268679862952, 30.135447501642314], [120.163816613994, 30.13578745172049], [120.1639474893257, 30.136503729722996], [120.1630397648531, 30.136636588747383]]]}}, {"type": "Feature", "properties": {"osm_id": 1120919582, "name": "杭州市气象局", "kind": "building"}, "geometry": {"type": "Polygon", "coordinates": [[[120.21240718097305, 30.17209262601162], [120.21245212177303, 30.171479439408763], [120.21269443816016, 30.171489099449953], [120.21357203955087, 30.17152408090271], [120.21352969390036, 30.172172363975626], [120.21240718097305, 30.17209262601162]]]}}, {"type": "Feature", "properties": {"osm_id": 1120923139, "name": "杭州第十一机动车检测站", "kind": "building"}, "geometry": {"type": "Polygon", "coordinates": [[[120.17655102241328, 30.1848668737545], [120.17673804783135, 30.183519060985475], [120.1783189997951, 30.18351517103954], [120.17837065292508, 30.183612877647633], [120.17823979410078, 30.184192050284004], [120.17760439008076, 30.18405124555544], [120.17732979597872, 30.185022807567428], [120.17655102241328, 30.1848668737545]]]}}, {"type": "Feature", "properties": {"osm_id": 1120923140, "name": "铭骑盛汽车维修服务有限公司", "kind": "building"}, "geometry": {"type": "Polygon", "coordinates": [[[120.17732979597872, 30.185022807567428], [120.17797058179146, 30.18514340111662], [120.17823979410078, 30.184192050284004], [120.17760439008076, 30.18405124555544], [120.17732979597872, 30.185022807567428]]]}}, {"type": "Feature", "properties": {"osm_id": 1120923163, "name": "群乐饭店(信诚路店)", "kind": "building"}, "geometry": {"type": "Polygon", "coordinates": [[[120.17434268685575, 30.184020912607195], [120.17436548924911, 30.183673054351114], [120.17500716417906, 30.18370594283558], [120.17498923900551, 30.183956587652165], [120.17466092596523, 30.183963108607998], [120.17465665193471, 30.184120023542526], [120.17432594495878, 30.18411424832382], [120.17434268685575, 30.184020912607195]]]}}, {"type": "Feature", "properties": {"osm_id": 1120923169, "name": "高新派出所", "kind": "building"}, "geometry": {"type": "Polygon", "coordinates": [[[120.17116705694947, 30.178546268839053], [120.17115952294927, 30.17787085536943], [120.1715804608773, 30.17786046312392], [120.17158051687602, 30.17853119045875], [120.17116705694947, 30.178546268839053]]]}}, {"type": "Feature", "properties": {"osm_id": 1120937077, "name": "杭州市滨江区西兴街道卫生监督协管工作站", "kind": "building"}, "geometry": {"type": "Polygon", "coordinates": [[[120.22628015934315, 30.191711114505317], [120.2273340344606, 30.19167377184302], [120.22726510669446, 30.19096020505881], [120.22718524809025, 30.190832276821347], [120.22669559705803, 30.19097946525271], [120.22667646989368, 30.19141770492555], [120.2263566997076, 30.191573031138763], [120.22628015934315, 30.191711114505317]]]}}, {"type": "Feature", "properties": {"osm_id": 1136633504, "name": "国际小水电中心", "kind": "building"}, "geometry": {"type": "Polygon", "coordinates": [[[120.15448292318088, 30.229308378399985], [120.15454929212025, 30.228772929039657], [120.15465519514031, 30.228770648758612], [120.15465271073651, 30.228872959961432], [120.15472411141444, 30.22888353913492], [120.15482004637038, 30.228932379015703], [120.15488656825683, 30.22903467256911], [120.15491360115708, 30.22913913359067], [120.15487671445199, 30.22925430439295], [120.15478069154032, 30.22934407423335], [120.15464776688307, 30.229374202638642], [120.15452470848943, 30.22933600929258], [120.15448292318088, 30.229308378399985]]]}}, {"type": "Feature", "properties": {"osm_id": 1146443411, "name": "江三加油站", "kind": "building"}, "geometry": {"type": "Polygon", "coordinates": [[[120.18254060842341, 30.19246022188596], [120.18241088738982, 30.192363460806018], [120.18223343195106, 30.192542302665665], [120.18234271257131, 30.19262380130384], [120.18237720672595, 30.19258903485559], [120.18254391966136, 30.192713227799487], [120.18252029213971, 30.192737073298524], [120.18259866321858, 30.192795428991555], [120.18266555805724, 30.19272790020359], [120.1826036388945, 30.19268181419716], [120.18274101761054, 30.192543249754443], [120.18267710424014, 30.192495667400102], [120.18258398979711, 30.192589446646664], [120.18248527814627, 30.192515928426232], [120.18254060842341, 30.19246022188596]]]}}, {"type": "Feature", "properties": {"osm_id": 1151912727, "name": "濠上乐", "kind": "building"}, "geometry": {"type": "Polygon", "coordinates": [[[120.14061274214477, 30.230644838431324], [120.14071409454716, 30.23065729843671], [120.14072845089619, 30.23055807159406], [120.14069772595288, 30.230553714034887], [120.14071807145105, 30.23049988201129], [120.14077463300144, 30.230505303650887], [120.14080335452952, 30.230412057191], [120.1407808090519, 30.230401687886463], [120.14078529285086, 30.23034047741265], [120.14080185225866, 30.230341654421558], [120.14081042676257, 30.23028943886699], [120.14075605946913, 30.230279113889626], [120.1407264372565, 30.230338659231005], [120.14074249831611, 30.230344537284594], [120.14072724036677, 30.23039866225775], [120.14075148136115, 30.230404828944213], [120.14073323165212, 30.230469458812927], [120.14067836574202, 30.230462534648886], [120.14066251177478, 30.230546762509874], [120.14063238510725, 30.230540103905604], [120.14061274214477, 30.230644838431324]]]}}, {"type": "Feature", "properties": {"osm_id": 1159099189, "name": "教工食堂", "kind": "building"}, "geometry": {"type": "Polygon", "coordinates": [[[120.18605689282522, 30.171203248477386], [120.1860536944219, 30.17110895085386], [120.18639608231588, 30.171097515512074], [120.18639938059223, 30.17119371303018], [120.18605689282522, 30.171203248477386]]]}}, {"type": "Feature", "properties": {"osm_id": 1159099190, "name": "艺术教育中心K", "kind": "building"}, "geometry": {"type": "Polygon", "coordinates": [[[120.18639339547137, 30.16995947785883], [120.18636856709543, 30.169939523127482], [120.18636507141008, 30.169867426925023], [120.18639159019015, 30.169832076467113], [120.18647822976716, 30.169775213834015], [120.18657713780685, 30.169773330584437], [120.18657523625467, 30.169687330914016], [120.18680655382663, 30.16968300264827], [120.18680825482468, 30.169755202180735], [120.18701275198022, 30.16975142393496], [120.1870004429183, 30.169207126545196], [120.18730035952326, 30.169201472398854], [120.1873170720051, 30.169942068985915], [120.18639339547137, 30.16995947785883]]]}}, {"type": "Feature", "properties": {"osm_id": 1159099191, "name": "行政楼D", "kind": "building"}, "geometry": {"type": "Polygon", "coordinates": [[[120.18537543766503, 30.170352082732126], [120.18538480591658, 30.170303963503894], [120.18537602801057, 30.170257178088043], [120.18535728169124, 30.170235212147904], [120.18531989107576, 30.170219081123182], [120.18527801550691, 30.170223959239863], [120.1852537891778, 30.17024690518958], [120.1850177888393, 30.170251144831486], [120.18502109166369, 30.17040254433612], [120.18528042287288, 30.17039796126049], [120.18537543766503, 30.170352082732126]]]}}, {"type": "Feature", "properties": {"osm_id": 1188391156, "name": "滨江体育馆", "kind": "building"}, "geometry": {"type": "Polygon", "coordinates": [[[120.20362289316515, 30.196105371194772], [120.20356753774334, 30.196074558808213], [120.20350829218818, 30.196037052422305], [120.20344505506247, 30.195972051180934], [120.20339757465523, 30.195889923731087], [120.20335418283837, 30.195800889382777], [120.20333043588562, 30.195677621634704], [120.203322448657, 30.19557492945529], [120.20334617805091, 30.195485786706428], [120.20337778676293, 30.195400131421046], [120.20344499901236, 30.195293817682344], [120.20352009267678, 30.19521489268514], [120.20357544152473, 30.195166901130424], [120.2036505391021, 30.195132478520822], [120.20374538496246, 30.195104924616206], [120.2038521012673, 30.19509795285092], [120.20394296183746, 30.195114907915755], [120.2040655412082, 30.195162713879785], [120.2041406461884, 30.195207095889163], [120.20421176552722, 30.195295986579616], [120.2042592477197, 30.19538841529401], [120.20428688379701, 30.19549797658402], [120.2042987629277, 30.195624763896383], [120.20428690247822, 30.195724087749664], [120.20425928167829, 30.19579943558704], [120.20418808006309, 30.195922855470368], [120.2041209637972, 30.19599836654745], [120.20403399933042, 30.196063608992667], [120.20398263789022, 30.196094492814115], [120.20389567003113, 30.196115133292793], [120.20382445971055, 30.196125548110157], [120.20373759050696, 30.196129087858395], [120.20369011627925, 30.196125764033873], [120.20362289316515, 30.196105371194772]]]}}, {"type": "Feature", "properties": {"osm_id": 1236221686, "name": "鹤鸣广宇大厦", "kind": "building"}, "geometry": {"type": "Polygon", "coordinates": [[[120.17556094764467, 30.21534012940379], [120.17566542162427, 30.215196823191356], [120.17561595670243, 30.215034406977598], [120.17545991896584, 30.21495389723769], [120.17536332081583, 30.215091288164082], [120.17541049305065, 30.215258709029897], [120.17556094764467, 30.21534012940379]]]}}, {"type": "Feature", "properties": {"osm_id": 1271848410, "name": "陈列室", "kind": "building"}, "geometry": {"type": "Polygon", "coordinates": [[[120.13117185873718, 30.195759686641825], [120.13109341071221, 30.195583664449806], [120.13118112160097, 30.195554266277885], [120.13125956936055, 30.195730188235785], [120.13117185873718, 30.195759686641825]]]}}, {"type": "Feature", "properties": {"osm_id": 1271848411, "name": "开元寺遗址", "kind": "building"}, "geometry": {"type": "Polygon", "coordinates": [[[120.13143728757169, 30.19570348970448], [120.13142970223545, 30.195685097235053], [120.13152589382369, 30.195655288611842], [120.13153347913286, 30.195673681057098], [120.13143728757169, 30.19570348970448]]]}}, {"type": "Feature", "properties": {"osm_id": 1271848412, "name": "茶室", "kind": "building"}, "geometry": {"type": "Polygon", "coordinates": [[[120.13103882652207, 30.195581524408368], [120.13101447360918, 30.195526948484037], [120.13106197137378, 30.19551099547544], [120.1310473995701, 30.19547840989933], [120.13110537470075, 30.19545894512551], [120.13111765091477, 30.195486332947393], [120.1311372087482, 30.195479711060297], [120.13112632984195, 30.195455521863604], [120.13130055368981, 30.195396926417416], [120.1313147261231, 30.195428512264105], [120.13141221509534, 30.195395702417738], [120.13143566938166, 30.195448078910875], [120.13103882652207, 30.195581524408368]]]}}, {"type": "Feature", "properties": {"osm_id": 1271848419, "name": "“净宇江天”牌坊", "kind": "building"}, "geometry": {"type": "Polygon", "coordinates": [[[120.13173885820692, 30.1959080627949], [120.13171131228361, 30.19584749070611], [120.13172717772436, 30.195842072639635], [120.13175462384612, 30.19590264482607], [120.13173885820692, 30.1959080627949]]]}}, {"type": "Feature", "properties": {"osm_id": 1301941483, "name": "D", "kind": "building"}, "geometry": {"type": "Polygon", "coordinates": [[[120.22353524294785, 30.21259059958977], [120.22372336762325, 30.2126903005777], [120.22375330278852, 30.212642665281297], [120.22369741418981, 30.2126142243062], [120.22356637583106, 30.212547463077634], [120.22353524294785, 30.21259059958977]]]}}, {"type": "Feature", "properties": {"osm_id": 1301941486, "name": "A", "kind": "building"}, "geometry": {"type": "Polygon", "coordinates": [[[120.22474993783443, 30.213175830792704], [120.22492968785399, 30.21327764790433], [120.22496651027133, 30.213225206234945], [120.22491391235538, 30.21319385949216], [120.22478835646332, 30.21311908698234], [120.22474993783443, 30.213175830792704]]]}}, {"type": "Feature", "properties": {"osm_id": 1305337065, "name": "E3", "kind": "building"}, "geometry": {"type": "Polygon", "coordinates": [[[120.21393248839183, 30.181279677213944], [120.21393387212866, 30.18112236865544], [120.21388658416599, 30.181121533390538], [120.2138412915466, 30.181120795452003], [120.21384010740654, 30.181278903773922], [120.21393248839183, 30.181279677213944]]]}}, {"type": "Feature", "properties": {"osm_id": 1305337066, "name": "E4", "kind": "building"}, "geometry": {"type": "Polygon", "coordinates": [[[120.21447236630955, 30.181920169173473], [120.2146622201045, 30.18191961241965], [120.21466171638488, 30.181860210563663], [120.21447236139417, 30.181860466631413], [120.21447346098545, 30.181886866268517], [120.21447236630955, 30.181920169173473]]]}}, {"type": "Feature", "properties": {"osm_id": 1305337067, "name": "E1", "kind": "building"}, "geometry": {"type": "Polygon", "coordinates": [[[120.21264337301491, 30.181323065731178], [120.2128319191615, 30.181322801708394], [120.21283191443342, 30.181265399280715], [120.21264436579179, 30.181264561857652], [120.21264357061474, 30.181299764465667], [120.21264337301491, 30.181323065731178]]]}}, {"type": "Feature", "properties": {"osm_id": 1305337068, "name": "垂梯", "kind": "building"}, "geometry": {"type": "Polygon", "coordinates": [[[120.21301627497783, 30.18130474368431], [120.21304570446823, 30.181305502730634], [120.2130463019376, 30.181292201334674], [120.2130466005364, 30.181283900566953], [120.21301707128445, 30.18128314165893], [120.21301627497783, 30.18130474368431]]]}}, {"type": "Feature", "properties": {"osm_id": 1310054078, "name": "C1", "kind": "building"}, "geometry": {"type": "Polygon", "coordinates": [[[120.21036504444515, 30.181360128542796], [120.21036534206333, 30.181340227263867], [120.21036563948367, 30.181317925883604], [120.21054399816492, 30.181319465996104], [120.21054340312315, 30.18136166865274], [120.21036504444515, 30.181360128542796]]]}}, {"type": "Feature", "properties": {"osm_id": 1323118403, "name": "天马剧场", "kind": "building"}, "geometry": {"type": "Polygon", "coordinates": [[[120.19580275673192, 30.151633778979566], [120.19580455559797, 30.151681277247683], [120.19605336095974, 30.15176034547112], [120.19612923326062, 30.15159040822304], [120.19590335947841, 30.15146989847138], [120.19580275673192, 30.151633778979566]]]}}, {"type": "Feature", "properties": {"osm_id": 1328697339, "name": "一间平房", "kind": "building"}, "geometry": {"type": "Polygon", "coordinates": [[[120.1593649786302, 30.235703143493577], [120.159439868319, 30.235770915487006], [120.15961215896658, 30.235627799037626], [120.15953726946887, 30.235560027224267], [120.1593649786302, 30.235703143493577]]]}}, {"type": "Feature", "properties": {"osm_id": 1354664564, "name": "知本大厦A1", "kind": "building"}, "geometry": {"type": "Polygon", "coordinates": [[[120.15304243756181, 30.184265201926774], [120.15300244117483, 30.18418006511182], [120.15306735940875, 30.184157155499364], [120.15304471806384, 30.184108791276156], [120.15349306055646, 30.183950032329214], [120.15352737132388, 30.184022977808542], [120.15346883577325, 30.18404367713949], [120.15349726187071, 30.184104231991473], [120.15304243756181, 30.184265201926774]]]}}, {"type": "Feature", "properties": {"osm_id": 1354664565, "name": "知本大厦A2", "kind": "building"}, "geometry": {"type": "Polygon", "coordinates": [[[120.1536551157106, 30.18401946263749], [120.15360294844841, 30.183872244063934], [120.15425431495242, 30.183665934795467], [120.15432114075219, 30.183815427989998], [120.1536551157106, 30.18401946263749]]]}}, {"type": "Feature", "properties": {"osm_id": 1354664566, "name": "知本大厦A3", "kind": "building"}, "geometry": {"type": "Polygon", "coordinates": [[[120.15425431495242, 30.183665934795467], [120.15432114075219, 30.183815427989998], [120.15482142458438, 30.183636969512563], [120.15474911554678, 30.183496286632234], [120.15425431495242, 30.183665934795467]]]}}, {"type": "Feature", "properties": {"osm_id": 1354664567, "name": "知本大厦A4", "kind": "building"}, "geometry": {"type": "Polygon", "coordinates": [[[120.15482142458438, 30.183636969512563], [120.15474911554678, 30.183496286632234], [120.15532368309825, 30.18328019566782], [120.15539569461784, 30.183449679590304], [120.15482142458438, 30.183636969512563]]]}}, {"type": "Feature", "properties": {"osm_id": 1359788470, "name": "杭州市文物考古研究所", "kind": "building"}, "geometry": {"type": "Polygon", "coordinates": [[[120.16664341842701, 30.22343067591688], [120.16672547553418, 30.223439224422386], [120.16669299139463, 30.223670299648585], [120.16661093426592, 30.22366175112094], [120.16664341842701, 30.22343067591688]]]}}, {"type": "Feature", "properties": {"osm_id": 1360585458, "name": "1幢", "kind": "building"}, "geometry": {"type": "Polygon", "coordinates": [[[120.23483827206881, 30.18025282617804], [120.23483855870143, 30.180095519388964], [120.23432069072759, 30.180095094299514], [120.23408846744503, 30.180094965480816], [120.23408818081533, 30.180252172273402], [120.23424462678558, 30.180252356745193], [120.23433028811696, 30.18025239384935], [120.23466504913463, 30.18025265053252], [120.23476409056977, 30.180252779303704], [120.23483827206881, 30.18025282617804]]]}}, {"type": "Feature", "properties": {"osm_id": 1360585459, "name": "4幢", "kind": "building"}, "geometry": {"type": "Polygon", "coordinates": [[[120.23646498018807, 30.17963058416539], [120.23646835806971, 30.179423873357287], [120.23579589423412, 30.179416122921058], [120.2356567110664, 30.179414517979055], [120.23565551926242, 30.1794917220017], [120.23565333329464, 30.179621128879898], [120.23586749995053, 30.179623582869464], [120.23630971775681, 30.179628786550747], [120.23646498018807, 30.17963058416539]]]}}, {"type": "Feature", "properties": {"osm_id": 1360585461, "name": "6幢", "kind": "building"}, "geometry": {"type": "Polygon", "coordinates": [[[120.23489474762846, 30.17861541789606], [120.23489433336906, 30.178433610722408], [120.23473319073017, 30.178433926071204], [120.2343905415624, 30.17843457438432], [120.23412037930052, 30.178435073075658], [120.23412069372796, 30.17861708032049], [120.23489474762846, 30.17861541789606]]]}}, {"type": "Feature", "properties": {"osm_id": 1360585462, "name": "8幢", "kind": "building"}, "geometry": {"type": "Polygon", "coordinates": [[[120.23649349724546, 30.1779313954345], [120.236495382194, 30.177782988147435], [120.23632644055846, 30.177781499431454], [120.23607562633772, 30.17777916651842], [120.23607374122697, 30.17792517373572], [120.23649349724546, 30.1779313954345]]]}}, {"type": "Feature", "properties": {"osm_id": 1360585463, "name": "12幢", "kind": "building"}, "geometry": {"type": "Polygon", "coordinates": [[[120.23646638649095, 30.17729558738643], [120.23646867092573, 30.17714837992732], [120.23604891547039, 30.177143758666197], [120.23604663107703, 30.17729096615925], [120.23646638649095, 30.17729558738643]]]}}, {"type": "Feature", "properties": {"osm_id": 1360585464, "name": "11幢", "kind": "building"}, "geometry": {"type": "Polygon", "coordinates": [[[120.23454261199495, 30.177404621659978], [120.2345444967766, 30.177256114274403], [120.23412477508865, 30.177252421610238], [120.23412289013605, 30.17739842892216], [120.23454261199495, 30.177404621659978]]]}}, {"type": "Feature", "properties": {"osm_id": 1360585465, "name": "15幢", "kind": "building"}, "geometry": {"type": "Polygon", "coordinates": [[[120.23456509773109, 30.176452766960654], [120.23456738197967, 30.176305559404483], [120.23438827034275, 30.17630358964043], [120.23414765981283, 30.176300966368256], [120.23414537560511, 30.17644817395786], [120.23456509773109, 30.176452766960654]]]}}, {"type": "Feature", "properties": {"osm_id": 1360585466, "name": "16幢", "kind": "building"}, "geometry": {"type": "Polygon", "coordinates": [[[120.23549971579791, 30.17647760623928], [120.2355020001379, 30.17633039875699], [120.23533166770171, 30.176328516963935], [120.23508226166655, 30.176325791900126], [120.23507997736769, 30.17647299941611], [120.23549971579791, 30.17647760623928]]]}}, {"type": "Feature", "properties": {"osm_id": 1360585467, "name": "17幢", "kind": "building"}, "geometry": {"type": "Polygon", "coordinates": [[[120.23652353505373, 30.17651291832989], [120.23652581948633, 30.17636561092461], [120.2361060630168, 30.176360988809794], [120.23610377861742, 30.176508196245024], [120.23633472362228, 30.17651084256364], [120.23652353505373, 30.17651291832989]]]}}, {"type": "Feature", "properties": {"osm_id": 1360585468, "name": "13幢", "kind": "building"}, "geometry": {"type": "Polygon", "coordinates": [[[120.23607206173033, 30.176924534267965], [120.23607483992467, 30.176711023801555], [120.23563931609591, 30.176707019272428], [120.23540098947939, 30.176704883812786], [120.23539821136602, 30.176918394345254], [120.23607206173033, 30.176924534267965]]]}}, {"type": "Feature", "properties": {"osm_id": 1360585469, "name": "14幢", "kind": "building"}, "geometry": {"type": "Polygon", "coordinates": [[[120.23513542538154, 30.176910277897747], [120.23513820345524, 30.176696667336167], [120.23446437934258, 30.17669064966635], [120.23446160133294, 30.176904060285445], [120.23513542538154, 30.176910277897747]]]}}, {"type": "Feature", "properties": {"osm_id": 1362275011, "name": "米果邻里大厦", "kind": "building"}, "geometry": {"type": "Polygon", "coordinates": [[[120.18865126743805, 30.22410115446007], [120.18880520465437, 30.223956462867132], [120.18873709949432, 30.2239020841108], [120.18916411690213, 30.22350087624507], [120.18940981552252, 30.223697040040616], [120.18882895901986, 30.224243038094485], [120.18865126743805, 30.22410115446007]]]}}, {"type": "Feature", "properties": {"osm_id": 1368372604, "name": "虹软大厦", "kind": "building"}, "geometry": {"type": "Polygon", "coordinates": [[[120.2060484455981, 30.192784564695774], [120.20606617421909, 30.192478322363122], [120.20676506866404, 30.19250763971181], [120.20674733970547, 30.192813781773015], [120.2060484455981, 30.192784564695774]]]}}, {"type": "Feature", "properties": {"osm_id": 1368372607, "name": "当虹大厦", "kind": "building"}, "geometry": {"type": "Polygon", "coordinates": [[[120.20517626821514, 30.19457461956802], [120.20605487862338, 30.194593242431626], [120.20605935477322, 30.19444552822294], [120.20583324208206, 30.19444068102424], [120.20583612664406, 30.19434487182986], [120.20569060530502, 30.19434169945751], [120.2056932910366, 30.1942538909612], [120.2051862147221, 30.194243187670516], [120.20517626821514, 30.19457461956802]]]}}, {"type": "Feature", "properties": {"osm_id": 1370046076, "name": "保利时光里", "kind": "building"}, "geometry": {"type": "Polygon", "coordinates": [[[120.19742119105403, 30.18267989339662], [120.1968774101894, 30.182660731220757], [120.19692830235869, 30.181874409467646], [120.1996181372887, 30.181847614534433], [120.19962333773012, 30.18202521335655], [120.19877352063061, 30.182517872746274], [120.19744511528569, 30.182571547543716], [120.19742119105403, 30.18267989339662]]]}}, {"type": "Feature", "properties": {"osm_id": 1379151502, "name": "丽正门大酒店", "kind": "building"}, "geometry": {"type": "Polygon", "coordinates": [[[120.16787480705197, 30.235929648286763], [120.1678641269135, 30.235787457849124], [120.1679700117617, 30.235790360901557], [120.16806004606545, 30.235820695397774], [120.16815357235777, 30.235880225451464], [120.16805118634666, 30.235985923900508], [120.16798238850075, 30.235952349609985], [120.16787480705197, 30.235929648286763]]]}}, {"type": "Feature", "properties": {"osm_id": 1379151504, "name": "十五奎巷社区卫生服务站", "kind": "building"}, "geometry": {"type": "Polygon", "coordinates": [[[120.16809007469743, 30.23603625510764], [120.1681994415444, 30.23595044506167], [120.16847464279861, 30.236209850727302], [120.16837764095658, 30.236315539372367], [120.16809007469743, 30.23603625510764]]]}}, {"type": "Feature", "properties": {"osm_id": 1382939828, "name": "信达中心", "kind": "building"}, "geometry": {"type": "Polygon", "coordinates": [[[120.2235753597344, 30.2283471530357], [120.22373910283103, 30.22806595576706], [120.22438531758465, 30.228333878976553], [120.22431067681931, 30.228443366025516], [120.22439391198229, 30.228475579459992], [120.2242905346042, 30.228652201759424], [120.2235753597344, 30.2283471530357]]]}}, {"type": "Feature", "properties": {"osm_id": 1410537994, "name": "1幢", "kind": "building"}, "geometry": {"type": "Polygon", "coordinates": [[[120.16892046733388, 30.23567247928908], [120.16842056408056, 30.235733717019027], [120.16840511420556, 30.23578194933571], [120.16831707779751, 30.235794914461888], [120.16833740660583, 30.23566896742191], [120.16891098747963, 30.235575389968854], [120.16892046733388, 30.23567247928908]]]}}, {"type": "Feature", "properties": {"osm_id": 1411375302, "name": "白马湖詹氏宗祠", "kind": "building"}, "geometry": {"type": "Polygon", "coordinates": [[[120.21594025257198, 30.166225796076727], [120.21678053851512, 30.1663667058558], [120.21684577413204, 30.16617431479509], [120.2170243248918, 30.16564716623042], [120.21619839890319, 30.16550263189461], [120.21594025257198, 30.166225796076727]]]}}, {"type": "Feature", "properties": {"osm_id": 1447623937, "name": "闸口白塔", "kind": "building"}, "geometry": {"type": "Polygon", "coordinates": [[[120.14510577912574, 30.20050031551213], [120.145118945121, 30.200500095697997], [120.14512861936653, 30.200490880665807], [120.14512811976066, 30.2004802808669], [120.14511814481232, 30.200471995442314], [120.14510507856774, 30.200472315111362], [120.14509540431601, 30.20048153013797], [120.14509580417136, 30.200492030082085], [120.14510577912574, 30.20050031551213]]]}}, {"type": "Feature", "properties": {"osm_id": 1452260554, "name": "A", "kind": "building"}, "geometry": {"type": "Polygon", "coordinates": [[[120.19084643665516, 30.22492530784465], [120.19072448151961, 30.22481702164225], [120.19077802235711, 30.224771721646892], [120.19089997758154, 30.22488000791872], [120.19087225992762, 30.224903459645354], [120.19084643665516, 30.22492530784465]]]}}, {"type": "Feature", "properties": {"osm_id": 1458678659, "name": "冠一商贸大厦", "kind": "building"}, "geometry": {"type": "Polygon", "coordinates": [[[120.17356231120404, 30.17422848170508], [120.17267178592107, 30.174249662977804], [120.17267698501826, 30.17442526004658], [120.17354019234594, 30.17440453035831], [120.17353949232252, 30.174379130685185], [120.17356651061839, 30.1743721793982], [120.17356231120404, 30.17422848170508]]]}}, {"type": "Feature", "properties": {"osm_id": 1472204070, "name": "4幢", "kind": "building"}, "geometry": {"type": "Polygon", "coordinates": [[[120.19826087086906, 30.23345712160079], [120.19826852976142, 30.233218391553994], [120.19805941037438, 30.233213648771105], [120.19805592912428, 30.233322762478362], [120.19805234985961, 30.233452477826305], [120.19826087086906, 30.23345712160079]]]}}, {"type": "Feature", "properties": {"osm_id": 1472204071, "name": "5幢", "kind": "building"}, "geometry": {"type": "Polygon", "coordinates": [[[120.19805234985961, 30.233452477826305], [120.19805592912428, 30.233322762478362], [120.19777730408511, 30.2333165395577], [120.19777252816682, 30.23344615696803], [120.19805234985961, 30.233452477826305]]]}}, {"type": "Feature", "properties": {"osm_id": 1472204072, "name": "6幢", "kind": "building"}, "geometry": {"type": "Polygon", "coordinates": [[[120.19777252816682, 30.23344615696803], [120.19777730408511, 30.2333165395577], [120.19778018860738, 30.233227028250607], [120.19759480505445, 30.23322284636087], [120.19759112494927, 30.233338660912917], [120.19758784269516, 30.233441973900344], [120.19777252816682, 30.23344615696803]]]}}, {"type": "Feature", "properties": {"osm_id": 1472204073, "name": "8幢", "kind": "building"}, "geometry": {"type": "Polygon", "coordinates": [[[120.19731748849212, 30.233332531485868], [120.19732156666615, 30.233207115550687], [120.19711384721857, 30.23320247354659], [120.19710648683889, 30.233431202506413], [120.19731410653478, 30.233435844659045], [120.19731748849212, 30.233332531485868]]]}}, {"type": "Feature", "properties": {"osm_id": 1472204074, "name": "7幢", "kind": "building"}, "geometry": {"type": "Polygon", "coordinates": [[[120.19758784269516, 30.233441973900344], [120.19759112494927, 30.233338660912917], [120.19731748849212, 30.233332531485868], [120.19731410653478, 30.233435844659045], [120.19758784269516, 30.233441973900344]]]}}, {"type": "Feature", "properties": {"osm_id": 1472204075, "name": "10幢", "kind": "building"}, "geometry": {"type": "Polygon", "coordinates": [[[120.1980248914252, 30.234236880819406], [120.19802657724217, 30.23412266975725], [120.19802975917264, 30.234011756377644], [120.19826520532038, 30.234016354075298], [120.19825884175194, 30.234242081097303], [120.1980248914252, 30.234236880819406]]]}}, {"type": "Feature", "properties": {"osm_id": 1472204076, "name": "11幢", "kind": "building"}, "geometry": {"type": "Polygon", "coordinates": [[[120.1980248914252, 30.234236880819406], [120.19802657724217, 30.23412266975725], [120.19774456187594, 30.23411715283659], [120.19774128055715, 30.234231866681014], [120.1980248914252, 30.234236880819406]]]}}, {"type": "Feature", "properties": {"osm_id": 1472204077, "name": "12幢", "kind": "building"}, "geometry": {"type": "Polygon", "coordinates": [[[120.19774346005748, 30.234058350521998], [120.19774613587182, 30.233857131552117], [120.19759386032283, 30.23385589304876], [120.19747289781165, 30.23385490103732], [120.19747022201302, 30.234056120018575], [120.19774346005748, 30.234058350521998]]]}}, {"type": "Feature", "properties": {"osm_id": 1472204078, "name": "14幢", "kind": "building"}, "geometry": {"type": "Polygon", "coordinates": [[[120.19733407023065, 30.233670226940912], [120.1970934430183, 30.233667741871344], [120.19708997134028, 30.233891463826257], [120.19725421198946, 30.233893080501193], [120.19733059852692, 30.233893848875947], [120.19733317732461, 30.233725532421992], [120.19733407023065, 30.233670226940912]]]}}, {"type": "Feature", "properties": {"osm_id": 1482099897, "name": "保利创艺大厦", "kind": "building"}, "geometry": {"type": "Polygon", "coordinates": [[[120.15560048700286, 30.179524261637024], [120.15569560643227, 30.17937859212145], [120.15578256479364, 30.1794236444067], [120.15605400060291, 30.17945677807717], [120.15605133595156, 30.179787196397854], [120.15563281325134, 30.179731114687797], [120.15534790401901, 30.17958779765008], [120.15542817426413, 30.179543658206978], [120.15546226966597, 30.179442095511256], [120.15560048700286, 30.179524261637024]]]}}, {"type": "Feature", "properties": {"osm_id": 1482099901, "name": "新世纪大厦", "kind": "building"}, "geometry": {"type": "Polygon", "coordinates": [[[120.15564013840569, 30.180275324799663], [120.15551858109619, 30.180274833555885], [120.15551399205181, 30.180251340450067], [120.15549773559421, 30.180224367223], [120.15547270432864, 30.180203009282682], [120.15544119196663, 30.180189462775598], [120.15540648933786, 30.18018502210296], [120.15537178749294, 30.18019018181021], [120.15534067627512, 30.180204335720756], [120.15531604743312, 30.180226078827676], [120.15530029407203, 30.180253406956297], [120.15529511119345, 30.180283517093393], [120.1553009971536, 30.18031350826678], [120.15531715395929, 30.1803405817231], [120.1553422850074, 30.18036183955442], [120.15535794150013, 30.180368613007367], [120.1553573490285, 30.180438216939116], [120.15588695558792, 30.18044060706185], [120.15588725100704, 30.180396104687965], [120.15592813550816, 30.180396334257807], [120.15592882621542, 30.180309129415665], [120.15590748378064, 30.180276564827324], [120.15583677446602, 30.180168982112647], [120.15564013840569, 30.180275324799663]]]}}, {"type": "Feature", "properties": {"osm_id": 1482099902, "name": "卓信大厦", "kind": "building"}, "geometry": {"type": "Polygon", "coordinates": [[[120.1543969712792, 30.179571918931593], [120.15480074024556, 30.17957153211939], [120.15480083051028, 30.17945892729475], [120.1546671054452, 30.1794590550729], [120.15466719737255, 30.179366251071478], [120.15491061462505, 30.179365936218918], [120.15491061180363, 30.179332334832573], [120.15493464433438, 30.179332293818995], [120.15493464248702, 30.179310292911552], [120.1550067400141, 30.179310169812073], [120.15500691328104, 30.17899845663895], [120.15433409886779, 30.178999101923633], [120.15433373555143, 30.17942262004618], [120.1544210912187, 30.179422471786125], [120.15442109423375, 30.179458373268876], [120.15439706146785, 30.179458414070538], [120.1543969712792, 30.179571918931593]]]}}, {"type": "Feature", "properties": {"osm_id": 1492137085, "name": "龙威大厦", "kind": "building"}, "geometry": {"type": "Polygon", "coordinates": [[[120.2128853766526, 30.1811528198172], [120.21288784747387, 30.180871304466244], [120.21350965985505, 30.18087454132817], [120.21350718898198, 30.181156056639644], [120.2128853766526, 30.1811528198172]]]}}, {"type": "Feature", "properties": {"osm_id": 1492137087, "name": "雷克萨斯", "kind": "building"}, "geometry": {"type": "Polygon", "coordinates": [[[120.21271059773692, 30.18116146464583], [120.21271932637688, 30.180551726687476], [120.21228487487572, 30.180547637479524], [120.21223828862121, 30.18055900375741], [120.21221215486658, 30.18059454218872], [120.21220422051336, 30.181156677133515], [120.21271059773692, 30.18116146464583]]]}}, {"type": "Feature", "properties": {"osm_id": 1492137096, "name": "滨康农贸市场", "kind": "building"}, "geometry": {"type": "Polygon", "coordinates": [[[120.20746171263038, 30.180821443815088], [120.20778299185282, 30.180820554088964], [120.20778319998908, 30.180925358196145], [120.20787177419204, 30.18092502359186], [120.20787208647934, 30.181083229805182], [120.2079090922131, 30.181083173625222], [120.20790950799983, 30.181286881622615], [120.20756359066863, 30.181288008014107], [120.20746234225876, 30.18119915882063], [120.20746171263038, 30.180821443815088]]]}}, {"type": "Feature", "properties": {"osm_id": 1492241318, "name": "中国数谷", "kind": "building"}, "geometry": {"type": "Polygon", "coordinates": [[[120.22567890179913, 30.211997096404946], [120.22570564551779, 30.21195066631698], [120.2255718010896, 30.21186279844223], [120.22638014478524, 30.21089762229185], [120.22653005242405, 30.210865070633414], [120.22801330142782, 30.21169807641852], [120.22761709360243, 30.212273288262296], [120.22567890179913, 30.211997096404946]]]}}, {"type": "Feature", "properties": {"osm_id": 1499552583, "name": "杭州城投大厦", "kind": "building"}, "geometry": {"type": "Polygon", "coordinates": [[[120.19375911691648, 30.229348981040815], [120.19425010276187, 30.229191700220063], [120.19486150836319, 30.229728758274895], [120.1943590714785, 30.230142472968346], [120.19425506319519, 30.230087653061485], [120.19363886782347, 30.229435100526285], [120.19375911691648, 30.229348981040815]]]}}, {"type": "Feature", "properties": {"osm_id": 1501322410, "name": "926工匠博物馆", "kind": "building"}, "geometry": {"type": "Polygon", "coordinates": [[[120.14346639656188, 30.188941682435487], [120.14350289765807, 30.18886662555037], [120.14332474356294, 30.18880148304017], [120.14331806357376, 30.18883819447773], [120.14329492558147, 30.188879030121775], [120.1432889414678, 30.188887839257678], [120.14324924186643, 30.18888749714179], [120.14321343009196, 30.18885994807092], [120.14321053496876, 30.188831050961422], [120.14321073201955, 30.18880204934226], [120.14321601529849, 30.18876223981655], [120.14315855874287, 30.188741322534383], [120.14311796831704, 30.18882468542579], [120.14314520345494, 30.188871147934837], [120.14315188896535, 30.188899539509887], [120.14314381098734, 30.18891865214501], [120.14312715482693, 30.188939577342786], [120.14311349003104, 30.18894779759851], [120.1430983287969, 30.188953519910594], [120.1430743895543, 30.188957354889723], [120.14305015054457, 30.188955190013747], [120.14300736668314, 30.189052256616982], [120.14310033493061, 30.189086023092734], [120.14313813253302, 30.189003864328196], [120.14316645815487, 30.188970521566652], [120.14319348912224, 30.188961981811794], [120.14322251590978, 30.18896393961288], [120.14325603217968, 30.188976091315595], [120.14326740455311, 30.188989575352156], [120.14327219381472, 30.189005869117032], [120.14326900338202, 30.189023574585214], [120.14325793267173, 30.18903879143024], [120.143191803112, 30.189077089566076], [120.14320377660687, 30.189121574174536], [120.14335170708347, 30.189177560974038], [120.14339289561258, 30.189092896892674], [120.14335627964944, 30.18898994565297], [120.14336575295438, 30.18895793034153], [120.14346639656188, 30.188941682435487]]]}}, {"type": "Feature", "properties": {"osm_id": 1502835382, "name": "麦当劳", "kind": "building"}, "geometry": {"type": "Polygon", "coordinates": [[[120.19003561854609, 30.196415834176975], [120.19007269820075, 30.196266659268794], [120.1902547712354, 30.1962994298286], [120.19021988495375, 30.19644670058558], [120.19003561854609, 30.196415834176975]]]}}, {"type": "Feature", "properties": {"osm_id": 1530316502, "name": "杭州市公共交通集团有限公司", "kind": "building"}, "geometry": {"type": "Polygon", "coordinates": [[[120.19569151509668, 30.231620333483495], [120.19590891708853, 30.231808966964124], [120.19552143936852, 30.2321441677856], [120.19530413857466, 30.23195543531311], [120.19542877680622, 30.231847609253798], [120.19569151509668, 30.231620333483495]]]}}, {"type": "Feature", "properties": {"osm_id": 1530316536, "name": "杭港科技大厦", "kind": "building"}, "geometry": {"type": "Polygon", "coordinates": [[[120.19398612127712, 30.233585174477284], [120.19355502184621, 30.23320921301737], [120.1932608851397, 30.233462454554182], [120.19340518226925, 30.23358820652462], [120.1934282146709, 30.23356836411823], [120.19356493332317, 30.23368762942262], [120.19352096228636, 30.233725510310848], [120.19367104389652, 30.23385635287956], [120.19398612127712, 30.233585174477284]]]}}, {"type": "Feature", "properties": {"osm_id": 1535799131, "name": "杭州市公共自行车交通服务发展有限公司", "kind": "building"}, "geometry": {"type": "Polygon", "coordinates": [[[120.16838229421575, 30.213298515076353], [120.1684420201824, 30.213346606506512], [120.16860372528107, 30.21319569584082], [120.16873414503074, 30.21330065854329], [120.16847743086683, 30.213540451906944], [120.16828708549572, 30.21338749788571], [120.16838229421575, 30.213298515076353]]]}}, {"type": "Feature", "properties": {"osm_id": 1536435724, "name": "3号楼", "kind": "building"}, "geometry": {"type": "Polygon", "coordinates": [[[120.16821143612286, 30.17554088273119], [120.16819167316042, 30.17528040925142], [120.16879756445942, 30.175249377438316], [120.16882709854954, 30.17551413275511], [120.16821143612286, 30.17554088273119]]]}}, {"type": "Feature", "properties": {"osm_id": 1536435725, "name": "1号楼", "kind": "building"}, "geometry": {"type": "Polygon", "coordinates": [[[120.16900938792513, 30.175911007901696], [120.16899946349425, 30.175266100847686], [120.16932309665907, 30.175257095269725], [120.1693452843837, 30.175901279327874], [120.16920151407754, 30.175906348486706], [120.16900938792513, 30.175911007901696]]]}}, {"type": "Feature", "properties": {"osm_id": 1536435726, "name": "2号楼", "kind": "building"}, "geometry": {"type": "Polygon", "coordinates": [[[120.16823112222295, 30.17607466727698], [120.16930003172912, 30.17604706981075], [120.16930981540246, 30.176200857649825], [120.16823113650749, 30.176245574080163], [120.16823112222295, 30.17607466727698]]]}}, {"type": "Feature", "properties": {"osm_id": 1550545895, "name": "艺承艺术教育中心", "kind": "building"}, "geometry": {"type": "Polygon", "coordinates": [[[120.16545860508661, 30.220761893978462], [120.16554036172063, 30.22074394215278], [120.16536852032499, 30.22015292146439], [120.16507130427257, 30.220218372658298], [120.16511897720714, 30.220382295306997], [120.16526783453757, 30.220349619286164], [120.16535669752297, 30.22065547498394], [120.16542339904255, 30.22064085118301], [120.16545860508661, 30.220761893978462]]]}}, {"type": "Feature", "properties": {"osm_id": 1551201159, "name": "钱江湾幼儿园", "kind": "building"}, "geometry": {"type": "Polygon", "coordinates": [[[120.13355381486336, 30.17724533571391], [120.13368163133666, 30.1772450845112], [120.13369848834674, 30.177179461886485], [120.13392987241878, 30.177166686238348], [120.13394352810403, 30.177002863351294], [120.13383377227319, 30.176998893956593], [120.13382559567935, 30.17706040615857], [120.13370097267634, 30.177059554111107], [120.13369818484637, 30.177130160259434], [120.1335794468852, 30.17711340011707], [120.13355381486336, 30.17724533571391]]]}}, {"type": "Feature", "properties": {"osm_id": 1552543880, "name": "湘滨路", "kind": "building"}, "geometry": {"type": "Polygon", "coordinates": [[[120.18405796902577, 30.14181684058783], [120.18452736140456, 30.141650359568867], [120.18459188140848, 30.141787842751604], [120.18455578955741, 30.141800610429936], [120.1856951162237, 30.144225252921853], [120.1857158542838, 30.144217914187596], [120.18578117273245, 30.144357196582998], [120.18532264292202, 30.14451975354087], [120.18525154084558, 30.14436818178401], [120.18527965675838, 30.144358229181588], [120.18415758534842, 30.141964058264005], [120.18413136400801, 30.141973307503], [120.18405796902577, 30.14181684058783]]]}}]}