date,美元指数,美元人民币,美元日元,美元欧元
2000-01-03,98.5877,5.9579,118.31,0.8586
2000-01-04,110.1068,5.7083,145.58,1.1802
2000-01-05,77.1367,6.4525,59.94,1.0419
2000-01-06,111.8661,5.512,101.15,1.0616
2000-01-07,94.5268,7.6141,124.49,1.1578
2000-01-10,87.0002,7.9184,145.42,0.9824
2000-01-11,86.9704,5.9658,38.74,1.1753
2000-01-12,84.1718,9.6703,72.13,1.0926
2000-01-13,92.7635,8.1611,133.88,1.0386
2000-01-14,103.3388,8.04,108.63,1.184
2000-01-17,100.8406,6.9897,104.03,1.3936
2000-01-18,101.3829,7.736,124.86,1.0509
2000-01-19,78.0519,10.0173,86.59,1.1325
2000-01-20,79.2904,6.7562,107.34,0.7692
2000-01-21,110.538,7.9597,104.66,1.3717
2000-01-24,104.6889,7.024,126.63,1.0231
2000-01-25,116.8321,4.8608,117.85,1.0496
2000-01-26,107.0982,4.547,94.02,1.2485
2000-01-27,84.7561,5.4613,97.07,1.0589
2000-01-28,107.8527,5.4884,102.33,1.1423
2000-01-31,101.2839,8.9646,117.53,1.0355
2000-02-01,97.1482,6.2683,86.92,1.0224
2000-02-02,86.8013,7.5736,136.92,1.1322
2000-02-03,95.0278,6.5798,139.83,1.1713
2000-02-04,93.53,7.2126,126.79,0.8014
2000-02-07,103.9254,7.197,79.08,1.2129
2000-02-08,96.245,3.609,105.19,1.2484
2000-02-09,110.8475,6.0295,94.9,1.0138
2000-02-10,87.2551,3.7884,122.39,1.3382
2000-02-11,99.711,6.8093,77.24,0.788
2000-02-14,99.9884,8.936,108.46,1.3202
2000-02-15,86.3566,6.3369,90.6,1.3918
2000-02-16,83.1873,6.9804,136.03,1.1876
2000-02-17,105.1358,7.7223,117.81,1.0823
2000-02-18,100.1744,5.7242,85.11,1.1072
2000-02-21,93.3749,8.2505,122.04,1.0366
2000-02-22,98.9437,5.7184,114.24,1.1975
2000-02-23,88.2466,9.0333,87.69,0.9812
2000-02-24,97.3835,7.4407,91.69,0.9679
2000-02-25,88.9487,5.1952,112.25,0.892
2000-02-28,96.8879,5.6027,98.86,1.138
2000-02-29,104.8609,8.784,136.23,0.9481
2000-03-01,91.6037,3.702,87.65,1.1588
2000-03-02,103.4977,5.2481,109.09,1.052
2000-03-03,84.658,6.6857,110.66,1.1442
2000-03-06,92.1151,7.8158,133.6,1.2202
2000-03-07,81.3526,5.5209,124.6,1.1836
2000-03-08,93.9941,4.9346,102.87,0.9766
2000-03-09,95.7865,9.4537,146.55,0.7719
2000-03-10,93.0274,5.8713,126.35,1.305
2000-03-13,92.3232,5.0241,94.33,1.0598
2000-03-14,108.4019,9.4322,127.41,0.9415
2000-03-15,109.2379,5.8416,105.65,1.2708
2000-03-16,82.8437,6.5463,93.74,0.8294
2000-03-17,106.7411,6.9078,128.46,1.0521
2000-03-20,77.7693,7.3615,109.95,1.1583
2000-03-21,87.6552,7.7102,76.45,1.2789
2000-03-22,93.2655,7.3305,93.17,1.2452
2000-03-23,96.1106,7.2739,123.5,1.1628
2000-03-24,84.5258,7.3771,123.96,1.0973
2000-03-27,87.7753,8.1947,158.38,1.2348
2000-03-28,95.7665,8.3048,88.99,1.1758
2000-03-29,88.0658,5.4835,117.72,1.2379
2000-03-30,88.588,6.7758,112.31,1.0777
2000-03-31,101.6626,9.0221,99.21,0.8463
2000-04-03,104.3172,6.6245,101.28,1.1848
2000-04-04,94.3994,8.0095,107.41,1.0945
2000-04-05,95.182,6.7646,144.97,1.1435
2000-04-06,94.804,5.687,106.42,1.1356
2000-04-07,90.4551,6.2011,149.53,1.1543
2000-04-10,89.8861,7.1602,120.58,1.2034
2000-04-11,84.6226,8.9982,84.3,1.0122
2000-04-12,101.4839,7.8005,99.12,1.1
2000-04-13,94.1584,5.9472,164.03,0.955
2000-04-14,93.6256,8.3558,97.86,1.0139
2000-04-17,97.0054,7.3242,163.31,1.0629
2000-04-18,100.3067,3.8282,99.15,0.9612
2000-04-19,109.2103,9.2473,98.83,1.0643
2000-04-20,92.2645,8.8975,109.72,1.3662
2000-04-21,90.9883,8.6182,104.02,0.7585
2000-04-24,97.0057,8.8211,116.79,0.8724
2000-04-25,86.545,5.2805,109.12,0.7422
2000-04-26,107.7243,7.1436,117.42,1.0336
2000-04-27,104.2624,9.4564,110.48,1.1682
2000-04-28,101.9392,7.1032,77.02,1.1563
2000-05-01,93.8039,5.9216,119.54,0.9813
2000-05-02,102.3958,5.346,72.29,0.8496
2000-05-03,105.502,6.4709,113.41,1.0858
2000-05-04,99.9991,5.4528,88.42,1.2148
2000-05-05,92.2002,5.606,92.19,1.3086
2000-05-08,78.1493,5.2842,129.06,1.0728
2000-05-09,104.4696,8.1189,128.02,1.2256
2000-05-10,91.4675,5.429,99.45,1.1109
2000-05-11,86.5677,8.345,106.5,1.1619
2000-05-12,103.906,6.227,88.32,1.0895
2000-05-15,98.3817,8.6674,119.87,0.8696
2000-05-16,80.8116,5.7947,91.89,1.2885
2000-05-17,94.0096,6.1745,139.46,0.9336
2000-05-18,92.3077,9.2301,97.04,1.1636
2000-05-19,104.9261,5.5549,121.06,1.1158
2000-05-22,76.0488,7.5161,65.41,0.973
2000-05-23,91.1444,9.9762,122.77,0.7764
2000-05-24,93.6175,6.216,85.71,1.0904
2000-05-25,109.189,8.0883,101.76,0.9547
2000-05-26,84.1661,5.983,93.88,1.1488
2000-05-29,65.5957,6.0016,129.6,1.2369
2000-05-30,81.1597,6.094,135.35,1.1947
2000-05-31,97.6307,7.8893,104.52,1.2486
2000-06-01,103.0959,7.363,74.37,1.2791
2000-06-02,112.3354,6.3612,128.99,1.3738
2000-06-05,99.0094,6.0366,122.44,0.9481
2000-06-06,86.9769,7.1768,117.28,1.2127
2000-06-07,103.8439,7.9796,122.16,0.9397
2000-06-08,94.8894,7.5489,102.37,1.0725
2000-06-09,92.9904,6.7675,116.72,1.0367
2000-06-12,95.1755,8.4152,111.66,1.1092
2000-06-13,107.7458,10.967,96.87,1.2032
2000-06-14,85.9856,9.6819,105.55,1.3937
2000-06-15,84.7607,10.03,77.06,1.1126
2000-06-16,94.3348,6.7552,138.05,0.9033
2000-06-19,94.3343,5.825,100.42,1.0517
2000-06-20,86.8554,7.2332,112.35,1.2039
2000-06-21,86.2054,7.0454,78.48,0.9449
2000-06-22,98.7766,7.2687,107.67,1.2876
2000-06-23,108.3784,8.4731,115.43,1.0274
2000-06-26,102.1299,7.1558,126.68,1.2413
2000-06-27,101.8512,7.6195,110.15,1.0467
2000-06-28,107.4574,8.1407,118.38,1.4152
2000-06-29,75.0903,6.2656,120.82,1.0806
2000-06-30,79.8967,7.9086,92.69,1.3141
2000-07-03,87.946,7.977,83.62,0.9757
2000-07-04,83.0489,6.0695,93.35,1.2293
2000-07-05,85.106,6.6586,77.4,1.4012
2000-07-06,95.6987,9.3021,84.82,1.0142
2000-07-07,82.1561,6.5363,131.65,1.0625
2000-07-10,90.565,6.5873,122.61,0.9411
2000-07-11,74.5685,6.4574,134.74,1.3762
2000-07-12,85.2603,6.8239,115.46,0.8436
2000-07-13,108.4555,6.6312,118.42,0.7352
2000-07-14,89.571,8.3733,129.48,0.9357
2000-07-17,98.2414,8.4909,113.01,1.1765
2000-07-18,102.0815,7.5224,102.23,0.9716
2000-07-19,90.091,7.9059,129.96,0.8954
2000-07-20,100.7908,8.5004,87.48,0.8374
2000-07-21,97.1454,6.4258,109.33,1.1376
2000-07-24,101.9741,6.277,110.86,1.1562
2000-07-25,88.6445,8.6073,89.99,1.1202
2000-07-26,80.5983,9.0529,130.21,0.9056
2000-07-27,84.7788,5.2795,96.67,1.412
2000-07-28,89.4518,8.5424,150.89,1.0085
2000-07-31,100.3583,7.3912,94.01,0.9588
2000-08-01,92.9569,9.1953,77.43,0.9394
2000-08-02,91.0119,7.6603,77.35,1.2469
2000-08-03,93.2032,5.3717,116.55,0.8929
2000-08-04,105.9976,5.4889,122.79,0.8264
2000-08-07,89.245,7.5394,146.97,0.8394
2000-08-08,110.1133,8.6557,108.36,1.0471
2000-08-09,82.7241,5.5992,131.18,1.3631
2000-08-10,89.0776,4.8632,136.64,1.0707
2000-08-11,103.55,7.2649,134.26,0.9138
2000-08-14,100.1783,6.922,109.54,1.2231
2000-08-15,86.4449,11.1807,100.2,1.0356
2000-08-16,93.9097,5.8039,95.04,1.0744
2000-08-17,87.9107,6.1713,123.29,1.1082
2000-08-18,103.5102,5.5067,136.31,1.4318
2000-08-21,100.3974,5.8955,110.56,0.9916
2000-08-22,87.8689,6.5911,81.86,1.0776
2000-08-23,98.9718,8.4115,106.8,1.2113
2000-08-24,91.3285,7.8663,100.75,1.2411
2000-08-25,94.2808,8.239,90.37,1.0888
2000-08-28,95.6461,5.6138,109.77,1.3092
2000-08-29,89.3596,6.2235,115.95,1.1008
2000-08-30,99.2501,7.9025,141.16,1.0995
2000-08-31,99.6028,7.1716,98.72,1.0726
2000-09-01,99.2593,6.1824,122.13,1.2772
2000-09-04,106.0464,6.8056,103.77,1.2298
2000-09-05,92.2826,8.469,91.8,0.8849
2000-09-06,80.1714,8.9266,113.85,1.259
2000-09-07,90.1093,9.556,128.81,1.0821
2000-09-08,97.0074,7.3055,121.48,1.0479
2000-09-11,95.2199,10.2862,125.32,1.2557
2000-09-12,100.7869,7.1001,110.37,1.165
2000-09-13,103.0642,7.8316,161.69,0.9415
2000-09-14,93.8241,8.5363,106.71,1.0148
2000-09-15,93.8963,6.1381,84.27,1.1371
2000-09-18,85.1259,7.323,123.47,1.4859
2000-09-19,105.331,6.5842,100.96,1.0824
2000-09-20,92.3606,9.9245,83.33,0.8742
2000-09-21,84.1669,8.5784,106.29,0.997
2000-09-22,83.8563,5.0256,114.18,0.9866
2000-09-25,90.8523,7.5462,99.21,1.0079
2000-09-26,110.554,8.4681,84.52,1.1986
2000-09-27,102.7255,9.9593,95.34,1.0983
2000-09-28,78.0596,7.3033,98.76,0.9869
2000-09-29,93.7639,3.487,107.4,0.9218
2000-10-02,97.6396,7.2699,118.03,0.9121
2000-10-03,101.2656,9.1818,90.03,1.2321
2000-10-04,98.4366,7.6353,83.17,0.8961
2000-10-05,88.5926,5.6744,119.61,1.0683
2000-10-06,99.1189,6.4751,99.83,1.1447
2000-10-09,89.4585,6.4693,98.56,1.0999
2000-10-10,72.5935,9.9884,137.98,0.9491
2000-10-11,87.9114,7.309,132.42,1.2215
2000-10-12,88.1403,5.2945,133.47,1.372
2000-10-13,104.5363,6.226,69.56,0.9915
2000-10-16,105.56,9.4307,79.35,0.9862
2000-10-17,84.5472,2.6169,108.35,0.9999
2000-10-18,96.7391,4.0793,116.43,0.9409
2000-10-19,95.9014,5.7021,128.21,0.7742
2000-10-20,80.642,6.8257,99.83,1.2309
2000-10-23,74.4686,4.4428,80.08,0.8699
2000-10-24,94.0723,8.9251,145.32,0.9661
2000-10-25,96.3644,6.0266,88.13,1.2257
2000-10-26,89.0517,4.966,90.07,1.2986
2000-10-27,67.8883,6.1992,119.24,0.9403
2000-10-30,94.7052,3.5971,118.37,1.2867
2000-10-31,89.2138,6.0863,92.57,1.0977
2000-11-01,86.1059,9.6374,80.57,1.252
2000-11-02,91.7581,5.1856,110.34,1.1089
2000-11-03,83.7144,6.9494,79.0,1.2989
2000-11-06,100.5984,6.8212,140.64,0.9879
2000-11-07,95.106,6.0712,126.27,1.1971
2000-11-08,89.4054,9.0376,119.52,0.8575
2000-11-09,97.8187,11.6205,114.55,1.0641
2000-11-10,94.679,4.6282,84.22,1.2484
2000-11-13,79.8179,6.8487,102.65,1.1572
2000-11-14,93.5585,5.671,113.87,0.9683
2000-11-15,90.4284,6.5579,96.79,1.078
2000-11-16,77.5928,8.372,82.31,1.0515
2000-11-17,88.4796,11.9538,99.12,1.0325
2000-11-20,99.2634,7.3279,118.55,1.1092
2000-11-21,88.805,6.9713,90.81,0.7229
2000-11-22,109.0751,5.1627,94.72,1.1246
2000-11-23,111.9822,6.3234,103.62,1.0591
2000-11-24,91.9365,8.7026,118.94,1.0254
2000-11-27,100.5343,6.4187,122.98,1.1845
2000-11-28,114.9265,5.1417,116.46,1.3593
2000-11-29,91.6847,5.6742,138.02,1.004
2000-11-30,86.0104,4.3421,116.43,1.3785
2000-12-01,90.7767,5.8083,131.98,1.1091
2000-12-04,81.2578,8.437,121.72,0.9969
2000-12-05,81.5081,9.1442,100.48,1.2803
2000-12-06,97.0865,9.4532,127.78,1.0991
2000-12-07,90.8324,6.3491,117.72,0.8695
2000-12-08,97.4644,5.9655,135.41,0.9353
2000-12-11,99.8837,9.1199,108.68,1.3286
2000-12-12,87.3568,4.5081,114.72,0.9053
2000-12-13,93.0555,8.7577,105.0,1.1608
2000-12-14,92.307,8.6976,117.69,1.0184
2000-12-15,88.3134,6.427,123.6,1.1986
2000-12-18,86.6354,6.5967,102.06,1.0426
2000-12-19,98.1555,12.4199,151.53,1.2037
2000-12-20,93.5975,7.5191,127.05,1.2587
2000-12-21,98.3229,7.2562,101.19,1.0623
2000-12-22,105.0092,10.2301,71.13,1.1084
2000-12-25,105.1422,7.1759,150.0,1.0672
2000-12-26,83.8794,5.6329,121.8,1.1129
2000-12-27,86.4418,7.6573,100.16,0.9143
2000-12-28,92.4375,8.4994,113.17,0.9488
2000-12-29,96.2364,6.9513,124.4,1.2272
2001-01-01,104.3839,8.0309,84.66,1.1031
2001-01-02,85.3782,9.4709,111.94,0.9381
2001-01-03,90.6315,6.481,154.94,0.9093
2001-01-04,97.4704,6.4295,89.59,1.1514
2001-01-05,107.2887,7.7079,56.93,1.0042
2001-01-08,108.7923,8.7307,118.47,1.0715
2001-01-09,84.9402,4.8746,102.75,1.4393
2001-01-10,92.8796,8.5941,121.45,0.7727
2001-01-11,86.9225,3.0172,102.13,1.3677
2001-01-12,103.4748,8.0956,85.72,1.2495
2001-01-15,99.469,4.5174,132.12,1.334
2001-01-16,91.422,7.7552,111.42,0.9132
2001-01-17,88.8875,8.3802,99.02,0.9419
2001-01-18,97.9495,4.9329,92.36,0.9806
2001-01-19,104.8029,5.0969,131.54,0.9431
2001-01-22,87.3256,7.6355,101.99,1.0595
2001-01-23,91.7634,7.795,90.24,1.3522
2001-01-24,96.1297,7.4054,100.72,1.1468
2001-01-25,95.1801,5.3224,107.81,1.2297
2001-01-26,98.3787,7.2385,112.48,1.1242
2001-01-29,85.0042,6.9073,127.05,1.2885
2001-01-30,89.0507,8.3168,98.73,1.2365
2001-01-31,73.9989,7.9061,118.17,1.2823
2001-02-01,95.5573,7.9619,149.21,0.9778
2001-02-02,105.7016,5.2834,87.77,1.2257
2001-02-05,74.428,8.6372,111.22,1.154
2001-02-06,88.6819,9.4866,134.98,1.1254
2001-02-07,103.9852,7.835,90.11,0.9685
2001-02-08,93.572,6.9275,129.11,1.1365
2001-02-09,76.0496,5.4195,126.12,1.2635
2001-02-12,106.6879,6.3607,123.41,0.9614
2001-02-13,80.7403,5.3659,60.33,1.0536
2001-02-14,108.7091,8.2777,101.58,1.3008
2001-02-15,89.1536,7.4294,114.76,1.3354
2001-02-16,87.9345,6.0552,121.12,1.2369
2001-02-19,95.2694,8.9119,98.43,1.0616
2001-02-20,94.7782,7.2466,102.83,1.0459
2001-02-21,101.0048,7.8211,139.26,1.0576
2001-02-22,100.0251,5.7377,69.87,1.181
2001-02-23,93.5206,6.6259,115.09,1.1689
2001-02-26,108.2253,6.8687,89.66,1.4885
2001-02-27,102.1347,6.6728,148.31,1.12
2001-02-28,97.7379,8.7216,101.18,1.1203
2001-03-01,96.3512,6.9825,137.39,0.9655
2001-03-02,94.0467,6.5601,102.05,1.0397
2001-03-05,94.2242,9.4509,110.69,1.0195
2001-03-06,101.649,7.9616,106.12,1.2511
2001-03-07,99.7425,9.3015,126.97,1.093
2001-03-08,95.3973,6.3505,93.73,1.2004
2001-03-09,105.1511,4.4823,123.7,1.1309
2001-03-12,92.3779,5.3134,101.25,1.12
2001-03-13,99.359,7.5879,104.51,1.2634
2001-03-14,103.5952,7.4207,121.77,1.0358
2001-03-15,83.845,8.2601,150.15,1.1811
2001-03-16,92.3589,8.6099,140.92,1.4467
2001-03-19,111.6881,7.0094,84.42,1.2059
2001-03-20,85.429,6.526,115.82,0.9141
2001-03-21,106.5208,8.0842,130.28,1.1024
2001-03-22,84.4024,6.1266,74.54,1.0915
2001-03-23,99.0554,5.8579,130.0,1.2892
2001-03-26,84.3581,6.8807,104.67,0.9694
2001-03-27,88.8361,7.9593,87.9,1.1049
2001-03-28,91.2469,7.4337,137.41,1.264
2001-03-29,89.5118,6.2943,150.55,0.9983
2001-03-30,105.0857,7.4621,125.26,1.0271
2001-04-02,103.3349,5.5403,73.7,1.2933
2001-04-03,103.7006,7.5974,130.22,1.0396
2001-04-04,96.9349,4.3945,94.1,0.8877
2001-04-05,111.3669,8.7524,110.8,1.1124
2001-04-06,105.2879,5.5218,96.32,0.9865
2001-04-09,98.2475,7.0739,134.51,1.0377
2001-04-10,84.5121,5.5477,146.91,1.1546
2001-04-11,101.8545,6.849,107.36,1.2489
2001-04-12,101.5216,7.8802,108.31,0.9191
2001-04-13,95.9434,4.0189,75.2,1.0223
2001-04-16,102.1289,9.3114,97.51,1.0225
2001-04-17,102.6994,5.4519,114.74,0.7245
2001-04-18,92.0154,4.9462,115.18,1.1113
2001-04-19,100.653,7.8818,111.03,1.0613
2001-04-20,98.4707,5.3601,65.87,1.2228
2001-04-23,98.1315,6.9354,85.79,1.1432
2001-04-24,91.582,6.8928,99.18,1.0276
2001-04-25,90.3702,9.0862,76.62,1.0439
2001-04-26,96.1862,7.0888,116.0,1.1416
2001-04-27,109.3172,6.8993,106.73,0.8641
2001-04-30,118.2599,4.5199,83.92,1.3903
2001-05-01,91.3019,6.077,119.78,1.3087
2001-05-02,84.4565,5.9943,104.41,1.402
2001-05-03,91.5844,7.2141,129.25,1.3399
2001-05-04,86.6486,8.3098,76.17,1.2825
2001-05-07,90.8294,4.5046,124.53,0.9802
2001-05-08,98.9678,6.752,130.03,1.0072
2001-05-09,85.8575,8.8946,70.73,1.3628
2001-05-10,101.0897,5.7003,94.47,0.9199
2001-05-11,102.9155,7.3886,98.28,1.0872
2001-05-14,110.1644,7.7634,96.88,0.9651
2001-05-15,113.1927,10.3695,148.37,1.0591
2001-05-16,104.9783,8.2719,149.82,1.2188
2001-05-17,117.6719,6.5456,125.02,1.0283
2001-05-18,90.0037,6.0962,116.23,1.0606
2001-05-21,97.7647,6.9968,81.94,1.0158
2001-05-22,96.7206,8.583,113.78,1.197
2001-05-23,99.3919,9.2785,84.06,1.28
2001-05-24,105.2459,6.6676,89.23,1.1456
2001-05-25,91.7673,7.3704,79.71,1.2696
2001-05-28,112.1337,5.9295,90.4,0.9852
2001-05-29,107.7597,7.5803,93.7,0.9334
2001-05-30,98.5308,5.4988,93.06,1.1736
2001-05-31,99.7172,7.2311,78.47,1.3502
2001-06-01,85.3658,6.5091,122.71,0.8972
2001-06-04,70.2402,6.3704,135.63,1.1805
2001-06-05,94.1909,8.483,118.48,1.1594
2001-06-06,98.24,4.5785,126.25,0.9445
2001-06-07,97.3537,8.0619,102.91,0.7534
2001-06-08,84.1021,6.7364,116.29,1.0374
2001-06-11,90.5788,7.8288,79.46,1.121
2001-06-12,112.5926,6.2461,117.56,1.1912
2001-06-13,102.362,5.0199,146.45,1.0425
2001-06-14,101.243,6.4033,98.78,1.0458
2001-06-15,92.0101,5.4649,128.47,1.2896
2001-06-18,102.4675,5.1622,117.11,1.1663
2001-06-19,107.9238,5.1893,152.15,1.0005
2001-06-20,102.6638,7.0363,130.67,1.0553
2001-06-21,91.0681,4.195,93.58,1.0683
2001-06-22,97.9516,6.2959,94.01,1.2976
2001-06-25,86.3589,9.1467,132.5,1.1572
2001-06-26,92.0826,8.616,108.88,1.1102
2001-06-27,101.0108,6.0312,107.92,1.3571
2001-06-28,89.8044,8.7228,101.71,1.2996
2001-06-29,92.8267,5.4604,87.68,1.3134
2001-07-02,109.4003,7.3483,128.12,0.9052
2001-07-03,93.4606,7.2037,126.93,1.3103
2001-07-04,102.7548,8.6408,108.08,0.9631
2001-07-05,92.1505,4.7611,55.9,1.0676
2001-07-06,83.8317,10.7514,101.4,1.0408
2001-07-09,95.1833,7.9981,126.36,1.3163
2001-07-10,91.5669,8.1336,102.95,1.1309
2001-07-11,75.1614,7.8169,124.13,1.071
2001-07-12,83.1988,7.7621,157.25,1.0824
2001-07-13,90.967,8.9356,109.37,1.2349
2001-07-16,109.8025,7.7916,133.87,0.8209
2001-07-17,89.4383,6.3137,116.83,1.0691
2001-07-18,94.8267,4.8354,71.85,1.2541
2001-07-19,101.3975,9.4012,110.91,1.395
2001-07-20,98.0373,8.3285,113.76,1.1779
2001-07-23,91.7897,6.6343,78.64,1.3954
2001-07-24,112.0318,6.2309,86.66,1.1278
2001-07-25,108.4437,7.7542,78.14,1.2126
2001-07-26,70.937,5.5905,96.41,1.0941
2001-07-27,104.6807,7.7018,131.2,1.0755
2001-07-30,100.5447,9.0243,129.98,1.2281
2001-07-31,104.8692,4.7236,121.16,1.3411
2001-08-01,96.0339,6.4781,123.85,0.9162
2001-08-02,103.3377,7.9606,119.27,1.1499
2001-08-03,114.2703,8.7131,123.14,0.9867
2001-08-06,112.1302,8.0274,135.15,1.2348
2001-08-07,112.9022,6.9818,100.05,0.9165
2001-08-08,105.6,5.6995,116.75,0.9716
2001-08-09,104.3091,6.9884,164.23,1.2806
2001-08-10,104.4978,3.091,139.07,1.3425
2001-08-13,84.0558,5.3807,103.48,0.8856
2001-08-14,117.6977,8.1024,114.37,0.9213
2001-08-15,97.5109,6.5635,132.1,1.0221
2001-08-16,98.3766,6.0814,101.38,0.9916
2001-08-17,96.3435,9.0703,54.83,1.2019
2001-08-20,99.8566,5.9357,98.6,1.1169
2001-08-21,74.1159,7.9811,108.59,1.0195
2001-08-22,97.4373,8.2306,116.52,1.0656
2001-08-23,82.5891,7.2391,103.55,0.9607
2001-08-24,85.3735,7.1345,139.66,1.2044
2001-08-27,76.7049,5.6449,170.34,1.0015
2001-08-28,78.1073,9.5994,146.96,1.0881
2001-08-29,100.9602,7.0849,81.83,1.0825
2001-08-30,90.2833,6.3006,87.82,0.947
2001-08-31,94.1086,8.7532,93.49,1.15
2001-09-03,93.4317,7.5736,101.4,0.923
2001-09-04,83.606,8.2856,114.17,0.9725
2001-09-05,88.089,5.8083,101.06,1.2829
2001-09-06,82.609,8.6099,82.61,1.1537
2001-09-07,92.021,6.5813,106.38,1.2837
2001-09-10,73.0531,5.68,129.15,1.2093
2001-09-11,91.1851,8.1411,69.1,1.1335
2001-09-12,104.1273,6.3155,88.44,1.119
2001-09-13,107.0625,6.2554,124.31,1.2163
2001-09-14,106.4385,5.8157,91.66,0.8436
2001-09-17,99.9878,9.1043,136.13,0.9483
2001-09-18,85.0751,5.2148,112.15,1.0863
2001-09-19,104.0597,6.011,107.96,0.8664
2001-09-20,100.206,7.4852,86.6,1.2397
2001-09-21,97.6842,8.5406,99.72,1.2717
2001-09-24,82.9956,4.8209,93.52,0.8535
2001-09-25,98.9191,9.3165,116.86,0.9986
2001-09-26,109.0589,7.6312,108.69,1.0159
2001-09-27,102.4039,4.9184,126.67,0.9538
2001-09-28,92.7571,7.3749,114.68,1.1019
2001-10-01,100.4481,7.4459,66.49,1.1271
2001-10-02,95.0625,6.7483,130.28,1.0727
2001-10-03,96.7954,6.8996,100.0,1.2587
2001-10-04,103.4236,5.4378,123.01,1.0153
2001-10-05,98.4373,8.1667,109.42,1.3768
2001-10-08,95.7454,8.2713,90.46,0.991
2001-10-09,98.8412,9.8593,87.01,0.9456
2001-10-10,86.873,3.6625,148.43,1.1357
2001-10-11,85.1172,7.7007,133.36,1.1317
2001-10-12,99.8323,6.4181,75.89,0.981
2001-10-15,89.1225,8.6896,135.06,1.1576
2001-10-16,100.5708,4.5313,128.14,1.0597
2001-10-17,76.7228,3.8436,65.95,1.0054
2001-10-18,106.9127,7.6276,121.19,0.9614
2001-10-19,94.0166,6.8309,95.23,1.426
2001-10-22,111.5635,7.0378,127.67,0.8537
2001-10-23,70.4059,7.9622,104.32,0.9827
2001-10-24,78.2966,7.1665,97.5,0.9744
2001-10-25,108.9665,4.1825,90.03,0.973
2001-10-26,96.5801,7.1062,101.81,1.1365
2001-10-29,98.0478,8.0875,108.87,1.017
2001-10-30,96.2684,9.5277,111.53,1.2007
2001-10-31,96.6268,7.1522,144.77,1.0342
2001-11-01,100.3849,7.1943,102.49,1.1547
2001-11-02,85.0136,5.316,104.08,1.1803
2001-11-05,93.3844,7.6076,87.7,1.1542
2001-11-06,107.9701,6.3394,101.76,1.0685
2001-11-07,96.8475,6.3169,122.39,1.3025
2001-11-08,88.8858,5.5874,147.45,1.2599
2001-11-09,96.0074,9.8634,81.98,0.9696
2001-11-12,105.4355,8.1928,126.59,1.2851
2001-11-13,93.076,5.5279,86.59,1.2229
2001-11-14,93.2929,7.61,90.59,1.0944
2001-11-15,99.9405,6.5517,99.84,1.0571
2001-11-16,103.5143,5.8111,86.06,1.0507
2001-11-19,109.7369,9.3972,116.7,1.2644
2001-11-20,93.7829,6.3756,133.91,0.9893
2001-11-21,98.5326,5.7807,111.8,1.182
2001-11-22,105.4557,4.7244,105.01,1.2686
2001-11-23,76.1747,7.2244,92.54,0.9955
2001-11-26,96.523,8.2222,128.84,1.1347
2001-11-27,99.6941,7.0066,99.06,1.0334
2001-11-28,94.2816,8.5578,117.52,1.2261
2001-11-29,86.6449,6.3228,100.03,1.0956
2001-11-30,100.9436,4.5684,106.42,1.0111
2001-12-03,107.4898,5.5144,70.25,0.9902
2001-12-04,94.2616,8.452,117.86,1.0697
2001-12-05,90.3485,5.5832,127.12,1.1342
2001-12-06,93.0175,2.8979,95.74,0.9555
2001-12-07,110.6465,6.2398,107.59,1.001
2001-12-10,107.544,5.4596,101.75,0.9926
2001-12-11,95.6149,6.6235,83.57,1.2414
2001-12-12,84.2854,8.0434,110.93,1.276
2001-12-13,82.6135,8.4548,129.85,1.0536
2001-12-14,92.0001,7.0086,110.97,0.886
2001-12-17,92.0747,5.9771,107.57,0.8631
2001-12-18,97.8749,7.6458,93.72,1.2046
2001-12-19,83.9755,7.3258,115.92,1.1971
2001-12-20,93.9885,8.2209,101.7,1.1871
2001-12-21,100.5416,7.1618,116.85,1.0438
2001-12-24,78.444,6.9342,84.0,1.0057
2001-12-25,118.1075,6.4045,108.82,1.2066
2001-12-26,100.991,6.5563,93.27,0.9935
2001-12-27,100.5043,8.0375,112.32,1.1544
2001-12-28,82.2991,8.3,108.97,1.026
2001-12-31,85.0606,6.2885,107.08,1.2491
2002-01-01,105.4238,7.5584,91.05,0.824
2002-01-02,104.134,10.2101,82.82,1.1768
2002-01-03,71.0352,6.6414,114.54,1.1642
2002-01-04,106.8145,5.9081,108.57,0.9997
2002-01-07,102.5696,5.2877,89.46,1.1782
2002-01-08,101.5328,6.6797,81.63,0.9239
2002-01-09,84.2562,9.3913,148.77,1.2368
2002-01-10,97.9063,5.3817,119.93,0.9466
2002-01-11,89.2978,4.8946,108.64,0.6695
2002-01-14,100.9516,8.1421,113.21,0.8851
2002-01-15,113.7154,5.7351,152.02,1.2158
2002-01-16,101.7608,9.1009,114.32,1.1503
2002-01-17,105.5153,9.0197,105.41,1.2169
2002-01-18,92.2711,7.9241,143.95,1.0607
2002-01-21,85.1936,5.8809,85.5,1.1221
2002-01-22,95.54,5.8421,112.19,1.0059
2002-01-23,105.7592,6.7501,115.54,1.0588
2002-01-24,110.0765,8.0638,122.92,1.1813
2002-01-25,94.8292,5.542,117.57,1.1187
2002-01-28,97.9611,7.2196,104.67,0.9296
2002-01-29,91.4571,5.3146,145.05,1.0714
2002-01-30,78.2918,6.4174,93.77,1.4583
2002-01-31,96.3019,7.429,113.0,1.2828
2002-02-01,98.9185,7.0301,123.18,1.0797
2002-02-04,91.3157,7.7082,87.24,1.1254
2002-02-05,93.7307,5.9009,112.54,0.9515
2002-02-06,77.4846,4.1287,76.91,1.1654
2002-02-07,96.0274,8.031,75.11,1.1669
2002-02-08,109.2586,9.3628,112.31,1.1678
2002-02-11,95.232,3.6547,104.78,1.2289
2002-02-12,101.4109,8.3707,124.84,1.0354
2002-02-13,99.897,7.1144,120.7,1.0053
2002-02-14,87.9049,8.2177,111.58,1.1839
2002-02-15,97.562,6.8822,79.57,1.0162
2002-02-18,87.2921,6.7806,88.67,0.8524
2002-02-19,124.5859,7.0409,143.49,1.1532
2002-02-20,97.5209,7.6153,76.81,0.9405
2002-02-21,84.5966,7.0302,91.47,1.3653
2002-02-22,80.1458,8.3394,115.27,1.0622
2002-02-25,110.3585,5.0696,97.79,1.203
2002-02-26,101.598,6.946,122.05,1.1469
2002-02-27,99.4256,6.893,115.43,1.2432
2002-02-28,81.8741,6.9433,122.54,0.9906
2002-03-01,89.8465,8.1772,112.61,0.7184
2002-03-04,83.3435,7.2914,105.21,1.2681
2002-03-05,106.4243,9.4542,109.42,0.8988
2002-03-06,90.2268,8.6815,111.52,1.2218
2002-03-07,114.6888,7.3367,73.86,0.962
2002-03-08,100.6358,8.1267,126.37,0.7755
2002-03-11,92.2425,7.202,116.77,0.9285
2002-03-12,108.8405,5.2872,97.64,0.974
2002-03-13,74.5093,6.3662,95.57,1.1001
2002-03-14,87.1425,9.5344,103.72,0.9391
2002-03-15,91.4435,8.453,71.53,1.2722
2002-03-18,106.1214,5.5675,87.52,1.0108
2002-03-19,106.1994,8.0033,121.75,1.2478
2002-03-20,99.0082,5.8833,122.09,1.2803
2002-03-21,77.7243,5.8558,113.76,1.12
2002-03-22,90.1719,7.0122,122.02,1.3413
2002-03-25,84.4364,9.2912,99.85,1.3095
2002-03-26,107.9161,5.4742,115.91,1.0185
2002-03-27,91.0468,8.0539,133.48,1.1719
2002-03-28,101.3306,8.6828,101.49,0.9026
2002-03-29,113.9831,3.6815,118.65,1.0424
2002-04-01,94.7065,6.4065,114.37,1.1775
2002-04-02,102.4273,7.6617,81.42,1.2509
2002-04-03,91.6169,5.3431,119.35,1.0827
2002-04-04,95.9201,9.4995,60.66,1.1678
2002-04-05,95.8742,5.5982,76.99,1.148
2002-04-08,95.5984,9.3764,116.75,0.9519
2002-04-09,96.1362,6.2367,87.79,1.3459
2002-04-10,91.5188,6.2236,143.06,1.0001
2002-04-11,114.1053,9.6604,119.31,1.2177
2002-04-12,88.9657,7.608,132.73,0.6912
2002-04-15,97.9091,6.4028,124.71,1.266
2002-04-16,92.4752,5.691,145.22,1.0269
2002-04-17,72.8567,8.8767,88.87,1.1031
2002-04-18,105.1408,8.3642,107.32,0.8778
2002-04-19,97.7341,4.3281,125.25,0.8523
2002-04-22,81.6906,6.2881,106.39,0.9324
2002-04-23,88.1346,6.4112,107.38,1.2555
2002-04-24,79.2836,7.0444,85.41,1.2782
2002-04-25,98.245,7.0011,77.34,1.1245
2002-04-26,110.9898,5.6285,83.05,0.9508
2002-04-29,107.5501,5.3079,74.12,1.2134
2002-04-30,82.4413,5.2349,102.94,0.8781
2002-05-01,78.1446,8.1522,103.45,1.0609
2002-05-02,100.632,6.8887,86.59,1.1091
2002-05-03,112.1809,7.8687,134.55,1.1739
2002-05-06,95.8435,7.2934,116.95,1.2113
2002-05-07,105.8255,8.3512,81.44,1.1064
2002-05-08,81.3858,8.4806,114.87,1.1173
2002-05-09,94.1998,6.9967,68.77,0.8597
2002-05-10,99.7127,6.1227,128.15,1.1576
2002-05-13,91.186,7.1926,105.9,0.9224
2002-05-14,93.0226,6.5253,111.45,0.9782
2002-05-15,102.119,8.8786,143.25,1.0723
2002-05-16,89.0316,6.9205,122.35,1.0662
2002-05-17,85.335,6.6279,116.56,0.9724
2002-05-20,102.7221,7.0115,111.02,1.1287
2002-05-21,97.6837,8.9937,100.95,1.1984
2002-05-22,85.2838,5.8011,114.61,1.2167
2002-05-23,99.5728,6.708,122.48,1.2367
2002-05-24,89.6239,7.2817,110.97,0.7469
2002-05-27,101.6263,10.0836,118.01,0.9109
2002-05-28,95.1402,6.3879,159.41,1.2737
2002-05-29,92.3566,6.6702,135.68,0.822
2002-05-30,87.4919,5.5249,104.41,1.2619
2002-05-31,97.2371,9.4354,119.57,1.0439
2002-06-03,94.7551,7.9516,93.34,1.1502
2002-06-04,114.1314,7.6312,74.75,1.4298
2002-06-05,94.7681,8.3959,93.57,1.1212
2002-06-06,81.7335,7.0869,96.86,1.1193
2002-06-07,115.8994,6.4957,87.35,1.2544
2002-06-10,74.8229,4.7963,91.72,1.0579
2002-06-11,111.7115,7.0509,100.13,0.9139
2002-06-12,86.5709,5.8841,97.98,1.0042
2002-06-13,109.0782,9.1024,101.97,1.2549
2002-06-14,93.34,6.2075,142.83,1.1135
2002-06-17,100.6105,5.875,95.01,1.1037
2002-06-18,95.476,5.6653,96.36,1.253
2002-06-19,94.066,7.8281,106.82,1.0919
2002-06-20,100.3736,9.7537,131.43,1.413
2002-06-21,88.7357,8.4575,109.84,1.0701
2002-06-24,99.934,3.6469,105.39,1.1062
2002-06-25,84.3416,7.3322,134.16,0.9767
2002-06-26,87.8281,7.4208,111.04,1.1055
2002-06-27,90.0579,10.5517,101.17,1.3422
2002-06-28,94.1421,7.7427,126.15,0.8805
2002-07-01,107.2797,4.9321,134.03,0.9857
2002-07-02,86.7607,6.0554,88.27,0.7942
2002-07-03,86.5145,5.2507,109.72,1.0567
2002-07-04,83.8696,8.1444,140.1,1.1044
2002-07-05,91.0391,8.5079,89.04,1.1418
2002-07-08,100.7146,9.2185,107.29,1.3466
2002-07-09,87.6254,8.6006,136.06,0.9347
2002-07-10,92.1512,5.507,111.4,1.1667
2002-07-11,89.1939,6.1192,78.93,1.1565
2002-07-12,95.9149,7.1071,91.19,1.1845
2002-07-15,74.9266,6.9101,81.12,0.9604
2002-07-16,101.0056,7.3177,114.32,0.8601
2002-07-17,104.3097,10.13,121.35,0.7429
2002-07-18,86.7062,6.0455,89.47,1.0973
2002-07-19,94.3645,6.5525,147.14,1.2627
2002-07-22,85.9707,6.4164,95.94,1.1514
2002-07-23,105.0761,5.6609,98.39,1.2969
2002-07-24,101.3802,5.077,135.12,1.1435
2002-07-25,124.0537,5.8874,166.2,1.2986
2002-07-26,93.0021,4.8385,99.87,1.0241
2002-07-29,86.3272,8.628,130.11,1.1861
2002-07-30,90.2929,5.0394,92.18,1.2492
2002-07-31,82.5277,5.634,95.43,0.8172
2002-08-01,97.193,4.5425,142.66,1.2324
2002-08-02,98.2106,7.2422,78.83,1.1559
2002-08-05,104.3613,5.5282,111.61,1.2397
2002-08-06,99.1775,8.6148,113.42,1.29
2002-08-07,91.0085,5.193,109.78,1.2944
2002-08-08,108.0884,7.7632,120.61,1.0418
2002-08-09,100.9659,3.1237,126.14,1.266
2002-08-12,103.4885,5.8488,127.17,1.1054
2002-08-13,83.4761,5.8187,115.37,1.083
2002-08-14,86.8488,6.5184,140.72,1.117
2002-08-15,88.7912,5.2192,112.74,1.2163
2002-08-16,91.2949,7.6431,100.73,1.2467
2002-08-19,73.3682,5.6792,141.31,1.0059
2002-08-20,107.258,6.7144,115.2,1.0574
2002-08-21,93.1501,7.7941,108.05,1.3612
2002-08-22,103.7499,7.1295,81.06,0.9978
2002-08-23,103.0204,8.4564,112.35,1.0575
2002-08-26,110.2528,6.3967,99.64,0.8328
2002-08-27,101.0591,5.7407,121.71,1.1611
2002-08-28,99.108,7.8105,153.17,0.9278
2002-08-29,87.9697,6.8621,138.73,1.0839
2002-08-30,96.6296,6.0343,80.77,1.125
2002-09-02,112.9674,7.6291,121.09,1.0361
2002-09-03,77.8221,7.8048,137.48,1.0364
2002-09-04,88.4089,8.0869,73.9,1.2646
2002-09-05,98.2365,8.3115,142.19,0.786
2002-09-06,111.6682,5.752,114.23,1.1941
2002-09-09,84.5578,6.6448,124.21,1.1987
2002-09-10,91.053,6.1449,96.16,1.2327
2002-09-11,97.1171,6.7496,115.65,1.3772
2002-09-12,126.6576,5.1244,106.49,1.1216
2002-09-13,86.9719,7.1596,144.81,0.8
2002-09-16,94.0957,8.5274,111.97,1.0635
2002-09-17,103.1223,7.6706,110.32,1.0507
2002-09-18,88.6564,5.3228,100.93,1.2189
2002-09-19,99.5789,6.3841,89.9,1.0648
2002-09-20,99.8708,7.4324,139.02,1.1352
2002-09-23,92.1568,9.4558,122.45,1.1944
2002-09-24,99.2913,6.3081,115.39,1.3685
2002-09-25,113.0217,7.012,117.39,1.1788
2002-09-26,97.0716,6.324,99.38,1.2146
2002-09-27,91.5693,5.598,118.15,1.1831
2002-09-30,88.3763,7.1952,75.34,1.0358
2002-10-01,98.1706,7.7176,129.26,1.1343
2002-10-02,106.2527,6.6416,128.71,0.9709
2002-10-03,97.3556,8.6284,113.54,1.1801
2002-10-04,99.001,6.622,124.36,1.0475
2002-10-07,122.3884,6.476,91.43,1.0799
2002-10-08,88.2852,7.8131,96.34,1.3328
2002-10-09,85.1369,8.6965,74.05,0.954
2002-10-10,98.6592,6.7022,72.94,1.3764
2002-10-11,93.7754,8.8176,63.64,1.113
2002-10-14,101.6589,8.4817,109.21,1.1306
2002-10-15,108.3133,6.9761,113.52,1.1236
2002-10-16,99.51,9.2919,87.85,1.3141
2002-10-17,93.9719,8.372,79.84,1.2006
2002-10-18,101.1177,8.3928,126.98,0.9893
2002-10-21,100.7663,8.1372,129.36,1.1146
2002-10-22,95.0213,3.8049,112.7,1.2964
2002-10-23,90.1903,6.4451,99.37,0.9504
2002-10-24,102.6038,10.1509,72.39,1.0322
2002-10-25,93.9191,6.3108,153.87,1.0145
2002-10-28,84.4809,8.6293,93.02,1.0864
2002-10-29,102.7264,4.7871,113.89,1.0231
2002-10-30,90.714,7.8622,105.45,1.1792
2002-10-31,90.5151,5.8045,124.12,1.3027
2002-11-01,102.3855,6.6117,111.53,1.174
2002-11-04,88.0578,5.4896,107.09,1.0204
2002-11-05,94.1065,7.2895,143.16,0.9222
2002-11-06,86.0537,6.2949,78.72,1.1497
2002-11-07,80.6055,7.3442,81.13,1.3492
2002-11-08,98.7621,6.6641,119.75,1.2418
2002-11-11,111.374,7.7328,144.3,1.2087
2002-11-12,87.0945,5.9995,108.05,1.0937
2002-11-13,107.4242,6.9114,111.46,0.9843
2002-11-14,106.4593,3.543,147.6,1.0302
2002-11-15,110.8424,7.6088,87.96,1.0508
2002-11-18,85.1193,6.4509,95.86,1.315
2002-11-19,89.2865,7.7173,115.67,1.3644
2002-11-20,112.24,7.564,139.22,1.237
2002-11-21,95.3005,8.866,97.04,0.7637
2002-11-22,95.7493,4.8073,144.64,1.115
2002-11-25,102.9167,5.9021,99.0,1.1458
2002-11-26,101.9636,4.4032,121.94,1.0104
2002-11-27,90.4029,6.3851,128.08,1.2357
2002-11-28,93.7715,7.6723,103.16,1.1733
2002-11-29,102.2645,7.288,116.31,1.1506
2002-12-02,98.5927,7.4916,144.78,1.0663
2002-12-03,88.6525,8.5618,131.69,1.0003
2002-12-04,108.69,6.6185,109.97,1.1455
2002-12-05,104.4342,6.3709,142.74,0.8848
2002-12-06,92.7857,8.4757,117.99,1.0232
2002-12-09,90.4675,8.4874,102.47,0.7314
2002-12-10,105.1765,4.0661,79.87,1.1922
2002-12-11,71.9072,7.3955,85.01,1.0554
2002-12-12,97.0588,8.1996,98.94,0.9833
2002-12-13,90.0847,6.3532,116.58,1.0015
2002-12-16,89.2766,6.6926,101.94,1.1515
2002-12-17,104.8345,7.6322,112.1,0.9809
2002-12-18,99.0882,5.1633,116.6,1.0351
2002-12-19,126.5597,6.0022,129.27,1.0734
2002-12-20,93.9382,6.2018,118.93,1.0732
2002-12-23,99.7679,6.129,138.07,0.9096
2002-12-24,82.1701,8.5255,142.8,1.0618
2002-12-25,106.21,8.3646,140.75,1.0103
2002-12-26,90.2323,5.9443,109.74,0.814
2002-12-27,98.3707,10.083,84.4,1.056
2002-12-30,109.1217,4.5891,140.67,1.0955
2002-12-31,107.9972,7.2903,120.69,1.2963
2003-01-01,101.1215,5.9747,131.36,1.1196
2003-01-02,108.9935,5.6645,103.65,0.9596
2003-01-03,91.8081,6.5193,78.91,1.1903
2003-01-06,86.944,9.5193,138.39,1.3063
2003-01-07,81.066,7.9355,133.5,1.2123
2003-01-08,101.7879,6.377,100.23,1.3423
2003-01-09,115.8406,6.0028,114.78,1.3884
2003-01-10,92.9965,6.8073,121.21,1.2011
2003-01-13,96.3312,5.6901,112.16,0.7222
2003-01-14,93.0816,9.3089,136.55,1.1443
2003-01-15,101.0652,5.3803,84.89,1.0839
2003-01-16,78.0118,4.5886,98.98,1.137
2003-01-17,104.7407,7.672,151.81,1.1684
2003-01-20,106.9833,11.1802,110.58,0.8989
2003-01-21,89.4075,6.771,113.42,1.1889
2003-01-22,86.1307,6.2973,125.78,1.1437
2003-01-23,87.4012,7.2045,150.0,1.1675
2003-01-24,101.6958,6.7254,86.44,1.0863
2003-01-27,110.6127,6.9815,106.52,1.3075
2003-01-28,86.2496,8.2131,111.33,1.2815
2003-01-29,80.7561,8.1538,109.5,0.9289
2003-01-30,97.1754,5.5702,103.73,1.0571
2003-01-31,98.8095,6.6023,160.16,1.3567
2003-02-03,103.2033,8.6383,119.51,1.2239
2003-02-04,89.2078,4.1131,123.83,1.0916
2003-02-05,103.4228,5.5116,123.69,1.0449
2003-02-06,107.0733,7.2288,86.66,1.0349
2003-02-07,79.7383,6.8982,151.48,1.231
2003-02-10,93.0911,9.7457,93.22,1.0061
2003-02-11,102.1638,6.456,76.35,1.1199
2003-02-12,103.6782,9.028,89.11,1.3453
2003-02-13,90.4923,7.075,101.0,1.0943
2003-02-14,76.5832,6.0134,84.46,1.2924
2003-02-17,88.174,9.534,126.22,1.3277
2003-02-18,81.7206,6.0657,143.2,0.909
2003-02-19,90.6826,8.4965,142.7,1.2343
2003-02-20,106.1535,8.1262,112.98,0.7534
2003-02-21,89.5475,8.3168,130.4,1.2767
2003-02-24,96.6882,7.0997,124.07,1.0346
2003-02-25,83.7494,7.6787,114.86,1.0946
2003-02-26,105.0995,7.9444,119.17,1.0353
2003-02-27,89.5421,6.5832,84.89,1.3954
2003-02-28,85.3618,6.7293,131.54,1.17
2003-03-03,114.4236,6.0652,113.87,1.1231
2003-03-04,99.1246,7.0121,78.58,1.2376
2003-03-05,102.5895,9.6415,107.94,1.0513
2003-03-06,75.8392,8.0906,108.01,0.9365
2003-03-07,109.9795,7.3548,78.29,1.0787
2003-03-10,112.9026,5.403,112.2,1.4214
2003-03-11,94.3762,6.6005,118.85,1.0045
2003-03-12,92.7367,5.393,113.06,1.146
2003-03-13,89.9122,6.3778,121.49,0.9247
2003-03-14,106.4659,7.1075,109.55,1.0623
2003-03-17,80.0375,5.1384,100.21,0.8063
2003-03-18,98.9555,5.8347,100.26,1.3574
2003-03-19,115.6343,7.5521,73.23,0.9801
2003-03-20,97.0564,6.8788,133.8,1.2123
2003-03-21,115.3876,6.219,120.9,1.207
2003-03-24,95.9245,8.0987,105.01,0.9819
2003-03-25,92.646,8.0853,116.02,1.2464
2003-03-26,104.7952,3.4418,87.66,1.0252
2003-03-27,94.9448,6.4022,109.8,0.8926
2003-03-28,96.671,9.8046,123.27,1.2656
2003-03-31,91.637,6.8076,120.0,1.1966
2003-04-01,83.615,4.6539,103.3,1.0101
2003-04-02,92.5932,4.9134,66.09,1.2764
2003-04-03,102.7274,5.3609,98.63,1.2394
2003-04-04,106.4539,8.2641,121.22,1.0827
2003-04-07,94.9565,7.8912,104.73,1.026
2003-04-08,98.7482,6.6719,96.95,1.0044
2003-04-09,86.3984,5.8292,130.39,0.9682
2003-04-10,93.9126,5.1418,118.38,1.1068
2003-04-11,94.1291,8.1567,117.98,1.3188
2003-04-14,94.3165,8.5188,110.09,1.253
2003-04-15,96.2949,4.9483,86.56,1.0824
2003-04-16,99.2158,10.7962,121.1,1.0453
2003-04-17,107.8789,8.5584,108.5,1.1762
2003-04-18,103.3936,7.6748,131.86,1.0604
2003-04-21,100.8466,1.4113,106.04,1.2107
2003-04-22,83.5483,8.6145,103.54,1.0639
2003-04-23,87.6673,7.2349,115.51,0.9792
2003-04-24,96.1896,8.6331,131.57,1.0182
2003-04-25,96.7399,6.0438,98.34,1.3616
2003-04-28,103.0163,4.7713,71.37,0.7517
2003-04-29,78.1904,6.2317,105.63,1.0103
2003-04-30,97.5199,9.6266,77.41,1.2127
2003-05-01,96.9867,7.006,110.8,1.0376
2003-05-02,92.3877,7.2022,111.75,1.1143
2003-05-05,87.8588,5.994,128.75,1.196
2003-05-06,98.0055,7.8188,134.36,1.3063
2003-05-07,94.1727,10.6638,112.81,0.8577
2003-05-08,100.4577,6.4217,155.72,0.9551
2003-05-09,75.7575,6.3094,127.31,1.156
2003-05-12,86.761,4.2391,103.66,0.8431
2003-05-13,110.9707,7.3854,116.31,0.9857
2003-05-14,98.0433,7.2893,121.53,0.9632
2003-05-15,88.0901,4.2527,122.9,0.8873
2003-05-16,92.6142,7.5736,129.0,0.9938
2003-05-19,82.9028,5.5391,137.54,1.2021
2003-05-20,109.9867,9.0803,127.0,1.0322
2003-05-21,110.0698,8.1615,125.88,1.1908
2003-05-22,104.6291,7.0258,92.01,1.4078
2003-05-23,107.8289,5.0417,95.15,0.9893
2003-05-26,100.523,6.9286,140.9,1.1732
2003-05-27,108.9747,5.8023,152.46,1.002
2003-05-28,102.1949,9.7519,82.05,1.0985
2003-05-29,109.9496,8.3032,106.76,1.074
2003-05-30,95.6925,7.4634,125.35,0.917
2003-06-02,95.0767,6.1585,146.0,1.0689
2003-06-03,90.3733,7.2475,100.57,1.1016
2003-06-04,91.2966,6.2507,77.97,1.2407
2003-06-05,80.3067,10.1363,81.28,0.8562
2003-06-06,109.1706,7.7258,126.37,0.7532
2003-06-09,109.9116,5.3792,118.79,1.0518
2003-06-10,103.2555,5.205,62.42,1.2174
2003-06-11,105.9151,9.1515,109.88,1.1364
2003-06-12,98.2595,7.1608,142.56,1.0444
2003-06-13,100.8692,6.7319,160.59,0.9566
2003-06-16,82.6308,4.2245,116.96,1.1324
2003-06-17,95.2767,8.0219,123.43,1.2811
2003-06-18,78.052,4.8434,115.95,1.208
2003-06-19,89.2704,7.7045,137.14,1.2256
2003-06-20,93.1594,7.6212,121.44,1.2099
2003-06-23,92.8946,8.171,118.67,1.1452
2003-06-24,85.4642,7.412,116.07,1.1767
2003-06-25,108.7275,7.1045,109.32,1.0785
2003-06-26,105.8092,3.9387,110.68,1.1574
2003-06-27,90.7688,6.6154,99.99,1.1149
2003-06-30,83.8095,9.4585,122.28,1.3183
2003-07-01,91.1326,7.3253,88.12,1.098
2003-07-02,105.2593,8.3891,84.43,1.0468
2003-07-03,77.0544,7.0544,57.25,1.0209
2003-07-04,103.9184,6.318,154.28,1.0469
2003-07-07,94.6549,7.4226,118.81,1.0788
2003-07-08,92.007,5.0302,71.48,1.2945
2003-07-09,106.0377,7.4502,126.16,0.953
2003-07-10,96.1366,5.3372,104.72,1.3356
2003-07-11,92.4451,8.4995,72.26,1.1252
2003-07-14,108.2132,5.8932,128.6,1.1517
2003-07-15,80.1937,6.7544,89.55,1.2321
2003-07-16,111.9273,6.3403,82.77,0.997
2003-07-17,87.5695,4.8955,125.28,1.0561
2003-07-18,87.675,6.5265,141.5,1.169
2003-07-21,111.6737,7.5029,108.79,1.0949
2003-07-22,128.8858,7.4838,93.92,1.2332
2003-07-23,108.1625,6.0874,114.11,0.9972
2003-07-24,87.6638,4.2869,101.98,0.996
2003-07-25,74.3745,7.4803,140.18,0.9426
2003-07-28,98.3712,10.6524,111.5,1.1763
2003-07-29,96.0019,8.8189,149.16,1.2406
2003-07-30,90.1907,6.3838,98.51,0.9995
2003-07-31,94.7039,7.1585,112.19,1.1577
2003-08-01,89.2702,7.7836,121.22,1.268
2003-08-04,104.3122,6.5921,100.16,1.001
2003-08-05,95.1172,8.1035,124.14,0.9427
2003-08-06,93.8975,8.4822,134.16,1.443
2003-08-07,74.189,6.7214,103.8,1.3191
2003-08-08,98.4525,7.2276,99.17,1.2484
2003-08-11,81.5386,10.5221,75.66,0.9105
2003-08-12,103.2196,6.213,102.24,0.8577
2003-08-13,95.5799,6.7762,126.01,1.077
2003-08-14,75.8227,5.5501,102.72,0.9625
2003-08-15,92.5791,7.9651,88.1,1.0915
2003-08-18,84.0818,6.1423,106.34,0.8574
2003-08-19,101.3914,5.5033,106.42,1.0552
2003-08-20,100.3164,7.4619,105.72,1.0647
2003-08-21,106.3243,6.5844,110.06,1.113
2003-08-22,88.2163,6.1037,115.89,1.1879
2003-08-25,100.7327,8.8621,91.48,1.15
2003-08-26,82.2201,8.8914,123.62,1.1354
2003-08-27,99.0481,6.5561,90.45,1.1519
2003-08-28,93.5261,5.911,123.82,0.8523
2003-08-29,98.1439,7.6529,115.94,1.2343
2003-09-01,95.6843,9.1617,133.93,0.8916
2003-09-02,105.8956,6.0215,111.37,1.4672
2003-09-03,92.3664,6.5206,87.35,1.3645
2003-09-04,93.967,5.7044,123.86,0.8588
2003-09-05,109.6308,5.4967,111.97,1.0964
2003-09-08,95.0851,5.0721,97.78,0.9217
2003-09-09,90.5005,6.0882,114.56,1.2015
2003-09-10,86.8345,4.609,67.31,1.3174
2003-09-11,95.8989,6.2733,116.43,1.2611
2003-09-12,95.4147,4.5848,117.42,1.2438
2003-09-15,102.1199,6.2696,112.01,1.0603
2003-09-16,94.0734,5.0366,69.34,1.2014
2003-09-17,102.5605,5.1153,135.38,1.3321
2003-09-18,93.1321,4.5265,114.25,0.8837
2003-09-19,111.5391,6.8445,101.53,1.1879
2003-09-22,95.2669,9.5917,127.57,1.0598
2003-09-23,102.4739,9.4875,82.18,1.16
2003-09-24,99.5666,7.768,123.52,1.0105
2003-09-25,82.7142,6.9518,147.74,1.0065
2003-09-26,105.9718,5.4313,108.74,1.297
2003-09-29,91.5826,9.2105,128.0,0.8598
2003-09-30,104.858,5.6666,96.54,1.1113
2003-10-01,75.9354,9.8397,121.37,1.1698
2003-10-02,77.3741,8.1057,85.37,1.0629
2003-10-03,75.9032,7.6386,130.81,1.0361
2003-10-06,77.8831,7.5348,134.44,1.2047
2003-10-07,91.765,8.4547,115.78,0.9875
2003-10-08,95.2673,2.8001,128.23,1.0844
2003-10-09,85.875,6.4635,122.19,1.0425
2003-10-10,92.1814,9.7652,141.27,1.1152
2003-10-13,88.8018,7.2751,110.15,1.3615
2003-10-14,102.8623,7.2464,117.93,1.2808
2003-10-15,102.5823,5.1047,88.14,0.8606
2003-10-16,98.5059,7.2634,97.82,1.0683
2003-10-17,101.9388,8.2749,111.65,0.8846
2003-10-20,112.5077,6.0144,89.79,1.144
2003-10-21,101.9404,5.2718,83.05,0.8205
2003-10-22,80.468,6.2645,115.47,1.1662
2003-10-23,93.4306,5.9012,132.33,1.0229
2003-10-24,92.5553,7.4915,128.31,1.1657
2003-10-27,103.594,6.1016,113.95,0.8468
2003-10-28,100.2299,7.8088,111.03,1.2807
2003-10-29,104.0366,10.7105,149.75,1.0991
2003-10-30,80.2109,9.5139,91.86,1.1033
2003-10-31,109.3072,7.8215,139.34,0.8687
2003-11-03,94.0002,7.2146,104.14,0.9709
2003-11-04,104.9891,7.248,104.39,1.231
2003-11-05,100.2292,6.4,82.43,1.3191
2003-11-06,86.7323,8.5696,127.04,1.238
2003-11-07,87.3354,6.4719,138.48,0.95
2003-11-10,101.3648,4.398,104.44,1.0882
2003-11-11,106.6892,9.6169,88.93,1.1337
2003-11-12,86.3783,6.2879,94.91,0.8294
2003-11-13,84.0597,5.3721,123.58,1.1307
2003-11-14,74.9968,7.0506,124.29,0.9136
2003-11-17,86.0543,7.3044,95.48,1.3239
2003-11-18,87.885,8.0439,131.91,1.037
2003-11-19,92.3093,6.4114,141.58,1.2184
2003-11-20,101.1765,7.9636,77.8,1.1062
2003-11-21,90.314,7.4035,87.59,1.1412
2003-11-24,84.1067,7.4727,126.22,1.2486
2003-11-25,91.3469,7.3163,132.87,1.253
2003-11-26,94.3218,7.5923,87.85,1.0001
2003-11-27,96.5279,7.4609,105.07,1.121
2003-11-28,96.3685,4.7159,91.28,1.2442
2003-12-01,93.2945,4.8835,152.74,0.9896
2003-12-02,100.4458,5.2154,71.67,1.1082
2003-12-03,92.1202,7.7892,71.51,1.0143
2003-12-04,84.675,6.8242,106.0,1.1405
2003-12-05,93.2697,5.5256,101.71,1.2241
2003-12-08,113.3189,7.7479,118.46,1.0508
2003-12-09,86.8886,9.6501,155.65,0.9808
2003-12-10,119.1875,7.6469,104.23,0.9469
2003-12-11,90.0019,5.9859,135.29,1.1874
2003-12-12,102.0498,9.7394,118.05,1.213
2003-12-15,79.0896,5.4754,127.5,1.3605
2003-12-16,93.9844,7.9805,87.51,1.0249
2003-12-17,109.1864,8.7107,105.03,0.9243
2003-12-18,83.4181,8.2638,129.75,1.1216
2003-12-19,87.8342,7.0491,126.4,1.2485
2003-12-22,98.1184,6.6025,159.4,1.2638
2003-12-23,98.4633,7.2526,133.22,1.0684
2003-12-24,80.377,7.1702,103.11,0.9085
2003-12-25,82.5903,7.3529,77.67,0.954
2003-12-26,97.8293,6.7849,115.47,1.1553
2003-12-29,97.9095,9.9628,91.01,1.086
2003-12-30,102.2384,3.8175,121.32,1.0693
2003-12-31,93.3669,10.0426,94.98,1.1059
2004-01-01,101.178,6.1856,101.72,1.0993
2004-01-02,106.9035,7.3254,67.21,1.1496
2004-01-05,82.9802,8.7219,136.62,1.178
2004-01-06,105.0278,5.1621,115.22,0.9667
2004-01-07,102.4587,8.8929,82.49,0.954
2004-01-08,107.6393,6.6999,89.02,0.9738
2004-01-09,91.2261,6.493,113.22,1.2134
2004-01-12,94.7035,6.7422,73.8,1.1039
2004-01-13,95.8202,9.2065,127.45,1.2311
2004-01-14,90.3211,6.6408,82.84,1.2045
2004-01-15,104.9703,9.0103,112.17,0.7143
2004-01-16,97.2801,6.3889,101.89,1.1459
2004-01-19,85.2636,7.5387,107.86,0.8773
2004-01-20,97.611,8.5742,82.09,1.2316
2004-01-21,84.5941,9.9403,98.16,1.1214
2004-01-22,79.6946,6.3663,152.58,1.1345
2004-01-23,84.8448,7.3645,87.82,1.1033
2004-01-26,95.2475,7.6112,110.41,0.9079
2004-01-27,96.1889,6.7489,127.61,1.2127
2004-01-28,93.9887,4.9765,126.37,1.2056
2004-01-29,100.3582,9.267,129.81,0.7168
2004-01-30,113.897,9.7756,78.45,1.1833
2004-02-02,83.9917,5.2126,105.71,1.1483
2004-02-03,99.2356,8.6355,111.15,1.0215
2004-02-04,97.7494,6.8875,121.64,0.9763
2004-02-05,83.3865,5.6509,86.52,0.9282
2004-02-06,90.1235,9.1714,83.66,1.1781
2004-02-09,97.0371,7.2116,111.83,1.1256
2004-02-10,95.3507,9.3377,126.74,1.0237
2004-02-11,86.8983,7.5083,98.53,0.8555
2004-02-12,102.5493,9.0087,96.47,1.2561
2004-02-13,97.3854,9.3609,109.29,1.312
2004-02-16,101.2981,7.0782,127.59,1.1464
2004-02-17,110.5721,6.5284,85.84,1.2336
2004-02-18,82.6409,8.4795,119.63,0.9791
2004-02-19,104.6842,7.3624,110.01,1.1793
2004-02-20,99.6853,5.5933,110.29,1.1899
2004-02-23,86.5234,4.8459,135.42,1.2025
2004-02-24,94.4774,6.0791,80.8,1.1766
2004-02-25,90.9744,3.244,133.11,1.276
2004-02-26,83.6178,6.958,78.95,1.1379
2004-02-27,102.8957,5.5018,121.28,0.9805
2004-03-01,87.4952,4.053,123.78,0.8578
2004-03-02,75.1996,7.0929,90.61,1.0952
2004-03-03,103.0337,7.0969,93.05,1.2297
2004-03-04,90.272,6.4846,114.6,1.0039
2004-03-05,98.6261,7.8896,90.47,1.1587
2004-03-08,97.0173,5.998,113.62,1.3371
2004-03-09,92.0228,6.335,110.78,1.1217
2004-03-10,91.2986,6.9547,121.81,0.9527
2004-03-11,70.3532,6.2719,106.19,1.1049
2004-03-12,91.0151,6.7645,94.81,0.9303
2004-03-15,83.9246,7.8312,97.57,1.1573
2004-03-16,99.9194,6.068,121.27,1.1154
2004-03-17,87.3987,7.1145,132.89,1.1743
2004-03-18,88.629,9.2331,132.89,0.9622
2004-03-19,95.9483,7.5462,90.74,1.2285
2004-03-22,83.7889,8.241,92.65,1.1331
2004-03-23,88.0696,5.946,105.45,0.7797
2004-03-24,90.2452,8.0473,103.6,1.0794
2004-03-25,98.8966,6.1092,137.96,0.932
2004-03-26,80.8587,5.3084,132.12,1.1774
2004-03-29,102.4267,3.9314,131.93,1.2413
2004-03-30,93.5819,4.5716,98.14,1.0772
2004-03-31,90.0875,8.582,113.09,0.9272
2004-04-01,98.3074,7.9036,117.8,0.9898
2004-04-02,104.8184,6.6255,127.36,1.0814
2004-04-05,106.1734,6.7421,75.44,1.2584
2004-04-06,84.825,6.4629,145.95,1.4153
2004-04-07,108.0375,7.1788,127.6,0.862
2004-04-08,95.3082,6.2475,124.46,1.1376
2004-04-09,107.6947,7.0574,120.84,1.2275
2004-04-12,84.6656,7.8285,91.02,0.9458
2004-04-13,93.3006,6.422,147.65,1.0114
2004-04-14,93.8821,7.6126,97.57,1.5419
2004-04-15,82.6102,9.0861,114.81,1.4045
2004-04-16,90.5349,7.4264,65.73,1.1833
2004-04-19,103.7377,10.264,102.95,1.1269
2004-04-20,105.7867,8.3018,147.78,0.9803
2004-04-21,101.3361,6.9167,90.9,1.1462
2004-04-22,97.6722,6.2919,120.38,1.0069
2004-04-23,90.6304,5.7358,101.09,0.9202
2004-04-26,114.9618,4.7064,115.71,0.971
2004-04-27,81.8469,5.4787,115.55,1.1742
2004-04-28,83.205,6.5446,112.44,0.9152
2004-04-29,87.4203,6.633,114.42,1.2081
2004-04-30,96.6252,6.4501,118.61,1.099
2004-05-03,90.4306,9.8431,83.14,1.1917
2004-05-04,102.4029,5.4693,93.57,1.3167
2004-05-05,79.6283,8.5639,86.48,1.0747
2004-05-06,102.9643,5.765,107.23,0.9506
2004-05-07,111.997,3.5063,161.39,1.0386
2004-05-10,103.3759,5.7245,137.32,1.0939
2004-05-11,91.9769,9.1545,136.62,1.3037
2004-05-12,89.0076,7.0325,71.75,1.3106
2004-05-13,105.4538,5.1868,102.18,0.9651
2004-05-14,78.306,9.5549,127.17,1.0208
2004-05-17,87.1256,5.0793,138.68,1.2892
2004-05-18,78.5212,9.973,87.39,1.0193
2004-05-19,93.4417,7.3089,121.45,0.9865
2004-05-20,112.7257,8.8461,78.71,1.0992
2004-05-21,90.6459,7.6634,119.54,0.9007
2004-05-24,105.2713,5.8494,90.97,1.0433
2004-05-25,84.3321,8.015,68.07,0.7984
2004-05-26,89.4813,6.0509,90.31,1.1686
2004-05-27,89.2632,6.4765,86.2,1.0989
2004-05-28,105.073,7.0199,115.4,1.1144
2004-05-31,86.3044,8.5128,113.43,0.8868
2004-06-01,88.2899,5.0848,97.72,0.7865
2004-06-02,94.8925,5.9948,98.44,1.0788
2004-06-03,109.8683,8.397,130.64,1.0581
2004-06-04,95.4209,7.5199,74.14,1.1884
2004-06-07,112.1112,5.5038,108.43,1.0785
2004-06-08,98.6876,5.4308,142.23,0.9974
2004-06-09,92.3731,6.5035,108.13,1.2059
2004-06-10,106.0019,6.2143,104.14,1.152
2004-06-11,89.1938,8.0759,101.08,0.6767
2004-06-14,85.9715,8.6057,108.2,1.1395
2004-06-15,95.8723,6.4131,93.33,1.0834
2004-06-16,79.8407,6.8764,133.94,1.1025
2004-06-17,83.2731,7.5716,108.06,1.0938
2004-06-18,87.0025,8.564,98.51,1.1304
2004-06-21,95.174,5.2713,93.57,1.3172
2004-06-22,104.932,6.2007,126.15,1.1428
2004-06-23,105.9725,7.1354,120.43,1.2097
2004-06-24,92.9532,7.4813,121.89,0.6579
2004-06-25,97.112,7.8076,95.74,1.0562
2004-06-28,91.8366,8.7755,97.58,1.3399
2004-06-29,81.0754,5.5205,103.88,1.5175
2004-06-30,98.7913,6.9814,134.36,1.2346
2004-07-01,87.7357,7.4564,105.4,0.9401
2004-07-02,102.1384,7.0012,109.82,1.2886
2004-07-05,89.5657,8.5043,96.92,1.1602
2004-07-06,85.0364,7.5901,114.5,1.2248
2004-07-07,98.0571,7.1163,110.39,1.0812
2004-07-08,89.5064,6.8259,78.08,1.2229
2004-07-09,82.0854,7.8165,72.16,1.2802
2004-07-12,104.881,7.8056,94.21,0.8075
2004-07-13,97.9169,6.4178,85.81,1.1737
2004-07-14,97.885,6.3336,130.59,1.0449
2004-07-15,95.5857,6.721,100.11,1.1708
2004-07-16,89.3865,8.1565,159.71,1.0098
2004-07-19,67.5994,5.8232,142.16,0.8919
2004-07-20,89.3643,7.9324,102.79,1.1408
2004-07-21,90.523,4.7813,84.54,1.0521
2004-07-22,98.9143,8.2364,118.69,1.1399
2004-07-23,82.1068,9.9538,104.45,1.1771
2004-07-26,99.4352,7.4714,90.05,0.9668
2004-07-27,95.1308,7.2385,78.89,1.063
2004-07-28,109.1119,8.3673,140.32,0.9211
2004-07-29,87.7928,6.6737,127.95,1.138
2004-07-30,94.9674,8.232,87.52,1.0838
2004-08-02,97.2541,4.6138,92.58,1.0215
2004-08-03,100.5743,8.2466,116.41,0.929
2004-08-04,107.4094,6.8004,149.45,1.1566
2004-08-05,99.5059,5.1889,86.02,1.0819
2004-08-06,81.2579,9.0805,62.37,1.1102
2004-08-09,110.967,6.4069,158.01,0.6623
2004-08-10,75.5869,4.6264,115.64,1.4679
2004-08-11,101.1469,9.6705,107.5,1.0002
2004-08-12,107.7315,8.4919,122.46,1.0901
2004-08-13,88.2895,10.4185,128.69,1.158
2004-08-16,94.4946,7.3054,112.27,1.3038
2004-08-17,94.2373,7.738,83.91,1.136
2004-08-18,84.1058,5.5421,81.69,0.9183
2004-08-19,98.5735,6.9505,100.69,1.0988
2004-08-20,85.6343,5.5737,90.16,1.1411
2004-08-23,98.1271,7.1188,126.17,1.1814
2004-08-24,100.8615,9.1402,127.32,0.9606
2004-08-25,105.6281,6.381,99.5,1.0131
2004-08-26,108.215,5.5872,114.1,1.0687
2004-08-27,99.1346,6.7477,81.26,0.8123
2004-08-30,99.7724,7.0979,116.66,1.0048
2004-08-31,92.8741,6.1413,91.54,0.9538
2004-09-01,94.3937,7.0452,135.24,1.125
2004-09-02,103.6326,7.9821,97.36,1.0587
2004-09-03,102.6203,6.053,117.09,1.0152
2004-09-06,99.6337,5.7331,107.59,0.7638
2004-09-07,94.9339,7.1055,92.56,1.2054
2004-09-08,105.097,5.0988,94.86,1.2989
2004-09-09,84.0763,4.1385,116.86,1.0808
2004-09-10,89.8737,3.8337,111.71,1.2872
2004-09-13,97.1947,8.5115,116.15,1.0596
2004-09-14,106.0109,6.0079,84.35,1.1123
2004-09-15,83.0044,10.1324,101.01,1.0044
2004-09-16,84.6484,7.7396,96.25,1.1546
2004-09-17,83.2751,7.0436,130.3,1.1254
2004-09-20,102.113,9.3574,76.84,1.0724
2004-09-21,102.8224,8.72,135.76,1.0313
2004-09-22,109.9839,6.1364,124.05,0.8661
2004-09-23,117.1717,7.5232,91.42,1.2381
2004-09-24,83.3739,7.9731,78.91,0.8936
2004-09-27,93.2278,5.8319,104.86,1.041
2004-09-28,89.6945,6.9657,96.73,1.3598
2004-09-29,84.4292,8.0193,112.77,1.2492
2004-09-30,95.4296,6.3731,104.69,1.0678
2004-10-01,89.6956,6.0436,101.09,1.3364
2004-10-04,96.4566,6.304,127.32,1.1063
2004-10-05,91.5815,8.8419,95.94,1.0211
2004-10-06,80.948,7.3222,140.08,1.0938
2004-10-07,100.7911,6.4505,121.03,1.1436
2004-10-08,100.5161,7.228,139.6,1.1685
2004-10-11,90.7733,6.6689,131.91,0.8937
2004-10-12,73.9609,7.0065,125.04,0.9186
2004-10-13,72.4558,6.9543,113.38,0.9823
2004-10-14,81.5769,6.7804,97.37,1.1844
2004-10-15,98.6152,5.7569,96.61,1.0169
2004-10-18,101.4539,7.5552,121.01,1.2341
2004-10-19,95.6639,9.0618,126.48,0.9
2004-10-20,95.6474,5.7383,78.4,0.9832
2004-10-21,70.2521,7.1639,78.12,1.1285
2004-10-22,98.4721,6.2815,151.43,1.1631
2004-10-25,88.2454,5.9303,106.12,1.2546
2004-10-26,92.2389,6.1038,86.64,1.1079
2004-10-27,85.5281,7.3636,111.05,1.2238
2004-10-28,75.4675,8.1071,79.62,1.1687
2004-10-29,102.2835,6.6301,97.35,0.9998
2004-11-01,98.5403,6.537,88.59,1.1216
2004-11-02,84.5091,7.0329,140.41,1.0551
2004-11-03,79.8148,5.185,126.29,1.0758
2004-11-04,88.741,7.6921,109.65,0.9937
2004-11-05,103.3013,5.1733,149.92,1.1928
2004-11-08,100.1277,4.6682,130.28,0.8147
2004-11-09,95.3575,8.7359,119.96,0.9006
2004-11-10,103.7194,7.6736,117.72,1.2399
2004-11-11,98.139,7.3131,133.01,0.9488
2004-11-12,85.5941,9.0041,93.92,1.3055
2004-11-15,101.1301,7.3993,115.82,1.0668
2004-11-16,94.2281,9.3349,83.01,1.3248
2004-11-17,86.7537,4.6506,133.59,1.2028
2004-11-18,105.8839,6.0329,122.63,1.0539
2004-11-19,98.983,7.7531,112.61,1.1147
2004-11-22,80.8133,5.6286,105.29,1.1981
2004-11-23,102.2756,6.7627,110.8,0.9444
2004-11-24,96.7584,4.7885,94.35,1.2394
2004-11-25,91.298,8.1222,115.43,0.5777
2004-11-26,90.349,5.3153,96.39,1.1713
2004-11-29,84.8558,6.263,112.58,1.2991
2004-11-30,80.6016,4.6235,103.65,1.1695
2004-12-01,97.5131,5.5221,134.08,1.1641
2004-12-02,99.4062,7.1632,139.45,1.2846
2004-12-03,91.5667,6.5118,136.36,1.1176
2004-12-06,97.3119,7.5027,110.25,1.0174
2004-12-07,91.1545,8.0756,62.67,1.1491
2004-12-08,91.3876,3.109,51.46,1.317
2004-12-09,99.767,4.4545,114.79,1.0532
2004-12-10,99.5713,5.0452,53.97,1.2848
2004-12-13,108.6057,9.3064,92.23,1.0802
2004-12-14,90.3356,6.5852,96.34,0.9897
2004-12-15,98.2254,5.2549,93.81,1.0638
2004-12-16,93.2254,5.7363,47.73,1.0196
2004-12-17,96.9617,8.4198,109.9,1.0539
2004-12-20,106.9835,6.4789,99.68,0.9116
2004-12-21,98.7245,7.4383,105.2,1.0564
2004-12-22,87.3047,6.081,106.08,1.1361
2004-12-23,90.3959,7.3926,94.66,1.3498
2004-12-24,89.131,5.2968,93.93,1.1357
2004-12-27,92.3112,6.6288,86.27,1.1421
2004-12-28,88.4168,4.8356,101.69,1.0513
2004-12-29,90.0528,9.1051,92.48,1.3455
2004-12-30,93.1965,7.5162,102.92,0.9056
2004-12-31,97.9767,5.2592,74.53,1.0935
2005-01-03,86.6239,8.049,98.52,1.3843
2005-01-04,95.487,6.9285,143.39,1.162
2005-01-05,95.2365,7.3254,116.09,1.1963
2005-01-06,102.9736,6.7762,141.38,0.9059
2005-01-07,97.2777,4.3042,171.69,1.0686
2005-01-10,99.8364,7.4191,164.68,0.9648
2005-01-11,97.4607,6.8596,114.9,1.3594
2005-01-12,105.7986,6.6092,81.14,1.2814
2005-01-13,93.6033,6.3668,120.49,0.9838
2005-01-14,80.4687,5.101,101.48,1.1594
2005-01-17,98.16,7.4386,122.48,1.3659
2005-01-18,85.3547,7.171,128.47,0.84
2005-01-19,73.4322,7.8214,120.82,1.1952
2005-01-20,99.3136,6.8914,83.81,1.0274
2005-01-21,94.3457,7.8747,110.24,1.0336
2005-01-24,96.5528,3.6742,130.38,0.9602
2005-01-25,99.0411,5.0289,101.4,0.9995
2005-01-26,92.9599,7.5472,124.71,1.0689
2005-01-27,104.9516,7.9406,134.74,1.0105
2005-01-28,95.2382,8.1514,117.55,0.8918
2005-01-31,91.6907,5.0174,69.57,1.1879
2005-02-01,94.8762,9.1916,68.37,1.0953
2005-02-02,75.1164,7.7066,81.21,1.0344
2005-02-03,99.4491,6.4359,140.79,1.2258
2005-02-04,80.5405,4.1836,132.4,1.0641
2005-02-07,98.3264,6.8388,101.75,0.8749
2005-02-08,93.2849,5.7404,122.05,1.2865
2005-02-09,95.2717,5.8372,108.93,0.8342
2005-02-10,86.8331,7.2732,129.09,0.9463
2005-02-11,110.484,6.8845,125.26,1.2079
2005-02-14,75.1129,6.9173,98.63,0.8655
2005-02-15,93.2616,6.7508,92.39,1.0294
2005-02-16,85.9994,8.8287,79.47,0.9039
2005-02-17,79.3885,8.0618,141.48,0.9103
2005-02-18,108.2091,5.7132,92.46,1.2177
2005-02-21,96.3252,8.4907,111.01,0.9908
2005-02-22,117.6785,4.1127,120.33,1.2983
2005-02-23,101.9566,2.2519,82.32,1.1422
2005-02-24,99.3098,5.8721,101.2,1.1418
2005-02-25,99.96,11.8601,129.81,1.1685
2005-02-28,82.3728,6.7848,77.34,1.0119
2005-03-01,82.1041,9.6665,88.8,1.0518
2005-03-02,108.2251,6.8921,109.56,1.2433
2005-03-03,102.3588,8.1957,98.89,1.1467
2005-03-04,87.6454,2.8922,119.04,0.8154
2005-03-07,95.7089,7.7899,129.12,0.9946
2005-03-08,96.2498,7.0947,144.3,1.0748
2005-03-09,106.2961,8.3392,99.86,0.933
2005-03-10,98.0279,7.6806,93.11,1.2131
2005-03-11,88.1873,5.1353,98.39,1.1822
2005-03-14,102.4956,8.6045,128.31,0.9844
2005-03-15,89.7383,7.9925,93.06,0.9426
2005-03-16,100.2873,9.4752,101.96,1.1192
2005-03-17,89.3269,5.8694,108.91,0.9388
2005-03-18,65.0309,3.6943,127.0,0.9652
2005-03-21,110.2585,5.0022,121.92,1.2037
2005-03-22,86.0459,4.7927,89.55,1.3162
2005-03-23,104.4054,5.0827,164.1,1.178
2005-03-24,100.9313,8.1809,100.43,1.0731
2005-03-25,89.9345,4.8477,93.69,1.0945
2005-03-28,83.9278,5.3481,117.18,0.9243
2005-03-29,113.2532,9.4118,128.75,0.9979
2005-03-30,97.2335,6.8036,78.76,0.9721
2005-03-31,107.2674,6.6949,124.45,1.1914
2005-04-01,98.2732,7.1782,116.04,1.144
2005-04-04,104.0719,9.5275,101.39,0.845
2005-04-05,97.2991,8.578,92.68,1.0712
2005-04-06,82.8933,8.0861,98.98,1.2028
2005-04-07,87.7753,9.5224,138.51,1.0389
2005-04-08,98.774,9.4898,64.26,1.1417
2005-04-11,83.8297,8.3938,124.26,1.2778
2005-04-12,91.8977,6.7951,116.02,1.0023
2005-04-13,94.1727,5.9074,105.96,1.5558
2005-04-14,105.6857,6.8477,119.75,1.2511
2005-04-15,110.5629,6.6197,104.53,1.0172
2005-04-18,75.568,4.5128,147.16,0.9895
2005-04-19,99.1545,7.5813,110.82,1.22
2005-04-20,112.3492,8.7764,112.52,1.0751
2005-04-21,82.2432,8.9123,101.09,1.2961
2005-04-22,84.8868,9.2062,125.1,0.8707
2005-04-25,106.3494,7.8383,132.48,1.1535
2005-04-26,96.8255,7.1301,106.52,1.154
2005-04-27,89.9238,8.883,94.98,1.2702
2005-04-28,97.1499,5.4639,104.78,0.8379
2005-04-29,102.1127,7.0124,109.16,1.2875
2005-05-02,96.1384,7.1827,87.86,1.0611
2005-05-03,98.9617,9.4999,90.47,1.0907
2005-05-04,97.3595,8.3942,119.64,1.168
2005-05-05,99.2099,8.4264,103.99,1.2165
2005-05-06,97.4672,8.8303,107.8,0.8465
2005-05-09,99.5511,6.1505,88.3,0.8422
2005-05-10,94.0948,9.1375,110.36,1.276
2005-05-11,106.2114,4.4724,128.4,1.4064
2005-05-12,92.8286,7.5449,106.39,1.066
2005-05-13,90.9397,7.2647,99.62,1.0389
2005-05-16,82.0959,6.576,113.63,0.9604
2005-05-17,88.7075,7.3188,106.72,1.018
2005-05-18,97.2532,7.4445,123.25,1.1062
2005-05-19,94.0969,7.7911,90.9,1.0066
2005-05-20,101.4798,4.5825,109.98,0.989
2005-05-23,84.7181,5.6904,131.09,1.2398
2005-05-24,89.7591,5.6959,143.3,0.9668
2005-05-25,77.015,7.1214,91.22,1.003
2005-05-26,93.1979,6.3778,72.12,1.2641
2005-05-27,104.8635,8.0248,87.79,1.1131
2005-05-30,100.1748,4.9462,121.6,1.137
2005-05-31,91.9062,6.7389,118.43,0.9953
2005-06-01,100.2548,8.5812,100.3,1.0546
2005-06-02,98.283,6.1712,85.75,1.0341
2005-06-03,87.1898,4.7659,103.31,0.8963
2005-06-06,86.0215,4.7168,95.97,1.0262
2005-06-07,86.8413,6.0334,82.71,0.9686
2005-06-08,99.838,7.9992,94.91,1.2284
2005-06-09,101.0934,8.1704,131.11,1.1892
2005-06-10,99.3662,5.7839,111.03,1.0427
2005-06-13,93.0957,7.6032,117.95,1.1578
2005-06-14,113.5255,5.4699,140.1,1.0814
2005-06-15,93.6493,5.6673,107.95,1.2768
2005-06-16,100.2237,8.6428,108.54,1.1459
2005-06-17,97.3074,6.7183,111.49,1.0255
2005-06-20,105.4564,6.0156,106.95,1.2501
2005-06-21,79.6444,6.5869,103.81,1.3862
2005-06-22,100.5156,8.021,127.85,0.9366
2005-06-23,93.7715,7.3146,124.5,1.0747
2005-06-24,94.7393,5.8116,105.03,1.1987
2005-06-27,85.65,6.0235,116.96,1.1542
2005-06-28,88.6653,7.3599,123.08,1.2018
2005-06-29,107.0799,10.6577,115.33,1.247
2005-06-30,103.8317,5.4862,119.69,1.0471
2005-07-01,82.0101,10.2243,86.38,1.476
2005-07-04,97.9104,5.7655,94.25,1.0607
2005-07-05,90.9563,6.7104,118.66,1.0682
2005-07-06,105.7474,9.06,150.51,0.9361
2005-07-07,99.8468,7.5457,96.22,1.1142
2005-07-08,102.8157,6.5152,84.44,0.8955
2005-07-11,95.0291,7.4933,124.01,1.1328
2005-07-12,96.0203,4.5637,123.39,1.1211
2005-07-13,89.4039,5.0111,116.92,1.0482
2005-07-14,81.3305,8.6635,114.24,0.9578
2005-07-15,90.1738,6.0876,136.08,1.4316
2005-07-18,107.1935,5.6205,100.67,1.125
2005-07-19,108.2806,6.5553,121.05,0.9546
2005-07-20,87.2241,8.1924,99.19,1.0382
2005-07-21,87.3947,10.0179,95.71,1.0735
2005-07-22,88.3745,6.0717,126.76,1.0859
2005-07-25,87.9942,7.0868,105.64,1.1121
2005-07-26,84.2487,8.9075,89.11,1.1413
2005-07-27,88.8111,7.5093,81.39,1.0553
2005-07-28,101.4913,8.1511,99.38,1.3467
2005-07-29,102.2064,4.9081,108.21,1.3118
2005-08-01,111.3158,6.5409,129.76,1.1613
2005-08-02,93.6779,6.4702,131.42,1.0965
2005-08-03,74.8264,7.9993,122.49,1.1508
2005-08-04,89.8137,7.6358,115.09,1.1016
2005-08-05,84.9964,6.0977,112.71,1.2038
2005-08-08,91.8314,7.5163,107.48,0.9499
2005-08-09,88.0848,8.0656,132.83,0.9726
2005-08-10,104.2258,5.5329,93.58,1.436
2005-08-11,87.0836,8.9839,95.5,1.1731
2005-08-12,95.0625,6.4545,115.3,0.9583
2005-08-15,112.0344,7.4449,125.26,1.1971
2005-08-16,94.8739,8.6362,108.82,1.0884
2005-08-17,79.2995,5.6237,108.79,1.1386
2005-08-18,103.487,8.3883,98.53,1.057
2005-08-19,99.4059,6.0292,105.8,1.224
2005-08-22,100.1347,9.1127,98.44,1.0509
2005-08-23,101.4969,5.9119,124.06,1.1533
2005-08-24,85.997,3.8455,101.04,1.294
2005-08-25,85.5696,5.3636,129.46,1.075
2005-08-26,96.3835,9.1625,118.17,1.1377
2005-08-29,78.9234,6.8831,52.36,1.3212
2005-08-30,87.0263,8.3626,110.23,0.9994
2005-08-31,105.863,9.651,125.47,1.0651
2005-09-01,82.9377,8.7867,90.87,1.3835
2005-09-02,98.2533,9.5434,119.1,1.2896
2005-09-05,104.9634,4.8251,124.92,0.9953
2005-09-06,94.3647,8.2648,113.34,1.0187
2005-09-07,90.7046,6.5681,124.75,1.0493
2005-09-08,107.3172,2.2603,98.48,1.1253
2005-09-09,81.9736,8.7224,112.22,1.0519
2005-09-12,110.6539,8.9292,78.65,0.7716
2005-09-13,86.469,7.9521,123.4,1.2563
2005-09-14,95.2161,5.9881,92.88,0.9001
2005-09-15,84.5326,6.3403,112.45,0.9994
2005-09-16,84.7328,7.5332,113.45,1.3087
2005-09-19,104.2681,9.587,121.42,1.0232
2005-09-20,95.6084,5.2036,131.22,1.0094
2005-09-21,99.8251,3.4744,133.9,1.1883
2005-09-22,82.6137,5.6554,113.98,1.0648
2005-09-23,91.5469,6.5835,107.59,1.1461
2005-09-26,83.1919,7.2188,87.05,1.1196
2005-09-27,94.647,8.6257,126.53,1.1174
2005-09-28,99.2579,5.6402,134.58,1.1426
2005-09-29,99.6433,4.0106,120.18,0.9683
2005-09-30,99.7889,5.4118,115.25,1.035
2005-10-03,88.7111,8.349,114.58,1.2167
2005-10-04,100.3415,7.6452,119.27,1.2156
2005-10-05,90.7788,5.7683,98.85,1.6056
2005-10-06,107.708,3.1099,139.31,1.1348
2005-10-07,93.3037,6.9613,106.22,1.046
2005-10-10,106.2248,6.651,119.45,0.9869
2005-10-11,91.5263,7.7756,88.05,1.1843
2005-10-12,101.1852,6.7874,108.96,1.0132
2005-10-13,97.0909,8.6142,89.48,1.3826
2005-10-14,81.0309,6.6131,58.66,1.1573
2005-10-17,101.2561,6.6757,131.92,1.1041
2005-10-18,86.2466,7.3547,105.29,1.2041
2005-10-19,77.9877,5.7548,99.72,0.9692
2005-10-20,96.2498,6.7225,96.11,1.2623
2005-10-21,105.6378,8.0095,93.34,1.2452
2005-10-24,101.906,4.6388,105.56,1.425
2005-10-25,86.9081,7.079,104.02,0.979
2005-10-26,78.7002,8.8139,114.63,1.1078
2005-10-27,69.4908,8.4503,131.35,1.2811
2005-10-28,88.7947,7.6651,81.95,1.0135
2005-10-31,89.9283,6.2306,124.62,1.0583
2005-11-01,93.3411,7.7933,86.61,1.1877
2005-11-02,106.5983,6.0456,140.76,1.1155
2005-11-03,92.9989,6.6562,104.78,1.2785
2005-11-04,84.6118,7.2766,109.08,1.2288
2005-11-07,84.2571,7.5257,114.55,0.9084
2005-11-08,85.813,7.4404,128.53,1.046
2005-11-09,88.5008,5.7455,139.6,0.9334
2005-11-10,97.9408,7.0193,114.6,1.2879
2005-11-11,91.8462,5.6234,115.3,1.18
2005-11-14,94.1543,6.9971,123.05,0.9413
2005-11-15,95.8421,9.0063,98.81,1.0909
2005-11-16,96.8542,3.6466,118.21,1.0363
2005-11-17,101.0464,5.3871,111.15,1.0805
2005-11-18,106.0018,4.9145,105.86,1.0002
2005-11-21,85.4469,7.101,50.06,1.1238
2005-11-22,92.1124,6.5478,83.45,0.7871
2005-11-23,93.7994,6.4031,112.93,1.0478
2005-11-24,93.4358,6.9516,140.98,1.1263
2005-11-25,102.6846,6.4869,112.15,1.0663
2005-11-28,101.8088,8.368,108.81,1.3255
2005-11-29,88.9419,8.2955,125.29,1.098
2005-11-30,110.7897,9.0394,122.1,1.1183
2005-12-01,99.8969,8.299,102.08,1.0322
2005-12-02,101.5523,7.0725,95.65,1.0423
2005-12-05,89.2766,6.4752,127.62,1.1672
2005-12-06,102.4861,6.1481,140.8,1.0987
2005-12-07,91.9482,7.4602,123.18,1.0578
2005-12-08,85.9954,8.0583,96.33,0.9292
2005-12-09,96.1708,6.6233,109.97,1.2368
2005-12-12,85.3317,6.7411,126.09,1.2048
2005-12-13,84.6932,9.9172,128.05,1.1543
2005-12-14,99.2954,8.8733,98.74,1.0075
2005-12-15,102.5582,6.1965,126.9,1.1884
2005-12-16,88.504,9.34,89.1,1.3001
2005-12-19,104.1138,6.3002,121.97,1.0642
2005-12-20,106.1456,5.8057,108.65,1.1068
2005-12-21,105.9503,7.5701,128.31,1.1162
2005-12-22,98.2779,7.2429,110.18,1.0039
2005-12-23,92.1695,8.7876,141.73,1.0328
2005-12-26,109.6866,8.1293,122.72,1.1652
2005-12-27,91.4787,9.8473,145.93,1.3339
2005-12-28,99.5994,4.2543,100.28,1.1293
2005-12-29,105.7755,8.5608,108.95,1.0854
2005-12-30,111.4011,7.9057,84.26,1.1355
2006-01-02,98.0535,6.4846,115.9,1.0198
2006-01-03,97.76,5.7627,109.96,1.0053
2006-01-04,100.2939,7.9913,52.02,0.9121
2006-01-05,97.4071,7.2738,105.4,0.9162
2006-01-06,105.9059,6.9827,139.21,1.2324
2006-01-09,105.5121,9.1933,124.57,1.3179
2006-01-10,111.7613,7.5916,131.64,0.9918
2006-01-11,94.9339,9.745,93.45,1.4401
2006-01-12,102.4897,7.9257,140.88,1.232
2006-01-13,88.7399,9.3569,103.24,1.1966
2006-01-16,91.6306,5.2427,113.49,0.9904
2006-01-17,109.0369,3.7901,90.24,1.165
2006-01-18,92.9801,8.2105,99.02,0.8976
2006-01-19,77.565,10.3478,128.67,1.2589
2006-01-20,90.3801,5.6727,98.3,1.3281
2006-01-23,90.5398,7.2727,130.69,1.2201
2006-01-24,78.1725,8.5523,73.75,0.9539
2006-01-25,97.3536,7.3569,82.61,1.0482
2006-01-26,103.4475,6.8687,135.58,1.4682
2006-01-27,90.5728,6.8801,98.81,1.1207
2006-01-30,104.7203,5.7771,115.45,0.8489
2006-01-31,75.8931,6.6356,124.98,1.1038
2006-02-01,102.5677,10.5031,72.68,1.1485
2006-02-02,95.3494,5.8647,95.21,0.9523
2006-02-03,116.8375,6.5535,86.14,1.2376
2006-02-06,95.678,5.0877,115.91,1.2397
2006-02-07,95.2291,8.7062,140.07,0.8084
2006-02-08,95.2386,8.2661,117.19,1.2134
2006-02-09,92.2051,6.7624,120.49,1.2585
2006-02-10,91.8834,4.9217,146.81,0.9377
2006-02-13,102.0348,6.2697,120.26,1.1201
2006-02-14,98.055,6.5905,124.72,0.877
2006-02-15,98.3201,8.0094,136.1,1.0232
2006-02-16,98.1169,6.7932,115.05,1.2685
2006-02-17,89.0579,8.1656,108.43,1.1002
2006-02-20,113.3714,7.8096,119.63,0.9845
2006-02-21,86.0546,8.1386,106.16,1.2053
2006-02-22,104.3179,6.2099,108.87,1.1291
2006-02-23,93.9276,8.6012,128.61,1.1266
2006-02-24,105.3608,8.5725,124.88,1.2633
2006-02-27,93.4281,8.6229,138.67,1.1243
2006-02-28,105.8586,7.0657,112.09,0.924
2006-03-01,100.2551,8.8414,98.64,1.0123
2006-03-02,106.6595,6.211,122.58,1.1444
2006-03-03,114.349,5.6727,116.02,1.2627
2006-03-06,97.6632,8.4676,121.75,1.1006
2006-03-07,97.1295,6.8336,153.65,1.2335
2006-03-08,73.1244,5.1353,114.36,1.0793
2006-03-09,95.8828,5.9151,114.55,1.1588
2006-03-10,104.1259,9.7934,143.21,1.1139
2006-03-13,93.3478,6.3841,116.1,1.2557
2006-03-14,96.3055,7.7975,101.72,1.0338
2006-03-15,94.1949,10.1549,100.22,1.2311
2006-03-16,77.5901,5.0244,92.56,1.0362
2006-03-17,103.8142,7.6899,87.75,1.0386
2006-03-20,88.9818,6.5976,129.65,1.2538
2006-03-21,82.9774,6.8687,119.57,1.2663
2006-03-22,104.9521,8.7194,98.81,1.1448
2006-03-23,99.4601,3.0295,120.08,1.1892
2006-03-24,101.0673,8.2405,117.21,1.3967
2006-03-27,96.9655,5.1043,87.06,1.1125
2006-03-28,89.6041,6.2138,103.2,1.4357
2006-03-29,104.1482,4.9246,104.21,1.1127
2006-03-30,87.6707,8.0277,115.96,1.3658
2006-03-31,98.1863,7.6512,90.21,1.2279
2006-04-03,86.4378,8.7369,133.71,1.1025
2006-04-04,85.4685,8.4192,85.06,1.0452
2006-04-05,103.4456,7.2261,100.96,1.0351
2006-04-06,88.5388,8.828,118.59,1.1525
2006-04-07,110.7913,7.2644,121.55,0.7403
2006-04-10,83.6735,7.9109,126.14,0.9355
2006-04-11,105.8253,8.091,117.04,1.1853
2006-04-12,93.0809,7.2307,120.58,0.8309
2006-04-13,103.0941,7.8747,82.11,0.9253
2006-04-14,102.4161,7.5248,81.99,1.035
2006-04-17,78.8488,5.6066,131.71,0.95
2006-04-18,101.5834,4.2844,109.37,0.9174
2006-04-19,92.9387,6.0163,131.28,1.2415
2006-04-20,87.1036,6.6271,113.46,1.1788
2006-04-21,105.6568,7.5994,100.31,0.9056
2006-04-24,99.3363,7.1894,121.63,0.9584
2006-04-25,99.7628,8.3914,135.75,1.1411
2006-04-26,108.9979,5.326,114.92,1.236
2006-04-27,105.3786,7.0908,167.45,0.8931
2006-04-28,96.8099,8.1311,88.26,1.1272
2006-05-01,88.3512,7.8142,104.18,1.1246
2006-05-02,109.6269,8.2541,119.52,1.2569
2006-05-03,89.8641,3.5385,130.01,0.9677
2006-05-04,80.9469,6.2052,108.89,0.8856
2006-05-05,113.8603,3.2563,118.05,1.0464
2006-05-08,115.4371,7.2388,126.67,1.1291
2006-05-09,80.7026,9.8313,119.4,1.1311
2006-05-10,99.4692,6.4842,138.4,1.3802
2006-05-11,82.7073,7.0895,102.55,1.1142
2006-05-12,101.9284,5.5215,78.8,0.9999
2006-05-15,91.7343,5.7318,94.53,1.0945
2006-05-16,82.923,10.113,137.22,1.2584
2006-05-17,104.883,5.0708,128.68,0.9496
2006-05-18,87.8314,6.9196,79.84,1.4303
2006-05-19,99.7069,7.1177,128.99,1.047
2006-05-22,89.7214,10.1384,117.32,1.1318
2006-05-23,111.9522,7.991,109.57,1.3483
2006-05-24,106.0635,8.3681,114.1,1.1777
2006-05-25,91.8012,6.7021,121.13,0.9618
2006-05-26,75.888,6.9307,134.19,1.2252
2006-05-29,99.4261,8.7869,115.7,1.1576
2006-05-30,87.1868,6.8813,128.41,0.9854
2006-05-31,107.0622,9.1729,136.97,0.8324
2006-06-01,110.6804,5.4233,139.11,1.0137
2006-06-02,96.0707,6.6095,128.61,1.1559
2006-06-05,104.4186,7.1091,166.17,1.0458
2006-06-06,83.6522,8.1894,134.66,1.064
2006-06-07,101.3617,5.8299,83.0,1.2518
2006-06-08,111.2831,7.751,90.7,0.9837
2006-06-09,83.0129,6.2844,140.98,1.0662
2006-06-12,102.7499,8.3974,110.65,0.9748
2006-06-13,98.1124,4.8919,117.36,1.0631
2006-06-14,103.9251,7.029,125.91,0.9151
2006-06-15,96.3334,5.7417,111.57,1.2495
2006-06-16,95.0306,7.5484,108.55,1.0108
2006-06-19,106.9075,7.7239,129.46,1.1426
2006-06-20,95.9962,6.2137,111.07,1.2829
2006-06-21,100.1155,5.8377,119.71,1.1791
2006-06-22,82.8905,5.0191,59.76,1.0227
2006-06-23,99.3136,6.3563,130.36,1.1077
2006-06-26,102.076,8.6903,173.15,1.1612
2006-06-27,94.2562,7.7786,127.32,1.1385
2006-06-28,95.1655,5.858,97.48,1.0939
2006-06-29,76.9383,9.7707,111.14,1.1268
2006-06-30,85.8207,8.3166,99.88,0.7864
2006-07-03,93.0636,8.6714,98.73,1.0352
2006-07-04,92.6184,8.1021,144.77,1.2131
2006-07-05,115.905,8.9161,126.49,0.8334
2006-07-06,102.8257,6.5551,113.77,1.109
2006-07-07,84.4055,8.5536,138.43,1.1177
2006-07-10,116.856,7.6991,87.42,1.0544
2006-07-11,82.4404,5.4735,81.77,1.0483
2006-07-12,84.7199,7.8544,123.94,0.8792
2006-07-13,87.278,10.8152,100.66,1.0701
2006-07-14,94.9877,7.2745,120.41,1.4124
2006-07-17,119.7502,6.9979,143.55,1.1211
2006-07-18,93.0795,7.3926,112.63,0.9917
2006-07-19,100.6906,8.7633,111.28,0.9207
2006-07-20,81.7935,9.5401,132.62,1.1049
2006-07-21,91.3528,6.2801,115.29,0.9951
2006-07-24,119.6768,7.5844,113.71,1.0448
2006-07-25,107.8731,6.9166,131.55,0.9205
2006-07-26,104.2305,5.5713,107.08,1.1978
2006-07-27,109.9612,7.7643,120.53,1.1186
2006-07-28,101.0082,8.4967,100.64,1.3976
2006-07-31,100.6976,6.5525,142.69,1.0432
2006-08-01,85.475,9.1002,111.39,0.9076
2006-08-02,81.4425,8.0178,122.0,0.929
2006-08-03,89.3458,6.8292,116.43,1.0231
2006-08-04,92.5117,7.5667,109.3,1.2623
2006-08-07,88.0234,7.511,125.11,1.3103
2006-08-08,102.411,10.4575,75.05,0.8959
2006-08-09,112.9619,9.1714,93.91,1.1408
2006-08-10,95.5353,8.34,106.43,1.3913
2006-08-11,80.8388,6.2355,77.83,1.1337
2006-08-14,83.9165,6.2355,109.67,1.0076
2006-08-15,105.5964,7.0302,99.57,1.2451
2006-08-16,103.207,7.5454,111.79,1.3475
2006-08-17,97.8838,8.0502,111.85,1.2705
2006-08-18,101.7988,8.3192,125.31,0.9355
2006-08-21,106.4561,7.1301,143.03,1.1266
2006-08-22,96.1266,7.1772,116.9,1.0594
2006-08-23,98.6224,10.1516,94.57,1.156
2006-08-24,92.4168,6.7447,141.8,1.2193
2006-08-25,76.8706,7.0057,115.37,1.1342
2006-08-28,96.6813,6.3381,133.28,1.0612
2006-08-29,95.2906,5.8129,117.98,0.9284
2006-08-30,99.4042,8.1367,113.14,0.9661
2006-08-31,90.3572,5.306,112.39,1.0229
2006-09-01,99.4822,5.9764,109.5,1.162
2006-09-04,99.2287,7.8937,159.03,1.0672
2006-09-05,91.5115,8.1127,85.86,0.9556
2006-09-06,85.9259,8.2266,106.09,0.9731
2006-09-07,88.902,8.5538,78.79,0.9744
2006-09-08,98.7313,8.51,105.13,1.0936
2006-09-11,103.7832,7.6935,74.16,1.3635
2006-09-12,112.8921,4.6268,118.41,1.1054
2006-09-13,94.5792,7.709,116.16,1.0045
2006-09-14,100.2962,7.1489,109.82,1.0349
2006-09-15,107.0299,6.4597,129.84,1.1
2006-09-18,85.9056,7.1868,141.74,1.1075
2006-09-19,101.5045,9.2078,106.86,1.1832
2006-09-20,91.0894,7.8749,115.06,1.0813
2006-09-21,91.8833,8.6831,100.62,1.035
2006-09-22,102.8236,6.8135,99.0,1.0623
2006-09-25,93.2294,8.2786,156.38,1.0972
2006-09-26,98.7069,6.5832,124.87,1.0116
2006-09-27,84.8508,4.6882,111.55,1.0428
2006-09-28,94.8753,9.0557,96.82,1.0677
2006-09-29,87.0856,6.1438,119.8,1.108
2006-10-02,92.5412,4.9951,105.53,1.0111
2006-10-03,122.9278,6.9759,97.96,0.8279
2006-10-04,95.7201,5.1773,94.45,0.8843
2006-10-05,93.4301,6.4096,83.85,1.0104
2006-10-06,91.6709,6.5326,87.24,0.9282
2006-10-09,88.0622,7.3215,135.34,1.041
2006-10-10,112.9615,5.5717,90.99,1.2903
2006-10-11,88.8308,9.1313,108.4,0.7759
2006-10-12,118.7022,7.9307,83.63,1.3549
2006-10-13,93.4082,6.0559,109.89,1.0022
2006-10-16,107.5312,6.7214,125.56,1.2838
2006-10-17,96.6935,7.5518,103.23,1.0433
2006-10-18,89.3431,7.9703,116.31,0.9815
2006-10-19,93.7285,5.2247,127.54,1.1441
2006-10-20,108.4261,4.757,119.05,1.0895
2006-10-23,93.8984,7.3135,101.45,1.0765
2006-10-24,76.7128,6.792,95.97,1.2065
2006-10-25,113.85,7.0113,95.04,1.2302
2006-10-26,88.695,5.836,114.48,1.3463
2006-10-27,92.3242,8.2347,100.78,0.9843
2006-10-30,109.8459,7.8422,112.04,1.3362
2006-10-31,79.1223,8.5009,114.37,1.011
2006-11-01,90.5788,8.8902,79.57,1.0613
2006-11-02,101.7283,6.9872,115.64,0.9798
2006-11-03,101.6942,6.421,134.61,1.3119
2006-11-06,101.1429,2.97,125.84,1.019
2006-11-07,86.1284,7.9799,113.22,1.2347
2006-11-08,104.6478,9.2617,132.29,1.0385
2006-11-09,91.102,7.6225,132.46,1.1469
2006-11-10,97.3405,6.8325,111.83,1.2193
2006-11-13,86.4471,8.182,107.01,1.0311
2006-11-14,112.562,8.8112,112.34,1.2831
2006-11-15,91.8815,9.2285,118.98,1.2097
2006-11-16,94.8377,7.5376,85.97,1.2465
2006-11-17,90.1907,6.5158,104.85,1.362
2006-11-20,99.439,6.6818,155.31,0.9388
2006-11-21,82.4084,7.4821,105.28,1.0857
2006-11-22,94.636,5.5906,118.16,1.1541
2006-11-23,93.3829,6.5436,106.95,1.1101
2006-11-24,111.6006,8.5564,106.34,1.3757
2006-11-27,92.3548,9.2624,137.25,1.1566
2006-11-28,93.7943,9.4385,131.84,1.2153
2006-11-29,97.0798,5.7131,122.81,1.2692
2006-11-30,105.8568,8.8369,126.6,1.0404
2006-12-01,115.7325,8.4938,120.94,1.031
2006-12-04,100.121,5.9377,110.47,1.1631
2006-12-05,100.86,7.5412,101.51,1.0464
2006-12-06,111.8946,8.5199,126.06,1.0956
2006-12-07,96.4886,6.4889,121.95,0.8732
2006-12-08,100.1059,5.6572,122.21,1.0461
2006-12-11,89.9853,7.219,111.73,0.9835
2006-12-12,94.4214,8.2839,106.26,0.9539
2006-12-13,88.1876,5.5913,136.56,1.1309
2006-12-14,117.6099,5.9161,95.21,0.9658
2006-12-15,103.704,4.2256,91.37,0.9673
2006-12-18,102.7981,6.6312,120.72,0.932
2006-12-19,85.9081,6.6988,85.93,0.9004
2006-12-20,97.0354,6.9598,120.0,1.1238
2006-12-21,89.0197,4.8278,120.41,1.1952
2006-12-22,88.9791,8.1961,75.05,0.9136
2006-12-25,82.3515,6.624,108.91,1.0174
2006-12-26,89.3595,7.3509,104.17,1.2531
2006-12-27,122.0986,8.33,111.46,1.2468
2006-12-28,89.8154,7.4801,85.44,1.098
2006-12-29,102.6821,7.0058,104.03,1.1038
2007-01-01,105.4138,9.1439,107.03,1.1049
2007-01-02,100.5455,6.0879,111.55,1.2134
2007-01-03,103.4791,6.0184,98.68,1.057
2007-01-04,85.9683,7.1931,131.59,1.1118
2007-01-05,111.3426,7.5354,100.84,1.0631
2007-01-08,116.8911,7.2346,122.11,1.2536
2007-01-09,96.3051,5.1937,118.87,1.0192
2007-01-10,88.8834,4.5023,109.97,0.8646
2007-01-11,87.5851,5.847,105.32,1.2798
2007-01-12,82.5839,6.2856,127.1,1.1608
2007-01-15,101.9367,9.6443,93.65,0.9579
2007-01-16,104.2648,8.3676,126.41,1.2645
2007-01-17,112.8255,7.6087,138.0,1.0076
2007-01-18,82.8424,5.7313,118.16,0.9615
2007-01-19,104.3395,6.4387,139.46,0.8653
2007-01-22,102.7091,4.2057,105.18,1.138
2007-01-23,93.2143,3.9136,97.35,1.0505
2007-01-24,87.0429,5.0463,87.76,1.1698
2007-01-25,98.7209,9.0213,114.44,0.9015
2007-01-26,117.8713,5.0381,73.84,1.3371
2007-01-29,83.0056,7.9679,82.96,1.0989
2007-01-30,89.8117,5.7547,139.04,1.1931
2007-01-31,90.4499,8.1647,93.89,1.145
2007-02-01,94.2696,6.6526,117.51,1.0244
2007-02-02,106.6398,6.0648,89.94,0.9749
2007-02-05,90.912,6.7546,132.69,0.8352
2007-02-06,72.917,7.995,118.41,1.0839
2007-02-07,83.0091,8.0596,93.96,1.0572
2007-02-08,82.8325,7.5855,146.76,1.1649
2007-02-09,98.1783,9.3812,117.84,1.0965
2007-02-12,97.136,4.3149,136.75,0.8706
2007-02-13,84.1224,6.0808,120.63,1.3342
2007-02-14,102.7811,9.652,98.3,1.2179
2007-02-15,77.2532,5.9973,97.37,1.1172
2007-02-16,93.6329,6.8047,72.29,1.1693
2007-02-19,108.5664,6.866,141.68,0.9254
2007-02-20,79.7647,7.2337,93.45,1.0275
2007-02-21,101.4832,6.445,124.47,1.1652
2007-02-22,105.8143,7.5493,114.1,0.8088
2007-02-23,90.8777,8.549,119.66,0.8454
2007-02-26,97.0588,6.0126,95.34,1.2738
2007-02-27,80.5817,8.5456,113.23,1.0315
2007-02-28,98.8163,6.0484,80.09,0.9638
2007-03-01,83.4017,9.3083,126.81,1.1382
2007-03-02,89.8169,7.7381,122.99,0.9048
2007-03-05,99.6257,6.7655,141.26,1.1666
2007-03-06,91.5911,7.435,146.15,1.2291
2007-03-07,84.3535,7.1589,119.38,1.0883
2007-03-08,94.9412,8.8734,102.19,1.0316
2007-03-09,92.5775,5.1131,87.45,1.0124
2007-03-12,87.2076,7.6557,130.09,0.8349
2007-03-13,75.4318,8.5699,109.28,0.9196
2007-03-14,93.1803,6.3977,135.03,1.3513
2007-03-15,104.0135,7.6336,146.68,1.0498
2007-03-16,88.9996,6.3182,92.7,0.8058
2007-03-19,89.6006,7.5505,90.87,1.292
2007-03-20,90.3597,9.6684,136.05,1.0918
2007-03-21,99.1994,6.1117,98.54,1.0469
2007-03-22,80.0073,3.56,108.69,0.7754
2007-03-23,102.6953,6.4631,150.13,1.0238
2007-03-26,115.6182,4.5437,109.74,1.1506
2007-03-27,99.8713,4.2253,110.95,1.0777
2007-03-28,95.7514,6.0681,89.07,1.1392
2007-03-29,99.5494,7.1202,96.42,1.2424
2007-03-30,99.9804,6.4794,107.39,1.1972
2007-04-02,91.7803,4.073,131.21,1.3136
2007-04-03,93.8896,7.8971,96.16,1.1305
2007-04-04,93.1222,7.1885,105.03,1.1024
2007-04-05,100.4625,3.2405,85.2,1.2075
2007-04-06,113.9304,8.1501,96.88,1.2376
2007-04-09,96.5496,5.3249,113.11,1.0101
2007-04-10,115.421,7.008,81.95,1.2021
2007-04-11,86.552,5.9008,121.3,1.2733
2007-04-12,102.7062,6.0458,105.38,0.9841
2007-04-13,88.1213,6.5281,140.28,1.16
2007-04-16,96.5245,6.4197,97.18,1.1992
2007-04-17,94.3347,7.6616,92.42,0.682
2007-04-18,76.3632,7.2913,95.57,1.1716
2007-04-19,92.8282,5.6072,132.37,0.8443
2007-04-20,99.2447,7.6469,107.67,0.8892
2007-04-23,98.2643,8.3532,105.34,1.0572
2007-04-24,80.5786,6.9354,80.87,1.2956
2007-04-25,80.9167,8.0516,91.42,1.2082
2007-04-26,101.3672,5.3651,112.28,1.3203
2007-04-27,85.1487,8.9128,105.8,0.9326
2007-04-30,115.6829,6.8743,149.87,0.9461
2007-05-01,98.3621,6.7637,96.67,0.8532
2007-05-02,98.5893,5.5173,98.76,0.9008
2007-05-03,93.5157,8.7162,109.32,1.0443
2007-05-04,87.4532,6.7887,107.63,1.12
2007-05-07,97.9976,9.2459,84.43,1.034
2007-05-08,93.0609,5.7854,98.45,1.0774
2007-05-09,110.3,7.6035,96.07,1.1259
2007-05-10,96.9111,6.0031,123.29,1.4108
2007-05-11,97.7692,6.3969,115.65,1.1851
2007-05-14,105.9516,7.0365,91.84,0.8954
2007-05-15,105.1183,7.336,109.05,0.9472
2007-05-16,75.0975,6.0113,106.58,1.0933
2007-05-17,114.9686,4.6281,117.71,0.9321
2007-05-18,80.0979,6.7825,140.36,0.9911
2007-05-21,85.2034,5.3957,102.58,1.1866
2007-05-22,92.3642,9.2021,130.38,1.2634
2007-05-23,87.3722,7.3379,106.72,0.992
2007-05-24,113.4784,8.0355,115.88,1.0019
2007-05-25,95.6753,6.4482,105.0,1.0228
2007-05-28,84.038,6.8119,112.23,1.0022
2007-05-29,91.5692,10.0899,86.43,1.1997
2007-05-30,87.3871,6.5705,129.16,1.2686
2007-05-31,88.5381,6.0227,99.67,1.3427
2007-06-01,99.2407,4.3098,105.94,1.1948
2007-06-04,100.7342,8.3016,133.63,1.2114
2007-06-05,93.7789,8.9264,129.21,0.9584
2007-06-06,82.1792,6.6505,109.52,1.1786
2007-06-07,89.0135,8.0003,119.31,1.0595
2007-06-08,104.5823,7.9811,131.44,1.1941
2007-06-11,100.6807,4.876,136.03,1.2251
2007-06-12,92.2194,8.8963,135.15,1.344
2007-06-13,102.944,6.8202,143.23,1.321
2007-06-14,76.7337,8.6706,108.81,1.026
2007-06-15,88.4458,8.4041,87.06,1.2764
2007-06-18,95.7246,6.457,86.09,1.0585
2007-06-19,98.4409,10.0345,107.14,1.0531
2007-06-20,105.9125,6.7624,136.53,1.079
2007-06-21,96.2199,5.4561,87.97,0.7959
2007-06-22,98.3682,9.4041,111.96,1.1187
2007-06-25,96.9413,6.9908,139.2,1.2155
2007-06-26,84.7687,5.5886,107.79,0.9136
2007-06-27,93.5235,4.2508,101.61,0.9443
2007-06-28,109.6714,8.5126,99.2,1.0332
2007-06-29,102.5913,6.1875,95.03,1.3978
2007-07-02,92.3269,6.6677,120.46,0.9846
2007-07-03,95.5534,7.6452,81.46,1.204
2007-07-04,112.6548,9.2776,107.99,1.0761
2007-07-05,111.2476,3.4986,104.1,0.9801
2007-07-06,114.1997,5.8397,106.47,1.1226
2007-07-09,108.3835,6.6165,117.94,1.3296
2007-07-10,94.1191,6.6127,121.27,1.0751
2007-07-11,93.5881,6.0395,102.5,1.1765
2007-07-12,79.422,8.311,140.53,1.2946
2007-07-13,108.3417,6.2934,96.53,1.2689
2007-07-16,107.8087,7.5713,93.95,1.1713
2007-07-17,117.8376,7.6586,132.78,1.1769
2007-07-18,87.898,5.184,98.85,1.4291
2007-07-19,112.8623,8.532,122.46,1.1822
2007-07-20,101.1944,7.1214,126.02,1.3336
2007-07-23,97.1097,7.4993,115.93,1.0986
2007-07-24,98.4417,7.169,106.74,0.9534
2007-07-25,84.366,4.638,117.62,1.2812
2007-07-26,95.1173,6.2607,62.15,1.002
2007-07-27,85.9609,9.5021,146.48,1.058
2007-07-30,91.0255,6.9127,95.99,1.0155
2007-07-31,98.0172,5.7605,89.81,1.0308
2007-08-01,91.1269,4.1625,141.65,1.0339
2007-08-02,103.0016,7.0571,128.68,1.0465
2007-08-03,88.9389,7.0034,92.34,0.9793
2007-08-06,90.4277,6.27,120.49,1.149
2007-08-07,90.1975,7.3675,155.69,0.8814
2007-08-08,97.9788,5.2708,118.47,1.2682
2007-08-09,98.5196,4.1477,100.12,1.2245
2007-08-10,105.9561,5.834,113.17,1.0337
2007-08-13,92.9127,6.4011,113.43,1.3565
2007-08-14,89.3958,8.9416,95.67,1.2771
2007-08-15,98.9397,4.5219,85.43,1.0007
2007-08-16,113.9895,6.7528,142.24,1.2247
2007-08-17,104.9324,10.5108,146.95,1.2507
2007-08-20,77.4417,8.7535,113.37,1.2285
2007-08-21,97.2643,7.3565,91.1,1.1235
2007-08-22,92.2135,6.7669,109.29,1.1151
2007-08-23,94.282,7.3558,135.34,1.1619
2007-08-24,104.4987,8.0357,96.27,1.1358
2007-08-27,96.7728,8.0813,138.56,1.2822
2007-08-28,95.2802,6.7713,133.17,0.9985
2007-08-29,80.3283,4.4147,126.5,0.7951
2007-08-30,95.1912,4.095,111.67,0.6011
2007-08-31,88.8428,4.4545,110.31,1.2284
2007-09-03,98.7053,7.5295,132.72,1.0824
2007-09-04,106.9835,5.6896,103.07,1.2068
2007-09-05,87.559,7.1534,119.78,0.992
2007-09-06,93.9961,5.3757,131.25,1.0053
2007-09-07,102.3249,7.8695,127.68,1.0813
2007-09-10,80.0014,6.8295,144.51,1.351
2007-09-11,89.2175,5.5758,105.31,1.0982
2007-09-12,81.7709,4.8482,123.84,1.2865
2007-09-13,90.0375,8.538,149.27,1.0937
2007-09-14,95.1891,4.3764,98.93,0.8712
2007-09-17,92.7648,8.6531,90.48,1.0919
2007-09-18,110.3971,5.9883,111.65,1.3737
2007-09-19,104.0223,7.4285,133.19,0.9997
2007-09-20,98.0617,6.7481,102.67,0.9405
2007-09-21,107.3857,6.2851,114.86,1.1134
2007-09-24,115.2991,6.0698,94.94,1.231
2007-09-25,92.5406,7.5597,109.17,0.9051
2007-09-26,94.5102,6.7342,89.33,1.2424
2007-09-27,99.6671,7.1383,100.99,1.0935
2007-09-28,106.8468,7.6888,70.89,1.059
2007-10-01,76.2143,7.7684,124.18,0.9585
2007-10-02,95.6898,7.9385,79.83,1.4602
2007-10-03,123.0874,6.3665,127.46,0.9963
2007-10-04,96.6971,4.7887,108.45,1.4147
2007-10-05,115.6307,5.9262,132.55,1.0821
2007-10-08,121.1667,8.6692,106.9,1.3028
2007-10-09,104.2242,5.197,119.72,1.0396
2007-10-10,119.5667,7.3177,142.05,1.2634
2007-10-11,97.0244,8.0891,107.66,1.0728
2007-10-12,79.0379,6.8797,83.29,1.0866
2007-10-15,91.7957,7.7813,78.06,0.93
2007-10-16,111.3611,9.1506,117.58,1.0593
2007-10-17,123.5193,8.349,115.02,0.9971
2007-10-18,102.6185,9.6476,130.76,1.3408
2007-10-19,80.3897,7.7333,133.36,1.1567
2007-10-22,96.7211,6.4312,59.83,1.1535
2007-10-23,76.624,6.6667,94.98,1.0554
2007-10-24,97.5407,4.8835,112.89,1.1276
2007-10-25,113.0077,5.2772,133.97,1.3586
2007-10-26,87.4172,8.0834,85.76,1.2133
2007-10-29,87.8224,7.3535,121.65,0.8842
2007-10-30,91.9256,7.1904,106.44,1.0486
2007-10-31,93.1278,7.3468,110.09,1.1121
2007-11-01,102.5985,6.6145,103.52,1.099
2007-11-02,100.1913,5.545,132.92,0.8848
2007-11-05,104.2617,8.6457,107.12,1.0921
2007-11-06,86.5391,6.2881,130.08,1.0063
2007-11-07,108.7923,5.881,151.83,1.0512
2007-11-08,103.286,6.5322,120.24,1.2327
2007-11-09,87.8122,7.4186,114.07,1.0995
2007-11-12,91.3451,8.6891,114.23,1.2023
2007-11-13,90.1371,5.9651,78.76,1.2677
2007-11-14,79.2692,7.1919,108.71,0.9674
2007-11-15,116.2291,8.455,101.23,1.1715
2007-11-16,103.0094,6.481,108.92,1.1023
2007-11-19,97.3395,9.4944,88.58,0.7993
2007-11-20,108.2972,6.8891,119.72,0.9628
2007-11-21,95.0753,7.2667,136.21,1.276
2007-11-22,95.0958,5.5394,123.64,0.7783
2007-11-23,109.913,8.6183,137.22,1.1507
2007-11-26,86.2819,8.2204,116.09,0.9721
2007-11-27,87.7917,7.166,76.22,0.9241
2007-11-28,79.5613,5.9308,129.63,1.1842
2007-11-29,89.5787,7.3723,130.51,1.1578
2007-11-30,107.0912,6.9285,106.82,1.0574
2007-12-03,91.242,5.8979,132.63,1.1195
2007-12-04,112.0296,7.7163,135.01,1.0885
2007-12-05,91.1629,5.1708,104.01,0.947
2007-12-06,98.6865,3.6302,76.82,0.962
2007-12-07,85.5683,9.5019,104.86,1.0123
2007-12-10,103.76,7.408,83.24,1.1346
2007-12-11,116.9524,5.0984,106.11,1.0313
2007-12-12,93.4283,6.2712,80.6,1.0837
2007-12-13,80.2198,8.0288,92.7,1.1135
2007-12-14,95.406,6.3076,115.11,0.9398
2007-12-17,103.6445,7.8078,113.77,1.0131
2007-12-18,87.9026,3.6832,103.62,1.24
2007-12-19,115.9924,6.8574,129.88,1.1698
2007-12-20,83.2378,6.9131,100.48,1.1392
2007-12-21,102.1927,5.1869,119.43,1.2344
2007-12-24,110.8501,8.7422,119.82,1.0651
2007-12-25,99.3174,8.5561,127.24,1.1282
2007-12-26,109.3603,6.1488,100.44,1.2658
2007-12-27,101.2944,5.1857,139.79,1.1293
2007-12-28,92.0817,5.1768,125.7,0.8253
2007-12-31,91.4849,9.0159,128.0,1.2547
2008-01-01,114.904,6.2011,90.9,1.1218
2008-01-02,78.2478,5.3755,93.49,1.0724
2008-01-03,98.6463,4.493,98.05,0.9183
2008-01-04,88.0249,9.8526,109.5,0.9544
2008-01-07,91.6147,9.4386,99.66,1.206
2008-01-08,104.7418,6.6795,106.96,1.0888
2008-01-09,87.2164,7.1828,138.4,1.2529
2008-01-10,80.1542,8.8313,123.42,1.057
2008-01-11,108.2539,7.74,109.04,1.0852
2008-01-14,108.8695,4.8548,123.47,1.1765
2008-01-15,96.3377,7.2957,92.48,1.3189
2008-01-16,86.754,5.9842,93.56,1.1798
2008-01-17,85.6498,7.5381,108.25,1.1606
2008-01-18,99.1026,7.2976,133.33,1.0014
2008-01-21,100.1967,6.5265,125.47,1.1605
2008-01-22,100.7366,5.3065,125.87,1.2749
2008-01-23,102.4888,8.4949,158.62,1.0525
2008-01-24,95.5888,7.7301,106.6,1.0826
2008-01-25,101.8959,5.2596,98.65,1.2007
2008-01-28,95.2963,7.2774,121.3,0.9306
2008-01-29,99.4061,6.0719,117.8,1.0534
2008-01-30,93.2799,6.9848,96.24,1.05
2008-01-31,98.5966,6.4905,64.41,1.1492
2008-02-01,86.0516,7.6207,134.27,0.9592
2008-02-04,93.3376,8.0834,117.07,1.144
2008-02-05,83.8305,5.5992,118.79,1.0603
2008-02-06,101.287,6.9728,95.79,1.1058
2008-02-07,89.4239,6.6996,111.41,1.2123
2008-02-08,88.5185,6.2964,101.58,1.1701
2008-02-11,88.8534,6.5865,119.88,1.0028
2008-02-12,86.7443,6.1775,132.6,1.2014
2008-02-13,85.5783,9.1771,112.97,1.0334
2008-02-14,101.2747,6.2357,104.1,1.1135
2008-02-15,100.4958,7.3306,127.0,1.006
2008-02-18,104.5042,7.0186,141.17,0.9713
2008-02-19,89.1903,7.9539,133.34,1.0378
2008-02-20,97.9463,6.9588,141.94,0.9973
2008-02-21,75.414,5.6137,139.99,1.0249
2008-02-22,104.3199,6.1196,92.46,1.1845
2008-02-25,84.9875,5.9982,114.1,1.1623
2008-02-26,108.1814,7.8216,123.81,1.2501
2008-02-27,102.4497,6.6851,79.35,0.9765
2008-02-28,116.6621,7.3931,72.33,1.1122
2008-02-29,100.5616,7.0881,104.9,1.1261
2008-03-03,88.7599,5.8221,107.66,0.9865
2008-03-04,117.5771,10.4497,85.57,1.0943
2008-03-05,108.6867,7.8219,98.87,1.0553
2008-03-06,107.2512,8.4348,112.78,1.0622
2008-03-07,113.7372,6.1688,114.61,0.9449
2008-03-10,95.3244,7.6794,120.52,1.2605
2008-03-11,72.0241,6.8801,126.33,0.9733
2008-03-12,93.6178,4.1082,107.93,1.1612
2008-03-13,89.8681,7.632,103.7,1.1543
2008-03-14,102.2591,5.8231,135.08,1.2123
2008-03-17,91.7731,6.1043,130.57,1.0066
2008-03-18,101.587,9.3666,125.48,1.3233
2008-03-19,87.1502,7.2705,140.67,1.0974
2008-03-20,107.3007,6.7119,114.65,1.1758
2008-03-21,102.211,6.9401,118.39,0.9419
2008-03-24,88.5935,6.445,130.92,1.0691
2008-03-25,109.7979,6.1325,95.21,0.9287
2008-03-26,111.4962,7.9059,125.04,1.0796
2008-03-27,102.0647,7.743,76.88,0.952
2008-03-28,89.9316,7.7499,86.67,1.0792
2008-03-31,99.5344,3.353,129.98,1.2465
2008-04-01,96.984,6.7099,127.37,1.203
2008-04-02,91.4162,8.0538,132.79,1.1255
2008-04-03,95.1455,3.4258,152.0,1.2104
2008-04-04,94.3476,8.2854,103.3,1.1793
2008-04-07,81.5655,7.322,127.71,0.9806
2008-04-08,95.2493,6.8127,147.92,0.9043
2008-04-09,84.8922,7.4706,135.68,1.2349
2008-04-10,95.4098,6.7804,135.13,1.1281
2008-04-11,93.6393,8.7932,108.87,1.0685
2008-04-14,104.2713,7.2422,108.31,1.2871
2008-04-15,90.7218,8.7286,112.47,1.0055
2008-04-16,97.1491,7.1287,132.69,1.007
2008-04-17,80.8621,3.4889,140.39,1.0927
2008-04-18,107.5075,6.1145,149.04,1.0393
2008-04-21,117.6972,6.7793,93.4,1.1454
2008-04-22,94.507,5.3747,104.14,0.8976
2008-04-23,101.0209,5.6495,96.76,0.9627
2008-04-24,102.7705,4.3166,135.15,1.3581
2008-04-25,94.0978,8.8438,103.5,0.9477
2008-04-28,104.9603,8.3517,114.13,1.2538
2008-04-29,90.3825,7.9637,102.39,1.2535
2008-04-30,94.6598,5.1025,119.29,1.2859
2008-05-01,95.044,4.9415,133.75,1.0474
2008-05-02,89.607,4.4333,113.47,0.8529
2008-05-05,81.5577,10.6898,110.77,1.0447
2008-05-06,105.9808,8.7914,113.37,0.9949
2008-05-07,96.9206,9.1762,123.59,1.0104
2008-05-08,88.0589,6.3779,123.63,1.1751
2008-05-09,84.0223,8.35,98.87,0.9128
2008-05-12,94.2921,6.8651,105.32,0.8675
2008-05-13,85.655,5.7829,121.94,0.9075
2008-05-14,101.0213,5.163,118.67,0.7757
2008-05-15,96.0459,5.8981,110.63,1.0197
2008-05-16,99.8424,7.4359,82.53,1.2377
2008-05-19,106.2396,9.0519,117.71,1.0275
2008-05-20,97.6227,5.395,119.19,1.2962
2008-05-21,101.8359,6.5909,120.23,0.9144
2008-05-22,107.5516,6.497,86.49,0.7205
2008-05-23,100.8263,4.2371,128.24,1.1666
2008-05-26,72.6383,7.7701,82.89,1.2433
2008-05-27,107.685,9.9191,98.89,1.1733
2008-05-28,98.263,4.8351,119.73,1.3546
2008-05-29,101.4891,5.1693,120.26,0.923
2008-05-30,111.57,8.0644,154.09,1.1466
2008-06-02,93.6397,3.6099,124.09,1.0614
2008-06-03,100.6085,6.5673,99.01,1.1199
2008-06-04,74.3306,6.601,130.16,1.0417
2008-06-05,110.9615,7.2976,131.75,0.976
2008-06-06,95.051,5.0008,89.91,0.9084
2008-06-09,93.1522,7.8823,105.0,1.1239
2008-06-10,93.0872,8.081,86.68,0.9976
2008-06-11,101.6258,7.7451,109.12,1.2208
2008-06-12,76.965,5.7664,103.23,0.9327
2008-06-13,114.6532,5.0144,126.42,1.0448
2008-06-16,96.8711,6.4456,98.46,1.1447
2008-06-17,94.6507,7.7302,100.97,0.6871
2008-06-18,109.876,4.6507,112.46,0.8374
2008-06-19,104.6194,7.8881,138.18,0.9125
2008-06-20,100.9018,7.3752,101.15,1.2893
2008-06-23,86.4871,8.5474,101.15,1.0873
2008-06-24,106.8741,6.5136,95.78,1.1259
2008-06-25,98.3401,3.7721,119.03,1.2862
2008-06-26,87.3104,5.4873,120.53,0.7295
2008-06-27,93.883,2.6239,79.95,1.2586
2008-06-30,98.5641,7.6767,112.77,0.9643
2008-07-01,88.104,6.6877,82.25,1.2927
2008-07-02,104.2957,8.5525,91.66,1.2384
2008-07-03,90.0201,8.1138,72.81,1.2512
2008-07-04,104.6316,4.7361,103.81,1.2948
2008-07-07,98.6069,5.4948,98.87,1.0207
2008-07-08,100.3986,8.0775,116.78,1.2341
2008-07-09,85.5253,4.5377,119.51,0.9468
2008-07-10,96.552,6.4111,130.31,1.1096
2008-07-11,101.8327,5.0219,96.57,0.9576
2008-07-14,99.0469,7.2747,115.18,1.0923
2008-07-15,91.8953,5.9221,135.78,1.0464
2008-07-16,99.162,7.5136,97.65,1.2348
2008-07-17,92.1586,8.1724,125.25,1.0397
2008-07-18,95.1223,6.6918,128.99,0.8804
2008-07-21,107.7475,6.8978,61.2,1.0332
2008-07-22,112.457,6.1803,111.93,1.2736
2008-07-23,113.5337,6.6068,123.03,0.9113
2008-07-24,101.6046,6.8894,91.6,1.5436
2008-07-25,89.9133,7.2331,115.54,1.184
2008-07-28,92.9559,5.8867,114.83,0.7821
2008-07-29,106.8735,5.22,105.44,1.1014
2008-07-30,96.9729,8.6848,107.3,1.0704
2008-07-31,111.2612,8.9307,156.96,1.1736
2008-08-01,92.2225,5.5251,90.84,1.1016
2008-08-04,104.7584,5.0148,92.41,1.027
2008-08-05,82.5465,7.5583,124.07,0.9594
2008-08-06,92.5048,6.3053,135.3,0.9825
2008-08-07,100.8951,8.3302,95.25,1.1069
2008-08-08,99.7919,6.5251,120.41,1.0403
2008-08-11,97.3422,4.7155,125.42,1.015
2008-08-12,84.3804,6.0807,121.07,0.794
2008-08-13,96.7795,5.9051,105.74,1.1313
2008-08-14,92.6171,6.9479,112.35,1.102
2008-08-15,89.0035,7.4234,110.95,1.2737
2008-08-18,97.8654,6.4137,149.47,0.8125
2008-08-19,87.2932,4.5866,106.35,1.0907
2008-08-20,89.0995,5.7705,104.84,1.1501
2008-08-21,117.5314,6.5006,98.16,1.2496
2008-08-22,99.2353,8.4538,117.33,1.2421
2008-08-25,108.0588,6.4769,134.27,1.2109
2008-08-26,90.3995,7.7665,92.29,0.9998
2008-08-27,90.93,6.9609,105.27,1.1428
2008-08-28,82.2364,8.7343,103.34,1.1749
2008-08-29,82.1513,6.0733,94.19,1.0069
2008-09-01,82.652,2.6317,93.99,1.158
2008-09-02,100.2447,9.8871,108.37,1.2868
2008-09-03,85.984,10.4995,113.08,1.1827
2008-09-04,86.6679,7.8249,118.52,1.1641
2008-09-05,89.2601,6.2367,99.93,0.8187
2008-09-08,102.5444,7.2983,125.22,1.128
2008-09-09,91.3478,6.5181,103.26,1.1492
2008-09-10,101.4081,5.1868,119.97,0.9983
2008-09-11,84.8757,7.6358,95.17,1.107
2008-09-12,101.2536,8.0727,90.88,1.3474
2008-09-15,95.0426,9.333,117.24,1.1106
2008-09-16,101.2688,3.6112,123.4,1.0024
2008-09-17,83.792,5.7785,101.28,0.9386
2008-09-18,93.667,5.8186,118.34,1.2733
2008-09-19,95.0773,5.2013,107.25,1.0262
2008-09-22,88.177,7.6354,104.95,1.1216
2008-09-23,101.0112,6.9632,115.43,1.0933
2008-09-24,95.7529,6.4464,140.71,1.0053
2008-09-25,100.4935,8.2857,99.14,0.877
2008-09-26,89.2535,9.7256,104.18,0.9058
2008-09-29,97.2606,6.7198,73.15,1.2192
2008-09-30,81.0672,6.2983,100.5,1.0707
2008-10-01,102.0365,4.7428,110.78,0.9698
2008-10-02,81.6308,5.7276,124.0,1.1492
2008-10-03,88.2975,6.7089,89.33,1.0892
2008-10-06,95.9762,7.1819,119.76,1.0982
2008-10-07,100.5029,6.1203,131.89,1.2035
2008-10-08,96.3003,6.2749,102.35,0.687
2008-10-09,74.8072,7.1031,107.97,1.0537
2008-10-10,82.3801,4.2012,151.41,1.045
2008-10-13,86.603,8.9504,106.69,0.9637
2008-10-14,93.6891,4.8341,99.56,1.0375
2008-10-15,81.1555,8.793,121.99,0.8906
2008-10-16,86.2338,5.9059,118.2,0.9746
2008-10-17,98.4233,6.0851,69.52,1.1489
2008-10-20,95.5382,8.018,115.4,0.9345
2008-10-21,99.6607,7.3113,118.44,1.0328
2008-10-22,98.2871,5.1774,104.15,1.0573
2008-10-23,79.8619,4.675,141.12,1.3186
2008-10-24,84.1183,7.8946,116.3,1.2824
2008-10-27,94.9674,8.8608,110.06,1.1211
2008-10-28,97.6984,6.8307,121.64,1.0781
2008-10-29,88.4909,8.0991,112.12,0.8967
2008-10-30,103.6416,7.9976,100.5,1.2648
2008-10-31,87.1508,7.9917,102.06,1.4571
2008-11-03,88.779,7.5021,84.17,0.8626
2008-11-04,94.0523,7.1374,105.91,1.1591
2008-11-05,96.7184,8.6274,112.58,1.1542
2008-11-06,87.9262,6.4669,69.38,0.9743
2008-11-07,93.1947,7.1948,106.16,1.148
2008-11-10,84.3402,8.4209,132.94,1.1666
2008-11-11,86.6948,8.9408,122.08,0.9396
2008-11-12,109.3572,7.3234,91.24,1.4234
2008-11-13,82.6111,8.6519,137.57,1.2062
2008-11-14,109.3162,8.7832,149.08,0.9114
2008-11-17,88.1917,8.5526,86.6,1.1098
2008-11-18,106.5822,5.7075,93.81,1.1764
2008-11-19,89.4777,6.8423,150.4,1.2486
2008-11-20,83.4624,7.3994,136.89,1.1051
2008-11-21,93.2449,9.3816,129.55,1.1981
2008-11-24,93.953,6.341,116.3,1.1086
2008-11-25,96.5929,6.1413,142.84,0.9334
2008-11-26,84.0795,5.3757,100.94,0.993
2008-11-27,79.2399,6.0194,132.59,1.1567
2008-11-28,91.8404,6.54,79.24,1.216
2008-12-01,89.3824,9.2773,135.84,1.1498
2008-12-02,86.2699,6.6529,123.81,1.3684
2008-12-03,93.1902,2.7884,118.4,0.9988
2008-12-04,107.7707,8.5801,97.12,1.032
2008-12-05,106.6314,5.725,139.21,1.2987
2008-12-08,97.4963,6.5792,104.53,1.1898
2008-12-09,107.9112,7.4701,104.75,1.335
2008-12-10,114.1612,7.6194,120.35,0.9447
2008-12-11,109.4272,9.4679,90.83,1.1698
2008-12-12,77.3817,4.6137,120.51,1.0957
2008-12-15,87.2325,9.6614,78.99,0.9708
2008-12-16,97.7917,8.1805,132.92,0.9018
2008-12-17,104.4818,6.6725,90.92,1.1979
2008-12-18,82.2883,8.2703,152.26,1.228
2008-12-19,117.0377,9.237,88.08,1.1546
2008-12-22,88.2331,6.6922,140.35,1.1465
2008-12-23,85.078,3.7609,124.41,1.195
2008-12-24,73.8558,9.1654,126.4,1.0335
2008-12-25,104.1544,8.4668,120.66,1.255
2008-12-26,105.1085,7.1957,104.51,0.9107
2008-12-29,104.2731,7.7482,88.04,1.2685
2008-12-30,97.387,4.7054,91.93,1.0751
2008-12-31,98.713,7.3653,97.76,1.1581
2009-01-01,96.1894,3.8317,141.78,1.2104
2009-01-02,113.3935,7.0515,110.38,1.1202
2009-01-05,102.5026,6.0601,129.76,1.311
2009-01-06,105.939,7.4338,148.77,1.3172
2009-01-07,78.338,3.894,92.3,0.8844
2009-01-08,78.5445,8.0671,118.46,0.9659
2009-01-09,106.7753,5.2965,85.68,1.1724
2009-01-12,101.3741,5.684,128.78,1.0531
2009-01-13,100.4448,6.1606,99.01,1.0392
2009-01-14,94.2513,6.5579,100.47,1.0483
2009-01-15,98.1939,5.2902,109.89,1.094
2009-01-16,90.6092,5.2811,103.63,1.1874
2009-01-19,101.6574,8.9024,104.7,1.2422
2009-01-20,78.265,6.5468,127.75,1.0608
2009-01-21,96.1282,5.8829,121.45,0.9389
2009-01-22,88.7217,8.0906,142.03,1.2236
2009-01-23,86.3613,3.7458,94.48,1.1198
2009-01-26,92.8103,7.8201,104.58,0.9611
2009-01-27,93.0744,6.4283,109.6,1.2186
2009-01-28,93.8399,7.2952,120.28,1.0817
2009-01-29,111.9639,8.4544,116.2,1.1498
2009-01-30,82.6344,8.3461,126.41,1.0608
2009-02-02,85.3399,6.9434,138.53,1.22
2009-02-03,95.2149,9.4185,103.57,1.2982
2009-02-04,94.9083,4.7142,83.85,1.1464
2009-02-05,98.9745,6.753,120.47,1.0952
2009-02-06,104.4273,6.8253,119.57,1.036
2009-02-09,98.5231,8.2251,141.01,1.1916
2009-02-10,86.1265,7.8381,112.25,1.1995
2009-02-11,118.6694,7.3358,97.53,1.1373
2009-02-12,97.0281,7.2051,110.79,1.1313
2009-02-13,95.4636,6.145,105.87,1.0715
2009-02-16,95.7913,6.776,95.11,1.1224
2009-02-17,86.4124,6.8333,122.73,1.0063
2009-02-18,87.3086,7.3862,110.86,1.1236
2009-02-19,95.2093,9.1512,135.03,0.998
2009-02-20,97.7128,8.2322,114.17,0.9278
2009-02-23,100.4361,4.2331,120.21,0.7605
2009-02-24,84.4633,5.674,72.67,1.1956
2009-02-25,102.1365,6.6798,145.45,1.1472
2009-02-26,83.9458,4.9775,106.6,1.0419
2009-02-27,105.8602,5.9916,83.12,0.9814
2009-03-02,121.1195,5.5867,111.26,1.2074
2009-03-03,81.9597,6.7518,90.26,1.1168
2009-03-04,100.0511,7.1055,123.39,1.1382
2009-03-05,105.5629,11.9489,107.01,1.1666
2009-03-06,90.1009,5.2083,114.46,1.1913
2009-03-09,109.8406,7.7135,128.72,1.1111
2009-03-10,79.5382,4.6476,112.9,1.2923
2009-03-11,88.5472,4.9104,99.24,1.1939
2009-03-12,100.8863,8.4073,92.82,1.0528
2009-03-13,110.8067,4.5393,126.81,1.1448
2009-03-16,89.7958,8.7049,124.4,1.2659
2009-03-17,80.1341,6.818,99.22,1.2423
2009-03-18,100.4331,3.6666,143.71,0.9835
2009-03-19,111.9958,5.3788,106.93,0.9231
2009-03-20,100.4423,4.4903,103.17,1.1222
2009-03-23,87.2756,7.7744,131.81,1.038
2009-03-24,80.417,7.4835,108.99,0.9938
2009-03-25,123.5767,7.1097,83.81,1.0139
2009-03-26,97.2631,5.0918,121.26,1.0591
2009-03-27,77.6238,8.1362,150.29,1.0321
2009-03-30,76.255,11.3582,84.54,1.0764
2009-03-31,108.0628,8.4151,97.71,1.2915
2009-04-01,108.6871,6.5781,127.87,0.8956
2009-04-02,94.1025,7.1667,94.12,1.3311
2009-04-03,90.233,6.7724,118.73,0.9001
2009-04-06,102.9851,9.1521,120.25,1.3314
2009-04-07,103.9455,7.509,89.99,1.1014
2009-04-08,97.5903,5.9576,122.62,1.1875
2009-04-09,81.8337,7.42,113.16,1.1586
2009-04-10,98.2706,5.9427,134.05,1.0803
2009-04-13,120.5771,8.9269,119.18,1.1993
2009-04-14,83.8867,8.291,65.65,1.0322
2009-04-15,87.0555,6.4657,161.46,1.2254
2009-04-16,86.6773,8.0717,119.24,1.1306
2009-04-17,86.5082,6.5399,100.82,1.1976
2009-04-20,111.2244,9.1492,117.71,0.7796
2009-04-21,102.7441,8.1688,114.62,0.8146
2009-04-22,84.2455,6.1133,106.95,1.3963
2009-04-23,82.8355,6.8214,122.92,1.2706
2009-04-24,94.0731,7.4134,104.85,1.0058
2009-04-27,87.4347,6.6693,94.37,0.699
2009-04-28,98.5983,6.9494,90.2,1.1154
2009-04-29,97.2103,8.5905,120.5,1.1315
2009-04-30,78.6784,7.6942,164.66,1.0226
2009-05-01,114.9369,10.5052,112.75,1.2712
2009-05-04,86.5444,4.284,119.11,1.1745
2009-05-05,110.0975,7.8386,130.34,1.0636
2009-05-06,96.6696,5.994,82.43,1.2849
2009-05-07,91.8252,6.8337,123.19,1.2455
2009-05-08,72.5216,8.0829,128.69,1.1575
2009-05-11,88.0044,7.1573,105.86,0.5563
2009-05-12,106.6388,6.0877,104.17,1.0655
2009-05-13,103.7666,6.7307,111.35,0.9502
2009-05-14,85.6142,6.292,103.33,0.6837
2009-05-15,67.3362,4.1234,125.65,1.02
2009-05-18,97.5383,6.89,111.69,0.8593
2009-05-19,81.2915,9.0098,120.45,1.0472
2009-05-20,92.4751,7.8488,119.28,1.1983
2009-05-21,83.4162,6.1843,77.37,0.9987
2009-05-22,108.2074,0.7722,94.38,0.9418
2009-05-25,88.6827,2.734,107.43,1.0504
2009-05-26,96.1455,9.014,83.95,1.1553
2009-05-27,92.9318,6.8211,79.98,1.0826
2009-05-28,87.9375,7.6892,62.42,0.96
2009-05-29,102.6629,8.2404,109.7,1.33
2009-06-01,98.7166,4.9403,107.67,0.9017
2009-06-02,98.3289,8.2091,123.5,0.9596
2009-06-03,90.7609,4.9069,119.31,1.2306
2009-06-04,100.0502,6.745,125.27,1.1233
2009-06-05,83.2921,6.194,128.26,1.0293
2009-06-08,97.7733,8.3311,111.48,0.9757
2009-06-09,92.2766,10.4503,116.97,1.0824
2009-06-10,63.1487,5.8876,129.31,1.2159
2009-06-11,80.279,7.9836,95.76,1.3751
2009-06-12,90.4441,7.0914,110.66,0.8609
2009-06-15,117.0617,6.159,135.99,1.071
2009-06-16,108.261,6.856,135.45,1.3302
2009-06-17,88.5266,6.4907,63.77,1.4849
2009-06-18,106.8698,6.1192,118.11,0.7269
2009-06-19,84.7256,8.9247,131.6,1.109
2009-06-22,107.1022,7.5483,95.23,1.0304
2009-06-23,90.9677,8.7798,124.58,1.4858
2009-06-24,85.4584,5.4101,111.03,0.8725
2009-06-25,78.0408,6.9954,108.76,0.8843
2009-06-26,92.9542,7.4295,123.55,1.163
2009-06-29,105.0046,3.9014,102.49,1.1432
2009-06-30,94.2155,7.0275,120.47,1.0401
2009-07-01,130.0057,7.6395,101.26,1.2819
2009-07-02,88.1122,6.7202,94.97,1.3799
2009-07-03,107.3925,7.3882,117.29,1.2538
2009-07-06,104.7235,7.2224,95.58,1.0352
2009-07-07,96.2078,9.0104,122.08,0.7314
2009-07-08,92.5729,7.9601,90.05,0.9112
2009-07-09,87.6947,6.5799,116.17,1.2196
2009-07-10,102.4813,6.5909,118.43,1.0218
2009-07-13,103.2882,7.7269,131.03,1.1328
2009-07-14,92.6209,5.8282,131.51,1.2699
2009-07-15,87.2418,6.6575,93.95,1.1948
2009-07-16,81.1963,6.4997,78.87,1.1195
2009-07-17,93.7135,9.0791,154.19,1.0326
2009-07-20,76.5934,9.5868,159.08,1.1458
2009-07-21,86.6708,7.0408,117.27,1.127
2009-07-22,115.1794,8.2815,144.35,0.9584
2009-07-23,84.9202,7.1024,88.02,1.0959
2009-07-24,89.5601,8.4305,81.17,1.2529
2009-07-27,103.7749,5.3428,113.37,1.1503
2009-07-28,99.4319,6.708,106.51,1.2594
2009-07-29,91.7467,9.5633,143.63,1.2457
2009-07-30,99.1642,9.5009,125.14,1.1569
2009-07-31,93.1714,7.7321,117.79,1.0442
2009-08-03,95.0298,7.5275,94.68,1.0796
2009-08-04,85.5808,5.5324,132.54,0.844
2009-08-05,100.1247,7.3308,164.99,0.8341
2009-08-06,96.6991,7.2316,122.63,0.7076
2009-08-07,95.3924,7.3329,109.4,1.0406
2009-08-10,98.5435,6.5972,136.63,1.3141
2009-08-11,95.5571,5.6743,121.95,1.1821
2009-08-12,90.4774,6.4167,120.87,1.0547
2009-08-13,95.2862,7.229,101.23,1.1183
2009-08-14,88.6492,8.1214,139.47,1.1583
2009-08-17,70.043,5.5229,125.61,1.3411
2009-08-18,85.7688,6.8268,136.56,1.1787
2009-08-19,90.3616,5.5827,105.98,1.0114
2009-08-20,94.6807,6.937,87.53,1.2492
2009-08-21,97.909,7.6061,83.21,1.349
2009-08-24,107.9722,4.8052,126.1,1.0905
2009-08-25,109.7368,6.9067,116.81,1.3519
2009-08-26,110.4344,5.4222,119.83,0.9884
2009-08-27,91.8844,5.2818,112.46,1.3196
2009-08-28,105.1522,8.0588,82.18,1.1542
2009-08-31,71.7409,6.0143,133.35,1.0838
2009-09-01,82.3916,7.6261,117.57,1.37
2009-09-02,111.2897,3.608,155.11,1.3473
2009-09-03,92.7243,7.6663,126.86,1.0462
2009-09-04,92.9931,7.9488,128.31,1.1302
2009-09-07,98.4915,5.2214,134.44,0.8812
2009-09-08,99.6249,8.1813,108.64,1.0889
2009-09-09,91.5234,6.6695,122.16,1.1862
2009-09-10,94.0681,8.6374,102.55,1.1572
2009-09-11,79.756,7.3524,104.36,1.1446
2009-09-14,97.9565,6.3538,106.94,0.9584
2009-09-15,103.5559,6.9211,107.19,1.1829
2009-09-16,103.7693,4.005,142.6,0.9241
2009-09-17,96.4068,4.0412,79.93,0.9122
2009-09-18,88.7839,7.9267,111.2,1.1628
2009-09-21,90.9425,6.403,96.46,1.3148
2009-09-22,86.2687,7.934,93.79,0.8217
2009-09-23,79.9268,7.2015,102.18,0.905
2009-09-24,99.2335,4.8201,90.69,0.8447
2009-09-25,87.5998,5.8816,79.12,1.1686
2009-09-28,116.9859,6.7775,73.66,1.1988
2009-09-29,97.4394,5.4138,77.19,1.0006
2009-09-30,108.712,5.9094,95.37,0.9326
2009-10-01,78.8978,9.2046,139.56,0.8556
2009-10-02,93.0124,7.3206,103.39,0.961
2009-10-05,103.4798,7.5646,106.43,1.1133
2009-10-06,102.8806,7.9362,109.15,1.0449
2009-10-07,98.5564,9.2897,61.05,0.9811
2009-10-08,100.1884,8.1015,97.37,0.8717
2009-10-09,86.7392,6.6253,114.74,1.215
2009-10-12,85.8367,4.1359,108.17,0.9475
2009-10-13,89.6814,9.1235,132.57,1.1466
2009-10-14,79.9886,6.9287,75.81,0.9898
2009-10-15,104.8102,7.8389,78.25,1.1388
2009-10-16,83.4265,4.6245,109.73,0.9029
2009-10-19,84.1968,7.9148,105.63,1.1766
2009-10-20,92.4618,8.6693,119.18,0.9973
2009-10-21,111.4173,7.2274,95.12,1.2202
2009-10-22,97.3256,6.8464,77.98,1.0577
2009-10-23,99.969,8.1427,125.1,0.8378
2009-10-26,95.7814,8.0356,100.84,1.3031
2009-10-27,110.8242,9.4931,101.54,1.1131
2009-10-28,100.9182,6.8455,110.19,1.1227
2009-10-29,80.0048,6.0763,99.32,1.3304
2009-10-30,82.4117,4.6347,80.29,1.0298
2009-11-02,96.5387,7.9008,89.61,0.9546
2009-11-03,97.466,5.1903,125.87,1.2885
2009-11-04,89.2679,3.5083,124.85,1.3267
2009-11-05,98.0523,9.3501,101.37,0.9604
2009-11-06,107.9894,5.108,125.77,0.931
2009-11-09,89.7405,6.7367,96.84,1.0002
2009-11-10,108.8976,7.1448,100.2,0.9523
2009-11-11,109.0085,5.9384,97.88,1.1253
2009-11-12,64.3685,7.1378,105.88,1.2518
2009-11-13,88.3127,4.95,137.85,1.0719
2009-11-16,102.4633,7.3138,117.56,0.9977
2009-11-17,93.7456,6.1911,111.8,0.9572
2009-11-18,95.1313,9.4532,136.17,1.2883
2009-11-19,103.962,6.3748,105.69,1.0553
2009-11-20,102.9096,9.9373,116.63,1.1441
2009-11-23,87.4856,9.0839,104.83,1.1774
2009-11-24,68.834,5.8705,114.44,1.2172
2009-11-25,100.324,7.464,113.24,1.3077
2009-11-26,105.1391,6.2513,112.47,1.2004
2009-11-27,99.604,5.9173,78.34,0.8363
2009-11-30,98.4682,6.3668,118.53,1.4059
2009-12-01,102.2488,5.3188,94.64,1.1164
2009-12-02,99.6755,4.783,93.9,1.2803
2009-12-03,87.9318,6.6297,124.29,1.0618
2009-12-04,97.231,8.7005,104.74,1.0533
2009-12-07,100.6891,4.0245,104.97,1.0804
2009-12-08,88.3891,5.1165,115.7,1.2308
2009-12-09,95.732,6.1555,109.04,0.6686
2009-12-10,105.9822,6.8717,133.99,1.0644
2009-12-11,114.7548,8.1909,117.27,1.2206
2009-12-14,102.0798,3.2918,110.96,1.1723
2009-12-15,115.6904,7.846,59.14,1.1889
2009-12-16,94.2266,9.8443,111.44,0.8334
2009-12-17,93.0819,5.5866,128.42,0.9334
2009-12-18,108.423,8.0892,124.48,0.8968
2009-12-21,92.9585,4.9579,127.9,1.3609
2009-12-22,90.6642,6.6976,92.34,1.2183
2009-12-23,83.3008,7.2785,144.89,1.1234
2009-12-24,94.4929,6.4523,86.67,1.086
2009-12-25,91.7801,6.328,121.44,1.1005
2009-12-28,81.5247,5.434,110.59,1.081
2009-12-29,81.4419,3.6188,126.68,1.1673
2009-12-30,98.4327,6.4489,138.49,1.145
2009-12-31,102.9041,7.1313,106.72,1.1695
2010-01-01,89.7352,7.1632,115.01,1.0965
2010-01-04,87.4023,6.2564,126.36,1.0846
2010-01-05,92.3183,7.2693,100.03,1.2716
2010-01-06,52.1656,6.7053,93.7,0.9339
2010-01-07,88.6879,5.2829,120.47,1.1243
2010-01-08,106.3046,6.5492,136.81,1.2085
2010-01-11,104.5664,6.3331,76.16,0.9508
2010-01-12,89.0163,6.2553,105.2,1.1894
2010-01-13,92.7268,8.4515,104.34,1.0437
2010-01-14,77.5248,7.9662,111.24,1.233
2010-01-15,82.2768,4.7987,119.46,1.1251
2010-01-18,95.2367,6.2042,101.02,1.1434
2010-01-19,83.6744,8.3578,124.79,1.1676
2010-01-20,111.2036,5.3531,74.25,1.4034
2010-01-21,105.4676,8.2715,90.69,1.1397
2010-01-22,99.5531,6.6375,73.34,1.4691
2010-01-25,97.8321,5.5506,101.67,1.3566
2010-01-26,88.7189,5.4399,109.83,1.2734
2010-01-27,95.4107,5.814,116.83,1.0158
2010-01-28,75.6487,8.1809,100.66,1.1335
2010-01-29,101.558,7.3807,111.79,1.1912
2010-02-01,102.0133,6.3502,99.62,1.4638
2010-02-02,103.0884,7.3089,104.31,1.086
2010-02-03,93.3447,6.929,73.38,1.0864
2010-02-04,110.9786,11.0028,81.64,1.1414
2010-02-05,95.8319,6.0415,105.3,1.0559
2010-02-08,96.9429,5.6418,80.59,0.9271
2010-02-09,89.729,6.1511,122.53,0.6558
2010-02-10,90.2532,7.945,127.76,0.9246
2010-02-11,79.0531,7.6122,100.28,1.2351
2010-02-12,89.5621,7.3996,126.76,1.0564
2010-02-15,91.6344,6.0783,122.5,1.1517
2010-02-16,92.8654,6.1181,135.71,0.9354
2010-02-17,84.1054,8.2891,93.16,1.2106
2010-02-18,80.5698,7.0175,104.4,1.1057
2010-02-19,86.0224,8.596,114.98,1.0184
2010-02-22,91.1608,3.1756,114.59,1.1046
2010-02-23,104.9536,7.6874,117.76,1.2827
2010-02-24,84.9563,5.6285,78.23,0.9806
2010-02-25,98.3324,5.9266,105.07,1.2334
2010-02-26,91.399,7.6201,108.4,1.0853
2010-03-01,91.2768,2.1231,71.39,0.8677
2010-03-02,85.1363,6.0641,112.6,1.0953
2010-03-03,116.0966,7.9553,91.43,0.8304
2010-03-04,96.7241,6.2236,148.11,1.0804
2010-03-05,93.793,9.3137,113.02,1.2059
2010-03-08,101.7896,6.7443,126.46,1.2486
2010-03-09,84.3573,6.2354,127.78,1.0326
2010-03-10,85.8388,9.1193,88.9,1.2004
2010-03-11,96.9721,7.9361,81.65,1.224
2010-03-12,82.9757,7.2573,86.69,1.1602
2010-03-15,94.0607,7.0386,79.6,0.9735
2010-03-16,109.0972,6.6797,131.32,0.8263
2010-03-17,82.9748,6.8003,95.33,1.2635
2010-03-18,94.8528,7.1208,140.84,1.1799
2010-03-19,102.4813,7.812,159.95,1.3068
2010-03-22,80.2497,8.6253,118.68,0.9812
2010-03-23,97.7397,8.037,98.05,1.0983
2010-03-24,95.1325,6.001,102.25,1.1919
2010-03-25,79.6319,6.2993,120.23,1.2616
2010-03-26,94.4922,8.1383,91.69,0.8456
2010-03-29,101.772,6.3661,139.73,1.1932
2010-03-30,104.696,8.4794,107.17,1.0533
2010-03-31,92.6871,7.8394,134.14,1.09
2010-04-01,108.607,6.3744,109.3,1.1453
2010-04-02,96.9865,3.2653,91.15,0.9866
2010-04-05,95.2027,7.5818,106.96,1.0205
2010-04-06,86.5756,5.5177,122.74,1.1713
2010-04-07,90.4699,6.5204,117.27,0.9714
2010-04-08,99.9163,3.679,101.5,1.0646
2010-04-09,95.2146,5.796,100.47,1.044
2010-04-12,107.1947,6.3847,107.7,1.1254
2010-04-13,97.5877,7.1617,142.49,1.1935
2010-04-14,94.9169,6.2322,62.33,0.88
2010-04-15,117.7908,7.9384,64.17,0.9481
2010-04-16,90.4358,6.4715,108.49,1.1336
2010-04-19,99.2454,6.0235,118.46,1.3091
2010-04-20,109.3273,6.5866,108.72,1.0502
2010-04-21,97.6879,7.8443,151.3,1.2307
2010-04-22,103.2445,6.5896,108.08,1.0926
2010-04-23,102.7445,5.322,109.13,1.2247
2010-04-26,78.3728,6.505,126.71,1.2135
2010-04-27,110.9122,7.6781,87.86,1.0204
2010-04-28,90.6992,4.3124,129.64,0.9796
2010-04-29,95.3793,4.6687,126.48,0.9267
2010-04-30,110.8993,7.6372,116.93,1.4176
2010-05-03,93.5034,8.9065,97.89,1.7219
2010-05-04,94.723,4.936,103.11,1.1054
2010-05-05,100.5796,7.0358,91.02,1.2618
2010-05-06,88.241,7.1632,118.21,0.8643
2010-05-07,101.8007,6.6021,109.93,1.1581
2010-05-10,95.651,5.3394,64.85,1.1933
2010-05-11,91.5459,8.7804,88.47,1.0351
2010-05-12,86.9409,6.712,100.45,1.2434
2010-05-13,100.4365,8.641,96.78,1.3073
2010-05-14,74.3469,4.5385,126.66,0.9337
2010-05-17,88.9023,6.6581,60.15,1.2597
2010-05-18,87.2684,5.3061,125.46,1.0237
2010-05-19,100.3867,5.9814,125.38,0.6687
2010-05-20,118.4935,4.8191,151.37,1.1809
2010-05-21,100.431,7.3002,107.07,1.1771
2010-05-24,107.4149,9.0857,128.04,1.1242
2010-05-25,82.7929,9.9073,116.76,1.0595
2010-05-26,107.243,5.3636,88.95,0.6422
2010-05-27,84.1878,6.009,114.13,0.9368
2010-05-28,88.2485,7.3646,98.72,1.2178
2010-05-31,92.164,7.5702,85.01,0.9093
2010-06-01,81.359,6.1017,79.01,1.383
2010-06-02,101.2502,6.8881,106.44,0.9616
2010-06-03,104.6673,4.475,134.64,1.1939
2010-06-04,101.946,4.4816,128.57,1.2831
2010-06-07,80.0289,6.4483,100.03,1.375
2010-06-08,75.7487,7.659,85.17,1.1639
2010-06-09,90.3874,6.6404,60.74,1.189
2010-06-10,111.9834,8.5041,147.39,1.0497
2010-06-11,75.1854,7.5873,127.74,1.1483
2010-06-14,83.9047,8.3427,118.56,1.0349
2010-06-15,109.7285,6.8273,108.97,0.6801
2010-06-16,102.4654,5.3299,136.88,1.2033
2010-06-17,103.7857,7.1305,131.62,1.0371
2010-06-18,96.0525,5.9768,70.96,1.1211
2010-06-21,97.8827,7.3469,110.52,1.2303
2010-06-22,96.5906,5.2363,112.75,0.8456
2010-06-23,92.2402,8.2657,94.29,1.0052
2010-06-24,73.0692,8.6541,115.04,0.9398
2010-06-25,92.1426,7.9551,117.2,1.1218
2010-06-28,106.3098,8.9803,138.89,1.3846
2010-06-29,85.4062,9.8889,123.66,0.9262
2010-06-30,102.3896,8.7425,132.14,1.3348
2010-07-01,93.2476,6.1222,122.91,0.928
2010-07-02,88.4504,5.1832,103.5,1.1313
2010-07-05,105.1332,7.555,97.89,1.1859
2010-07-06,92.7502,8.3819,158.54,1.1782
2010-07-07,80.7195,7.9566,130.84,1.1824
2010-07-08,80.7511,6.9337,105.48,1.2035
2010-07-09,105.6832,6.4379,98.44,0.9545
2010-07-12,98.1237,7.8804,135.53,1.2543
2010-07-13,85.1456,7.5575,88.26,1.0975
2010-07-14,100.5201,5.2435,90.24,1.0956
2010-07-15,93.2556,6.8938,79.61,0.9727
2010-07-16,110.9145,6.1979,117.87,1.1657
2010-07-19,87.0937,8.1124,86.77,1.0628
2010-07-20,81.8809,6.3191,115.77,1.1834
2010-07-21,81.3438,5.9249,96.8,1.0672
2010-07-22,85.3661,6.171,124.81,1.2351
2010-07-23,88.1897,7.373,86.31,1.0584
2010-07-26,87.2491,10.1586,123.38,1.055
2010-07-27,89.1606,9.0004,124.07,1.135
2010-07-28,84.2198,5.9733,100.84,1.1
2010-07-29,103.0534,6.4057,123.63,1.1306
2010-07-30,106.5025,4.596,71.16,1.1429
2010-08-02,83.8706,8.3172,163.54,1.1158
2010-08-03,109.3521,9.6496,104.32,0.931
2010-08-04,105.4319,6.8243,106.48,1.0506
2010-08-05,107.6286,4.2615,121.39,1.0287
2010-08-06,89.1243,10.2002,124.88,1.081
2010-08-09,84.5059,8.3721,118.82,1.0119
2010-08-10,107.7975,4.0738,83.21,1.0485
2010-08-11,72.6529,3.9788,98.75,1.0971
2010-08-12,91.3842,8.2856,134.88,1.2723
2010-08-13,89.6461,6.0145,94.13,1.3265
2010-08-16,88.9862,5.908,176.99,1.2409
2010-08-17,86.4714,5.2358,78.29,1.2324
2010-08-18,92.6452,5.9405,127.92,1.2171
2010-08-19,92.3417,7.2999,109.04,1.2582
2010-08-20,96.9673,8.2087,120.04,1.1569
2010-08-23,84.9695,6.3299,99.87,1.3429
2010-08-24,93.6765,6.009,123.77,1.1088
2010-08-25,99.8322,7.4758,120.76,1.269
2010-08-26,95.5245,7.7023,77.0,1.102
2010-08-27,84.5776,6.3724,141.69,1.342
2010-08-30,88.4735,6.5743,90.84,1.1985
2010-08-31,99.9009,5.5965,127.64,0.983
2010-09-01,92.3212,9.8003,114.36,0.9348
2010-09-02,92.2817,5.1864,125.91,1.0785
2010-09-03,93.2742,6.2977,97.39,1.0409
2010-09-06,102.5234,4.1344,119.47,1.1484
2010-09-07,99.1277,6.1625,132.12,1.1207
2010-09-08,128.6717,5.4312,99.43,0.8097
2010-09-09,109.6697,7.0999,112.19,1.1888
2010-09-10,101.5133,8.3925,68.68,1.2828
2010-09-13,103.3454,5.7751,102.18,1.0445
2010-09-14,89.4744,8.6039,99.83,1.1111
2010-09-15,95.7724,6.5808,71.98,1.2231
2010-09-16,102.8564,4.9272,86.96,0.8654
2010-09-17,109.0814,7.1128,134.01,1.0751
2010-09-20,94.4118,8.4323,112.14,1.0178
2010-09-21,89.9351,6.7357,93.74,0.9442
2010-09-22,97.4467,5.8698,115.9,1.1455
2010-09-23,91.701,9.1986,102.53,1.0192
2010-09-24,91.3177,8.5243,105.53,1.1084
2010-09-27,99.8775,5.0254,85.05,1.3067
2010-09-28,108.0171,8.8407,76.47,1.2085
2010-09-29,89.1033,7.9598,105.85,1.2143
2010-09-30,112.4867,7.3544,115.66,1.3321
2010-10-01,94.7164,6.7857,120.14,1.2739
2010-10-04,80.0627,6.6159,101.98,1.352
2010-10-05,99.9224,5.9111,109.85,1.0164
2010-10-06,97.2617,7.1702,114.42,1.2095
2010-10-07,100.3031,7.8903,112.12,1.0533
2010-10-08,79.3206,4.9906,96.68,1.1458
2010-10-11,101.2847,5.4769,126.18,0.8439
2010-10-12,104.2429,8.7734,87.11,1.1187
2010-10-13,84.0197,5.5846,141.58,1.3257
2010-10-14,84.9732,5.557,95.33,0.9737
2010-10-15,104.2676,5.8523,83.46,1.2673
2010-10-18,117.1803,7.1861,79.1,1.3259
2010-10-19,111.4315,7.3504,129.95,1.1823
2010-10-20,81.4125,6.7328,134.78,1.0849
2010-10-21,112.0252,8.9486,103.06,1.0749
2010-10-22,83.7585,9.2728,118.61,1.1053
2010-10-25,93.8664,8.3092,105.32,1.1775
2010-10-26,92.3374,8.2573,109.76,1.1896
2010-10-27,108.1222,7.974,105.52,1.1934
2010-10-28,107.2095,5.026,137.23,1.0085
2010-10-29,94.5905,7.3811,102.41,1.2237
2010-11-01,99.5288,5.3884,88.44,1.1065
2010-11-02,86.2368,4.4728,120.38,0.9212
2010-11-03,96.6628,4.7329,134.47,1.106
2010-11-04,109.7662,5.2617,108.75,1.0867
2010-11-05,96.9366,7.7071,104.19,1.0321
2010-11-08,89.9818,6.5388,112.93,1.0903
2010-11-09,108.2083,6.3874,103.15,1.1169
2010-11-10,91.621,7.2885,89.92,1.0126
2010-11-11,97.29,8.7693,148.37,1.3102
2010-11-12,98.6388,8.5526,118.38,0.9819
2010-11-15,97.7074,7.6157,110.58,1.1392
2010-11-16,90.1484,6.6139,99.0,0.8466
2010-11-17,94.5992,7.9788,132.02,1.1395
2010-11-18,92.1029,6.0597,74.33,1.2682
2010-11-19,93.4269,5.257,97.12,0.9918
2010-11-22,73.1895,4.9614,99.09,1.1631
2010-11-23,91.0249,7.2044,100.07,1.4171
2010-11-24,91.6188,6.1539,97.81,1.1063
2010-11-25,108.1615,7.6582,118.18,1.2632
2010-11-26,106.5827,7.7009,104.46,1.0061
2010-11-29,79.0791,6.0996,79.0,1.103
2010-11-30,82.8647,6.5184,148.94,0.9628
2010-12-01,101.3155,8.2155,82.08,1.0612
2010-12-02,95.9497,9.2904,87.58,1.1074
2010-12-03,88.3134,6.3049,126.34,1.0495
2010-12-06,85.7573,8.0514,108.35,0.9524
2010-12-07,90.1263,6.3813,126.17,1.0518
2010-12-08,89.6728,5.6178,106.81,1.216
2010-12-09,82.4968,5.8146,111.42,1.0351
2010-12-10,99.5719,9.2639,102.98,1.0294
2010-12-13,109.6623,5.7624,100.64,0.9711
2010-12-14,93.5696,5.092,107.71,1.1568
2010-12-15,97.5739,10.2774,132.47,1.0245
2010-12-16,74.8687,8.2622,77.26,1.1888
2010-12-17,84.6481,7.8826,112.88,0.9823
2010-12-20,78.1989,8.9374,89.01,1.1133
2010-12-21,100.9879,8.9744,101.51,1.2321
2010-12-22,104.7924,9.0072,109.76,1.0035
2010-12-23,84.0842,8.2298,135.48,1.3891
2010-12-24,89.5823,6.9173,151.4,1.1346
2010-12-27,85.0215,4.9383,127.73,1.1072
2010-12-28,90.6201,9.4141,143.2,1.1942
2010-12-29,80.6122,5.4342,139.55,1.3021
2010-12-30,102.8544,7.7246,155.23,0.8628
2010-12-31,86.8124,8.5083,150.63,0.8898
2011-01-03,83.7052,4.0351,68.89,0.9181
2011-01-04,84.3594,7.528,119.26,1.3562
2011-01-05,91.3261,9.3219,127.55,1.1018
2011-01-06,106.9388,5.9051,125.2,1.2473
2011-01-07,97.4664,8.0542,90.98,1.0614
2011-01-10,96.1207,8.1869,99.78,1.1845
2011-01-11,88.3192,5.2633,124.34,1.1264
2011-01-12,86.0095,8.5165,139.69,1.2314
2011-01-13,97.6231,6.5308,104.9,1.0804
2011-01-14,103.5773,5.1573,127.1,1.069
2011-01-17,106.1682,9.8752,125.89,0.9666
2011-01-18,94.9532,7.048,110.68,1.2842
2011-01-19,82.8721,6.0407,115.65,0.9834
2011-01-20,88.6728,6.7747,126.19,1.2234
2011-01-21,94.5516,6.8781,133.4,1.0873
2011-01-24,98.0319,8.4452,111.21,0.781
2011-01-25,96.0898,7.8989,136.74,1.1657
2011-01-26,105.1422,8.033,96.08,1.0764
2011-01-27,100.7648,5.1753,134.06,1.1124
2011-01-28,101.8985,7.3295,112.05,0.8901
2011-01-31,106.7379,5.6743,116.58,1.1061
2011-02-01,97.9458,9.9899,112.54,1.0228
2011-02-02,107.3053,7.5849,101.13,1.2414
2011-02-03,92.0088,5.4037,78.7,0.8171
2011-02-04,90.6441,6.2683,100.07,1.1055
2011-02-07,111.5277,6.2889,126.74,1.0564
2011-02-08,94.9332,5.0472,111.53,1.2251
2011-02-09,116.829,5.0702,116.97,1.1566
2011-02-10,75.5339,5.7024,118.46,1.1459
2011-02-11,98.337,7.6332,107.8,1.3342
2011-02-14,100.6371,4.0555,143.88,0.9464
2011-02-15,118.3318,7.0921,109.25,1.1348
2011-02-16,105.7266,8.9674,95.93,1.0932
2011-02-17,91.1863,8.7234,65.4,1.1142
2011-02-18,98.1419,7.3862,103.77,0.993
2011-02-21,87.9098,8.7439,69.93,1.0408
2011-02-22,88.9374,8.5027,165.14,1.2002
2011-02-23,100.9939,7.0977,85.45,0.9652
2011-02-24,98.2162,8.9549,94.94,1.1559
2011-02-25,113.7733,8.5899,118.85,1.2953
2011-02-28,68.3951,6.4616,115.25,1.079
2011-03-01,93.8951,9.4563,115.77,1.2122
2011-03-02,102.9838,6.9303,113.29,1.2375
2011-03-03,108.8733,7.1437,132.07,0.6435
2011-03-04,97.3284,7.2366,119.72,0.9962
2011-03-07,96.1374,4.9526,110.34,0.8619
2011-03-08,101.0742,6.829,139.64,0.7368
2011-03-09,124.7057,7.7766,90.56,1.1916
2011-03-10,103.5332,9.8518,104.17,0.9565
2011-03-11,85.4547,5.7597,101.34,1.1921
2011-03-14,87.674,6.7917,106.38,1.0952
2011-03-15,99.485,6.9036,122.88,1.3303
2011-03-16,87.4982,10.1876,92.65,0.9769
2011-03-17,103.5366,5.5446,138.45,0.8561
2011-03-18,97.2354,6.7508,98.09,1.0948
2011-03-21,94.2668,6.3097,125.72,1.0434
2011-03-22,98.0027,6.4736,114.6,1.0686
2011-03-23,81.7989,5.5648,119.66,1.2079
2011-03-24,88.0666,6.6752,97.88,0.9885
2011-03-25,92.6589,8.6747,118.08,1.161
2011-03-28,95.4266,6.0253,94.02,1.2928
2011-03-29,96.3515,5.9075,126.55,1.1156
2011-03-30,96.4749,6.4808,110.87,1.0659
2011-03-31,116.4527,9.6044,124.48,1.24
2011-04-01,79.1011,7.6124,92.87,1.0953
2011-04-04,108.1493,7.4261,101.98,1.2301
2011-04-05,100.6733,7.8299,121.72,1.1198
2011-04-06,87.9512,5.8542,99.08,1.1948
2011-04-07,96.71,10.8963,97.18,1.2382
2011-04-08,89.4851,7.7976,90.17,1.1057
2011-04-11,92.6954,6.3978,127.91,0.9914
2011-04-12,98.5937,5.1262,113.96,1.1633
2011-04-13,100.588,8.5617,121.05,0.7335
2011-04-14,97.5008,8.6918,136.6,1.2383
2011-04-15,105.5007,5.8978,124.05,1.0069
2011-04-18,81.9314,5.3184,129.4,1.3385
2011-04-19,108.2155,7.2489,107.63,1.1084
2011-04-20,97.4011,7.9073,83.26,1.3391
2011-04-21,85.5516,5.0341,138.05,1.0961
2011-04-22,107.2732,6.0355,139.12,1.1519
2011-04-25,97.3812,8.3263,96.1,1.0415
2011-04-26,92.6174,7.9868,80.63,1.0094
2011-04-27,94.012,7.072,124.46,1.0271
2011-04-28,90.1929,7.6357,105.26,1.1327
2011-04-29,80.1673,5.8618,90.21,1.1226
2011-05-02,95.5973,5.2686,113.97,1.2949
2011-05-03,98.7606,7.7572,95.34,1.4175
2011-05-04,89.4759,8.4159,75.41,1.0657
2011-05-05,93.4572,4.957,107.56,1.4069
2011-05-06,69.5966,6.624,102.52,1.1418
2011-05-09,105.9345,7.1287,111.85,1.0731
2011-05-10,87.7666,7.4718,109.54,1.1537
2011-05-11,83.5769,6.7825,128.84,1.1731
2011-05-12,101.6419,7.5742,76.87,1.1072
2011-05-13,106.276,6.9889,134.87,0.7793
2011-05-16,98.6017,8.7744,143.07,1.0848
2011-05-17,103.7763,7.9992,87.17,1.3101
2011-05-18,95.3344,4.6305,126.26,1.3494
2011-05-19,90.5629,7.4592,101.74,1.17
2011-05-20,110.0357,8.3655,112.3,1.1655
2011-05-23,71.0216,10.1656,87.93,1.2281
2011-05-24,82.7082,6.8425,117.9,1.2576
2011-05-25,93.1658,6.4694,90.55,1.1689
2011-05-26,103.7196,9.2626,95.9,0.9252
2011-05-27,98.7063,3.4108,87.59,0.9918
2011-05-30,93.4102,4.9932,112.26,1.1699
2011-05-31,93.6475,5.7671,92.1,1.0728
2011-06-01,102.0329,7.1328,150.74,1.0965
2011-06-02,92.1561,6.3221,109.21,1.137
2011-06-03,96.9264,6.6643,103.23,1.0617
2011-06-06,97.9404,6.8503,107.88,0.9419
2011-06-07,83.7504,6.3777,73.73,1.1226
2011-06-08,86.8592,5.4588,67.58,1.2159
2011-06-09,91.0591,6.3507,125.95,1.3276
2011-06-10,98.0084,5.6178,107.52,1.0281
2011-06-13,106.0464,4.6712,78.77,1.2726
2011-06-14,87.5002,6.3402,142.68,1.183
2011-06-15,76.3948,8.7102,85.22,1.3751
2011-06-16,106.1374,7.4198,103.02,1.0867
2011-06-17,81.1407,9.1453,87.76,1.1295
2011-06-20,105.4639,6.9041,89.46,1.0622
2011-06-21,87.3916,6.4163,91.18,1.22
2011-06-22,88.0755,6.5841,70.01,1.3164
2011-06-23,93.8464,7.0678,72.56,1.1346
2011-06-24,85.6879,9.2093,89.54,1.0766
2011-06-27,103.587,7.9595,78.39,1.0424
2011-06-28,101.4913,8.0456,120.73,1.0759
2011-06-29,69.8574,5.3131,115.19,1.0581
2011-06-30,94.0904,6.9064,128.64,1.4132
2011-07-01,80.1358,7.702,86.34,1.0357
2011-07-04,96.1393,7.79,86.27,0.8435
2011-07-05,100.0992,5.7926,91.71,0.8484
2011-07-06,87.0626,6.1054,106.6,1.0649
2011-07-07,95.5111,6.994,109.11,1.1243
2011-07-08,94.2908,9.7452,127.44,1.1604
2011-07-11,99.1062,5.2605,118.31,1.3854
2011-07-12,94.6949,6.9459,104.2,1.0027
2011-07-13,85.9775,5.975,102.85,1.095
2011-07-14,101.0733,8.6199,119.21,1.2493
2011-07-15,98.395,5.6797,92.85,0.8328
2011-07-18,76.4446,5.0041,124.31,1.176
2011-07-19,91.1444,9.5427,123.77,1.2814
2011-07-20,85.3502,7.2444,116.48,1.198
2011-07-21,93.2435,7.1078,107.83,0.8336
2011-07-22,69.4174,8.1793,97.67,1.1759
2011-07-25,89.0366,7.2668,109.95,0.9219
2011-07-26,113.8098,6.2524,110.63,1.0617
2011-07-27,80.8142,7.2136,137.08,1.028
2011-07-28,94.8991,4.9629,122.46,1.2015
2011-07-29,113.4035,6.9464,87.33,1.2877
2011-08-01,98.9269,6.447,127.5,1.0168
2011-08-02,105.011,7.4524,90.8,1.0296
2011-08-03,93.1788,7.0755,116.77,1.0929
2011-08-04,81.1656,6.5015,110.44,1.1659
2011-08-05,84.8896,8.85,99.51,1.2463
2011-08-08,99.7884,5.6066,116.74,1.0354
2011-08-09,86.2673,8.8856,99.5,1.1953
2011-08-10,92.7573,8.5479,52.55,0.9826
2011-08-11,87.3397,10.0867,98.75,1.383
2011-08-12,76.8981,8.0059,94.84,1.0402
2011-08-15,66.9322,7.2325,116.35,1.2308
2011-08-16,102.8981,5.2025,128.42,1.2848
2011-08-17,80.5407,6.1044,111.3,1.2184
2011-08-18,83.0747,8.7472,116.21,0.8206
2011-08-19,95.0317,6.1204,75.77,1.0591
2011-08-22,92.8771,4.4204,159.2,1.1215
2011-08-23,90.7384,7.9453,99.04,0.9224
2011-08-24,98.7801,7.8607,131.76,0.8436
2011-08-25,99.9378,8.0182,172.47,1.333
2011-08-26,91.3122,5.029,109.75,1.2121
2011-08-29,85.9585,7.7802,124.17,1.0424
2011-08-30,104.1256,4.6181,73.43,0.9426
2011-08-31,94.1396,8.7572,90.67,1.3058
2011-09-01,89.5975,8.3379,114.27,1.2375
2011-09-02,91.9926,5.33,109.92,0.8058
2011-09-05,106.6245,5.2291,116.34,1.2878
2011-09-06,116.4921,7.1945,160.0,1.1518
2011-09-07,92.9959,8.0566,121.64,1.067
2011-09-08,91.3203,8.5121,67.98,1.2409
2011-09-09,101.18,5.2848,111.78,1.1556
2011-09-12,100.5832,8.9196,123.58,1.2719
2011-09-13,105.3265,5.714,108.33,1.1161
2011-09-14,95.16,6.2018,124.06,0.9024
2011-09-15,86.8003,5.6012,86.94,1.3865
2011-09-16,106.9554,8.4078,78.7,1.4395
2011-09-19,87.3115,6.8972,99.75,0.9086
2011-09-20,89.1161,7.1635,75.19,1.3689
2011-09-21,87.1682,7.1742,108.37,1.0635
2011-09-22,97.2009,7.8587,119.89,1.1572
2011-09-23,80.5766,5.5984,117.79,0.728
2011-09-26,86.9146,4.8055,142.84,1.029
2011-09-27,112.88,5.4344,139.89,1.1845
2011-09-28,104.5196,6.2247,130.68,1.0541
2011-09-29,104.0305,9.0966,108.75,1.2768
2011-09-30,104.7821,6.8163,114.03,1.2152
2011-10-03,114.7853,6.9733,150.24,1.2806
2011-10-04,88.0535,9.5822,119.31,1.01
2011-10-05,95.7421,6.6893,100.18,1.1545
2011-10-06,104.2023,5.295,113.6,1.0423
2011-10-07,91.7863,6.364,97.04,1.248
2011-10-10,98.9717,8.0486,94.07,0.8542
2011-10-11,89.9803,5.5476,127.8,0.9633
2011-10-12,98.3994,5.9672,84.24,0.8459
2011-10-13,100.1107,8.0995,110.59,1.0525
2011-10-14,103.7685,6.3549,111.15,1.1911
2011-10-17,102.8567,9.2032,116.12,1.0829
2011-10-18,100.5508,8.3442,119.68,1.4871
2011-10-19,73.2379,6.7865,117.01,1.3771
2011-10-20,97.6277,5.4847,89.74,0.9723
2011-10-21,94.3327,7.6896,91.29,1.0592
2011-10-24,94.699,7.0291,102.28,0.9283
2011-10-25,86.5135,8.1181,101.16,0.9086
2011-10-26,102.3431,7.2459,118.11,1.0141
2011-10-27,96.9656,7.2153,148.63,1.1998
2011-10-28,91.2813,5.8817,101.89,1.3905
2011-10-31,96.2435,8.532,133.28,1.1186
2011-11-01,100.7136,6.044,112.62,1.1531
2011-11-02,85.6102,8.6167,107.76,1.0643
2011-11-03,104.3878,7.8721,101.0,1.1662
2011-11-04,97.6144,7.7734,103.18,1.135
2011-11-07,102.3862,6.7425,122.78,0.9702
2011-11-08,90.507,8.1795,119.84,1.0518
2011-11-09,91.2938,5.0358,92.96,0.9212
2011-11-10,85.2966,4.7658,107.32,0.9438
2011-11-11,88.7325,7.9821,112.13,1.144
2011-11-14,98.2273,5.4066,77.67,1.3285
2011-11-15,95.5247,7.9309,111.9,1.1053
2011-11-16,97.8435,5.67,132.9,0.8722
2011-11-17,80.894,7.0953,124.11,1.1791
2011-11-18,94.1751,6.1771,100.17,1.2892
2011-11-21,107.6872,7.3098,79.02,1.1648
2011-11-22,92.8154,9.1962,93.28,1.2266
2011-11-23,99.3952,5.8153,146.99,1.1286
2011-11-24,89.9503,10.5384,105.94,1.3746
2011-11-25,104.5057,5.829,111.04,1.2208
2011-11-28,94.6298,7.7467,130.42,1.0505
2011-11-29,98.8434,5.1497,92.68,0.8864
2011-11-30,96.7964,5.917,94.3,1.0741
2011-12-01,117.2353,6.2904,127.22,1.2192
2011-12-02,90.9951,7.2252,144.85,1.1108
2011-12-05,112.8476,8.2828,85.94,1.2425
2011-12-06,81.6876,7.4271,119.13,1.2442
2011-12-07,97.3568,8.0235,113.36,1.1493
2011-12-08,103.382,6.3159,118.01,1.4727
2011-12-09,91.5044,6.9419,107.42,0.9375
2011-12-12,105.5344,7.4944,134.22,0.822
2011-12-13,110.4305,5.8689,109.09,1.0261
2011-12-14,94.5299,5.237,101.25,1.0829
2011-12-15,95.4001,5.8366,110.86,1.1132
2011-12-16,91.238,5.9876,114.34,0.9816
2011-12-19,80.2058,5.8376,83.01,0.9531
2011-12-20,90.3864,6.7251,111.67,1.0835
2011-12-21,98.6088,6.6059,60.22,0.9742
2011-12-22,102.1271,6.6991,107.65,1.1125
2011-12-23,93.8286,6.261,141.85,1.2018
2011-12-26,89.5696,6.4497,118.59,1.3232
2011-12-27,92.7769,5.706,97.72,0.9146
2011-12-28,91.3637,7.0839,129.47,0.95
2011-12-29,104.6206,8.3333,83.32,1.2624
2011-12-30,98.393,5.654,161.7,0.8238
2012-01-02,72.9426,5.4744,111.64,1.0381
2012-01-03,94.3214,7.2134,132.65,1.0384
2012-01-04,101.9525,8.8461,113.7,1.3682
2012-01-05,71.8383,2.5019,99.03,1.2766
2012-01-06,99.4023,3.9698,90.75,1.1943
2012-01-09,93.7401,7.4269,137.88,1.0474
2012-01-10,105.6715,7.7457,101.11,1.0622
2012-01-11,89.5278,7.029,136.69,1.1785
2012-01-12,91.6513,8.6157,81.57,1.2038
2012-01-13,91.0536,9.4386,75.59,1.5748
2012-01-16,96.3777,7.5674,97.71,1.2005
2012-01-17,105.7086,6.633,102.68,1.0096
2012-01-18,98.2427,5.5192,85.24,0.9711
2012-01-19,105.7396,7.7344,168.5,0.9963
2012-01-20,92.8395,6.9389,114.49,1.0182
2012-01-23,95.2874,8.1805,150.01,0.9139
2012-01-24,98.3915,5.8823,104.24,1.3329
2012-01-25,102.1486,4.6284,98.13,0.9414
2012-01-26,101.3638,6.5775,113.46,1.1688
2012-01-27,111.3816,7.0039,99.68,1.1808
2012-01-30,87.6927,7.0844,110.87,0.8512
2012-01-31,92.7065,4.1517,93.32,1.3267
2012-02-01,99.0189,5.7062,150.32,1.12
2012-02-02,108.7698,7.152,137.64,1.0449
2012-02-03,98.6449,7.2661,152.62,1.1353
2012-02-06,87.3937,7.2093,129.94,1.368
2012-02-07,104.7852,6.0879,125.7,1.1296
2012-02-08,89.8786,6.7953,99.01,1.1177
2012-02-09,92.7461,8.1399,98.31,0.956
2012-02-10,107.8464,7.4322,127.61,1.1476
2012-02-13,105.9601,7.3158,81.36,0.9724
2012-02-14,82.0997,7.26,85.63,1.0898
2012-02-15,111.9949,7.5637,115.39,0.8183
2012-02-16,98.5436,4.6306,125.24,1.2564
2012-02-17,100.1219,8.8051,87.72,0.9361
2012-02-20,63.4905,7.2999,130.45,1.1547
2012-02-21,87.7863,6.5219,115.85,1.2181
2012-02-22,93.363,4.7544,101.53,0.929
2012-02-23,87.5183,6.6383,94.17,1.2188
2012-02-24,88.4578,6.2259,74.36,0.9265
2012-02-27,94.6152,3.1336,133.13,1.0928
2012-02-28,97.5135,10.6253,94.19,1.2761
2012-02-29,98.5455,5.0458,86.95,1.1322
2012-03-01,81.8282,8.5582,85.24,1.4251
2012-03-02,94.5184,6.0413,83.39,0.9795
2012-03-05,89.8047,6.1316,118.0,1.071
2012-03-06,120.2879,7.5392,106.41,1.2149
2012-03-07,97.4368,6.397,74.9,1.1631
2012-03-08,88.041,8.0489,126.77,0.9114
2012-03-09,93.0094,6.4524,92.16,1.1821
2012-03-12,77.8647,6.1218,86.54,1.0233
2012-03-13,94.5502,8.1394,113.88,1.0302
2012-03-14,105.3095,7.6925,108.08,1.0791
2012-03-15,105.8824,4.707,85.9,0.9158
2012-03-16,115.8085,4.8398,107.73,1.1658
2012-03-19,90.2657,6.367,115.01,1.0186
2012-03-20,83.5766,7.206,99.53,0.7989
2012-03-21,94.6276,7.8452,137.99,1.3747
2012-03-22,97.4999,9.3621,98.93,1.2927
2012-03-23,94.1426,6.2287,135.5,1.199
2012-03-26,107.0989,4.7737,119.26,1.2074
2012-03-27,91.3376,7.2102,92.63,1.1634
2012-03-28,96.9817,4.3809,109.47,1.0433
2012-03-29,105.1976,5.2699,126.51,0.8955
2012-03-30,97.595,7.3123,158.74,1.0907
2012-04-02,108.8828,6.6262,114.68,1.1349
2012-04-03,114.1777,6.8559,152.68,1.0309
2012-04-04,100.166,9.3593,99.97,0.96
2012-04-05,85.6678,8.418,114.51,0.7928
2012-04-06,110.2738,5.4637,140.85,1.0973
2012-04-09,86.7596,7.5514,128.48,1.1738
2012-04-10,93.2208,6.0353,127.22,0.9624
2012-04-11,81.5825,6.5426,108.13,1.0316
2012-04-12,87.4762,7.0608,98.19,1.1202
2012-04-13,83.7758,8.8731,126.37,1.2169
2012-04-16,94.8883,4.0864,90.23,1.2369
2012-04-17,80.4389,5.7734,137.0,1.0478
2012-04-18,85.5784,4.6001,120.93,1.2288
2012-04-19,91.8706,6.5308,105.81,1.1012
2012-04-20,108.9991,6.2599,139.26,1.2446
2012-04-23,91.1605,5.1791,98.93,1.2926
2012-04-24,80.917,7.2231,98.62,1.2665
2012-04-25,85.8313,6.6198,138.42,1.1029
2012-04-26,118.7255,8.1145,67.57,0.9412
2012-04-27,82.4988,8.6272,119.53,1.3042
2012-04-30,80.5637,8.3068,135.99,0.9777
2012-05-01,97.1739,5.755,105.36,1.163
2012-05-02,97.3243,5.7081,85.25,1.1263
2012-05-03,101.6953,8.0419,125.66,0.9156
2012-05-04,79.733,5.4881,80.07,1.2472
2012-05-07,93.8555,6.0941,97.01,1.0737
2012-05-08,90.8557,4.0898,109.23,0.9779
2012-05-09,109.8256,7.7773,110.2,1.1416
2012-05-10,106.6644,5.8641,80.84,1.1484
2012-05-11,75.8488,6.6941,112.47,0.8281
2012-05-14,104.8043,6.6745,120.05,1.1342
2012-05-15,90.5605,6.7891,123.95,1.2445
2012-05-16,93.399,5.8911,133.13,0.9344
2012-05-17,90.4691,5.5089,99.49,1.1404
2012-05-18,77.101,6.9165,137.72,1.1703
2012-05-21,92.133,6.9614,71.49,1.0316
2012-05-22,83.2414,6.9732,145.91,1.1148
2012-05-23,96.8276,4.9645,105.41,0.9392
2012-05-24,89.4386,9.2238,124.35,0.7686
2012-05-25,96.6183,5.8122,74.77,1.3292
2012-05-28,84.2099,7.4584,71.03,0.8777
2012-05-29,80.8761,8.2543,107.39,1.0371
2012-05-30,102.0728,6.2335,94.29,1.1147
2012-05-31,78.0285,6.3238,104.71,1.1289
2012-06-01,104.3705,7.707,120.58,0.966
2012-06-04,102.8431,7.4388,142.77,1.2784
2012-06-05,93.0551,6.7159,71.0,0.828
2012-06-06,96.1116,5.8851,111.86,1.1241
2012-06-07,85.6715,4.8367,79.83,1.099
2012-06-08,95.4637,5.4579,105.48,1.0399
2012-06-11,75.4,5.987,140.66,1.1204
2012-06-12,97.8099,4.6877,83.18,0.8768
2012-06-13,90.4456,6.3872,66.91,1.019
2012-06-14,93.2986,7.1921,106.85,1.0471
2012-06-15,76.9664,7.042,83.42,1.207
2012-06-18,102.6657,7.5517,127.11,1.039
2012-06-19,111.6875,4.1317,82.58,1.3875
2012-06-20,93.7794,8.6498,101.64,0.8919
2012-06-21,93.1391,6.3402,101.26,1.0941
2012-06-22,112.9284,5.6422,91.87,1.1524
2012-06-25,96.9915,7.2484,102.84,1.1857
2012-06-26,90.6059,5.292,76.42,1.279
2012-06-27,73.3995,6.1526,124.32,1.0275
2012-06-28,106.9934,8.6709,107.95,0.8989
2012-06-29,90.0921,5.6672,115.61,0.9657
2012-07-02,101.4519,10.5518,95.63,1.0408
2012-07-03,104.5675,7.5264,106.07,0.9277
2012-07-04,98.709,8.9534,128.89,1.1555
2012-07-05,97.7668,6.3657,130.08,1.2379
2012-07-06,90.1598,6.9302,103.7,1.0406
2012-07-09,97.0566,7.138,115.41,1.2896
2012-07-10,96.4772,8.6262,133.01,1.2218
2012-07-11,97.4386,7.0794,96.29,1.2773
2012-07-12,81.0506,6.9447,110.85,0.9193
2012-07-13,83.725,7.8608,74.5,1.3843
2012-07-16,86.0467,8.3617,88.23,0.9608
2012-07-17,106.1526,8.4306,143.09,1.209
2012-07-18,97.0614,9.2242,89.19,1.1165
2012-07-19,76.2177,6.8761,112.59,1.0106
2012-07-20,105.0241,6.052,75.89,0.9789
2012-07-23,107.2273,9.6315,111.56,1.3633
2012-07-24,95.6117,8.2263,144.15,1.2636
2012-07-25,115.4677,9.6936,148.32,1.2272
2012-07-26,101.9755,7.4209,105.64,1.045
2012-07-27,104.9399,6.6804,122.84,1.0337
2012-07-30,111.0551,5.791,129.34,1.2163
2012-07-31,100.4388,6.3658,92.17,0.9364
2012-08-01,89.0426,6.123,131.94,1.1166
2012-08-02,86.7342,7.8574,101.01,1.1891
2012-08-03,85.6654,6.8628,146.75,0.9062
2012-08-06,93.4597,7.8066,115.94,1.2928
2012-08-07,92.8522,4.2058,117.01,1.0275
2012-08-08,88.1237,7.2786,80.14,1.0948
2012-08-09,113.4476,9.2007,88.57,1.0456
2012-08-10,101.9658,6.7049,127.15,1.0475
2012-08-13,102.1153,4.8645,101.49,1.0046
2012-08-14,95.5817,8.7556,97.26,0.9009
2012-08-15,100.176,7.1156,123.13,1.1358
2012-08-16,96.2803,7.8003,112.44,1.1632
2012-08-17,90.5197,6.0986,134.95,0.7968
2012-08-20,96.5811,9.233,114.27,1.1615
2012-08-21,79.3192,6.2601,122.62,1.106
2012-08-22,92.6894,9.2926,52.46,1.2064
2012-08-23,96.1721,6.2229,88.43,1.0486
2012-08-24,96.0513,7.0541,125.45,1.2857
2012-08-27,90.2063,7.9494,112.32,1.2442
2012-08-28,93.0202,9.9279,142.58,1.3233
2012-08-29,101.8459,4.6129,84.72,1.1429
2012-08-30,88.6965,4.4965,93.18,1.0891
2012-08-31,87.4818,9.4872,113.36,1.1513
2012-09-03,110.852,6.2687,79.1,0.9744
2012-09-04,90.2607,5.2082,137.21,0.8993
2012-09-05,92.3584,7.4243,104.11,1.0269
2012-09-06,92.5351,5.7651,91.22,1.3004
2012-09-07,101.8994,5.7359,100.45,1.1826
2012-09-10,94.0173,8.1902,144.27,0.9683
2012-09-11,84.357,11.1519,127.69,1.057
2012-09-12,83.5185,7.9563,101.11,1.1315
2012-09-13,80.1704,7.7463,91.84,1.1915
2012-09-14,97.6159,6.8954,120.1,0.9855
2012-09-17,90.6213,8.3928,109.5,1.2246
2012-09-18,101.2952,3.545,132.63,0.9877
2012-09-19,99.7237,6.3331,95.57,1.0418
2012-09-20,88.483,5.4895,128.89,1.0612
2012-09-21,102.2133,9.655,124.45,1.015
2012-09-24,92.7856,7.4854,117.38,1.1933
2012-09-25,107.427,4.8113,125.7,0.9631
2012-09-26,100.9689,6.1876,118.79,1.0332
2012-09-27,99.7528,7.5007,80.02,1.0531
2012-09-28,109.0952,8.1116,111.16,1.329
2012-10-01,93.8396,5.132,79.23,1.2284
2012-10-02,87.2454,6.0838,120.46,1.1655
2012-10-03,96.96,4.9149,108.22,1.0727
2012-10-04,90.5759,6.6906,78.96,1.1685
2012-10-05,121.6986,8.3653,105.84,1.0125
2012-10-08,90.7663,3.0901,98.09,1.0877
2012-10-09,90.1308,5.777,147.4,0.8392
2012-10-10,87.0474,5.7227,99.57,1.1723
2012-10-11,112.6001,9.2706,122.43,1.0733
2012-10-12,79.7403,4.7079,128.52,0.8115
2012-10-15,90.5309,8.0613,90.66,0.9007
2012-10-16,91.7375,9.2826,97.02,0.8275
2012-10-17,90.03,7.9249,109.28,1.4578
2012-10-18,93.1308,6.5083,87.12,1.0608
2012-10-19,102.9128,8.509,101.5,1.0975
2012-10-22,80.4159,6.0192,122.71,1.0336
2012-10-23,89.4095,8.2599,139.76,0.931
2012-10-24,99.9694,9.7549,90.65,1.0144
2012-10-25,101.3971,8.4767,116.95,0.8794
2012-10-26,106.5233,9.8768,153.33,0.9976
2012-10-29,90.0764,3.9723,143.61,0.8728
2012-10-30,74.8642,6.0619,76.45,0.9911
2012-10-31,96.9303,7.9474,103.04,1.1774
2012-11-01,109.2472,6.4587,57.73,1.086
2012-11-02,95.2653,9.1317,75.93,1.1547
2012-11-05,100.8834,10.6459,117.6,1.2027
2012-11-06,90.3098,7.9812,104.61,0.9271
2012-11-07,88.4253,6.0389,116.33,0.8938
2012-11-08,99.0958,9.2409,94.63,1.303
2012-11-09,77.1401,8.7534,87.13,1.0971
2012-11-12,98.5702,6.827,105.98,1.0531
2012-11-13,96.1784,6.6121,120.11,0.9481
2012-11-14,102.8965,9.2641,107.23,1.1118
2012-11-15,90.0104,9.1034,114.63,1.1255
2012-11-16,104.273,3.696,132.96,1.0592
2012-11-19,100.7651,5.3753,144.42,1.1499
2012-11-20,101.2501,9.0123,125.82,1.1626
2012-11-21,84.1807,4.9559,105.29,1.0919
2012-11-22,83.4487,7.2325,98.35,0.9618
2012-11-23,79.0761,8.9701,80.85,1.3217
2012-11-26,94.7359,6.8139,127.48,1.1875
2012-11-27,85.1132,8.0978,115.68,1.3071
2012-11-28,99.9944,7.0028,130.09,1.3834
2012-11-29,89.9683,6.245,130.32,1.217
2012-11-30,82.442,6.4829,135.48,1.0009
2012-12-03,89.8135,8.5517,110.32,1.1132
2012-12-04,98.1412,7.3703,127.1,1.1697
2012-12-05,91.3993,6.6805,75.76,0.9914
2012-12-06,93.0189,9.7682,98.52,1.1294
2012-12-07,96.2886,6.0691,153.83,1.1008
2012-12-10,91.1779,6.6253,103.19,1.2178
2012-12-11,87.9046,7.2977,145.99,1.084
2012-12-12,95.6309,7.0984,127.62,1.4149
2012-12-13,76.654,6.968,107.81,1.2881
2012-12-14,89.139,3.4556,130.81,0.9706
2012-12-17,85.6747,8.0265,138.41,1.1361
2012-12-18,93.295,7.5559,123.44,1.2426
2012-12-19,97.2688,4.9776,156.3,1.071
2012-12-20,93.6147,6.9439,128.5,1.1231
2012-12-21,97.1968,6.2731,112.67,0.8853
2012-12-24,92.105,5.5274,85.37,1.4238
2012-12-25,91.7112,9.0037,87.18,1.0941
2012-12-26,101.4242,10.6612,95.06,1.2727
2012-12-27,84.0446,6.7597,85.45,1.2164
2012-12-28,88.8808,6.2429,85.57,0.9518
2012-12-31,97.8103,7.1517,105.52,0.7202
2013-01-01,99.6867,4.9954,106.45,1.0592
2013-01-02,96.9392,9.2557,121.93,1.1551
2013-01-03,87.3889,6.3591,113.34,1.0984
2013-01-04,96.0763,8.2319,109.73,1.1596
2013-01-07,100.8528,7.8021,94.03,1.3225
2013-01-08,85.1385,7.3463,160.03,1.1519
2013-01-09,112.7871,7.7203,115.07,1.1555
2013-01-10,101.2513,6.9393,95.98,1.1381
2013-01-11,82.277,7.8071,107.1,0.9113
2013-01-14,114.0584,7.8811,106.8,1.1068
2013-01-15,86.8757,5.4426,120.97,1.2131
2013-01-16,105.4526,6.4109,107.47,0.8782
2013-01-17,83.5822,5.4352,113.14,1.2297
2013-01-18,90.5962,5.2698,115.4,1.061
2013-01-21,75.1334,5.9399,100.47,1.2135
2013-01-22,85.3195,5.7842,122.66,1.1739
2013-01-23,82.276,6.9706,110.55,1.1954
2013-01-24,94.1476,7.1693,106.55,1.0387
2013-01-25,106.5021,8.8817,87.83,0.8663
2013-01-28,95.6503,8.0466,114.52,1.2589
2013-01-29,78.3216,8.6346,110.73,1.2013
2013-01-30,112.3875,5.0653,113.94,0.9137
2013-01-31,88.1658,7.5046,86.55,1.012
2013-02-01,96.2012,8.5733,88.97,1.0614
2013-02-04,102.4552,8.4681,169.39,1.0798
2013-02-05,104.4789,5.7352,108.67,0.9379
2013-02-06,89.0317,7.6161,104.46,1.195
2013-02-07,108.9766,3.5998,106.66,1.0248
2013-02-08,93.7137,4.588,88.78,1.3796
2013-02-11,96.9486,4.689,78.88,1.0801
2013-02-12,69.7078,6.965,91.65,1.1902
2013-02-13,106.7492,5.8418,99.4,1.0908
2013-02-14,86.2378,9.3286,129.21,1.2964
2013-02-15,82.1687,7.199,71.41,1.2852
2013-02-18,106.8964,6.8115,127.83,1.184
2013-02-19,93.8982,6.2974,89.95,1.1646
2013-02-20,86.2975,6.2598,97.8,0.9641
2013-02-21,90.9258,3.3974,132.29,1.2618
2013-02-22,88.8184,7.798,116.78,0.8518
2013-02-25,87.3802,9.1175,103.26,0.9261
2013-02-26,105.8952,6.8475,131.87,1.3208
2013-02-27,89.7186,6.4518,109.85,1.2113
2013-02-28,94.8707,7.5285,114.71,1.1148
2013-03-01,85.4282,4.549,106.55,1.2207
2013-03-04,85.1407,9.5948,132.87,1.1767
2013-03-05,89.5308,4.2257,127.91,0.9318
2013-03-06,86.3658,6.3338,106.21,0.9472
2013-03-07,94.5008,6.175,98.58,1.1165
2013-03-08,108.0013,6.6926,89.95,1.0543
2013-03-11,117.9516,6.6775,94.74,1.1211
2013-03-12,88.0292,8.2016,110.48,1.0566
2013-03-13,106.0498,6.282,98.35,0.8966
2013-03-14,89.7146,10.1854,131.82,0.9498
2013-03-15,103.7325,7.4276,111.53,1.0891
2013-03-18,93.9814,6.7948,79.05,0.9319
2013-03-19,91.1139,7.9175,132.11,0.8811
2013-03-20,95.3187,6.1421,92.17,1.0545
2013-03-21,80.199,5.6223,107.19,1.0986
2013-03-22,82.0785,8.1449,110.89,1.164
2013-03-25,69.7065,6.1904,125.43,1.2514
2013-03-26,111.7835,4.9495,122.62,1.0055
2013-03-27,111.0388,5.3248,117.24,1.2302
2013-03-28,95.436,5.4524,86.55,1.1284
2013-03-29,108.9879,7.1924,81.98,1.0181
2013-04-01,96.1661,8.4787,135.22,1.1068
2013-04-02,84.9952,6.9956,151.26,1.3938
2013-04-03,92.6568,6.827,119.76,1.0188
2013-04-04,79.9498,5.9613,146.37,0.9817
2013-04-05,94.8542,4.5055,136.49,1.1974
2013-04-08,99.8692,5.719,84.49,1.1718
2013-04-09,97.9999,4.3101,71.3,1.319
2013-04-10,83.8531,7.3684,128.11,0.8862
2013-04-11,96.1928,8.3104,107.71,0.9579
2013-04-12,82.7927,7.6815,113.18,1.3126
2013-04-15,85.7159,4.0987,113.4,1.3843
2013-04-16,76.3548,6.7355,79.14,1.196
2013-04-17,98.8366,7.9188,133.37,0.8926
2013-04-18,95.5694,6.4415,87.85,1.0704
2013-04-19,99.1918,6.5669,132.5,1.1259
2013-04-22,109.8957,9.5115,98.84,0.9264
2013-04-23,111.6873,8.9189,91.28,1.1735
2013-04-24,91.362,5.917,152.35,1.3106
2013-04-25,106.8886,8.3171,111.92,1.1952
2013-04-26,92.5861,5.1493,116.38,1.2655
2013-04-29,91.22,7.6742,130.69,1.2944
2013-04-30,97.3125,8.471,100.48,1.1048
2013-05-01,96.0684,5.2702,106.61,0.9756
2013-05-02,95.628,6.5573,164.89,1.0993
2013-05-03,92.4972,4.8843,120.56,1.0948
2013-05-06,99.6387,7.6273,126.51,1.1502
2013-05-07,76.7244,9.5373,105.7,1.1754
2013-05-08,105.0138,2.8677,124.45,1.1332
2013-05-09,89.3683,5.957,153.01,1.1181
2013-05-10,91.1946,9.9214,119.47,0.9222
2013-05-13,89.5995,5.8188,101.02,1.0794
2013-05-14,83.5252,6.667,125.97,1.0764
2013-05-15,103.5447,7.8485,104.55,1.0876
2013-05-16,88.8761,5.9141,106.63,0.901
2013-05-17,90.8898,7.2335,107.62,1.1949
2013-05-20,102.0318,7.4599,114.46,1.0112
2013-05-21,104.6215,5.9772,103.36,1.1779
2013-05-22,93.0263,7.2318,99.19,0.9899
2013-05-23,94.9273,5.6714,89.52,1.4215
2013-05-24,99.2226,5.8486,122.98,1.1039
2013-05-27,96.736,6.0934,120.47,0.9945
2013-05-28,99.4893,5.2531,85.09,0.9477
2013-05-29,88.5219,6.2116,118.24,1.2109
2013-05-30,94.7489,8.3587,129.28,1.2056
2013-05-31,86.772,6.9813,115.61,0.8821
2013-06-03,105.751,8.5098,76.17,1.0688
2013-06-04,101.2885,5.816,91.32,1.1016
2013-06-05,99.7848,6.9315,107.82,1.075
2013-06-06,97.3407,5.2974,112.23,1.1978
2013-06-07,90.1564,6.6049,66.75,1.0982
2013-06-10,81.9666,6.166,129.39,0.9519
2013-06-11,87.7189,8.4271,128.81,0.9411
2013-06-12,100.2748,5.3194,86.13,1.2445
2013-06-13,86.7869,7.2582,118.02,1.0564
2013-06-14,109.4869,5.9277,107.91,1.0548
2013-06-17,97.6842,7.6518,79.85,1.2011
2013-06-18,88.158,8.4451,76.81,1.2873
2013-06-19,98.0654,5.1528,101.1,0.9778
2013-06-20,115.4469,8.7369,94.99,0.9871
2013-06-21,97.7129,6.1978,110.61,1.2063
2013-06-24,115.3661,3.9871,80.01,0.9209
2013-06-25,94.3171,8.1518,122.23,1.0993
2013-06-26,88.2166,6.9984,121.21,1.1154
2013-06-27,99.0589,8.0191,85.93,1.0726
2013-06-28,84.1101,7.9009,82.81,1.425
2013-07-01,80.3459,6.4975,99.88,1.0969
2013-07-02,77.9361,8.3295,124.35,1.1908
2013-07-03,108.1956,5.133,126.82,0.9082
2013-07-04,93.4371,7.433,122.31,1.2616
2013-07-05,75.503,5.6362,119.59,1.1315
2013-07-08,104.7308,7.689,118.25,1.0737
2013-07-09,81.1338,5.0948,95.99,1.2232
2013-07-10,87.7235,8.4326,100.76,0.9874
2013-07-11,107.9886,5.7198,102.67,1.1232
2013-07-12,85.9417,4.5817,141.59,1.0524
2013-07-15,105.7002,7.9531,124.46,1.2096
2013-07-16,89.2197,7.2639,98.76,1.5214
2013-07-17,97.2926,4.3688,99.33,1.0413
2013-07-18,104.9971,6.7317,118.19,0.8767
2013-07-19,96.6675,6.8148,129.1,1.1526
2013-07-22,95.9443,7.7388,106.63,1.0642
2013-07-23,98.2763,5.4994,112.94,1.1798
2013-07-24,82.1031,7.5108,43.6,1.3511
2013-07-25,96.9281,4.5178,132.88,1.159
2013-07-26,95.9887,7.4341,90.66,1.1383
2013-07-29,110.9865,7.932,106.45,1.1688
2013-07-30,92.7884,7.3491,126.07,1.1699
2013-07-31,103.7237,6.5223,104.46,0.7402
2013-08-01,98.6602,5.1418,119.72,1.0733
2013-08-02,80.3317,7.6143,130.93,1.0779
2013-08-05,89.3209,6.9822,93.79,1.2266
2013-08-06,95.4806,7.5772,93.36,0.9353
2013-08-07,99.7174,9.7845,128.66,0.9724
2013-08-08,89.185,4.8019,111.84,1.0697
2013-08-09,90.9139,8.6848,98.62,0.9829
2013-08-12,100.5645,9.0114,72.94,1.0641
2013-08-13,101.1661,5.2254,107.58,1.2164
2013-08-14,90.7112,5.5303,102.1,1.1309
2013-08-15,91.8436,7.9729,115.93,1.2015
2013-08-16,101.6914,6.7598,114.3,1.1192
2013-08-19,88.0285,7.9514,105.91,0.7778
2013-08-20,99.1076,9.0008,104.09,0.9258
2013-08-21,99.6382,5.6025,76.08,0.9682
2013-08-22,77.0702,7.5692,110.02,0.9656
2013-08-23,110.067,2.7052,115.14,1.2907
2013-08-26,108.3641,7.4505,75.08,1.1222
2013-08-27,102.5924,7.7455,98.84,1.0779
2013-08-28,105.3611,9.246,112.36,1.1224
2013-08-29,95.9181,3.5339,115.14,1.0707
2013-08-30,104.679,6.2488,74.33,0.9334
2013-09-02,88.1411,9.1571,128.91,1.1742
2013-09-03,81.6291,7.9942,129.12,1.1643
2013-09-04,95.8618,6.0211,119.23,0.9907
2013-09-05,97.8737,11.7713,98.37,0.9418
2013-09-06,94.5531,9.2018,120.07,1.0578
2013-09-09,89.9812,7.111,115.14,1.2899
2013-09-10,88.8359,6.5572,122.64,1.1397
2013-09-11,89.2788,5.8858,95.3,0.9056
2013-09-12,94.1502,7.2476,108.17,1.3338
2013-09-13,79.2195,8.2129,106.9,1.5308
2013-09-16,95.3816,6.6633,123.85,1.2028
2013-09-17,91.947,6.7961,111.07,1.0681
2013-09-18,102.3813,6.8683,106.61,0.964
2013-09-19,84.114,7.9449,96.48,1.4005
2013-09-20,95.1328,5.7964,86.88,1.2062
2013-09-23,92.3483,4.1765,88.81,1.07
2013-09-24,91.2489,5.947,115.41,1.0582
2013-09-25,98.7963,7.5964,110.33,1.2568
2013-09-26,99.2625,6.1297,88.17,0.8502
2013-09-27,104.3823,7.2411,115.21,1.3534
2013-09-30,110.3943,5.6847,126.46,1.2787
2013-10-01,107.3784,6.4884,92.8,1.1661
2013-10-02,86.0742,8.0246,113.88,1.2474
2013-10-03,68.7624,6.1205,127.37,1.2297
2013-10-04,90.7978,10.4581,82.92,1.0727
2013-10-07,93.9239,6.9641,102.7,1.3155
2013-10-08,102.5258,8.9164,108.05,1.3404
2013-10-09,100.2702,4.7443,112.07,0.9423
2013-10-10,101.0942,8.5599,138.86,1.2336
2013-10-11,88.6335,9.7923,100.46,1.2218
2013-10-14,84.3907,7.559,106.55,1.3387
2013-10-15,96.2629,8.3374,132.96,1.2211
2013-10-16,115.8502,5.0144,110.63,1.0541
2013-10-17,91.385,6.845,114.47,1.134
2013-10-18,81.9959,3.3603,143.93,1.4156
2013-10-21,100.5662,5.9363,111.41,1.0231
2013-10-22,94.6374,9.0833,98.86,0.9657
2013-10-23,95.1482,2.4316,44.32,0.8241
2013-10-24,103.7179,6.9026,97.64,0.9223
2013-10-25,93.6063,9.0179,97.11,1.3132
2013-10-28,74.5448,9.0804,127.33,0.9444
2013-10-29,86.4384,6.5711,123.81,1.0772
2013-10-30,93.2676,5.8867,127.33,1.0633
2013-10-31,103.9474,7.1984,77.44,1.0088
2013-11-01,89.7092,6.9916,107.2,1.0986
2013-11-04,100.0927,8.7807,71.4,0.9561
2013-11-05,105.6646,7.4721,87.45,1.1129
2013-11-06,109.0598,5.4069,87.58,1.2451
2013-11-07,87.9355,7.337,55.77,0.9815
2013-11-08,95.6391,6.8958,128.66,0.9861
2013-11-11,96.5711,7.7786,134.58,0.9263
2013-11-12,92.6765,5.7459,145.12,0.8559
2013-11-13,110.1704,6.9363,105.6,1.319
2013-11-14,91.5216,7.3199,114.58,1.0726
2013-11-15,105.2216,6.6772,114.69,0.9451
2013-11-18,89.9279,7.5902,135.32,0.9604
2013-11-19,102.3149,7.5585,124.69,0.9091
2013-11-20,109.1193,7.2938,94.87,0.9478
2013-11-21,108.9499,9.0604,147.64,1.1028
2013-11-22,92.2063,8.1915,120.49,1.0623
2013-11-25,92.5121,7.4017,122.04,1.3137
2013-11-26,100.1904,6.7185,121.77,1.2546
2013-11-27,106.2414,5.9391,108.55,1.032
2013-11-28,93.5165,5.9652,136.04,1.1718
2013-11-29,104.0008,5.7496,161.56,1.2155
2013-12-02,80.572,4.9624,138.57,0.9845
2013-12-03,98.7304,6.2785,76.19,1.2774
2013-12-04,101.4064,9.068,86.88,1.137
2013-12-05,84.2673,7.0694,107.26,0.9444
2013-12-06,94.607,5.2152,111.52,0.9857
2013-12-09,104.7458,6.7918,132.53,1.067
2013-12-10,80.5252,7.2757,95.99,0.8729
2013-12-11,89.9028,6.6872,122.11,1.4307
2013-12-12,80.4982,7.201,91.25,1.262
2013-12-13,114.5529,8.1332,102.18,1.1973
2013-12-16,79.7006,6.5207,83.26,1.2011
2013-12-17,78.403,6.7988,118.86,1.1306
2013-12-18,101.7731,7.3953,117.02,1.3464
2013-12-19,100.4797,7.8146,112.15,1.5099
2013-12-20,84.7801,6.3962,112.4,1.2087
2013-12-23,102.77,6.5265,136.71,0.9219
2013-12-24,106.0095,9.8078,90.07,1.2312
2013-12-25,88.7744,7.9181,120.08,0.9787
2013-12-26,102.9793,5.7522,107.01,1.0411
2013-12-27,114.9153,8.6526,88.64,1.0607
2013-12-30,93.2849,10.0013,129.62,1.0972
2013-12-31,76.7866,6.2664,89.83,1.1573
2014-01-01,91.0502,7.505,131.31,0.9152
2014-01-02,119.0622,6.5245,106.13,1.1803
2014-01-03,71.2613,9.4751,118.18,1.0814
2014-01-06,97.8437,5.0501,124.63,1.1634
2014-01-07,88.8226,7.3936,85.01,1.3062
2014-01-08,104.9367,7.567,130.68,1.2156
2014-01-09,93.1197,6.65,140.4,1.242
2014-01-10,96.6122,6.0887,97.93,1.2275
2014-01-13,88.7129,7.8156,105.31,0.9495
2014-01-14,90.6017,6.9852,97.49,0.8643
2014-01-15,105.0599,6.0367,95.15,0.8779
2014-01-16,111.1463,8.6505,105.51,1.1066
2014-01-17,107.2232,7.2531,92.12,1.2013
2014-01-20,88.1022,7.0894,104.46,1.0708
2014-01-21,88.4043,8.7464,118.71,0.8497
2014-01-22,93.856,8.3648,104.98,0.7835
2014-01-23,96.3309,6.1652,116.45,1.1592
2014-01-24,83.475,7.0394,106.93,1.0851
2014-01-27,88.1245,8.0073,89.61,1.1589
2014-01-28,88.1807,10.2255,135.95,1.0709
2014-01-29,88.3314,5.2534,124.68,0.8585
2014-01-30,85.7011,7.2612,133.94,1.1195
2014-01-31,98.4297,6.2362,135.66,0.8546
2014-02-03,82.2556,5.4162,50.84,0.924
2014-02-04,82.626,6.7473,118.15,1.2435
2014-02-05,104.2636,7.0028,83.12,0.7579
2014-02-06,89.6508,6.5021,116.28,0.9655
2014-02-07,86.4338,8.1815,106.22,1.1348
2014-02-10,90.307,5.998,90.7,1.1787
2014-02-11,97.3802,8.3535,125.39,1.18
2014-02-12,99.6464,5.5954,94.19,1.1043
2014-02-13,110.2091,7.3844,127.0,1.2006
2014-02-14,97.1309,9.2414,111.78,1.3949
2014-02-17,76.2104,7.4199,100.67,1.1553
2014-02-18,92.6227,6.0429,107.13,1.142
2014-02-19,79.628,5.5156,112.14,0.9934
2014-02-20,94.2581,6.144,92.08,1.3172
2014-02-21,93.8822,6.2534,98.39,1.0058
2014-02-24,81.4135,7.1991,125.22,1.0089
2014-02-25,107.9383,4.4326,164.02,1.1102
2014-02-26,99.7609,5.6971,118.97,1.0204
2014-02-27,107.4351,7.4463,100.72,1.3369
2014-02-28,82.4876,5.0636,153.16,1.2295
2014-03-03,104.79,6.8174,123.96,1.0878
2014-03-04,98.023,5.9751,99.73,1.4404
2014-03-05,104.7917,7.7531,84.25,0.8593
2014-03-06,102.0626,5.3903,120.57,1.3336
2014-03-07,92.1381,8.7153,119.67,1.1963
2014-03-10,86.1063,7.2892,134.63,0.8196
2014-03-11,99.0271,8.2905,100.82,1.069
2014-03-12,97.8554,7.2053,151.23,1.0942
2014-03-13,82.4211,5.7971,98.98,0.9659
2014-03-14,80.7525,9.6447,106.69,1.0027
2014-03-17,120.9154,6.4972,122.72,1.237
2014-03-18,91.045,7.3433,119.56,1.0889
2014-03-19,80.8493,5.6917,115.43,1.1895
2014-03-20,82.0205,6.9204,92.38,1.1358
2014-03-21,85.4173,5.5441,119.94,0.9674
2014-03-24,96.4745,6.0954,103.02,0.9666
2014-03-25,83.8815,5.8981,130.61,0.9587
2014-03-26,99.1289,10.2204,95.13,1.0185
2014-03-27,88.0797,7.3042,82.16,1.2016
2014-03-28,78.5699,8.0391,82.15,0.9109
2014-03-31,106.7602,5.2372,113.99,1.2746
2014-04-01,102.1418,7.205,82.97,1.1937
2014-04-02,96.9916,9.3723,116.87,1.1235
2014-04-03,106.1807,6.8136,93.15,1.2458
2014-04-04,91.3305,4.0533,120.23,0.9762
2014-04-07,97.773,7.5262,79.36,0.9546
2014-04-08,79.0054,5.345,126.58,0.8218
2014-04-09,78.9531,7.693,76.27,1.3525
2014-04-10,102.5592,8.2152,138.19,1.2219
2014-04-11,86.0862,7.5606,138.42,1.037
2014-04-14,98.3857,5.1671,131.5,1.2249
2014-04-15,104.672,6.9292,102.68,0.9505
2014-04-16,90.1794,9.8331,86.31,1.0996
2014-04-17,83.8949,7.5693,135.51,1.059
2014-04-18,92.2569,9.1546,69.36,0.9078
2014-04-21,99.2711,7.3282,90.36,1.0999
2014-04-22,106.8635,7.0479,107.78,0.9539
2014-04-23,102.131,8.3652,126.94,0.7642
2014-04-24,83.2917,6.0288,80.03,1.1674
2014-04-25,106.8142,8.9447,92.53,1.0703
2014-04-28,81.5347,6.865,120.41,1.0417
2014-04-29,91.0125,7.3832,104.26,1.1808
2014-04-30,89.0383,6.344,151.42,0.8687
2014-05-01,85.5558,7.3841,137.62,1.0632
2014-05-02,72.5971,7.8058,96.15,1.1824
2014-05-05,75.9846,5.5644,131.59,1.1915
2014-05-06,93.3003,9.0621,129.6,0.9461
2014-05-07,88.1616,9.158,134.85,1.2538
2014-05-08,105.949,6.3911,64.65,1.1879
2014-05-09,91.6854,9.8354,116.1,1.1346
2014-05-12,87.556,7.4106,117.39,1.2585
2014-05-13,96.3211,4.599,114.62,1.2272
2014-05-14,80.5967,8.3024,78.93,0.8778
2014-05-15,105.2043,7.8957,150.34,1.0883
2014-05-16,95.9269,8.8263,89.07,0.9903
2014-05-19,112.025,7.3364,135.58,1.1749
2014-05-20,82.7198,8.4547,108.96,1.1508
2014-05-21,77.0505,8.6556,90.41,1.0735
2014-05-22,77.277,7.635,102.75,1.0839
2014-05-23,99.9878,4.9494,132.89,0.8932
2014-05-26,91.2588,5.7225,105.65,1.1542
2014-05-27,101.1311,7.3599,112.61,1.1908
2014-05-28,84.1839,5.2144,70.78,1.0994
2014-05-29,80.6668,5.9036,93.72,0.8643
2014-05-30,86.9449,8.5304,94.5,1.2924
2014-06-02,90.8169,4.3569,104.47,1.0272
2014-06-03,98.5309,6.6444,72.39,1.2761
2014-06-04,116.495,8.0154,105.18,0.7299
2014-06-05,102.9692,7.5534,102.25,1.0096
2014-06-06,106.8087,7.888,129.5,0.9795
2014-06-09,88.9802,5.1298,144.37,1.1636
2014-06-10,85.4499,9.9703,92.42,1.0147
2014-06-11,82.2399,8.3816,87.62,1.1535
2014-06-12,90.1156,6.1771,155.76,0.9233
2014-06-13,83.7498,7.9558,81.28,1.2226
2014-06-16,107.7887,6.4263,131.16,0.9747
2014-06-17,98.3759,8.9747,110.57,1.0998
2014-06-18,77.9396,5.7335,114.44,1.3909
2014-06-19,87.3213,6.456,123.51,1.0729
2014-06-20,110.8085,9.4628,92.22,1.0497
2014-06-23,96.0514,7.8653,122.45,1.0331
2014-06-24,102.2394,6.4151,68.38,1.4047
2014-06-25,97.2232,6.0348,111.5,1.0605
2014-06-26,91.7912,7.0797,109.67,1.0603
2014-06-27,65.6431,7.4038,129.42,1.0728
2014-06-30,91.4012,6.655,117.83,0.9573
2014-07-01,75.3771,9.6155,102.73,1.0524
2014-07-02,100.8335,8.7259,121.08,1.052
2014-07-03,95.7332,7.5888,91.45,1.1668
2014-07-04,95.2442,4.7402,93.09,0.8844
2014-07-07,107.947,7.6884,69.17,0.8922
2014-07-08,99.2585,5.5381,111.71,1.1067
2014-07-09,84.8004,5.4942,79.59,1.2638
2014-07-10,101.3245,9.2669,133.51,1.0601
2014-07-11,91.1565,6.775,86.43,1.3087
2014-07-14,115.3276,7.8642,139.59,1.1332
2014-07-15,86.8325,7.6034,118.69,1.0751
2014-07-16,96.4551,6.2991,137.31,1.1166
2014-07-17,89.2838,6.1734,118.45,1.1824
2014-07-18,93.7551,6.8365,89.55,0.9421
2014-07-21,97.7072,6.6581,104.21,1.0857
2014-07-22,100.7563,3.5749,106.01,1.1311
2014-07-23,81.6855,5.518,109.02,1.2557
2014-07-24,88.145,6.7751,94.02,1.2275
2014-07-25,100.4965,7.801,144.79,1.0458
2014-07-28,95.6387,6.9643,126.39,1.1826
2014-07-29,94.0135,6.5106,116.47,0.9588
2014-07-30,81.5183,5.6411,106.85,0.9569
2014-07-31,102.7073,5.5235,117.82,0.7399
2014-08-01,79.5372,6.1608,113.21,1.1667
2014-08-04,106.6747,5.8145,115.0,0.974
2014-08-05,77.7551,6.1825,123.11,0.952
2014-08-06,110.7024,7.3178,105.26,1.2588
2014-08-07,91.2686,5.5313,112.95,0.9156
2014-08-08,87.1093,5.3211,123.35,1.1049
2014-08-11,104.6984,6.5418,82.21,1.1827
2014-08-12,87.6815,7.2028,104.72,1.1816
2014-08-13,98.8074,8.0822,114.45,0.9694
2014-08-14,97.1226,7.1118,127.35,1.1882
2014-08-15,91.6998,7.6137,120.1,1.3654
2014-08-18,87.3121,5.8359,103.61,1.0306
2014-08-19,93.5889,8.6884,128.68,0.9643
2014-08-20,82.5288,7.6895,109.73,1.2438
2014-08-21,94.3326,5.5182,101.37,0.8233
2014-08-22,102.9866,7.6695,120.16,1.0675
2014-08-25,87.066,6.6037,121.84,1.1205
2014-08-26,96.1434,7.5139,114.52,1.0297
2014-08-27,93.9219,5.0083,108.36,1.2253
2014-08-28,83.3773,7.2817,118.81,1.0667
2014-08-29,96.6239,6.8521,103.2,1.3976
2014-09-01,128.8116,8.4993,116.19,0.9033
2014-09-02,85.2096,6.6587,74.46,1.2044
2014-09-03,85.6415,3.7452,88.28,1.0965
2014-09-04,110.8643,7.2576,125.73,1.0312
2014-09-05,112.6559,7.0231,93.59,1.2342
2014-09-08,104.5419,7.4147,128.33,1.0624
2014-09-09,95.9056,7.115,78.44,0.9866
2014-09-10,94.3146,4.7058,87.71,1.1992
2014-09-11,94.0462,7.9162,108.88,0.9458
2014-09-12,100.1336,6.3287,138.16,1.0779
2014-09-15,85.7032,8.9454,110.01,1.1107
2014-09-16,91.9385,7.3493,114.11,1.142
2014-09-17,78.7709,6.0698,107.59,0.9988
2014-09-18,96.4655,8.4474,84.83,1.0973
2014-09-19,73.5893,8.9721,136.71,1.1165
2014-09-22,99.6804,6.1103,140.85,1.1095
2014-09-23,86.0198,7.2069,104.39,1.0317
2014-09-24,91.1309,3.7317,97.7,1.0835
2014-09-25,118.8817,5.6672,99.08,1.0029
2014-09-26,85.4322,6.7557,92.79,1.1181
2014-09-29,85.7922,5.4729,114.37,1.1575
2014-09-30,98.9067,8.9495,104.04,1.3043
2014-10-01,95.2191,6.7843,100.57,1.068
2014-10-02,103.8746,4.9542,81.6,0.862
2014-10-03,99.8406,8.4704,131.11,1.1493
2014-10-06,100.3533,5.446,116.0,0.9511
2014-10-07,108.9609,8.538,102.41,1.0806
2014-10-08,89.6526,5.9771,109.02,1.0298
2014-10-09,92.6759,7.3884,116.74,0.9833
2014-10-10,102.0034,6.83,71.58,1.0417
2014-10-13,96.3968,6.4866,111.49,1.2631
2014-10-14,86.0981,8.4513,123.36,0.9862
2014-10-15,69.7155,7.4385,118.4,1.0588
2014-10-16,99.9772,3.8561,83.18,1.0801
2014-10-17,94.9001,6.3846,102.01,0.9169
2014-10-20,85.434,9.3603,133.98,1.0335
2014-10-21,96.52,7.5679,162.46,1.084
2014-10-22,107.0323,5.5167,105.5,1.0161
2014-10-23,86.0497,7.8889,86.26,1.2775
2014-10-24,99.1245,7.3306,140.82,0.8242
2014-10-27,89.5493,5.1933,106.36,1.5405
2014-10-28,91.9898,5.9151,142.57,1.0922
2014-10-29,86.8747,7.9206,128.93,0.8673
2014-10-30,90.3239,7.4117,142.96,0.7672
2014-10-31,97.9736,8.4563,117.14,0.8328
2014-11-03,95.945,5.7,141.85,1.1657
2014-11-04,99.4451,8.2383,117.87,1.2172
2014-11-05,97.5552,10.1429,113.76,1.0819
2014-11-06,103.0602,8.1583,127.27,1.1712
2014-11-07,107.2221,7.3724,113.78,0.9738
2014-11-10,97.0922,8.9257,150.14,0.9079
2014-11-11,101.5106,6.3177,95.6,1.1511
2014-11-12,101.5047,3.6419,119.67,1.0212
2014-11-13,100.5071,6.2984,131.46,1.1631
2014-11-14,93.4808,3.2409,141.81,1.0629
2014-11-17,93.6166,7.8127,90.6,1.2738
2014-11-18,91.5474,8.3545,114.75,0.9258
2014-11-19,106.2102,5.978,106.08,0.8874
2014-11-20,98.5585,5.096,114.95,1.2196
2014-11-21,98.2219,6.8477,135.11,1.0307
2014-11-24,88.4879,6.7624,115.27,1.0018
2014-11-25,98.3638,6.5621,92.18,1.1695
2014-11-26,103.7733,6.1133,110.19,0.8966
2014-11-27,81.2275,5.0533,116.17,1.0039
2014-11-28,97.4463,5.5194,106.37,0.854
2014-12-01,110.7382,5.1734,135.75,1.1893
2014-12-02,83.8598,6.7244,92.06,1.1979
2014-12-03,89.9611,8.3476,98.35,0.9528
2014-12-04,103.6192,4.3963,95.28,0.9995
2014-12-05,116.5144,7.0405,53.44,1.1776
2014-12-08,92.7938,4.8673,98.66,1.2299
2014-12-09,103.2765,5.7711,88.14,1.2388
2014-12-10,77.9446,7.3124,75.98,0.8388
2014-12-11,80.8029,4.0644,103.26,1.2083
2014-12-12,93.1576,5.9962,111.84,1.0781
2014-12-15,98.3999,8.702,125.11,0.9711
2014-12-16,87.3982,6.9085,88.62,1.1758
2014-12-17,107.0605,3.9485,119.71,1.001
2014-12-18,94.9092,8.2895,96.29,1.0651
2014-12-19,74.5452,6.6509,120.13,0.9938
2014-12-22,100.1171,5.4183,116.53,1.0777
2014-12-23,99.3451,6.0752,116.1,0.7862
2014-12-24,99.8242,6.9129,108.26,1.3241
2014-12-25,77.6539,8.8113,93.22,1.2256
2014-12-26,83.7754,6.6289,98.82,1.0452
2014-12-29,96.3082,6.1047,117.19,1.14
2014-12-30,88.5513,7.2174,95.17,1.0311
2014-12-31,111.6395,3.936,112.57,1.0921
2015-01-01,83.2197,5.4922,128.2,1.0531
2015-01-02,82.545,6.7619,121.79,1.302
2015-01-05,106.9845,3.9374,75.3,1.2486
2015-01-06,118.818,6.7084,102.18,0.8569
2015-01-07,113.4564,7.2091,109.64,1.2575
2015-01-08,82.5797,6.1722,140.75,1.3667
2015-01-09,100.8621,5.8283,118.47,0.9826
2015-01-12,76.9052,8.9149,97.96,1.1748
2015-01-13,110.2902,7.0955,106.32,1.2673
2015-01-14,85.5001,6.9176,153.76,1.1671
2015-01-15,92.9775,6.5352,151.7,0.9661
2015-01-16,82.61,7.2002,113.78,1.2383
2015-01-19,111.1176,8.4129,124.1,0.7569
2015-01-20,76.6224,8.511,107.5,1.2923
2015-01-21,98.7125,5.9793,123.64,1.2011
2015-01-22,99.0916,6.5317,105.02,1.5645
2015-01-23,100.1604,7.9673,109.13,0.9576
2015-01-26,87.7813,6.7955,100.23,0.9533
2015-01-27,85.7501,7.2426,97.77,0.8689
2015-01-28,93.4596,8.0741,132.18,1.0667
2015-01-29,94.19,6.4639,113.26,1.025
2015-01-30,96.4451,7.394,72.87,0.9272
2015-02-02,93.0242,6.3662,154.53,0.7329
2015-02-03,88.9087,8.2818,115.05,1.1518
2015-02-04,86.0476,8.2181,107.7,1.0903
2015-02-05,94.6086,9.1234,123.17,0.9921
2015-02-06,100.6177,6.4741,112.3,0.857
2015-02-09,83.2078,7.1964,121.82,1.0206
2015-02-10,92.8236,10.3162,103.43,0.9756
2015-02-11,102.683,4.5176,124.14,1.1481
2015-02-12,90.0167,9.5748,85.2,0.9691
2015-02-13,96.0309,5.7012,110.64,1.0361
2015-02-16,90.2389,8.7346,99.54,1.1833
2015-02-17,91.1002,10.6095,158.51,0.8315
2015-02-18,93.9032,8.5399,106.51,1.0843
2015-02-19,81.346,6.6163,99.52,1.2679
2015-02-20,87.5562,7.4554,109.93,1.4265
2015-02-23,78.2829,2.6596,117.25,0.9661
2015-02-24,88.8073,6.1712,115.87,1.2124
2015-02-25,104.0806,7.1332,115.04,1.2353
2015-02-26,93.186,6.7594,135.64,0.9061
2015-02-27,111.4302,4.6137,96.45,1.1175
2015-03-02,99.0416,7.0638,104.33,1.3722
2015-03-03,80.2348,8.2926,88.48,1.3059
2015-03-04,101.9289,6.08,98.97,0.9705
2015-03-05,95.5297,5.876,139.2,0.651
2015-03-06,99.5994,5.1768,103.34,1.0969
2015-03-09,99.0175,8.8506,117.64,1.0042
2015-03-10,89.672,7.0101,128.14,0.8033
2015-03-11,87.7549,7.8897,108.0,0.928
2015-03-12,90.7893,7.2084,107.55,1.0131
2015-03-13,90.4791,6.8594,149.73,0.9302
2015-03-16,105.9215,7.9431,149.05,1.0538
2015-03-17,99.144,7.8146,99.58,1.029
2015-03-18,95.0491,7.0265,97.58,1.2549
2015-03-19,85.513,7.0939,120.13,1.1263
2015-03-20,109.3756,7.4731,121.3,1.1827
2015-03-23,103.1164,7.3028,132.65,1.3287
2015-03-24,110.4252,6.2691,126.52,1.3804
2015-03-25,90.8611,7.7603,90.81,0.8977
2015-03-26,120.016,5.7665,67.29,1.1682
2015-03-27,102.6061,7.4546,137.42,1.0808
2015-03-30,103.6187,7.3092,136.32,1.1424
2015-03-31,104.1128,8.0305,105.64,1.5009
2015-04-01,97.3874,8.0603,84.63,1.2791
2015-04-02,80.9384,6.0005,98.35,1.2978
2015-04-03,80.4182,10.6123,126.5,1.3015
2015-04-06,107.8662,6.1984,117.3,1.1858
2015-04-07,106.9365,8.2463,108.37,1.244
2015-04-08,87.0726,4.3039,90.15,1.0836
2015-04-09,90.3962,5.1844,74.97,0.9921
2015-04-10,107.801,5.6764,70.6,0.9477
2015-04-13,94.6024,7.137,90.35,1.3137
2015-04-14,90.58,7.5206,115.11,1.3821
2015-04-15,85.8474,3.65,109.64,1.1637
2015-04-16,73.7379,7.241,97.14,1.0813
2015-04-17,90.4105,5.9862,99.1,1.0774
2015-04-20,94.5729,6.415,81.53,1.3931
2015-04-21,92.351,7.3304,107.35,1.0319
2015-04-22,100.2501,10.1298,102.95,1.274
2015-04-23,81.4853,9.9318,107.08,1.0537
2015-04-24,109.4201,9.0414,122.75,1.0336
2015-04-27,106.6045,7.6613,105.89,1.2734
2015-04-28,81.2519,9.6349,131.39,0.9789
2015-04-29,73.4214,8.9796,85.63,0.7829
2015-04-30,89.6651,4.5645,83.37,1.228
2015-05-01,89.8551,5.2375,86.79,1.028
2015-05-04,108.9642,6.9086,142.96,1.2805
2015-05-05,89.1356,6.0121,92.05,1.1434
2015-05-06,92.4555,7.6002,110.28,1.2416
2015-05-07,79.3291,9.2861,94.52,1.0823
2015-05-08,82.9081,7.2718,161.74,1.2909
2015-05-11,103.4188,6.7357,109.18,1.3
2015-05-12,72.7606,4.7055,77.33,1.22
2015-05-13,88.697,6.8354,142.19,1.065
2015-05-14,86.8821,4.8703,158.31,1.2255
2015-05-15,108.5086,5.608,108.76,1.1939
2015-05-18,125.2388,7.9327,134.51,0.8849
2015-05-19,102.0791,6.9779,127.74,1.0591
2015-05-20,72.5183,7.6089,106.43,1.1659
2015-05-21,98.0871,6.4693,85.7,1.0634
2015-05-22,107.5014,6.7771,104.06,0.9094
2015-05-25,87.0112,7.356,138.54,1.2596
2015-05-26,104.7937,5.271,143.35,1.1795
2015-05-27,100.6024,7.1037,106.56,1.2025
2015-05-28,93.1355,5.9913,103.45,0.8843
2015-05-29,69.6757,7.0531,113.55,1.2268
2015-06-01,82.8214,9.3195,116.88,1.3135
2015-06-02,108.6462,5.0511,112.8,1.0409
2015-06-03,109.1413,9.9611,90.91,1.1208
2015-06-04,84.6464,7.4671,112.54,1.1531
2015-06-05,101.3039,7.0905,125.69,1.2118
2015-06-08,77.6806,9.378,113.06,1.2147
2015-06-09,90.7525,9.927,71.65,1.0748
2015-06-10,109.5625,8.0231,101.2,1.1215
2015-06-11,102.5172,3.8838,111.28,0.9052
2015-06-12,93.1419,5.7062,112.86,0.9979
2015-06-15,93.5673,6.0834,74.76,1.1478
2015-06-16,120.0429,7.1181,114.43,1.0248
2015-06-17,97.3887,8.1145,115.01,1.1389
2015-06-18,96.738,7.2014,71.89,1.0864
2015-06-19,94.6426,9.8284,88.18,1.2872
2015-06-22,101.9622,9.5145,131.27,0.9098
2015-06-23,96.6634,9.1839,140.8,0.9416
2015-06-24,95.6353,5.769,113.12,1.3101
2015-06-25,101.8008,9.176,134.86,0.9046
2015-06-26,92.2251,5.4705,90.81,0.8967
2015-06-29,95.7772,6.7489,114.72,0.9984
2015-06-30,103.8215,6.5434,90.67,0.9915
2015-07-01,99.2945,7.0571,122.73,1.3955
2015-07-02,83.8305,7.866,130.74,1.2467
2015-07-03,98.6279,5.7488,111.1,1.2968
2015-07-06,84.3255,5.179,102.18,1.0506
2015-07-07,90.8414,7.2303,81.47,1.1409
2015-07-08,80.8618,8.9792,92.14,1.4517
2015-07-09,90.3519,6.6936,101.83,1.2307
2015-07-10,102.7906,5.764,92.43,1.1246
2015-07-13,97.3345,5.4573,130.73,1.0358
2015-07-14,90.5531,3.734,125.12,1.247
2015-07-15,102.5649,6.0007,123.33,1.23
2015-07-16,105.3042,6.545,74.08,1.0786
2015-07-17,88.8491,4.8854,101.94,0.7945
2015-07-20,73.1403,7.0274,98.01,0.9589
2015-07-21,86.5157,5.6402,112.87,0.9066
2015-07-22,92.7807,7.2391,118.92,1.0113
2015-07-23,91.2919,7.2607,132.42,1.3435
2015-07-24,88.3903,8.1053,119.57,1.0123
2015-07-27,104.2052,7.6648,123.83,1.1963
2015-07-28,94.5971,5.2696,96.39,0.9321
2015-07-29,107.9518,8.1219,163.48,1.1388
2015-07-30,108.492,5.9188,126.42,1.2239
2015-07-31,91.2003,9.4755,131.98,1.2383
2015-08-03,100.6324,6.1762,117.54,1.0741
2015-08-04,104.6167,6.3353,115.96,1.279
2015-08-05,101.7329,9.4722,108.72,0.9915
2015-08-06,96.7457,6.1225,114.19,1.1049
2015-08-07,97.2561,5.2054,109.66,0.8127
2015-08-10,93.3598,5.6533,111.58,1.0487
2015-08-11,116.7582,6.1874,67.12,1.3279
2015-08-12,101.6015,5.6466,102.15,1.2026
2015-08-13,111.9356,5.2103,131.59,1.0934
2015-08-14,99.4722,7.6829,129.16,1.107
2015-08-17,92.6023,7.1418,116.3,0.9656
2015-08-18,89.039,5.3695,80.45,0.9836
2015-08-19,96.2361,7.1285,108.28,1.385
2015-08-20,75.318,7.0132,129.09,0.8934
2015-08-21,91.3318,5.7677,98.54,1.28
2015-08-24,92.7164,4.7301,127.46,1.1979
2015-08-25,83.1093,8.4673,103.92,1.1746
2015-08-26,105.9035,7.6147,141.24,1.09
2015-08-27,81.1963,8.2709,87.28,1.1349
2015-08-28,100.8711,8.9479,127.82,1.1039
2015-08-31,91.2765,4.2053,136.78,1.298
2015-09-01,96.8758,7.1274,95.84,1.0723
2015-09-02,97.4751,7.2162,133.85,1.1548
2015-09-03,92.9559,5.7079,125.97,1.1946
2015-09-04,79.6544,8.377,121.43,1.1773
2015-09-07,96.3768,5.9064,102.91,1.1852
2015-09-08,80.6749,8.7092,95.18,0.8304
2015-09-09,98.7845,6.8955,119.09,1.25
2015-09-10,96.7822,9.4069,105.37,0.9787
2015-09-11,80.0102,8.4768,123.48,0.9216
2015-09-14,90.4692,7.1631,85.72,1.5353
2015-09-15,90.1983,8.4682,86.78,1.0036
2015-09-16,104.8106,7.8564,148.63,1.351
2015-09-17,78.6712,8.7779,107.52,1.148
2015-09-18,91.7508,6.545,92.19,0.8783
2015-09-21,94.3068,6.013,127.16,0.9224
2015-09-22,110.7253,7.0259,113.05,1.081
2015-09-23,107.4445,7.7537,81.74,0.7862
2015-09-24,104.3713,9.4042,102.27,1.283
2015-09-25,86.0623,5.2467,113.59,1.0661
2015-09-28,99.7689,7.9637,90.37,0.9865
2015-09-29,97.0381,7.0642,127.79,1.0757
2015-09-30,98.3459,8.1689,96.4,1.1399
2015-10-01,95.6597,8.3129,118.98,1.2234
2015-10-02,98.1991,6.2218,93.8,1.1911
2015-10-05,94.2997,7.6733,122.83,1.2376
2015-10-06,99.2601,6.4264,133.07,1.107
2015-10-07,113.3739,5.4891,139.54,0.8439
2015-10-08,99.119,8.2452,82.14,0.9454
2015-10-09,106.8619,6.6915,131.95,1.1392
2015-10-12,103.4235,7.6735,81.25,1.0891
2015-10-13,87.0369,7.927,104.69,1.0022
2015-10-14,100.9129,9.4241,117.13,1.0303
2015-10-15,98.3418,3.0888,101.24,1.0874
2015-10-16,98.7456,8.2952,140.98,1.0349
2015-10-19,80.4882,8.8617,127.26,1.2014
2015-10-20,89.5265,7.9696,104.4,1.2872
2015-10-21,92.3589,8.2649,116.84,1.0901
2015-10-22,86.4378,5.389,90.9,1.2192
2015-10-23,82.7035,2.6248,109.22,0.9452
2015-10-26,98.8589,9.2943,112.19,1.2784
2015-10-27,88.2279,7.7653,117.65,1.1094
2015-10-28,82.3382,6.5045,168.17,1.1702
2015-10-29,91.2337,5.6608,77.65,1.3104
2015-10-30,96.4135,4.3018,127.61,0.6703
2015-11-02,86.4733,6.7404,81.34,0.8154
2015-11-03,87.8758,7.3484,122.18,1.2727
2015-11-04,83.804,5.6304,92.67,1.2478
2015-11-05,93.8394,6.4537,137.29,1.1308
2015-11-06,99.9765,4.6223,103.89,1.0965
2015-11-09,109.316,4.7821,123.75,1.0915
2015-11-10,98.1434,7.4304,97.61,1.003
2015-11-11,83.5972,6.7153,126.98,1.2071
2015-11-12,92.0473,4.5413,102.97,0.9255
2015-11-13,92.6122,6.5338,81.83,0.9059
2015-11-16,125.9743,6.7583,107.09,1.0116
2015-11-17,114.494,6.0619,105.64,1.0356
2015-11-18,90.0999,6.9878,126.06,1.1825
2015-11-19,90.6477,7.277,122.0,1.1626
2015-11-20,70.0962,6.7237,104.7,1.1883
2015-11-23,91.1138,8.3887,150.2,1.0555
2015-11-24,107.0889,4.7235,81.18,1.0834
2015-11-25,87.1144,9.2253,131.18,1.0418
2015-11-26,97.6507,7.1273,100.59,1.0815
2015-11-27,93.6516,7.1152,99.8,1.128
2015-11-30,111.4836,7.6216,96.95,1.0216
2015-12-01,111.8173,7.8135,110.42,0.9069
2015-12-02,103.1879,6.0279,117.1,1.1882
2015-12-03,88.6597,7.9827,74.25,1.1555
2015-12-04,85.094,7.2424,98.39,1.152
2015-12-07,89.2579,7.7812,117.04,1.0416
2015-12-08,120.4241,6.0349,82.34,1.1201
2015-12-09,98.2004,7.4005,96.82,1.0325
2015-12-10,103.489,6.8605,91.4,1.0604
2015-12-11,72.8514,5.4195,121.56,1.0085
2015-12-14,89.7175,5.3019,98.52,1.1936
2015-12-15,101.2898,7.5876,132.46,1.0072
2015-12-16,103.2127,7.3661,67.47,0.9055
2015-12-17,109.3432,7.4334,93.21,1.1569
2015-12-18,103.2338,8.2438,112.32,1.041
2015-12-21,127.0021,6.8692,126.06,1.0608
2015-12-22,106.1866,9.3572,121.14,1.2056
2015-12-23,115.9578,7.259,130.17,1.1763
2015-12-24,91.4021,7.3038,112.79,1.2213
2015-12-25,102.8804,8.5303,135.42,1.0341
2015-12-28,91.5306,8.1322,104.44,0.805
2015-12-29,104.1631,7.8039,113.08,1.1274
2015-12-30,68.4044,4.8723,132.91,1.0033
2015-12-31,84.5958,6.7802,112.19,1.3047
2016-01-01,94.2622,4.1405,89.47,1.1334
2016-01-04,92.5527,7.6484,124.48,0.8095
2016-01-05,99.8488,6.9278,89.15,1.2978
2016-01-06,91.5311,5.7642,143.57,1.2333
2016-01-07,91.9546,6.9495,113.43,1.1528
2016-01-08,90.4876,6.8912,91.74,0.9955
2016-01-11,113.7271,9.9799,116.36,1.184
2016-01-12,82.4578,5.7827,111.39,1.5368
2016-01-13,97.2582,8.9246,116.44,1.2541
2016-01-14,105.8683,4.5739,89.7,1.1673
2016-01-15,86.942,7.7047,121.95,1.0672
2016-01-18,83.3826,10.2005,110.1,1.1767
2016-01-19,108.9434,8.041,133.52,0.9042
2016-01-20,96.7649,7.1161,103.22,1.0452
2016-01-21,83.8694,4.6435,64.38,1.052
2016-01-22,115.5812,7.2847,105.3,1.1861
2016-01-25,92.827,4.4715,94.71,1.1125
2016-01-26,96.4519,7.6611,149.15,1.2018
2016-01-27,110.5658,7.2716,126.47,1.354
2016-01-28,83.306,8.2402,71.44,1.0075
2016-01-29,94.1361,6.7038,127.6,1.2088
2016-02-01,91.5136,10.3125,76.93,0.9468
2016-02-02,106.2491,7.5222,115.13,1.3048
2016-02-03,81.9956,9.7234,151.69,1.4337
2016-02-04,102.5119,6.0109,88.99,1.1521
2016-02-05,100.1667,9.7242,140.92,1.1698
2016-02-08,101.2907,6.3093,124.63,1.0074
2016-02-09,83.3038,7.3904,111.16,1.1761
2016-02-10,75.848,3.3783,138.44,1.1552
2016-02-11,100.1768,5.7415,131.52,0.8658
2016-02-12,109.4721,7.6197,91.44,1.1221
2016-02-15,107.7928,7.8239,125.81,1.1288
2016-02-16,97.433,7.4808,115.93,1.1064
2016-02-17,106.2467,6.5078,107.21,1.3005
2016-02-18,114.8977,6.231,120.03,1.2519
2016-02-19,97.3186,10.1274,106.64,0.8765
2016-02-22,102.3788,9.5628,139.32,1.0068
2016-02-23,86.8878,6.2117,99.17,0.9488
2016-02-24,123.277,7.8951,127.92,1.0995
2016-02-25,87.118,5.499,78.31,1.3907
2016-02-26,102.3894,8.5347,97.15,1.0496
2016-02-29,94.3596,8.8957,67.57,1.2826
2016-03-01,108.933,7.522,84.57,0.9301
2016-03-02,84.7884,8.3118,148.79,1.3285
2016-03-03,76.7483,5.9108,133.59,0.8855
2016-03-04,103.1701,6.2047,125.24,1.0585
2016-03-07,82.6382,7.2573,124.41,1.1568
2016-03-08,105.8245,4.7822,111.87,0.9723
2016-03-09,97.1016,6.9699,117.31,1.0012
2016-03-10,99.3652,8.799,107.54,1.1674
2016-03-11,83.7285,3.2517,124.71,1.0199
2016-03-14,97.7488,9.2481,125.71,1.1991
2016-03-15,94.9391,8.8582,85.01,1.1281
2016-03-16,104.3025,6.018,126.34,1.067
2016-03-17,96.9206,8.6364,144.75,1.0028
2016-03-18,97.1439,5.2115,133.86,1.0121
2016-03-21,105.2022,6.7918,116.39,1.0609
2016-03-22,112.9929,5.7958,112.4,1.0938
2016-03-23,81.8412,6.6972,87.97,1.1182
2016-03-24,91.7494,5.2312,95.22,1.0612
2016-03-25,101.7792,6.6971,86.88,1.0516
2016-03-28,92.0394,7.1896,103.85,1.0944
2016-03-29,84.4084,7.715,96.74,1.173
2016-03-30,87.3448,8.2457,150.03,1.0986
2016-03-31,93.9575,5.4937,101.68,1.1893
2016-04-01,94.8699,5.8866,94.42,0.997
2016-04-04,91.8826,8.4713,101.79,1.1111
2016-04-05,105.0581,7.1143,116.34,0.9882
2016-04-06,105.4407,9.3967,105.88,1.0965
2016-04-07,99.646,7.5019,129.55,1.2341
2016-04-08,84.2641,7.4012,110.38,1.2515
2016-04-11,102.0429,4.6737,105.4,1.2029
2016-04-12,83.1315,5.6127,96.05,1.0437
2016-04-13,116.5086,6.4694,102.15,1.1745
2016-04-14,86.6375,6.8135,89.86,1.3321
2016-04-15,85.2443,7.5998,125.9,0.8813
2016-04-18,93.0237,6.4411,116.87,1.3786
2016-04-19,90.9916,3.9427,130.57,1.2296
2016-04-20,78.7025,7.6849,92.38,0.7578
2016-04-21,92.8537,6.5828,153.74,1.107
2016-04-22,104.8184,5.6225,94.77,1.1571
2016-04-25,84.0416,9.1145,126.95,1.0202
2016-04-26,94.4206,6.9824,94.0,1.1689
2016-04-27,86.6867,9.0971,143.3,1.1661
2016-04-28,104.7801,5.2,82.67,1.159
2016-04-29,93.7474,3.6842,78.05,0.9495
2016-05-02,84.9538,7.6937,115.3,1.1801
2016-05-03,82.7126,5.9089,100.88,1.3394
2016-05-04,95.951,8.6871,114.41,1.2785
2016-05-05,94.4667,5.1402,120.28,1.0
2016-05-06,112.2943,6.5244,90.68,1.2995
2016-05-09,87.565,6.7926,131.68,0.9206
2016-05-10,100.3817,8.9585,81.1,1.1084
2016-05-11,90.591,7.0064,112.64,1.4855
2016-05-12,82.6181,7.0883,121.33,1.1353
2016-05-13,89.1798,6.5974,80.4,1.2365
2016-05-16,104.7669,7.533,88.24,1.1289
2016-05-17,86.7769,8.1785,106.68,1.1227
2016-05-18,99.7219,7.4387,124.18,1.1733
2016-05-19,105.1528,7.8465,97.11,1.2759
2016-05-20,99.9602,1.923,114.82,1.1194
2016-05-23,97.483,5.8252,89.59,1.0181
2016-05-24,108.5941,8.9835,132.47,1.3732
2016-05-25,109.3843,9.5078,106.42,1.3516
2016-05-26,78.8091,7.6263,100.99,1.1497
2016-05-27,95.1501,9.5098,93.84,1.2615
2016-05-30,88.6236,5.5758,129.83,1.2286
2016-05-31,90.0544,5.8415,110.88,0.7383
2016-06-01,84.662,7.846,127.66,0.9662
2016-06-02,89.775,6.301,150.04,0.9148
2016-06-03,115.8021,5.8034,125.58,0.9955
2016-06-06,85.9575,8.3643,99.63,1.1894
2016-06-07,103.8242,8.3354,155.61,1.0263
2016-06-08,101.3163,6.7376,122.35,1.2679
2016-06-09,75.1763,4.0425,117.97,1.1747
2016-06-10,103.6509,7.9737,126.82,1.067
2016-06-13,106.9379,7.1987,103.89,1.055
2016-06-14,113.3693,4.915,124.77,1.2056
2016-06-15,100.5655,4.8786,105.0,0.7967
2016-06-16,112.3083,8.3549,76.78,1.0698
2016-06-17,97.8238,8.9527,85.71,0.9861
2016-06-20,106.3338,7.0101,131.39,1.0104
2016-06-21,84.8927,7.6057,118.56,1.2377
2016-06-22,87.7841,9.2832,106.68,0.9421
2016-06-23,102.2158,7.4161,93.2,0.9426
2016-06-24,78.979,7.2689,102.38,1.2617
2016-06-27,79.4778,7.6668,130.48,1.0534
2016-06-28,103.058,7.2925,78.91,1.1691
2016-06-29,94.5171,6.4232,104.84,1.0164
2016-06-30,85.4059,9.1196,99.01,0.9923
2016-07-01,90.6627,6.0581,116.35,0.9289
2016-07-04,87.857,8.6203,109.63,1.0916
2016-07-05,87.3964,6.9119,138.38,1.3234
2016-07-06,88.256,8.4645,81.25,1.0662
2016-07-07,89.1468,4.1443,151.91,1.2171
2016-07-08,77.7739,10.188,106.57,1.311
2016-07-11,80.5008,8.7112,46.26,0.9218
2016-07-12,97.0965,7.7898,132.69,1.1452
2016-07-13,94.1381,6.606,110.48,1.2658
2016-07-14,83.6194,4.9205,121.08,0.915
2016-07-15,94.3763,8.0216,96.71,1.1687
2016-07-18,99.3583,9.7228,97.63,1.047
2016-07-19,98.9538,6.2377,110.55,1.2181
2016-07-20,89.4182,6.7938,115.9,0.8597
2016-07-21,96.8484,7.1501,137.92,1.3797
2016-07-22,102.8854,7.9635,149.67,1.2311
2016-07-25,98.674,8.7778,117.85,0.8944
2016-07-26,95.1516,6.7931,109.98,1.1918
2016-07-27,87.9175,5.7743,136.84,1.1364
2016-07-28,96.3589,10.6447,100.76,1.1808
2016-07-29,93.4374,5.4466,129.15,1.0712
2016-08-01,104.8441,5.7621,92.38,0.8229
2016-08-02,92.7168,6.2738,63.03,0.9467
2016-08-03,95.3248,6.0135,86.64,1.163
2016-08-04,86.3727,7.7184,92.22,1.3882
2016-08-05,100.6578,5.4018,129.36,1.1396
2016-08-08,100.2077,8.6947,113.98,1.0793
2016-08-09,90.4079,5.4715,77.15,1.0795
2016-08-10,99.1363,5.9064,125.29,1.0101
2016-08-11,94.7877,9.4258,116.72,0.8634
2016-08-12,87.2715,6.8733,120.72,0.9506
2016-08-15,82.5354,8.1535,99.2,1.2299
2016-08-16,96.0157,6.9097,125.7,0.9755
2016-08-17,86.0416,8.0013,128.29,1.3202
2016-08-18,113.061,6.8011,85.08,1.1392
2016-08-19,105.396,10.1301,130.3,1.294
2016-08-22,96.3493,5.198,121.11,1.033
2016-08-23,100.4776,6.5988,117.32,1.2019
2016-08-24,103.5612,6.7443,109.87,1.0055
2016-08-25,69.8023,9.6703,138.31,0.9493
2016-08-26,91.122,5.4101,96.2,0.8674
2016-08-29,84.6452,5.4131,121.72,1.2456
2016-08-30,92.8461,9.288,124.83,1.0173
2016-08-31,76.1934,7.9474,140.75,1.2563
2016-09-01,101.2489,6.9177,129.17,0.8526
2016-09-02,79.7923,6.7899,111.42,1.0179
2016-09-05,98.4334,6.7569,73.31,1.0709
2016-09-06,100.8603,7.537,102.48,1.0824
2016-09-07,84.691,7.6795,126.59,1.0721
2016-09-08,90.8796,7.5053,117.78,1.2544
2016-09-09,88.1375,6.9968,86.6,1.0053
2016-09-12,91.1401,5.6804,119.61,1.1711
2016-09-13,92.1776,5.3522,97.44,1.1218
2016-09-14,85.9147,6.3024,115.78,1.3647
2016-09-15,81.8838,7.5729,132.53,1.2436
2016-09-16,80.995,10.1806,103.76,1.171
2016-09-19,93.3212,6.5877,119.63,1.1183
2016-09-20,102.552,5.2883,89.59,1.1007
2016-09-21,109.7364,7.7005,106.19,1.1356
2016-09-22,96.2471,6.2259,109.81,1.0777
2016-09-23,95.1239,8.6032,93.79,1.12
2016-09-26,99.0634,8.0359,79.76,1.5936
2016-09-27,83.9882,8.297,124.8,1.4062
2016-09-28,104.7647,7.5349,120.11,1.078
2016-09-29,108.4773,6.8104,81.15,1.0414
2016-09-30,89.3615,8.1643,82.17,0.9394
2016-10-03,101.3417,8.8274,111.12,0.631
2016-10-04,96.344,6.2671,103.67,0.8699
2016-10-05,88.3198,6.5362,122.33,1.251
2016-10-06,104.4204,5.7449,91.09,1.1695
2016-10-07,91.494,4.5901,102.3,1.1585
2016-10-10,102.1031,5.5827,128.56,1.1019
2016-10-11,95.9792,4.0619,120.85,1.0112
2016-10-12,86.9525,6.1685,125.86,1.1618
2016-10-13,97.8238,8.8579,121.83,1.292
2016-10-14,75.5691,6.8157,112.0,1.4384
2016-10-17,101.6598,8.75,111.49,1.3835
2016-10-18,99.6429,7.2433,99.59,1.1587
2016-10-19,103.1487,10.8084,141.25,0.9394
2016-10-20,91.515,7.2121,115.82,1.0269
2016-10-21,95.1805,6.8623,107.87,1.1114
2016-10-24,98.247,5.8666,149.4,1.2068
2016-10-25,103.7618,7.0773,114.35,1.2334
2016-10-26,108.3952,6.6536,133.02,1.026
2016-10-27,97.2116,7.8224,65.37,0.736
2016-10-28,109.2115,5.7241,82.82,1.0695
2016-10-31,90.6678,6.2795,104.66,1.0526
2016-11-01,80.8567,5.7705,114.31,0.9536
2016-11-02,92.7804,6.9217,87.97,0.9524
2016-11-03,84.5035,8.3044,103.36,1.1531
2016-11-04,92.9958,7.3611,119.2,0.8361
2016-11-07,91.859,7.814,94.47,1.2569
2016-11-08,92.5489,8.411,127.8,1.1045
2016-11-09,91.7525,7.6577,91.7,0.9959
2016-11-10,81.7088,8.6957,112.2,1.1535
2016-11-11,92.9222,9.2568,96.69,0.9441
2016-11-14,94.7215,5.102,122.07,0.9973
2016-11-15,101.8299,5.1984,123.11,1.2264
2016-11-16,109.8942,6.5665,111.37,0.9384
2016-11-17,89.3228,6.4718,126.39,1.1544
2016-11-18,76.1112,7.5698,95.42,0.9402
2016-11-21,82.2225,5.4427,99.78,1.1883
2016-11-22,94.6553,7.9486,71.42,0.989
2016-11-23,89.9176,8.0479,115.71,0.7364
2016-11-24,107.7526,7.7287,102.73,0.845
2016-11-25,97.9433,7.5833,82.53,1.0166
2016-11-28,84.7748,8.3686,129.49,1.1486
2016-11-29,87.1756,5.777,111.33,1.1809
2016-11-30,84.6417,5.5206,80.35,0.9798
2016-12-01,121.8652,5.2449,118.74,0.8427
2016-12-02,85.1915,7.3624,103.19,1.2146
2016-12-05,87.3527,7.4351,94.18,0.9251
2016-12-06,85.6962,4.0702,112.14,1.1289
2016-12-07,88.436,3.7717,104.03,1.118
2016-12-08,85.8296,7.0593,101.7,1.0346
2016-12-09,95.4925,4.8536,107.64,0.9427
2016-12-12,89.1331,4.6838,126.22,1.0296
2016-12-13,88.4983,7.9446,106.85,1.0913
2016-12-14,99.4215,7.8875,105.25,1.1454
2016-12-15,107.2913,6.4817,115.31,1.0307
2016-12-16,101.3668,5.0335,131.41,1.1012
2016-12-19,98.3244,8.9312,76.25,1.0994
2016-12-20,92.9743,10.3264,104.39,0.8732
2016-12-21,90.8892,10.5792,120.43,1.2405
2016-12-22,94.5801,7.823,141.2,1.3127
2016-12-23,101.8243,7.0784,85.07,1.3869
2016-12-26,88.9566,7.4945,109.55,1.1884
2016-12-27,96.2806,7.13,121.72,1.1796
2016-12-28,96.1645,4.8274,125.73,1.2041
2016-12-29,91.1283,6.3799,99.82,1.0821
2016-12-30,76.6472,8.5948,99.49,1.0883
2017-01-02,71.1484,8.6946,117.06,1.1291
2017-01-03,95.0971,5.8547,105.21,1.1953
2017-01-04,103.4717,7.8557,90.5,1.1725
2017-01-05,85.6565,5.0187,108.69,1.2816
2017-01-06,84.7967,8.4877,66.01,1.0706
2017-01-09,103.771,5.7704,135.81,0.8973
2017-01-10,99.4885,8.0168,164.06,1.0567
2017-01-11,93.5512,7.8108,143.74,0.9167
2017-01-12,87.024,8.3621,118.53,1.128
2017-01-13,106.5737,5.5152,53.88,1.1903
2017-01-16,93.6364,3.5415,107.71,1.2283
2017-01-17,111.2638,6.7348,100.06,1.0586
2017-01-18,97.5616,6.9554,115.64,0.9081
2017-01-19,103.0141,6.6342,95.07,1.2287
2017-01-20,94.875,4.1534,121.22,1.2307
2017-01-23,88.3806,6.084,109.73,1.16
2017-01-24,71.3071,8.1058,121.32,1.305
2017-01-25,78.3749,7.2983,107.35,0.966
2017-01-26,109.5266,5.9932,115.08,1.421
2017-01-27,84.8954,7.7442,108.4,1.2136
2017-01-30,113.904,7.1638,102.29,0.9336
2017-01-31,102.0855,8.9208,129.38,0.9895
2017-02-01,113.4304,8.3434,97.87,1.0156
2017-02-02,88.7066,6.128,141.83,0.9456
2017-02-03,98.4709,7.3483,106.27,0.8286
2017-02-06,101.0224,6.9629,155.7,1.203
2017-02-07,92.9065,7.6334,91.43,0.9293
2017-02-08,78.5775,8.911,119.43,1.2326
2017-02-09,95.0407,7.844,122.25,1.0479
2017-02-10,111.1032,7.6945,124.19,1.1119
2017-02-13,81.7349,5.5144,102.3,1.1595
2017-02-14,92.5242,5.8212,130.46,1.2191
2017-02-15,118.498,8.5826,77.8,1.0308
2017-02-16,93.4388,8.143,115.12,1.1806
2017-02-17,101.4467,6.2536,114.23,1.0694
2017-02-20,98.9718,6.6832,79.45,1.2904
2017-02-21,101.223,6.1385,110.84,0.9427
2017-02-22,91.2411,9.2036,91.25,1.043
2017-02-23,74.6511,6.3461,112.5,1.1775
2017-02-24,97.1117,5.0543,99.89,1.0776
2017-02-27,114.4721,5.4039,119.67,1.1223
2017-02-28,107.479,7.6774,80.18,1.1631
2017-03-01,87.5799,5.6554,96.37,1.0271
2017-03-02,104.6858,8.7609,119.97,1.0902
2017-03-03,91.3628,7.6093,111.92,1.1214
2017-03-06,94.0708,8.2784,106.56,1.0262
2017-03-07,75.804,6.8417,91.78,1.2576
2017-03-08,84.0508,8.1388,112.21,1.1233
2017-03-09,97.009,9.5291,113.05,0.9203
2017-03-10,84.2057,5.9521,105.79,1.2797
2017-03-13,96.5671,6.3542,113.93,1.3569
2017-03-14,88.0002,6.2251,135.76,0.9186
2017-03-15,95.59,5.5111,112.73,1.0571
2017-03-16,104.771,9.7133,102.18,1.168
2017-03-17,94.4376,7.3299,99.44,0.9971
2017-03-20,78.6915,8.0655,87.96,0.9209
2017-03-21,88.7926,6.1107,129.12,0.9102
2017-03-22,74.4727,5.0837,101.92,0.8933
2017-03-23,80.5809,3.5948,130.95,1.0835
2017-03-24,98.6822,7.0158,141.56,0.9793
2017-03-27,101.0794,5.4986,92.87,1.4221
2017-03-28,100.622,7.0491,119.51,1.2624
2017-03-29,99.3607,6.8115,115.7,1.0836
2017-03-30,102.8301,7.0656,130.78,1.102
2017-03-31,109.4488,10.1747,92.37,1.3287
2017-04-03,115.4816,5.8701,105.82,1.0451
2017-04-04,91.6054,7.0212,86.55,1.4113
2017-04-05,89.5818,6.6698,102.25,1.4462
2017-04-06,95.5345,5.2044,87.46,1.3949
2017-04-07,105.7563,6.6403,137.74,1.3072
2017-04-10,102.2079,7.0075,98.41,1.1274
2017-04-11,93.5409,5.0598,88.1,1.0196
2017-04-12,91.5661,7.4431,119.39,1.0829
2017-04-13,97.3914,5.8656,114.08,1.0218
2017-04-14,88.5433,7.2602,91.7,1.1973
2017-04-17,119.8655,8.1541,125.96,0.8983
2017-04-18,97.1922,8.2093,120.94,0.8694
2017-04-19,80.2309,10.2141,92.35,1.1415
2017-04-20,95.7399,6.8564,68.45,1.2083
2017-04-21,82.6957,5.6085,102.37,1.18
2017-04-24,92.4098,8.2988,101.13,1.1622
2017-04-25,88.5935,7.9557,112.52,1.2296
2017-04-26,82.3979,6.5054,137.63,1.1996
2017-04-27,93.6917,5.9442,69.96,1.1308
2017-04-28,96.2579,4.8309,126.52,1.2256
2017-05-01,92.2764,6.2571,94.03,0.9351
2017-05-02,96.5481,6.485,91.61,0.9901
2017-05-03,74.0025,7.1465,136.08,0.9742
2017-05-04,113.8235,8.7187,104.2,1.1005
2017-05-05,107.015,5.6418,119.53,0.9249
2017-05-08,90.2425,3.989,111.8,1.4354
2017-05-09,85.2752,7.8877,129.75,0.8638
2017-05-10,102.6471,8.1175,92.72,1.1754
2017-05-11,87.7366,6.9513,94.46,1.2837
2017-05-12,91.778,5.3576,125.25,1.1657
2017-05-15,89.4455,5.6885,61.58,1.1304
2017-05-16,102.4709,5.3348,70.37,1.0711
2017-05-17,90.9916,9.0951,121.99,1.1322
2017-05-18,88.4709,3.8875,81.52,1.0734
2017-05-19,111.3916,6.3857,118.45,1.196
2017-05-22,82.09,7.7588,117.07,1.1261
2017-05-23,94.7771,7.1141,148.24,1.1095
2017-05-24,99.8767,6.475,121.22,0.9974
2017-05-25,96.432,7.6309,82.2,1.1146
2017-05-26,103.8844,7.0113,104.13,1.3701
2017-05-29,101.8755,5.4832,114.66,0.9377
2017-05-30,76.4146,7.7491,94.87,1.0451
2017-05-31,90.2225,6.9698,85.45,0.9943
2017-06-01,99.1125,4.9904,122.77,1.1295
2017-06-02,84.195,8.0137,70.32,0.9582
2017-06-05,98.9104,8.4962,102.87,1.0371
2017-06-06,96.3822,5.6217,74.73,1.0298
2017-06-07,81.6565,5.1342,119.03,1.3341
2017-06-08,109.4548,10.0327,102.64,1.377
2017-06-09,85.6468,6.8964,125.19,0.9553
2017-06-12,93.9243,6.4036,110.38,1.1322
2017-06-13,91.0431,6.058,91.68,1.3317
2017-06-14,94.2755,8.4168,111.97,1.1142
2017-06-15,115.6447,6.5766,96.04,1.1785
2017-06-16,99.4328,5.793,69.0,1.0758
2017-06-19,109.3567,7.0474,156.67,1.0874
2017-06-20,92.7589,7.1945,102.02,0.9373
2017-06-21,90.0176,6.5429,122.73,1.1404
2017-06-22,95.0409,8.457,125.31,1.0193
2017-06-23,101.1011,6.2338,102.67,1.0309
2017-06-26,90.6677,7.9343,64.47,1.015
2017-06-27,110.1875,7.6067,89.64,0.9992
2017-06-28,105.4092,5.5335,119.61,1.2851
2017-06-29,103.8119,6.4219,119.58,1.1201
2017-06-30,106.178,5.6472,106.47,1.0301
2017-07-03,82.6552,6.4122,120.61,1.1754
2017-07-04,88.0336,7.5457,145.29,1.2117
2017-07-05,80.7418,8.6376,100.75,0.9378
2017-07-06,98.5002,5.1662,101.72,1.481
2017-07-07,112.9562,6.9902,116.38,1.2675
2017-07-10,105.3842,4.1884,86.72,0.8796
2017-07-11,87.0562,7.7662,109.28,1.1515
2017-07-12,90.73,6.2048,92.39,0.8372
2017-07-13,115.6109,4.5953,100.57,0.9435
2017-07-14,89.776,4.8741,101.26,0.882
2017-07-17,80.6498,6.4847,116.83,1.0449
2017-07-18,81.2906,5.3259,98.78,1.0342
2017-07-19,97.3338,9.2539,133.54,0.8239
2017-07-20,89.2994,7.9789,128.12,1.094
2017-07-21,91.1112,4.8296,123.25,1.0327
2017-07-24,97.2544,5.9118,113.14,1.2809
2017-07-25,88.5765,9.4242,103.43,1.0273
2017-07-26,96.6282,7.2882,118.0,0.8295
2017-07-27,94.8896,5.3045,128.44,1.1635
2017-07-28,95.0199,7.1214,103.21,1.0958
2017-07-31,111.2097,6.69,132.22,1.1273
2017-08-01,73.2408,7.9511,104.39,1.151
2017-08-02,97.155,7.863,138.16,1.0208
2017-08-03,102.5369,7.0159,110.96,1.2312
2017-08-04,102.0976,7.9743,137.33,0.8008
2017-08-07,98.3551,8.6823,95.86,1.2388
2017-08-08,101.5062,8.4508,84.39,1.2924
2017-08-09,80.7251,9.2679,103.97,0.9795
2017-08-10,94.9356,4.9169,112.93,1.2137
2017-08-11,113.4325,5.1444,92.53,1.252
2017-08-14,100.2206,7.2356,117.92,1.3589
2017-08-15,102.4869,6.7556,114.96,1.2462
2017-08-16,112.5002,8.0831,80.06,0.8543
2017-08-17,110.7206,5.5381,89.4,1.2596
2017-08-18,98.2536,6.2925,101.97,1.1957
2017-08-21,91.462,9.5562,119.14,1.0621
2017-08-22,108.2171,8.3334,92.03,0.8594
2017-08-23,100.8843,8.7773,121.7,1.0505
2017-08-24,102.9842,6.5791,111.94,1.5402
2017-08-25,100.261,8.0699,131.23,1.0824
2017-08-28,91.8638,5.2523,133.5,1.2619
2017-08-29,87.2499,8.013,96.97,0.963
2017-08-30,103.7072,8.8254,140.41,0.994
2017-08-31,83.8895,6.0924,128.74,0.955
2017-09-01,99.2262,7.2488,62.94,1.2132
2017-09-04,101.9774,7.3489,100.89,1.2024
2017-09-05,101.5749,6.6653,118.18,1.082
2017-09-06,97.5059,6.5353,139.4,1.2342
2017-09-07,96.8028,4.1837,113.01,0.7024
2017-09-08,100.2905,6.3074,116.5,1.0041
2017-09-11,111.0283,7.3232,123.78,0.9586
2017-09-12,83.2103,6.6737,110.24,1.1257
2017-09-13,91.7302,9.0539,146.28,0.8363
2017-09-14,83.231,2.2563,124.99,1.0441
2017-09-15,93.2096,7.3614,108.1,1.3468
2017-09-18,88.9965,3.6885,117.5,1.2744
2017-09-19,89.7686,6.1966,90.92,1.1839
2017-09-20,88.1664,6.7132,80.53,1.1504
2017-09-21,92.8362,5.8772,132.79,1.0938
2017-09-22,98.3591,5.7918,146.8,1.0701
2017-09-25,98.2725,5.4355,121.97,1.2563
2017-09-26,111.9894,3.8218,106.61,1.4166
2017-09-27,89.8093,7.4473,128.13,0.6388
2017-09-28,107.2825,6.8343,140.94,1.126
2017-09-29,100.1108,4.7747,98.13,1.0498
2017-10-02,92.6805,7.8857,93.3,0.6782
2017-10-03,91.8357,3.7827,93.79,1.2474
2017-10-04,84.3814,9.4505,99.65,1.0274
2017-10-05,97.1943,4.8484,124.82,1.2062
2017-10-06,96.5459,7.363,106.37,1.489
2017-10-09,94.7541,6.756,101.78,0.9799
2017-10-10,104.7461,6.2378,118.17,1.2899
2017-10-11,81.8246,4.8368,135.34,1.1917
2017-10-12,80.675,7.9623,139.66,1.1769
2017-10-13,92.3512,7.5756,144.69,1.1185
2017-10-16,103.5291,6.2141,88.02,1.2631
2017-10-17,89.6388,10.4263,95.83,1.2401
2017-10-18,106.8113,6.1026,103.47,1.0915
2017-10-19,95.9513,5.7053,105.25,1.0831
2017-10-20,103.9174,3.999,66.12,0.9063
2017-10-23,93.2593,6.7742,82.0,1.1763
2017-10-24,81.2771,7.0541,126.47,1.0563
2017-10-25,95.8708,6.5561,127.49,0.8799
2017-10-26,84.1742,8.9291,131.16,1.1199
2017-10-27,91.9691,5.3688,106.93,1.2145
2017-10-30,97.9381,7.5078,145.21,1.1262
2017-10-31,89.8677,7.8092,64.28,0.9859
2017-11-01,86.3809,7.1747,140.72,0.9993
2017-11-02,106.6748,6.5004,90.34,1.2171
2017-11-03,109.3986,6.4523,96.37,1.1016
2017-11-06,106.1904,8.4756,103.26,0.8491
2017-11-07,81.7578,7.6607,109.18,1.1987
2017-11-08,100.5563,5.9472,70.81,1.0058
2017-11-09,88.7345,6.19,123.35,0.9633
2017-11-10,82.7811,7.0597,89.72,1.1486
2017-11-13,69.5721,5.1674,71.7,1.1977
2017-11-14,82.1603,7.4513,135.06,1.1996
2017-11-15,101.1344,9.99,140.06,1.1051
2017-11-16,91.7592,6.896,98.27,1.017
2017-11-17,92.4482,7.5261,107.17,1.2063
2017-11-20,112.3031,7.8239,90.11,0.9397
2017-11-21,85.5812,5.5446,103.33,1.0466
2017-11-22,74.9801,8.9375,122.74,0.9222
2017-11-23,83.5652,5.9468,130.26,1.3437
2017-11-24,73.7212,6.3684,108.59,1.3426
2017-11-27,89.6128,4.7213,147.78,0.9726
2017-11-28,91.915,4.2325,116.95,1.2941
2017-11-29,108.2044,10.797,149.22,1.0619
2017-11-30,87.6665,7.5434,112.14,0.9768
2017-12-01,76.1104,8.7737,148.12,1.0566
2017-12-04,89.7432,8.6196,124.82,0.9596
2017-12-05,92.041,4.151,112.72,1.0313
2017-12-06,108.7001,6.2527,147.3,1.1019
2017-12-07,87.8674,6.9292,97.7,0.9053
2017-12-08,88.7659,5.1318,78.8,1.333
2017-12-11,96.8987,9.7239,91.71,1.0188
2017-12-12,63.9186,7.403,109.59,1.1778
2017-12-13,99.362,7.3135,140.71,1.1342
2017-12-14,102.8313,3.6913,72.68,1.0884
2017-12-15,102.6711,7.5687,91.26,1.2392
2017-12-18,85.5724,5.126,96.67,0.994
2017-12-19,115.793,8.0093,124.6,1.2932
2017-12-20,98.4487,7.0651,105.71,1.1451
2017-12-21,122.4566,10.6102,91.66,1.4415
2017-12-22,101.0485,9.9451,121.27,1.2952
2017-12-25,95.4943,5.4093,126.51,1.1267
2017-12-26,104.863,6.5221,136.32,0.9586
2017-12-27,80.2367,10.2057,110.22,0.8297
2017-12-28,99.0885,7.616,125.14,1.1285
2017-12-29,74.6996,8.5546,93.32,0.9657
2018-01-01,79.8598,5.183,93.17,0.6548
2018-01-02,104.6361,6.7523,86.19,1.2475
2018-01-03,88.0453,7.3439,110.03,1.0499
2018-01-04,93.2363,7.1344,104.43,1.2557
2018-01-05,99.0191,6.6353,98.92,1.0234
2018-01-08,88.8726,5.867,78.33,1.0842
2018-01-09,96.4755,5.2261,109.27,1.0639
2018-01-10,100.1034,7.4123,99.97,1.2575
2018-01-11,93.8936,9.2983,146.26,1.0104
2018-01-12,102.9822,8.2214,100.73,1.0953
2018-01-15,115.1089,5.3314,100.03,1.2137
2018-01-16,86.4576,6.3457,105.43,1.1792
2018-01-17,83.2981,8.9451,112.72,1.0593
2018-01-18,81.8711,8.7727,130.63,1.1464
2018-01-19,95.6648,7.8314,107.41,1.0659
2018-01-22,111.5784,5.7914,80.15,1.0929
2018-01-23,82.0638,6.4363,109.34,0.8489
2018-01-24,82.3277,7.0377,77.58,0.8646
2018-01-25,86.9696,7.1814,109.47,0.8838
2018-01-26,99.2736,9.4004,106.49,0.884
2018-01-29,84.0374,6.5129,132.01,1.1551
2018-01-30,84.1731,5.7268,140.59,1.3158
2018-01-31,85.5983,4.3987,67.21,1.03
2018-02-01,85.5106,8.8299,63.58,1.1989
2018-02-02,94.0629,7.7984,148.85,1.1589
2018-02-05,97.9496,5.5484,126.54,1.0043
2018-02-06,81.5944,7.8904,132.66,1.0943
2018-02-07,85.7454,6.5441,76.95,1.0122
2018-02-08,91.6362,8.3381,140.18,1.334
2018-02-09,98.6557,8.1709,107.43,0.9942
2018-02-12,107.5198,4.2264,157.85,1.018
2018-02-13,97.2966,7.3628,88.42,1.1197
2018-02-14,100.4636,7.5005,126.29,1.1812
2018-02-15,78.0302,8.2393,119.13,1.0288
2018-02-16,96.0755,5.7575,167.91,0.9706
2018-02-19,92.7996,6.1642,169.95,1.1531
2018-02-20,88.1261,7.5391,74.59,1.2301
2018-02-21,98.0734,6.1667,92.57,1.0329
2018-02-22,77.4215,5.9302,77.83,1.4058
2018-02-23,91.9368,5.5784,122.39,1.0711
2018-02-26,74.7774,6.2966,98.76,1.0415
2018-02-27,92.5953,5.0168,120.19,1.0475
2018-02-28,95.0734,8.235,113.36,0.8778
2018-03-01,105.7973,5.1224,134.89,1.1038
2018-03-02,94.6457,7.7058,111.45,1.0132
2018-03-05,85.2062,8.226,91.08,1.202
2018-03-06,86.7458,5.8177,115.03,1.1016
2018-03-07,113.2272,6.3591,147.44,0.9846
2018-03-08,100.5116,7.9126,156.39,1.1204
2018-03-09,95.5975,5.5105,121.44,1.1387
2018-03-12,93.6275,8.0609,124.9,1.2057
2018-03-13,103.4566,8.0857,96.99,1.0934
2018-03-14,75.7249,7.971,131.07,0.9143
2018-03-15,93.8017,7.3041,101.36,1.1352
2018-03-16,92.3501,4.8133,114.16,1.1383
2018-03-19,106.5389,5.8267,117.5,1.1648
2018-03-20,84.1286,8.7737,126.65,1.0724
2018-03-21,88.2859,5.7696,112.04,1.0484
2018-03-22,111.9076,6.921,125.61,1.2973
2018-03-23,108.9164,6.6842,113.89,1.111
2018-03-26,74.924,3.554,113.63,1.3587
2018-03-27,86.4827,8.7381,125.44,1.1704
2018-03-28,100.7384,7.5924,89.08,1.1203
2018-03-29,101.0871,9.216,113.49,1.2295
2018-03-30,84.0065,6.5848,96.28,1.2674
2018-04-02,82.8902,6.8969,96.0,1.2175
2018-04-03,111.22,5.7245,102.31,0.962
2018-04-04,99.7471,4.8617,93.82,1.0349
2018-04-05,101.6999,7.8057,100.16,0.9909
2018-04-06,89.3024,6.2509,109.71,1.2324
2018-04-09,88.1655,5.5675,108.81,1.0165
2018-04-10,89.6053,6.4453,101.62,1.191
2018-04-11,102.5591,6.7888,166.31,1.1983
2018-04-12,96.6527,6.891,132.48,1.1623
2018-04-13,105.9989,5.2176,108.41,1.1667
2018-04-16,94.6035,6.3349,115.42,0.9164
2018-04-17,78.608,6.3112,112.87,0.9027
2018-04-18,97.72,4.2991,82.59,1.412
2018-04-19,89.7644,6.4667,82.93,1.0523
2018-04-20,102.8662,4.5534,141.06,0.914
2018-04-23,98.3924,3.3934,128.42,1.1802
2018-04-24,89.3072,6.1912,116.53,1.3712
2018-04-25,106.674,9.149,136.2,1.0693
2018-04-26,98.2911,6.9131,104.57,1.0046
2018-04-27,101.3534,9.0402,132.56,0.9422
2018-04-30,95.0106,7.9277,113.11,1.1095
2018-05-01,98.3873,6.7453,104.3,1.1384
2018-05-02,98.0645,6.2832,80.29,0.8363
2018-05-03,92.9739,5.9117,78.95,1.0555
2018-05-04,93.2485,7.8973,110.46,1.0777
2018-05-07,97.4628,7.7114,84.24,1.1769
2018-05-08,106.782,7.6054,106.99,0.9688
2018-05-09,97.3585,6.6161,93.82,0.9696
2018-05-10,71.5568,10.5279,105.78,1.198
2018-05-11,83.2808,8.1377,108.3,1.1357
2018-05-14,76.9251,7.0808,133.17,1.1146
2018-05-15,81.9349,9.1099,123.21,1.2853
2018-05-16,93.1615,7.1448,102.65,1.1698
2018-05-17,86.809,4.6933,87.68,1.0819
2018-05-18,96.4412,5.6675,105.55,1.1159
2018-05-21,78.1577,8.6211,112.99,1.0213
2018-05-22,87.899,8.4106,103.89,1.2872
2018-05-23,79.4741,5.4047,66.7,1.1572
2018-05-24,90.0286,8.4602,82.64,0.9171
2018-05-25,99.686,7.7858,111.07,1.1043
2018-05-28,77.8905,7.1536,86.03,1.3034
2018-05-29,92.5893,6.601,127.07,1.4363
2018-05-30,103.2978,7.3228,124.66,0.829
2018-05-31,99.3014,8.6872,104.76,1.1674
2018-06-01,87.5729,7.6353,105.98,1.0093
2018-06-04,92.1268,8.1496,114.91,1.2166
2018-06-05,87.6044,6.7256,135.22,1.1392
2018-06-06,107.8326,8.0934,86.36,0.6914
2018-06-07,96.9168,7.2384,112.36,1.116
2018-06-08,107.8037,7.3344,121.33,0.8206
2018-06-11,82.3395,5.962,104.3,0.6899
2018-06-12,109.328,8.8632,149.77,0.9946
2018-06-13,87.0168,9.583,115.83,1.2183
2018-06-14,94.8963,8.0217,134.47,1.3294
2018-06-15,106.0357,5.9051,114.98,1.4927
2018-06-18,90.9031,9.744,95.27,1.225
2018-06-19,98.1553,4.4969,133.6,0.988
2018-06-20,87.8536,3.9742,77.93,1.0839
2018-06-21,101.3816,7.778,88.46,0.9177
2018-06-22,93.4393,9.1135,105.39,1.1518
2018-06-25,107.6515,7.0108,99.03,0.7972
2018-06-26,95.2463,8.9332,85.81,1.2272
2018-06-27,96.8513,6.9558,125.66,1.1434
2018-06-28,85.5085,6.2359,123.54,0.8765
2018-06-29,84.9093,5.7396,71.2,1.1702
2018-07-02,88.1078,7.8076,93.37,1.1943
2018-07-03,99.4439,5.9133,109.49,0.888
2018-07-04,105.7932,5.928,86.97,1.335
2018-07-05,119.1904,8.0093,79.09,1.0138
2018-07-06,95.6586,7.0977,75.14,1.0765
2018-07-09,89.693,7.0706,112.98,1.1222
2018-07-10,88.7892,5.3955,90.99,1.2699
2018-07-11,102.3854,5.5848,89.73,1.0635
2018-07-12,97.6665,6.7601,88.59,1.115
2018-07-13,98.7213,6.5332,58.03,0.8742
2018-07-16,115.5171,7.8717,108.22,0.7816
2018-07-17,94.3267,6.6949,115.76,1.1812
2018-07-18,87.347,6.4209,109.91,1.3033
2018-07-19,94.562,6.5894,110.85,1.0892
2018-07-20,85.1114,6.3473,123.12,1.097
2018-07-23,107.489,7.021,117.88,1.0431
2018-07-24,95.0282,9.2434,96.0,1.1858
2018-07-25,93.0834,7.5198,112.23,1.2443
2018-07-26,103.8354,8.5034,91.12,0.9063
2018-07-27,95.6545,7.1482,144.32,1.119
2018-07-30,89.2143,7.9225,117.19,0.9846
2018-07-31,86.2834,6.9108,98.44,1.1039
2018-08-01,105.5043,4.3192,116.92,1.2772
2018-08-02,100.0661,7.8529,132.08,1.1766
2018-08-03,105.619,5.0994,118.69,0.945
2018-08-06,98.7296,6.0401,118.69,1.3272
2018-08-07,106.3169,6.2719,71.33,1.2042
2018-08-08,83.4334,8.2968,108.68,1.2353
2018-08-09,88.448,5.6171,125.58,1.0645
2018-08-10,93.1878,7.4639,131.11,1.0015
2018-08-13,91.5854,5.7502,118.54,0.9149
2018-08-14,87.1988,6.9383,118.87,1.2339
2018-08-15,95.0231,7.2019,102.04,0.8998
2018-08-16,105.0058,5.8857,112.52,1.0714
2018-08-17,116.7283,6.6618,76.2,1.2308
2018-08-20,94.7936,6.5279,117.37,0.9265
2018-08-21,102.7749,8.9441,67.14,1.2957
2018-08-22,79.3022,7.7851,129.43,1.1921
2018-08-23,77.7872,7.7233,99.95,1.1875
2018-08-24,110.1279,7.6061,81.36,1.357
2018-08-27,96.2997,6.7568,113.98,1.1817
2018-08-28,88.9324,8.3333,95.46,0.9641
2018-08-29,93.6883,8.1627,94.15,1.2788
2018-08-30,79.4045,7.9228,74.99,1.1381
2018-08-31,102.6083,7.7148,80.56,0.7709
2018-09-03,80.0088,4.2264,108.93,1.1972
2018-09-04,97.9775,5.5779,107.33,0.9384
2018-09-05,96.9468,8.5511,90.83,1.0584
2018-09-06,90.6479,5.5378,111.54,1.1242
2018-09-07,102.5236,7.7851,138.93,0.949
2018-09-10,80.4305,7.0236,112.82,1.1498
2018-09-11,95.6963,5.5274,136.03,1.1389
2018-09-12,107.8184,5.5751,88.91,1.0986
2018-09-13,97.1103,5.4182,101.72,0.9652
2018-09-14,101.5791,4.5654,127.31,1.0446
2018-09-17,94.728,6.1647,107.8,1.1666
2018-09-18,97.4478,3.9674,105.2,1.1015
2018-09-19,92.8063,5.361,108.55,1.1812
2018-09-20,79.2861,8.7337,147.35,1.0257
2018-09-21,86.4741,6.1306,116.1,0.8755
2018-09-24,97.8814,8.7134,132.83,1.104
2018-09-25,95.5356,9.5258,76.89,1.3267
2018-09-26,100.677,6.5318,101.41,1.1544
2018-09-27,91.0678,6.5763,112.54,1.2395
2018-09-28,100.7462,6.9099,93.66,0.9896
2018-10-01,110.8255,8.1858,124.62,1.0259
2018-10-02,90.9629,6.6396,91.38,0.8342
2018-10-03,94.4023,7.9049,120.72,1.0584
2018-10-04,101.053,6.9356,130.39,1.1228
2018-10-05,108.7219,5.6757,114.43,1.3179
2018-10-08,98.2858,8.3854,132.17,1.1339
2018-10-09,102.0635,7.0851,96.42,1.0588
2018-10-10,95.241,5.1195,130.61,1.1677
2018-10-11,98.5238,6.3368,156.15,0.896
2018-10-12,105.1558,7.4986,116.26,0.9122
2018-10-15,96.9767,8.8915,124.24,1.4651
2018-10-16,103.7894,8.7605,93.17,0.9997
2018-10-17,98.2518,6.9083,128.22,1.201
2018-10-18,85.0455,8.5032,108.65,0.8239
2018-10-19,91.5335,6.3296,120.77,1.088
2018-10-22,89.8183,8.081,89.37,1.0356
2018-10-23,98.9501,6.5832,99.79,1.236
2018-10-24,91.8568,6.7268,86.23,1.0945
2018-10-25,90.0813,7.1502,82.57,0.8976
2018-10-26,103.1647,5.34,134.04,1.3915
2018-10-29,103.5862,7.2236,91.4,1.1037
2018-10-30,93.2127,8.1079,138.23,1.2152
2018-10-31,109.7348,6.6498,111.15,1.124
2018-11-01,118.0903,4.8845,99.63,1.0652
2018-11-02,102.1027,7.5882,147.59,1.2431
2018-11-05,88.5676,10.4397,70.48,1.1148
2018-11-06,90.8997,7.9875,99.57,1.1256
2018-11-07,109.5676,6.5764,94.55,1.1297
2018-11-08,100.8552,9.0066,113.48,1.1743
2018-11-09,88.3198,5.7816,138.17,1.1724
2018-11-12,96.215,3.4683,62.53,1.1402
2018-11-13,101.5934,4.7254,95.73,1.051
2018-11-14,105.3988,6.2467,91.56,1.3864
2018-11-15,99.4435,5.1336,102.65,1.015
2018-11-16,91.1941,8.8566,88.97,1.1456
2018-11-19,101.8366,6.7812,115.5,0.9715
2018-11-20,78.404,6.7224,79.51,0.9851
2018-11-21,102.9435,7.6939,106.99,1.284
2018-11-22,80.8285,5.4545,103.49,1.2626
2018-11-23,86.3839,6.9022,120.03,1.1537
2018-11-26,82.8376,6.754,128.88,1.1642
2018-11-27,95.2211,6.7008,94.98,0.8832
2018-11-28,75.7732,4.6403,64.8,1.0907
2018-11-29,76.8736,8.1675,130.74,1.076
2018-11-30,106.4445,6.0805,107.73,1.0495
2018-12-03,92.4873,6.7682,78.88,1.071
2018-12-04,111.1268,4.9297,116.42,1.0205
2018-12-05,82.7675,6.955,89.15,0.9087
2018-12-06,77.9166,6.6892,106.59,1.3492
2018-12-07,79.9798,6.6771,96.89,1.3003
2018-12-10,100.4233,9.4952,128.02,1.1837
2018-12-11,106.3023,8.0079,109.76,1.0059
2018-12-12,94.6451,5.5504,103.49,1.1692
2018-12-13,98.28,6.5485,70.97,0.9289
2018-12-14,108.2501,6.7246,93.04,1.1006
2018-12-17,114.6912,7.5757,108.23,0.9978
2018-12-18,88.8577,7.4109,119.3,1.0352
2018-12-19,83.6517,8.1485,122.54,1.1604
2018-12-20,110.6568,8.5963,108.35,0.9381
2018-12-21,101.7484,9.0636,153.29,0.7985
2018-12-24,97.1888,8.5429,61.86,1.2153
2018-12-25,94.4279,8.9913,138.91,1.476
2018-12-26,89.8868,7.8094,133.58,0.971
2018-12-27,76.6729,5.9448,106.54,1.0286
2018-12-28,85.7643,6.3232,133.27,1.1438
2018-12-31,98.6646,7.5397,119.39,1.2365
2019-01-01,97.5417,7.2843,105.1,1.0368
2019-01-02,89.4688,7.6504,95.24,1.2153
2019-01-03,81.1512,6.3757,105.47,1.1207
2019-01-04,97.5865,7.6222,74.47,1.0686
2019-01-07,89.9304,7.7428,110.14,1.0174
2019-01-08,93.0589,6.1951,130.14,0.9637
2019-01-09,98.4795,7.4991,92.46,1.1663
2019-01-10,98.0546,8.8106,124.92,0.8203
2019-01-11,102.1612,5.0156,120.4,1.0059
2019-01-14,88.248,6.6128,124.0,1.1618
2019-01-15,97.6353,6.4294,119.76,1.1924
2019-01-16,96.8154,6.8929,84.89,0.85
2019-01-17,100.3099,6.5,93.57,1.2148
2019-01-18,95.6975,7.4146,131.56,1.2015
2019-01-21,97.1494,5.8083,108.99,0.8453
2019-01-22,85.6472,9.9575,117.31,1.3046
2019-01-23,75.1515,5.1133,141.94,0.8789
2019-01-24,87.0422,8.1862,84.47,1.3539
2019-01-25,80.7072,6.9744,93.43,0.7419
2019-01-28,96.3724,6.9085,109.82,1.0883
2019-01-29,96.5712,5.2343,76.97,1.148
2019-01-30,112.5741,4.477,94.17,0.9784
2019-01-31,89.8571,7.0031,120.21,0.987
2019-02-01,95.7115,6.6073,56.51,0.999
2019-02-04,92.7017,5.2681,104.93,1.0189
2019-02-05,74.808,6.5055,150.65,0.9744
2019-02-06,105.2884,7.4497,109.42,1.1795
2019-02-07,100.577,4.9018,111.9,1.229
2019-02-08,76.871,4.2513,111.58,1.2262
2019-02-11,107.3994,5.3284,106.0,1.3438
2019-02-12,83.2583,7.1562,113.52,1.3858
2019-02-13,107.465,5.9458,104.24,0.9395
2019-02-14,90.871,6.1108,89.77,1.0265
2019-02-15,82.4057,7.6412,107.06,1.2308
2019-02-18,81.6812,7.9229,105.06,1.4815
2019-02-19,102.9449,6.0072,109.43,0.9968
2019-02-20,100.1576,7.9221,114.54,1.1043
2019-02-21,95.3131,7.5592,143.27,0.8572
2019-02-22,91.667,5.8991,100.23,1.1311
2019-02-25,110.2941,5.5736,109.6,0.85
2019-02-26,75.6725,7.7739,98.2,1.1274
2019-02-27,83.1209,5.021,99.09,1.0575
2019-02-28,92.0116,7.6925,99.14,1.0687
2019-03-01,94.4021,8.6192,142.5,0.9677
2019-03-04,95.9634,7.3015,100.91,0.7382
2019-03-05,103.5555,4.6804,113.49,1.2722
2019-03-06,96.7311,9.5435,98.86,1.175
2019-03-07,92.6937,6.3897,107.96,0.9509
2019-03-08,101.9549,6.4601,139.86,1.1384
2019-03-11,95.0848,4.4224,138.7,0.8806
2019-03-12,79.343,6.71,99.9,0.8838
2019-03-13,98.0087,6.8485,143.1,1.1352
2019-03-14,79.9918,9.9247,128.49,0.9846
2019-03-15,85.9619,4.3782,96.06,0.9508
2019-03-18,96.7475,8.1622,86.76,0.8834
2019-03-19,81.0985,7.1133,134.33,0.9473
2019-03-20,99.4987,9.0974,89.48,1.0217
2019-03-21,106.2589,5.5735,142.09,1.1802
2019-03-22,106.1006,7.6113,121.69,0.8853
2019-03-25,97.094,5.6134,101.61,1.3029
2019-03-26,98.951,8.8896,125.08,1.2408
2019-03-27,101.1834,5.4502,119.26,1.1479
2019-03-28,99.8467,8.1188,135.07,1.0022
2019-03-29,95.3734,8.2966,111.04,1.0088
2019-04-01,99.1681,8.5801,137.66,0.9597
2019-04-02,90.3152,5.7079,82.09,0.9585
2019-04-03,96.8166,7.3853,94.92,1.1528
2019-04-04,109.5676,5.166,135.84,0.9336
2019-04-05,89.4906,7.9541,111.95,1.1591
2019-04-08,94.8308,9.1666,104.71,0.8557
2019-04-09,84.0768,5.2657,124.64,1.1956
2019-04-10,80.0397,8.5746,115.67,0.8738
2019-04-11,100.8598,8.7819,123.45,1.285
2019-04-12,73.7762,6.5017,117.06,0.8199
2019-04-15,105.382,9.6991,131.42,1.2057
2019-04-16,87.6821,5.865,115.72,1.139
2019-04-17,101.4298,6.52,117.18,0.9834
2019-04-18,90.8815,8.277,89.53,1.0534
2019-04-19,91.4189,6.6683,120.52,1.2105
2019-04-22,100.8271,7.3381,94.5,1.1856
2019-04-23,90.1999,6.079,78.16,0.9141
2019-04-24,98.6689,5.072,141.79,0.7485
2019-04-25,71.9005,8.7849,94.91,1.1186
2019-04-26,75.8183,5.6725,126.6,0.7125
2019-04-29,105.0549,7.5585,114.42,1.192
2019-04-30,85.598,7.7497,109.44,1.0675
2019-05-01,93.6635,6.5783,94.51,1.2368
2019-05-02,114.2157,7.6417,97.12,1.1052
2019-05-03,79.6616,4.1769,71.64,0.8976
2019-05-06,94.7794,6.5152,58.98,0.8993
2019-05-07,87.0318,8.6788,117.35,1.1444
2019-05-08,103.9987,6.3172,96.44,1.1632
2019-05-09,100.4386,7.5281,81.51,1.2877
2019-05-10,90.6063,7.5941,73.12,1.0238
2019-05-13,111.7105,7.0657,120.13,1.2061
2019-05-14,100.2498,6.4665,88.13,1.1785
2019-05-15,83.0871,9.186,87.66,0.9324
2019-05-16,106.099,6.1873,96.83,1.2498
2019-05-17,85.279,8.5939,75.07,1.387
2019-05-20,108.8803,6.7949,45.49,1.2628
2019-05-21,112.4192,9.7271,83.3,0.9802
2019-05-22,81.8147,8.3562,77.91,1.0462
2019-05-23,98.7455,7.8876,79.13,1.282
2019-05-24,87.3169,6.2773,91.56,1.1697
2019-05-27,87.0566,7.7152,118.84,1.143
2019-05-28,95.0336,5.7897,89.33,1.1447
2019-05-29,98.795,5.8971,95.37,1.0111
2019-05-30,114.4096,10.4424,60.36,0.7186
2019-05-31,94.4249,6.2532,125.44,1.4966
2019-06-03,97.0913,6.1214,107.53,1.1259
2019-06-04,76.9407,9.3113,119.34,1.1177
2019-06-05,101.3651,7.8481,102.18,0.9446
2019-06-06,98.7283,9.3392,118.77,1.2413
2019-06-07,93.5115,5.3372,102.18,1.2607
2019-06-10,95.5009,5.6555,130.72,0.9592
2019-06-11,75.9061,7.7645,96.35,0.8125
2019-06-12,101.72,9.8838,139.6,1.3602
2019-06-13,94.9185,6.099,140.81,1.1523
2019-06-14,93.3819,6.5274,130.51,0.8824
2019-06-17,98.7352,7.1598,69.66,1.0962
2019-06-18,91.6188,8.1882,103.83,1.2354
2019-06-19,94.5058,10.2086,131.79,1.3232
2019-06-20,91.8389,7.2011,106.08,1.1689
2019-06-21,107.3586,8.6034,99.29,1.0067
2019-06-24,82.9645,10.2837,99.95,1.073
2019-06-25,105.0478,6.195,114.9,1.1059
2019-06-26,113.1275,7.321,120.28,1.3307
2019-06-27,95.5705,5.8194,110.02,1.2446
2019-06-28,99.0477,4.6116,71.94,1.0266
2019-07-01,109.2825,6.0145,142.94,1.2684
2019-07-02,88.7217,7.6651,98.48,1.0545
2019-07-03,90.0375,3.4155,99.85,1.1869
2019-07-04,89.3973,7.6116,95.79,1.0486
2019-07-05,102.3634,5.8658,148.21,0.9792
2019-07-08,106.3631,10.2985,96.87,1.3044
2019-07-09,106.7195,6.9473,159.56,1.14
2019-07-10,97.9145,9.3665,87.0,1.178
2019-07-11,90.6199,5.5828,130.49,1.0418
2019-07-12,92.7809,6.0689,69.37,1.1927
2019-07-15,102.6443,8.1292,76.18,1.0236
2019-07-16,83.8244,10.0193,96.29,1.0213
2019-07-17,85.6304,7.3709,107.53,1.0363
2019-07-18,83.276,8.1712,137.51,1.0611
2019-07-19,91.2304,4.266,108.43,1.0821
2019-07-22,84.6748,7.1693,133.36,1.0729
2019-07-23,99.4469,6.0836,96.65,1.3538
2019-07-24,108.159,4.0058,86.73,1.547
2019-07-25,83.8248,9.1274,103.21,0.852
2019-07-26,103.16,11.0006,105.02,1.1303
2019-07-29,99.9558,9.2252,100.02,0.951
2019-07-30,98.0421,8.3384,137.55,1.0315
2019-07-31,96.997,7.5187,88.82,1.371
2019-08-01,80.2736,6.1668,126.57,1.0359
2019-08-02,90.5827,6.2484,130.71,1.1693
2019-08-05,80.4847,6.3719,115.23,0.9858
2019-08-06,98.053,6.7723,98.63,0.849
2019-08-07,89.3834,7.0672,124.98,1.2051
2019-08-08,95.7451,9.2698,84.8,1.1039
2019-08-09,68.7719,5.3145,138.33,1.2864
2019-08-12,91.876,5.0701,142.11,1.2342
2019-08-13,93.2181,7.4243,92.9,1.2665
2019-08-14,87.9463,7.5268,131.51,1.2084
2019-08-15,102.1206,6.4153,117.42,0.8389
2019-08-16,96.8503,6.1147,114.78,0.978
2019-08-19,93.4354,7.4011,149.25,1.3239
2019-08-20,97.811,7.3034,127.22,0.9862
2019-08-21,93.6008,6.6967,105.31,0.9094
2019-08-22,102.5457,9.092,97.34,1.0248
2019-08-23,77.8887,7.0817,104.22,1.2716
2019-08-26,80.8205,6.1753,87.61,1.1306
2019-08-27,88.0412,3.8946,125.1,0.8533
2019-08-28,104.9428,6.3346,95.42,1.1252
2019-08-29,100.6963,7.7371,95.15,1.0159
2019-08-30,110.308,5.9241,99.15,1.233
2019-09-02,111.1496,5.164,118.92,0.8975
2019-09-03,83.0159,8.1388,81.43,1.1197
2019-09-04,94.8008,4.2757,142.56,1.0214
2019-09-05,91.4115,8.5245,153.07,1.149
2019-09-06,94.2776,7.7981,103.15,1.2542
2019-09-09,95.8274,5.3785,82.79,0.8159
2019-09-10,94.5392,6.8833,133.92,0.9743
2019-09-11,93.0496,7.4837,107.59,1.1114
2019-09-12,96.0436,6.8102,117.29,1.3617
2019-09-13,87.887,6.6039,92.42,1.1658
2019-09-16,105.5312,7.7413,78.82,1.1355
2019-09-17,92.3122,9.4363,104.21,0.9456
2019-09-18,97.7711,4.8335,119.27,0.8341
2019-09-19,95.9522,6.2413,133.73,0.6902
2019-09-20,84.6691,5.7602,122.8,0.9181
2019-09-23,89.9375,7.8038,87.26,1.196
2019-09-24,101.269,5.397,111.84,1.2074
2019-09-25,112.8885,7.81,120.28,1.135
2019-09-26,91.8736,8.7625,85.01,1.2672
2019-09-27,94.2336,9.2509,96.37,1.0252
2019-09-30,90.847,10.3993,104.32,1.0933
2019-10-01,75.7608,7.4916,105.69,1.0006
2019-10-02,90.8813,6.2148,116.36,1.1293
2019-10-03,91.0795,6.7585,103.09,1.1805
2019-10-04,110.8907,7.6798,117.75,1.3299
2019-10-07,100.9423,8.6875,119.06,1.087
2019-10-08,96.4143,6.1914,150.08,1.1181
2019-10-09,90.2567,6.4466,113.85,1.3021
2019-10-10,90.8901,7.5815,133.45,0.8981
2019-10-11,97.0711,7.501,109.12,1.0088
2019-10-14,91.6768,7.7626,122.58,1.1871
2019-10-15,99.6006,9.7565,131.43,1.1303
2019-10-16,107.0724,6.9728,90.57,1.3551
2019-10-17,76.033,6.5587,75.42,0.9178
2019-10-18,96.9668,4.83,74.75,1.0238
2019-10-21,112.6729,7.766,138.86,1.0517
2019-10-22,74.061,6.3234,122.94,0.9732
2019-10-23,105.7699,7.3614,84.45,1.1377
2019-10-24,113.0622,5.6401,126.25,0.9594
2019-10-25,106.0019,4.5141,79.63,1.0855
2019-10-28,88.4867,6.5802,127.45,1.205
2019-10-29,98.283,7.0956,68.85,1.1303
2019-10-30,95.0641,4.8484,73.4,1.0636
2019-10-31,87.7866,8.5398,107.05,1.2873
2019-11-01,96.3574,7.6283,135.47,0.9892
2019-11-04,104.9451,6.9942,115.19,0.9623
2019-11-05,104.2035,5.5088,121.54,1.1933
2019-11-06,100.6503,6.3683,93.39,1.1376
2019-11-07,92.1637,7.2107,126.15,1.3359
2019-11-08,89.2113,9.6486,108.15,1.259
2019-11-11,112.8614,7.2154,79.86,1.4076
2019-11-12,70.9434,6.6492,121.04,1.0019
2019-11-13,87.824,4.2485,75.26,1.0642
2019-11-14,71.6957,5.544,101.95,1.0787
2019-11-15,81.8189,6.5852,120.65,1.2215
2019-11-18,89.2907,6.5658,106.61,1.316
2019-11-19,86.9973,6.0773,110.28,1.1989
2019-11-20,101.7243,4.1772,135.22,1.2528
2019-11-21,93.6763,7.4544,106.27,1.2049
2019-11-22,94.0361,7.2044,107.43,1.1069
2019-11-25,98.4712,5.9165,94.81,1.0247
2019-11-26,121.2096,7.5383,117.89,1.1654
2019-11-27,90.1871,6.6375,129.74,1.1515
2019-11-28,88.4961,6.0395,111.14,0.868
2019-11-29,96.0101,6.3006,132.74,0.996
2019-12-02,87.0981,4.2297,154.06,0.7718
2019-12-03,77.1882,4.284,85.21,1.1724
2019-12-04,89.8826,8.4037,102.69,1.1219
2019-12-05,116.3686,6.2048,95.07,1.085
2019-12-06,101.3194,4.3949,78.06,1.2516
2019-12-09,92.3982,6.6783,145.07,1.1424
2019-12-10,77.8985,5.7681,151.52,1.202
2019-12-11,109.4932,5.4756,108.94,1.1219
2019-12-12,101.1001,8.3971,75.24,1.1827
2019-12-13,94.4954,5.3935,102.94,1.0203
2019-12-16,104.3801,6.5842,57.85,1.0304
2019-12-17,91.4305,6.3828,113.71,1.2899
2019-12-18,89.8239,6.2692,140.64,1.2163
2019-12-19,98.6557,7.3869,100.04,1.3912
2019-12-20,85.8398,8.2332,141.56,1.2287
2019-12-23,95.4821,7.1354,99.43,1.1231
2019-12-24,93.7391,5.7941,131.51,1.1248
2019-12-25,93.0021,8.5405,83.66,1.0074
2019-12-26,108.1598,8.0369,87.48,1.3771
2019-12-27,77.5752,7.2275,83.98,1.1129
2019-12-30,88.1093,7.9705,106.3,0.9375
2019-12-31,96.6229,8.02,121.35,1.0493
2020-01-01,101.9142,10.2422,94.64,0.9768
2020-01-02,108.1409,5.5968,109.43,0.8861
2020-01-03,102.8576,6.6191,103.08,0.9004
2020-01-06,108.7609,7.596,114.54,0.8878
2020-01-07,105.3688,8.1887,110.15,1.1112
2020-01-08,96.5165,8.0424,135.76,0.8061
2020-01-09,94.9123,8.5057,114.05,0.8834
2020-01-10,89.8212,9.3881,132.15,1.0981
2020-01-13,90.5357,5.8309,116.24,1.2944
2020-01-14,88.8798,9.074,129.95,0.9222
2020-01-15,110.8724,7.9711,139.26,1.0537
2020-01-16,96.8901,7.6395,87.4,0.9321
2020-01-17,84.0281,7.0695,117.99,1.1672
2020-01-20,88.3002,8.9788,170.98,1.3511
2020-01-21,88.2024,5.6897,85.33,0.9808
2020-01-22,106.5055,7.2017,108.94,0.939
2020-01-23,93.1043,7.9089,136.6,0.7762
2020-01-24,82.5435,8.0709,105.42,1.1235
2020-01-27,95.2512,6.4387,107.44,0.7774
2020-01-28,88.1637,6.261,103.65,1.1454
2020-01-29,83.6814,7.4683,109.93,1.1466
2020-01-30,107.8642,8.5186,103.55,1.2002
2020-01-31,102.0334,5.6893,120.62,1.3384
2020-02-03,107.4936,7.1053,161.48,1.05
2020-02-04,86.7256,5.5595,132.71,1.3413
2020-02-05,93.8985,8.741,112.58,1.3115
2020-02-06,97.7271,7.7737,100.06,1.1867
2020-02-07,82.3338,5.4377,116.69,1.2978
2020-02-10,88.3349,5.1251,108.98,1.1896
2020-02-11,96.9052,7.503,80.5,0.9652
2020-02-12,92.2293,8.2116,145.29,1.077
2020-02-13,102.7199,4.4568,137.19,1.2078
2020-02-14,100.3438,6.4903,109.48,1.2887
2020-02-17,89.7244,7.7466,105.98,1.2874
2020-02-18,95.8313,4.5501,86.79,1.1014
2020-02-19,98.171,3.7125,108.37,0.6471
2020-02-20,97.2139,5.0924,100.41,1.1311
2020-02-21,100.9063,8.3607,96.79,1.3653
2020-02-24,102.2801,7.4427,109.76,1.1534
2020-02-25,76.8472,5.0305,124.47,0.979
2020-02-26,80.5512,7.0176,95.48,1.0119
2020-02-27,74.1007,7.1651,89.3,0.8155
2020-02-28,103.2827,6.1217,122.96,1.2691
2020-03-02,91.84,9.7965,98.6,1.1583
2020-03-03,109.9197,7.9532,110.43,0.9069
2020-03-04,101.5885,6.931,125.83,0.8504
2020-03-05,88.728,8.5505,89.84,1.0621
2020-03-06,105.7577,6.4463,149.39,0.8824
2020-03-09,86.3871,7.7213,112.17,1.2111
2020-03-10,90.6946,6.5818,61.14,1.0413
2020-03-11,81.3307,5.2453,127.99,1.2637
2020-03-12,101.3366,8.1484,115.17,1.0702
2020-03-13,77.9311,8.1379,98.12,1.0606
2020-03-16,108.5614,6.4516,123.62,1.1537
2020-03-17,108.7471,6.0533,115.03,1.1066
2020-03-18,111.7683,7.9254,121.96,1.0527
2020-03-19,91.1767,8.3705,142.08,1.2224
2020-03-20,97.6135,5.5637,130.57,0.9235
2020-03-23,85.0052,7.5292,142.19,1.436
2020-03-24,101.7647,9.6608,84.99,0.9733
2020-03-25,80.5971,6.6531,93.2,1.26
2020-03-26,91.0364,9.3829,89.36,0.939
2020-03-27,78.0907,6.4496,112.61,1.1704
2020-03-30,98.9413,7.7007,95.25,1.2141
2020-03-31,86.9644,8.6471,111.56,1.2146
2020-04-01,87.6511,7.4599,136.83,1.1002
2020-04-02,95.1781,7.0935,114.64,1.0561
2020-04-03,92.7695,5.415,154.92,0.9205
2020-04-06,89.2725,7.0867,100.89,1.0163
2020-04-07,81.5474,6.8533,124.4,0.8589
2020-04-08,108.2172,6.3086,130.72,1.1663
2020-04-09,98.6073,6.1173,97.48,0.9533
2020-04-10,100.0136,5.3433,124.55,0.9714
2020-04-13,95.4526,9.0072,114.61,1.1327
2020-04-14,97.5106,6.94,89.14,1.0695
2020-04-15,95.735,4.9502,100.19,1.0205
2020-04-16,95.2267,7.9943,122.0,1.0705
2020-04-17,104.3819,5.2755,126.68,1.3976
2020-04-20,84.4393,7.3921,65.89,1.1388
2020-04-21,88.7666,8.2789,108.87,0.9479
2020-04-22,74.4643,6.8281,90.04,1.1115
2020-04-23,108.7526,6.1041,125.94,1.2644
2020-04-24,90.8029,6.7618,112.2,1.075
2020-04-27,88.8461,9.0292,89.24,1.1498
2020-04-28,94.0055,8.6423,129.4,1.1988
2020-04-29,87.7342,6.6312,108.52,1.1
2020-04-30,94.3866,7.267,122.28,1.2493
2020-05-01,97.7729,5.4559,118.14,1.2768
2020-05-04,90.3138,8.0838,74.78,1.007
2020-05-05,82.9923,6.128,96.89,1.3274
2020-05-06,93.9068,6.3598,121.21,0.7895
2020-05-07,98.9462,8.802,139.81,0.8174
2020-05-08,103.2088,10.8201,109.1,0.9326
2020-05-11,87.8164,4.4318,110.79,1.0529
2020-05-12,75.2752,10.185,111.32,0.9777
2020-05-13,89.165,5.9478,101.6,1.0594
2020-05-14,102.2869,5.8724,109.9,1.0696
2020-05-15,90.2747,7.3402,126.89,0.9684
2020-05-18,97.1313,9.1582,125.65,1.145
2020-05-19,95.5016,7.8295,111.11,1.2552
2020-05-20,86.6926,7.5013,93.59,1.1529
2020-05-21,108.9,8.0721,111.64,1.2958
2020-05-22,114.5635,7.2872,114.27,1.1174
2020-05-25,90.4885,4.5707,96.12,1.2159
2020-05-26,92.9863,5.1968,83.85,1.0008
2020-05-27,97.122,9.0414,96.44,1.1779
2020-05-28,100.3029,8.5805,117.79,1.0224
2020-05-29,93.2527,8.6879,113.04,1.0501
2020-06-01,80.035,7.5742,115.62,0.9464
2020-06-02,109.5612,5.1858,122.51,1.042
2020-06-03,92.7049,6.2694,105.69,1.1339
2020-06-04,94.3618,7.809,117.35,1.097
2020-06-05,112.9982,7.3864,128.91,1.2763
2020-06-08,98.3918,6.5081,123.96,0.9218
2020-06-09,94.9681,9.3747,112.41,1.1454
2020-06-10,94.417,7.3164,106.78,1.2125
2020-06-11,102.7733,7.8871,109.74,1.162
2020-06-12,97.7092,4.8065,120.73,1.2855
2020-06-15,99.1483,5.4516,122.52,1.1724
2020-06-16,104.2931,6.8251,117.1,1.319
2020-06-17,96.104,7.0659,131.01,1.2198
2020-06-18,93.4915,6.3418,106.39,1.1693
2020-06-19,76.078,7.4691,115.24,1.1986
2020-06-22,127.623,7.4877,80.84,1.0164
2020-06-23,94.2913,7.6719,108.54,1.4103
2020-06-24,91.6975,7.4251,110.2,1.1943
2020-06-25,97.7673,8.847,110.95,1.2786
2020-06-26,94.5619,6.3857,155.51,1.273
2020-06-29,104.1904,6.05,127.21,1.2935
2020-06-30,87.2736,7.865,117.16,1.238
2020-07-01,89.8156,7.4056,82.7,1.1051
2020-07-02,87.9696,5.0081,107.93,1.2901
2020-07-03,104.6614,7.2161,128.71,1.0561
2020-07-06,93.1403,9.6064,83.69,1.0918
2020-07-07,108.8025,6.1282,120.99,1.2379
2020-07-08,105.9418,7.1538,101.18,1.2835
2020-07-09,82.5285,7.5964,87.57,1.3431
2020-07-10,86.6298,9.4914,119.23,1.3327
2020-07-13,87.9317,2.244,129.51,1.081
2020-07-14,91.0904,8.3492,90.77,1.3082
2020-07-15,96.9836,7.9079,115.05,1.1415
2020-07-16,83.8375,6.4142,105.69,0.9286
2020-07-17,94.3076,7.2936,119.02,1.3385
2020-07-20,92.8765,8.9662,97.78,0.9652
2020-07-21,91.423,6.0587,86.05,1.2155
2020-07-22,88.7608,9.5104,128.76,0.7486
2020-07-23,101.7554,7.9243,110.7,0.9371
2020-07-24,86.1708,5.7233,107.33,1.0696
2020-07-27,93.5705,5.9312,105.2,0.9717
2020-07-28,80.5567,7.9611,86.92,0.9324
2020-07-29,108.373,6.5891,109.21,1.0112
2020-07-30,91.3538,8.3647,110.83,1.2571
2020-07-31,108.1642,7.1605,136.29,1.3446
2020-08-03,87.5083,5.7292,108.12,1.1159
2020-08-04,102.4439,7.3983,76.67,0.992
2020-08-05,77.3413,7.8543,64.53,1.2061
2020-08-06,105.8387,8.6352,109.17,1.1964
2020-08-07,97.2753,7.9798,114.07,1.187
2020-08-10,83.5427,6.3861,96.49,0.9981
2020-08-11,83.2093,8.5706,115.02,1.1397
2020-08-12,93.0995,8.6552,130.49,1.2976
2020-08-13,95.6386,8.9407,99.21,1.2272
2020-08-14,83.2767,8.8636,119.5,1.3166
2020-08-17,101.7484,8.9109,99.52,0.9767
2020-08-18,100.6551,7.7441,108.39,1.1578
2020-08-19,99.3083,6.0882,118.35,0.9809
2020-08-20,104.007,8.1921,73.54,1.1016
2020-08-21,76.1543,9.6908,118.75,1.2311
2020-08-24,109.0368,6.0758,61.19,1.2633
2020-08-25,86.6262,5.2573,127.61,1.2345
2020-08-26,91.0831,7.737,98.81,1.0661
2020-08-27,90.8308,8.612,124.18,1.2474
2020-08-28,102.4868,6.7004,135.77,1.1589
2020-08-31,99.4843,5.4977,104.38,0.7493
2020-09-01,91.9942,10.1043,142.03,1.0618
2020-09-02,100.5311,5.1024,109.33,0.8342
2020-09-03,89.4751,7.4389,128.27,1.0607
2020-09-04,80.2055,6.4656,98.07,1.302
2020-09-07,99.0791,7.2682,97.53,0.952
2020-09-08,99.3801,6.1489,100.06,0.8471
2020-09-09,103.6828,7.1214,102.48,1.3669
2020-09-10,90.7424,8.6381,117.79,0.8299
2020-09-11,113.1115,6.3507,114.72,0.7956
2020-09-14,82.7831,8.4086,106.49,1.0762
2020-09-15,114.3208,8.1073,94.0,0.8853
2020-09-16,102.558,6.6803,131.65,1.3364
2020-09-17,91.5484,8.0555,109.91,1.1726
2020-09-18,83.6332,5.9835,118.0,1.2968
2020-09-21,84.8948,9.1137,93.5,0.8099
2020-09-22,98.4141,4.3164,75.32,1.127
2020-09-23,82.224,6.3823,122.45,1.0154
2020-09-24,90.2323,5.5335,83.12,0.9269
2020-09-25,97.5643,6.335,140.3,1.3543
2020-09-28,104.7207,3.115,122.26,1.1091
2020-09-29,101.4342,9.2645,137.86,0.8833
2020-09-30,103.7691,8.2606,75.36,1.0527
2020-10-01,98.5864,8.0487,98.78,1.1968
2020-10-02,88.069,6.743,91.1,1.2368
2020-10-05,95.094,7.4422,126.28,0.9637
2020-10-06,90.8615,7.7062,80.86,1.4442
2020-10-07,82.5939,6.4655,101.83,1.1046
2020-10-08,89.5574,8.7087,122.38,0.9698
2020-10-09,82.2382,7.1944,109.73,1.1898
2020-10-12,83.3096,8.3604,152.5,1.1557
2020-10-13,111.7395,5.7543,90.11,0.8678
2020-10-14,84.587,4.5072,121.01,0.9802
2020-10-15,113.9018,9.4818,103.43,1.0326
2020-10-16,96.3988,7.0717,95.63,1.1884
2020-10-19,97.4227,6.4588,95.84,0.9725
2020-10-20,93.2111,6.7671,61.91,1.2024
2020-10-21,99.3599,9.9126,97.65,1.2085
2020-10-22,100.0536,9.8808,137.54,1.3078
2020-10-23,82.587,7.1603,122.25,1.0158
2020-10-26,96.786,7.6201,82.42,1.0353
2020-10-27,89.5084,6.273,72.46,0.8384
2020-10-28,90.5704,6.324,102.18,0.9099
2020-10-29,93.0501,5.3924,121.12,1.034
2020-10-30,98.4915,8.0194,140.29,0.9061
2020-11-02,117.1613,6.7359,117.84,1.0763
2020-11-03,105.6593,7.0465,121.69,1.296
2020-11-04,88.1139,10.2542,81.92,0.7623
2020-11-05,91.0134,6.1525,121.61,1.3656
2020-11-06,83.8989,5.1416,107.4,1.1811
2020-11-09,97.5567,8.7925,130.06,1.1595
2020-11-10,75.0453,5.4414,78.66,1.0343
2020-11-11,86.4823,6.4929,90.83,1.1554
2020-11-12,94.7589,6.8108,113.67,0.9224
2020-11-13,117.2387,3.5883,111.55,0.9939
2020-11-16,97.954,6.6242,129.08,1.0613
2020-11-17,108.9859,8.3922,109.76,1.0164
2020-11-18,114.2266,5.7489,69.96,1.3691
2020-11-19,94.6185,6.9416,140.38,1.163
2020-11-20,104.0984,7.7412,125.21,1.091
2020-11-23,86.7145,8.0072,96.4,1.1355
2020-11-24,102.6519,7.9316,77.91,1.1359
2020-11-25,89.8278,5.4578,100.96,1.1885
2020-11-26,99.9004,6.3586,103.47,0.7983
2020-11-27,87.0749,3.8276,156.34,1.0843
2020-11-30,91.3067,9.6981,111.11,1.1047
2020-12-01,115.2177,6.9615,147.43,1.2124
2020-12-02,90.8298,7.5482,113.55,1.1114
2020-12-03,96.7388,4.2912,101.79,0.9967
2020-12-04,98.1587,6.4439,113.93,1.1185
2020-12-07,97.6658,5.2655,120.62,1.168
2020-12-08,108.7286,5.109,115.24,0.9395
2020-12-09,109.7012,6.7058,157.32,1.0087
2020-12-10,82.2155,7.7504,90.72,1.1022
2020-12-11,92.2192,6.7599,118.71,1.0755
2020-12-14,88.8707,6.0467,134.33,0.9437
2020-12-15,106.747,4.9466,141.81,1.3629
2020-12-16,112.8874,6.4117,83.91,1.1154
2020-12-17,91.0626,6.8896,112.58,1.3229
2020-12-18,90.0198,6.4104,103.72,0.9506
2020-12-21,85.2579,5.9886,119.71,1.0905
2020-12-22,116.1809,7.2658,102.85,1.1544
2020-12-23,104.1057,7.7881,107.34,1.0677
2020-12-24,95.5739,3.7559,129.77,0.85
2020-12-25,98.3781,7.6031,128.15,1.2324
2020-12-28,94.657,5.7218,125.61,0.9864
2020-12-29,90.4612,5.6384,123.37,1.1326
2020-12-30,90.6489,7.6875,128.18,0.9435
2020-12-31,96.9156,8.3587,126.78,1.1732
2021-01-01,92.4803,4.4366,117.9,0.9168
2021-01-04,88.5299,4.9866,112.32,0.9273
2021-01-05,89.4607,7.5142,138.96,1.0331
2021-01-06,102.3582,4.4773,97.1,1.0513
2021-01-07,114.5111,7.49,114.61,1.303
2021-01-08,89.3015,10.2364,107.59,1.0502
2021-01-11,95.4802,4.3739,82.23,1.1752
2021-01-12,103.7502,4.8686,107.69,1.0307
2021-01-13,88.5404,11.0056,99.14,1.3003
2021-01-14,108.5242,5.5311,112.65,1.0741
2021-01-15,103.4367,8.1097,133.29,1.2162
2021-01-18,102.4309,7.6871,107.57,1.4963
2021-01-19,93.5701,7.3568,100.29,1.174
2021-01-20,110.2674,7.8923,130.5,1.1081
2021-01-21,92.1558,4.6393,112.12,1.1023
2021-01-22,99.4082,9.3309,138.44,1.2215
2021-01-25,97.4263,6.9399,114.01,1.0691
2021-01-26,106.4022,4.7405,105.32,1.2932
2021-01-27,74.7734,8.7527,120.61,0.8387
2021-01-28,80.2338,11.7103,115.52,1.0305
2021-01-29,106.8189,7.7455,124.17,1.1117
2021-02-01,78.1041,5.5278,94.31,1.4298
2021-02-02,97.0238,7.8262,110.97,1.0808
2021-02-03,78.6142,5.1171,75.16,0.9453
2021-02-04,102.0131,9.1039,123.0,0.9902
2021-02-05,81.6334,3.7167,108.3,1.1409
2021-02-08,107.5033,5.1347,111.24,1.1154
2021-02-09,80.3044,8.7575,108.44,0.991
2021-02-10,93.7315,6.0232,125.84,1.1122
2021-02-11,103.5612,9.7193,130.37,1.1242
2021-02-12,111.8642,7.0033,114.58,1.0895
2021-02-15,95.7371,6.8557,134.65,1.1602
2021-02-16,97.1671,5.329,63.09,1.1131
2021-02-17,82.0133,7.2994,106.07,0.9145
2021-02-18,86.466,9.6755,85.16,0.9639
2021-02-19,99.9708,4.9347,104.51,1.1906
2021-02-22,88.847,6.0141,107.9,1.0993
2021-02-23,77.8701,9.4876,118.87,1.3165
2021-02-24,90.6629,7.2786,147.09,1.2987
2021-02-25,98.1311,7.555,61.0,0.9815
2021-02-26,83.866,6.1884,107.41,1.2982
2021-03-01,103.9778,5.0488,137.89,1.1122
2021-03-02,101.3479,9.7155,78.67,1.1925
2021-03-03,84.0087,4.8767,123.8,0.9108
2021-03-04,99.1174,4.6872,74.74,1.3809
2021-03-05,73.1483,7.2014,89.12,1.283
2021-03-08,79.4575,6.2387,103.31,1.2048
2021-03-09,101.3001,5.722,117.28,1.0619
2021-03-10,90.2895,6.405,128.51,1.5356
2021-03-11,84.4021,8.2921,125.37,1.211
2021-03-12,99.5654,7.1681,98.25,0.8333
2021-03-15,97.4469,6.1944,124.16,0.9981
2021-03-16,100.8142,4.8762,80.76,0.9546
2021-03-17,99.5173,8.0016,109.33,1.0056
2021-03-18,104.8485,10.0572,124.15,1.2525
2021-03-19,97.4461,5.5367,101.17,1.0648
2021-03-22,105.418,6.4767,137.8,1.3033
2021-03-23,116.0209,4.0744,70.39,1.2542
2021-03-24,87.2567,7.3779,120.81,1.2321
2021-03-25,98.7412,6.5215,99.42,0.9923
2021-03-26,90.8731,7.6022,115.62,0.9194
2021-03-29,107.1098,7.0899,131.32,0.8623
2021-03-30,106.3577,6.2276,143.07,0.9248
2021-03-31,100.1494,4.8523,109.74,1.2776
2021-04-01,111.5923,7.7771,109.53,1.1639
2021-04-02,100.843,5.7314,114.05,1.0917
2021-04-05,76.0641,7.4301,91.51,0.9475
2021-04-06,93.2194,7.4072,102.74,0.949
2021-04-07,99.433,8.205,96.74,1.1941
2021-04-08,100.8795,7.6946,127.84,1.1271
2021-04-09,97.0416,5.6636,104.55,1.2273
2021-04-12,114.2723,8.724,128.63,1.0872
2021-04-13,90.3923,8.1041,90.09,1.0092
2021-04-14,108.047,8.978,90.14,1.0864
2021-04-15,99.9925,8.0277,111.21,1.2733
2021-04-16,95.1834,3.7379,144.26,1.2595
2021-04-19,97.4594,6.3579,105.65,1.1117
2021-04-20,108.7088,6.2957,88.93,1.2891
2021-04-21,103.7383,7.2381,129.08,1.1235
2021-04-22,79.0374,5.8888,127.04,1.0064
2021-04-23,109.35,10.0049,132.68,1.0172
2021-04-26,72.8158,5.8767,118.97,1.1597
2021-04-27,96.4973,5.8012,132.83,1.1032
2021-04-28,97.5073,10.2142,117.13,1.113
2021-04-29,105.8261,9.6768,55.55,1.3577
2021-04-30,93.5576,5.0324,110.03,1.2335
2021-05-03,80.0475,6.2825,101.92,1.0802
2021-05-04,94.3416,9.2787,101.2,1.2157
2021-05-05,87.5129,6.7332,129.25,0.9921
2021-05-06,98.1779,5.3651,71.48,1.27
2021-05-07,81.3244,7.806,113.35,1.179
2021-05-10,91.9089,8.2394,80.79,1.1489
2021-05-11,92.5509,5.0302,89.73,1.2059
2021-05-12,124.124,7.2783,113.94,0.8365
2021-05-13,96.6389,6.6418,146.67,1.1934
2021-05-14,102.1365,5.4943,52.92,1.117
2021-05-17,91.423,8.1894,121.02,1.0261
2021-05-18,106.0916,5.3163,102.04,1.245
2021-05-19,91.9351,9.4475,108.98,1.2609
2021-05-20,99.8174,7.4952,117.41,1.2358
2021-05-21,91.8203,3.8642,119.87,0.9482
2021-05-24,99.2182,6.5531,148.3,1.1028
2021-05-25,103.0321,9.7666,106.17,0.8659
2021-05-26,92.839,7.2158,143.29,0.8229
2021-05-27,129.3614,8.2733,124.15,1.0596
2021-05-28,91.7714,7.6034,97.88,1.2671
2021-05-31,90.4878,6.5838,114.44,1.0382
2021-06-01,86.8308,4.7786,118.43,1.3649
2021-06-02,95.2547,8.3222,81.81,1.2834
2021-06-03,103.4465,11.4932,109.96,1.1444
2021-06-04,93.0891,7.6994,123.42,0.675
2021-06-07,90.4977,7.3782,116.18,1.0812
2021-06-08,87.0393,6.2702,112.81,0.8198
2021-06-09,100.9083,10.1759,132.21,0.8963
2021-06-10,94.5091,5.6278,116.63,1.248
2021-06-11,93.197,8.4703,140.85,0.9138
2021-06-14,93.6468,7.5491,113.22,1.2142
2021-06-15,90.517,6.8741,108.54,1.2654
2021-06-16,91.0805,8.0336,89.69,0.925
2021-06-17,86.7484,8.2766,75.5,1.1119
2021-06-18,97.5029,5.8044,50.87,1.0319
2021-06-21,89.6365,8.3129,114.58,0.9323
2021-06-22,102.5378,5.2557,93.94,0.8463
2021-06-23,97.4941,7.5386,126.01,1.0346
2021-06-24,78.7019,7.0482,95.75,1.0794
2021-06-25,109.9962,5.8529,121.89,1.2176
2021-06-28,91.0354,7.6903,90.76,1.0779
2021-06-29,103.331,8.9735,117.54,0.8024
2021-06-30,93.084,8.3433,87.57,1.1608
2021-07-01,96.8877,7.1803,132.61,1.1211
2021-07-02,104.1161,6.0682,138.87,1.2049
2021-07-05,91.2618,6.5747,115.55,0.9528
2021-07-06,83.8672,4.2898,97.38,1.0699
2021-07-07,87.2331,7.7183,100.93,1.029
2021-07-08,108.6004,9.0776,129.68,0.8775
2021-07-09,93.2875,5.8183,103.4,0.9731
2021-07-12,81.037,5.3889,123.19,1.412
2021-07-13,95.4686,5.3751,144.85,0.908
2021-07-14,84.6838,7.9054,163.11,1.008
2021-07-15,81.8925,7.2941,109.57,1.1332
2021-07-16,102.1243,5.1356,98.29,1.1553
2021-07-19,104.7894,8.0702,128.31,1.2607
2021-07-20,92.7176,8.1884,115.27,0.9811
2021-07-21,83.5791,5.9199,93.96,1.2696
2021-07-22,75.0538,4.9347,95.62,1.145
2021-07-23,98.0069,5.4576,145.78,1.2196
2021-07-26,103.2437,6.4899,125.11,1.2597
2021-07-27,82.3391,7.0079,92.19,0.9936
2021-07-28,112.2753,6.2274,95.51,0.9686
2021-07-29,66.0118,7.1294,127.83,0.9993
2021-07-30,84.7724,6.76,113.8,1.2501
2021-08-02,108.5249,9.5286,103.55,1.0731
2021-08-03,108.2622,6.4878,126.47,1.0417
2021-08-04,78.616,10.0095,143.36,0.9855
2021-08-05,104.552,8.267,89.54,1.141
2021-08-06,109.4503,5.5722,80.62,1.1284
2021-08-09,103.7871,6.1459,133.75,1.3334
2021-08-10,95.8016,3.6916,107.7,0.9184
2021-08-11,96.9702,8.5234,117.81,1.0206
2021-08-12,79.7468,7.2999,125.57,1.2052
2021-08-13,95.4055,6.9399,120.09,0.8691
2021-08-16,93.986,7.6471,109.29,1.108
2021-08-17,84.1018,8.1187,125.5,1.1944
2021-08-18,84.0276,8.1237,115.5,1.4376
2021-08-19,88.2777,5.7463,91.99,1.0929
2021-08-20,92.1865,6.4357,132.65,1.3149
2021-08-23,106.1397,5.5101,108.09,1.2358
2021-08-24,96.8759,4.7822,87.16,1.0524
2021-08-25,100.9414,8.3146,99.85,1.2236
2021-08-26,107.064,7.6721,129.55,1.3115
2021-08-27,83.3312,6.0058,126.51,1.1911
2021-08-30,95.2186,7.3767,114.17,0.995
2021-08-31,90.7937,7.3714,95.5,0.8878
2021-09-01,87.7667,7.5218,79.31,1.0475
2021-09-02,102.8479,5.7267,93.79,0.8942
2021-09-03,94.3562,6.5998,109.38,0.7797
2021-09-06,111.6789,6.1435,90.72,0.8655
2021-09-07,90.6746,3.3489,121.87,1.3417
2021-09-08,109.3081,7.0996,130.61,0.9274
2021-09-09,84.6555,6.2819,101.32,0.9479
2021-09-10,102.5522,4.453,144.9,0.9207
2021-09-13,89.5112,4.5549,132.83,1.0059
2021-09-14,103.1317,5.761,93.32,1.0606
2021-09-15,103.4208,4.3084,65.82,1.0267
2021-09-16,107.2907,10.174,147.31,0.8824
2021-09-17,90.4438,6.2356,115.2,1.1543
2021-09-20,100.934,8.4066,76.51,0.9257
2021-09-21,87.9336,7.4931,112.25,0.9421
2021-09-22,88.5027,6.3595,85.88,1.3006
2021-09-23,94.5174,8.0794,116.83,0.9108
2021-09-24,74.8351,8.5214,121.03,1.3328
2021-09-27,101.247,5.9085,119.95,1.2503
2021-09-28,86.7381,6.3039,82.02,1.2338
2021-09-29,99.2564,8.975,78.16,1.0331
2021-09-30,85.3502,6.0188,106.59,0.8904
2021-10-01,95.8698,6.8973,107.57,1.2899
2021-10-04,82.9029,9.4223,113.61,1.2344
2021-10-05,103.6307,6.2867,137.44,1.1247
2021-10-06,99.7302,8.6213,110.55,1.1711
2021-10-07,93.2662,3.7134,124.79,0.881
2021-10-08,93.3777,8.7222,80.61,0.9987
2021-10-11,82.659,5.609,121.24,0.9315
2021-10-12,90.847,6.9572,130.29,1.2493
2021-10-13,111.3913,4.2353,89.88,0.9919
2021-10-14,97.318,8.0921,100.46,1.0223
2021-10-15,109.4778,10.5827,93.38,1.11
2021-10-18,110.4036,6.1134,141.17,1.2826
2021-10-19,66.0199,6.754,113.37,1.1793
2021-10-20,99.422,6.6646,103.6,1.0678
2021-10-21,99.6847,10.4368,127.23,1.2028
2021-10-22,108.043,8.6527,114.04,1.0053
2021-10-25,96.8059,6.4246,125.16,1.0443
2021-10-26,70.7349,8.1768,132.56,1.1386
2021-10-27,99.9868,6.3023,105.44,1.1664
2021-10-28,116.1862,8.3822,142.78,1.252
2021-10-29,90.2052,5.4333,79.48,1.0935
2021-11-01,86.3717,7.9405,109.38,1.0326
2021-11-02,97.7106,11.3469,133.09,1.1402
2021-11-03,97.7884,5.0382,107.11,1.1265
2021-11-04,82.6954,8.684,107.71,1.1083
2021-11-05,110.5106,8.6741,119.25,0.984
2021-11-08,118.6333,7.6371,134.09,1.2822
2021-11-09,93.8045,6.6532,89.36,1.1184
2021-11-10,83.1978,7.4022,115.1,1.3218
2021-11-11,88.6245,7.8011,105.92,1.2225
2021-11-12,102.2591,8.0966,97.41,1.0614
2021-11-15,69.2191,8.1831,141.46,0.9721
2021-11-16,95.5232,8.1657,117.86,1.2385
2021-11-17,83.8607,6.6984,134.11,1.4032
2021-11-18,78.2264,6.6288,84.11,1.0241
2021-11-19,88.9425,5.9843,101.0,1.0972
2021-11-22,100.9662,5.4549,111.31,1.1114
2021-11-23,91.5439,8.5976,94.52,0.8859
2021-11-24,95.5986,7.5793,115.94,0.9982
2021-11-25,113.897,5.6363,111.69,1.2123
2021-11-26,92.9565,4.4362,105.06,1.0028
2021-11-29,83.9181,9.0369,120.77,1.1343
2021-11-30,95.0081,6.2621,63.35,1.1039
2021-12-01,90.9281,6.8063,97.53,0.9262
2021-12-02,105.6452,10.7338,120.71,1.0246
2021-12-03,85.0214,6.7844,97.68,0.9659
2021-12-06,84.0696,6.0716,102.74,1.0509
2021-12-07,88.832,6.9791,116.91,1.322
2021-12-08,96.5295,8.3194,116.55,1.1226
2021-12-09,104.0655,9.1117,166.38,0.9915
2021-12-10,104.8572,6.1709,111.44,1.2922
2021-12-13,109.7903,7.6973,119.77,0.9698
2021-12-14,99.2915,8.5332,88.79,1.1113
2021-12-15,87.088,5.7971,99.86,1.1193
2021-12-16,96.2867,7.6326,132.57,0.8745
2021-12-17,111.4355,6.3735,97.91,0.967
2021-12-20,86.1164,7.3225,107.45,1.1412
2021-12-21,89.0503,5.7487,59.41,1.2217
2021-12-22,82.8128,5.0052,126.27,1.3103
2021-12-23,92.2484,4.1498,112.77,1.13
2021-12-24,88.0739,3.66,113.03,1.1094
2021-12-27,86.495,7.7306,97.02,1.2225
2021-12-28,89.9595,9.8745,80.85,1.3799
2021-12-29,97.4588,4.9186,130.01,0.9982
2021-12-30,107.3358,6.6313,93.77,0.9506
2021-12-31,96.4217,7.7448,98.65,1.1616
2022-01-03,96.4878,9.2142,146.61,1.3173
2022-01-04,95.1427,4.1733,101.87,0.9433
2022-01-05,93.1146,5.0408,138.52,1.2836
2022-01-06,97.2342,6.8971,98.95,1.0916
2022-01-07,97.7273,7.1268,118.14,1.2987
2022-01-10,88.9556,9.0237,123.59,1.0584
2022-01-11,93.5685,6.7895,155.89,1.0985
2022-01-12,90.4906,6.0045,69.46,1.0908
2022-01-13,100.8875,6.2346,151.43,1.2714
2022-01-14,97.3101,8.7502,73.01,1.2184
2022-01-17,99.3616,7.9277,133.33,1.2889
2022-01-18,119.9575,5.9148,136.45,1.1749
2022-01-19,87.6025,5.5957,131.19,1.2401
2022-01-20,119.148,7.879,132.04,1.0368
2022-01-21,105.5868,7.2571,82.1,1.1979
2022-01-24,105.7605,8.9289,125.96,1.0487
2022-01-25,96.8674,5.3121,107.18,1.1051
2022-01-26,106.0458,6.6455,124.06,1.0544
2022-01-27,105.2392,9.4132,117.46,0.937
2022-01-28,103.9828,8.064,104.19,1.0005
2022-01-31,71.3332,9.3295,103.48,1.1884
2022-02-01,83.56,7.5758,86.56,1.045
2022-02-02,109.779,7.1343,111.89,1.2351
2022-02-03,110.7005,5.3071,104.3,0.9727
2022-02-04,98.3799,3.9146,111.01,1.1916
2022-02-07,93.7863,8.1152,87.63,1.0306
2022-02-08,99.1871,8.3973,60.78,0.9156
2022-02-09,84.7911,8.2439,111.75,1.1619
2022-02-10,110.9317,6.844,133.38,0.8964
2022-02-11,97.318,7.1439,106.86,1.2578
2022-02-14,96.6252,6.528,118.17,1.2751
2022-02-15,104.622,6.3216,100.07,1.048
2022-02-16,85.289,8.3589,82.03,1.2021
2022-02-17,91.903,4.7444,70.73,1.1147
2022-02-18,103.5425,4.1591,128.0,0.9695
2022-02-21,102.6082,5.9204,81.7,1.3308
2022-02-22,103.8301,7.3414,65.94,1.1658
2022-02-23,92.4046,5.6714,100.62,0.9705
2022-02-24,90.5587,8.7116,100.27,0.9346
2022-02-25,97.3752,7.1835,73.05,1.038
2022-02-28,94.8224,6.2921,126.75,1.408
2022-03-01,107.7634,6.8657,104.35,1.0151
2022-03-02,87.6834,3.7356,136.14,0.8447
2022-03-03,99.1996,8.8707,54.82,0.9027
2022-03-04,102.2492,6.347,127.95,1.0373
2022-03-07,121.5158,4.7252,134.09,1.3838
2022-03-08,85.476,7.0096,92.88,0.8097
2022-03-09,107.5738,4.9192,98.86,0.7652
2022-03-10,105.8841,7.4588,133.09,0.8349
2022-03-11,94.3318,6.7821,134.89,0.9819
2022-03-14,99.6179,4.2964,112.74,1.111
2022-03-15,103.0275,4.8032,80.91,1.1915
2022-03-16,93.8069,8.1327,113.13,0.9355
2022-03-17,73.144,5.5475,107.25,1.2252
2022-03-18,94.8719,9.7527,148.48,1.0214
2022-03-21,92.3841,8.2706,103.57,1.3567
2022-03-22,83.2683,5.4182,135.56,1.4395
2022-03-23,110.5189,6.6346,102.19,1.1543
2022-03-24,82.1239,6.016,112.24,0.982
2022-03-25,98.3908,7.2163,104.3,1.2361
2022-03-28,89.5256,6.9453,121.99,0.9996
2022-03-29,87.3991,8.1567,76.75,1.1342
2022-03-30,92.0583,7.7339,102.96,1.1315
2022-03-31,89.802,7.6516,81.48,1.1506
2022-04-01,76.8623,6.0926,124.76,1.1341
2022-04-04,84.2141,5.865,127.86,0.9723
2022-04-05,84.8855,4.6783,122.42,1.3187
2022-04-06,91.3808,6.3549,123.41,0.8864
2022-04-07,106.9717,8.0489,80.23,1.2154
2022-04-08,80.2034,5.9476,94.09,1.1584
2022-04-11,82.0926,2.7396,58.72,1.1986
2022-04-12,97.6385,7.5283,115.32,0.9284
2022-04-13,93.683,5.0324,95.44,1.2838
2022-04-14,92.3922,6.9136,114.05,1.1316
2022-04-15,103.2439,6.3473,130.81,1.0599
2022-04-18,114.8726,9.3391,76.25,1.1919
2022-04-19,101.7294,8.5558,100.21,0.9891
2022-04-20,87.5565,7.8207,115.2,1.2342
2022-04-21,94.9778,6.3565,96.63,0.9617
2022-04-22,92.8727,5.2913,115.77,1.1435
2022-04-25,93.7456,7.5496,96.26,1.2824
2022-04-26,93.2337,5.8353,92.67,1.1115
2022-04-27,91.7529,3.5137,135.46,0.9456
2022-04-28,91.51,6.8879,152.14,1.1636
2022-04-29,96.0474,9.6114,113.79,1.0261
2022-05-02,108.8216,9.8763,120.81,1.1614
2022-05-03,100.3132,8.3721,95.29,0.9928
2022-05-04,108.5576,7.2032,131.22,1.0778
2022-05-05,96.5001,7.8317,91.64,1.1291
2022-05-06,100.3919,6.5522,104.82,1.1709
2022-05-09,84.8271,6.2959,133.63,1.0465
2022-05-10,96.4737,7.4816,149.3,1.2602
2022-05-11,105.4432,6.0621,106.84,0.8567
2022-05-12,89.7586,6.4129,101.2,1.2953
2022-05-13,99.2655,6.7743,126.09,1.0164
2022-05-16,99.6353,7.4558,104.18,0.9989
2022-05-17,81.8924,6.4408,80.6,1.0782
2022-05-18,92.1429,7.9809,82.06,0.7611
2022-05-19,112.1203,7.0705,86.84,0.9902
2022-05-20,74.591,5.3521,107.11,0.9122
2022-05-23,106.8492,8.7268,91.82,1.3624
2022-05-24,97.6186,7.0031,120.15,1.1722
2022-05-25,117.9462,8.8178,122.29,1.3035
2022-05-26,92.631,7.4777,94.41,1.0297
2022-05-27,103.8844,5.2248,102.3,1.0773
2022-05-30,85.6278,8.4831,127.68,1.1085
2022-05-31,105.554,8.0233,111.71,0.897
2022-06-01,103.2912,7.4681,79.74,1.1681
2022-06-02,91.0216,8.4805,108.84,1.101
2022-06-03,103.6785,9.276,131.92,0.9115
2022-06-06,98.7124,5.2987,131.85,1.0993
2022-06-07,86.7908,7.0185,150.64,1.0846
2022-06-08,93.1618,6.7739,120.09,1.0596
2022-06-09,76.0582,5.1652,103.47,1.16
2022-06-10,87.5848,6.4731,117.25,1.1176
2022-06-13,88.7766,8.6364,97.31,1.1502
2022-06-14,111.6572,8.2443,105.45,1.0164
2022-06-15,89.4842,5.6313,109.51,1.0905
2022-06-16,100.4703,6.7315,128.04,0.8129
2022-06-17,100.0416,2.8576,102.81,1.2994
2022-06-20,108.4667,6.7974,140.98,1.1386
2022-06-21,89.9336,5.8936,117.99,0.961
2022-06-22,96.5533,7.4798,121.57,1.1009
2022-06-23,86.0584,6.0787,123.6,1.0092
2022-06-24,100.1993,6.6198,104.07,1.3572
2022-06-27,105.5453,6.4776,115.36,0.9808
2022-06-28,103.5065,4.0974,126.66,1.217
2022-06-29,83.6716,7.0506,119.89,1.3275
2022-06-30,77.1324,5.4419,96.77,0.9622
2022-07-01,86.0295,8.3194,99.56,1.0765
2022-07-04,89.3099,4.0229,69.7,1.1049
2022-07-05,101.3699,6.5918,100.63,1.1172
2022-07-06,99.6836,5.7082,87.68,0.8969
2022-07-07,101.2952,8.2247,144.22,1.0074
2022-07-08,71.0374,9.3326,128.76,1.0535
2022-07-11,93.5389,9.3289,123.03,0.917
2022-07-12,100.428,7.4047,123.63,1.0714
2022-07-13,92.1062,7.4681,125.45,1.2087
2022-07-14,82.9188,5.5358,138.66,1.094
2022-07-15,86.3891,6.6776,123.42,0.947
2022-07-18,116.9818,9.2902,130.57,1.2777
2022-07-19,93.5249,8.3119,100.65,1.174
2022-07-20,99.825,6.4076,77.13,1.3155
2022-07-21,87.8637,6.8276,84.74,1.0034
2022-07-22,91.2732,6.312,95.62,0.9656
2022-07-25,89.6355,10.0746,102.17,1.2162
2022-07-26,98.8685,9.5283,129.69,1.1848
2022-07-27,92.3568,10.0427,115.96,1.0243
2022-07-28,88.6662,8.3254,94.77,1.1316
2022-07-29,77.5477,6.9364,107.16,1.3329
2022-08-01,89.8192,4.9157,95.72,1.0662
2022-08-02,89.626,6.3884,95.09,0.8626
2022-08-03,73.7262,5.7131,130.63,1.0444
2022-08-04,83.5951,6.3127,108.54,0.9689
2022-08-05,74.2646,8.6781,116.45,1.2273
2022-08-08,97.2306,7.9073,107.36,0.9644
2022-08-09,98.5945,8.4791,125.49,1.0243
2022-08-10,104.9336,8.0419,121.6,0.7232
2022-08-11,94.2269,6.8917,118.88,1.2273
2022-08-12,101.693,8.6191,100.16,1.1035
2022-08-15,98.9568,6.7331,101.78,1.0746
2022-08-16,89.5057,7.4409,68.43,1.2884
2022-08-17,98.5704,7.3827,82.51,1.2104
2022-08-18,89.8861,9.2714,94.13,1.0856
2022-08-19,80.3099,8.7337,104.57,0.999
2022-08-22,105.5418,6.4264,90.56,1.0101
2022-08-23,108.643,5.9966,86.79,1.3058
2022-08-24,100.4989,7.0622,81.06,0.9606
2022-08-25,94.527,5.6622,112.87,1.1633
2022-08-26,85.8634,10.2567,115.68,1.0642
2022-08-29,95.9786,6.3797,125.02,0.9472
2022-08-30,82.6517,5.9259,149.02,0.9159
2022-08-31,90.7458,6.0655,98.19,0.8868
2022-09-01,97.8494,8.1566,120.41,0.96
2022-09-02,80.3543,8.259,103.66,1.2101
2022-09-05,76.4304,5.3491,131.95,1.0863
2022-09-06,88.3044,8.294,128.21,1.3022
2022-09-07,74.2383,6.3229,90.69,0.9175
2022-09-08,88.4722,7.8582,94.46,0.8908
2022-09-09,97.7396,7.1703,124.27,1.1504
2022-09-12,85.6508,8.0207,91.36,0.9147
2022-09-13,102.8233,7.6376,119.04,1.0659
2022-09-14,108.9294,4.1095,112.76,1.2059
2022-09-15,104.9225,8.162,89.37,1.1331
2022-09-16,97.2973,5.5662,106.61,1.251
2022-09-19,89.4636,6.7139,121.09,1.1657
2022-09-20,103.9727,5.4504,100.06,1.0615
2022-09-21,71.8032,5.5102,120.09,1.1271
2022-09-22,90.3406,7.7763,123.6,1.1117
2022-09-23,84.006,9.561,126.81,1.0584
2022-09-26,82.3382,8.5631,134.41,1.0203
2022-09-27,108.3064,6.3347,101.69,1.091
2022-09-28,96.7188,7.4943,92.09,1.1209
2022-09-29,85.2878,8.4376,111.38,1.1981
2022-09-30,74.754,5.5598,80.9,0.9013
2022-10-03,101.0244,6.2009,135.04,1.0184
2022-10-04,92.2941,7.8455,118.57,1.4245
2022-10-05,91.1661,5.7579,135.45,1.0628
2022-10-06,86.737,7.2861,109.46,1.0953
2022-10-07,96.6858,6.7879,96.16,0.8928
2022-10-10,98.1422,5.0601,113.11,1.3818
2022-10-11,71.7939,6.0456,112.9,1.1543
2022-10-12,90.3826,7.8984,113.52,1.3864
2022-10-13,91.1486,7.797,114.88,1.1139
2022-10-14,82.4309,6.364,92.0,1.2046
2022-10-17,88.0134,5.7824,124.89,0.9429
2022-10-18,112.6725,8.8055,123.71,1.3254
2022-10-19,78.9699,8.0886,131.03,1.0684
2022-10-20,93.7114,9.4911,104.48,1.2481
2022-10-21,108.2025,8.6375,112.53,0.9905
2022-10-24,107.8446,5.7493,99.39,1.0885
2022-10-25,106.2372,7.2856,125.62,1.0739
2022-10-26,94.7319,8.5223,89.05,1.0708
2022-10-27,98.9481,7.5953,134.74,1.1939
2022-10-28,118.8394,7.6796,109.68,0.9161
2022-10-31,78.2279,6.9246,88.03,0.9222
2022-11-01,69.9006,5.8282,128.85,0.8954
2022-11-02,86.1029,7.3551,78.34,1.1956
2022-11-03,92.898,7.0739,95.0,1.1849
2022-11-04,102.8813,4.5689,112.75,0.9693
2022-11-07,84.1211,6.1821,86.41,1.1156
2022-11-08,79.8938,6.215,103.41,1.3523
2022-11-09,87.1015,5.7951,112.43,1.0593
2022-11-10,95.7693,6.583,83.95,1.0741
2022-11-11,90.5334,6.2628,119.37,0.9441
2022-11-14,91.4586,10.0138,120.52,0.8941
2022-11-15,102.9002,9.6053,92.37,1.0075
2022-11-16,83.3357,8.1797,92.0,1.1574
2022-11-17,83.3285,7.5446,86.2,0.8155
2022-11-18,93.5406,7.2984,83.64,0.9537
2022-11-21,98.5636,3.1906,91.42,1.2686
2022-11-22,111.1182,6.9647,98.76,0.9849
2022-11-23,93.909,8.9276,134.18,1.0676
2022-11-24,103.5912,10.0092,133.57,1.1102
2022-11-25,114.7328,8.0926,78.85,0.978
2022-11-28,111.315,6.5673,117.27,0.9596
2022-11-29,90.2107,9.0373,73.25,1.1537
2022-11-30,100.6834,6.2638,137.88,1.0164
2022-12-01,76.024,6.1068,118.33,1.0815
2022-12-02,90.9935,4.9688,96.23,1.2902
2022-12-05,100.1478,7.0835,110.13,1.2585
2022-12-06,110.9327,10.0847,90.39,1.1605
2022-12-07,97.1773,4.7727,66.57,0.7266
2022-12-08,111.7753,7.3535,81.08,1.151
2022-12-09,102.24,9.2303,72.51,1.03
2022-12-12,102.1694,7.0946,120.02,0.954
2022-12-13,102.9089,7.372,60.63,0.9442
2022-12-14,78.0156,6.9009,78.92,0.9572
2022-12-15,104.725,8.2688,124.13,1.1747
2022-12-16,94.2509,4.3028,100.1,1.0392
2022-12-19,100.3947,7.2172,87.34,1.1889
2022-12-20,100.1048,6.7674,103.63,0.8855
2022-12-21,88.3658,9.0578,96.64,1.2634
2022-12-22,87.578,7.7073,129.65,0.9971
2022-12-23,95.4911,6.5205,165.56,1.2677
2022-12-26,87.6325,5.3699,135.74,1.3007
2022-12-27,94.9146,6.3106,121.87,1.1557
2022-12-28,96.4328,7.4033,120.58,1.1788
2022-12-29,87.1274,8.1108,124.62,1.1998
2022-12-30,89.2239,8.0774,104.01,1.2589
2023-01-02,86.2648,7.8433,119.8,1.0743
2023-01-03,98.7455,7.2511,95.03,0.9683
2023-01-04,89.1385,7.9247,79.26,1.018
2023-01-05,103.3691,6.6813,124.85,1.3027
2023-01-06,85.7529,8.2901,104.9,1.2473
2023-01-09,97.9444,3.8149,124.12,0.8962
2023-01-10,96.4581,6.3766,105.14,1.0728
2023-01-11,76.2334,7.0403,129.86,1.1921
2023-01-12,92.8232,4.7939,134.77,1.1837
2023-01-13,119.1797,6.7234,80.91,0.8079
2023-01-16,99.5391,8.3826,142.97,0.9896
2023-01-17,91.5812,7.6847,92.32,0.8007
2023-01-18,98.7282,7.5706,121.35,1.2387
2023-01-19,84.0437,7.3379,128.67,1.0839
2023-01-20,89.0828,4.6906,115.45,0.9382
2023-01-23,105.6268,6.1869,130.74,1.0818
2023-01-24,100.4655,7.2032,109.01,1.0959
2023-01-25,89.86,6.367,113.83,1.2367
2023-01-26,90.8247,6.4852,118.48,1.122
2023-01-27,89.5333,7.5832,100.13,1.101
2023-01-30,98.8501,6.1103,101.53,1.069
2023-01-31,104.0524,7.9421,94.67,1.3156
2023-02-01,89.7827,5.5209,97.53,0.8184
2023-02-02,86.4999,7.2287,106.2,1.2881
2023-02-03,80.8463,6.746,85.18,0.8187
2023-02-06,80.4699,7.9412,77.41,1.2424
2023-02-07,105.514,6.5919,110.84,1.1425
2023-02-08,90.5286,5.1581,101.66,0.9805
2023-02-09,69.8608,6.9012,103.05,0.9742
2023-02-10,105.9855,8.3872,154.58,0.8949
2023-02-13,103.2948,4.5687,84.41,0.9014
2023-02-14,92.0171,8.0625,126.62,1.249
2023-02-15,111.1459,7.9562,109.16,1.0011
2023-02-16,101.3568,5.5076,100.35,1.2552
2023-02-17,80.6776,9.8077,120.92,1.1322
2023-02-20,91.8692,6.8873,105.27,1.1594
2023-02-21,93.2097,7.1372,159.06,0.6553
2023-02-22,99.6195,8.7004,125.63,0.8289
2023-02-23,87.5684,9.2368,96.61,1.1796
2023-02-24,74.6012,6.6928,119.32,1.1662
2023-02-27,95.3403,5.0754,84.41,1.193
2023-02-28,106.6129,7.1561,136.18,0.83
2023-03-01,74.4088,5.4978,97.67,0.9293
2023-03-02,86.4788,7.2221,102.37,0.8631
2023-03-03,73.5259,6.5262,96.93,0.8996
2023-03-06,85.0482,6.2869,110.82,1.008
2023-03-07,91.2928,6.6757,128.42,1.3092
2023-03-08,81.1032,6.718,84.22,1.244
2023-03-09,94.6462,6.0926,87.07,1.2264
2023-03-10,76.7854,7.5888,96.44,1.1346
2023-03-13,87.2791,7.6875,92.77,0.8969
2023-03-14,97.8379,5.7332,106.99,1.2002
2023-03-15,94.9867,6.4304,107.31,1.2438
2023-03-16,109.8813,7.0357,96.08,1.1085
2023-03-17,85.2204,7.711,88.14,1.1546
2023-03-20,104.5416,6.7713,126.77,1.0049
2023-03-21,92.6015,8.52,107.67,1.2643
2023-03-22,80.6355,5.8166,108.88,1.1489
2023-03-23,93.729,4.0362,130.37,1.1179
2023-03-24,102.5546,7.2807,73.9,1.4858
2023-03-27,91.8368,9.7715,160.81,1.1032
2023-03-28,95.6699,5.0484,144.5,1.0935
2023-03-29,99.4491,9.7519,110.45,1.329
2023-03-30,73.6713,6.2294,98.01,1.227
2023-03-31,96.8287,6.9287,92.5,1.1229
2023-04-03,99.6976,7.1932,101.28,1.34
2023-04-04,91.9144,7.1528,83.69,1.2282
2023-04-05,103.8767,5.1638,109.2,1.1585
2023-04-06,96.1797,9.511,109.73,1.1948
2023-04-07,78.9438,4.6982,111.26,1.1513
2023-04-10,84.6415,8.4844,116.13,0.9678
2023-04-11,90.4234,7.5847,112.35,1.2439
2023-04-12,88.5218,6.6167,125.25,0.9284
2023-04-13,104.4909,7.668,121.1,0.9175
2023-04-14,102.3946,8.9453,145.95,1.2064
2023-04-17,76.0087,4.797,117.42,1.0919
2023-04-18,99.2493,5.6675,91.48,0.7746
2023-04-19,112.9953,3.67,112.13,1.2043
2023-04-20,109.5942,9.6905,60.65,1.1136
2023-04-21,92.9179,8.0332,123.5,0.9846
2023-04-24,87.5341,10.1251,92.38,1.0254
2023-04-25,72.8583,7.1188,87.1,1.1387
2023-04-26,94.6839,6.2228,76.91,1.1454
2023-04-27,98.964,4.0597,119.2,1.0739
2023-04-28,86.3239,4.8534,115.12,1.013
2023-05-01,90.6494,8.3218,110.87,1.0675
2023-05-02,108.3426,4.6544,73.65,1.2014
2023-05-03,94.4912,7.2263,95.42,1.5867
2023-05-04,104.0545,6.5303,101.35,1.0966
2023-05-05,94.6957,7.8247,123.26,0.9842
2023-05-08,79.6141,6.3181,90.75,0.9684
2023-05-09,102.7451,6.7933,102.42,1.0491
2023-05-10,96.1839,4.9511,86.59,1.1696
2023-05-11,102.1486,6.6427,128.95,1.0743
2023-05-12,90.3997,5.9041,120.84,0.9935
2023-05-15,88.7643,5.9938,126.23,1.1556
2023-05-16,95.771,5.4862,112.95,1.1554
2023-05-17,111.009,7.5333,128.14,1.2332
2023-05-18,101.7334,8.1276,146.93,1.1247
2023-05-19,101.6433,6.4788,124.73,0.9361
2023-05-22,88.5223,7.6702,137.99,1.2699
2023-05-23,111.1415,7.2763,108.45,1.4324
2023-05-24,98.1851,6.3446,129.22,1.0257
2023-05-25,104.9982,8.2194,141.86,1.1379
2023-05-26,107.3903,8.299,111.18,0.9212
2023-05-29,86.3703,6.6007,121.25,1.284
2023-05-30,92.8495,6.4119,159.83,1.0899
2023-05-31,98.2199,7.3324,86.13,1.1245
2023-06-01,99.6999,7.2669,102.34,1.0034
2023-06-02,85.707,6.5812,116.57,1.1464
2023-06-05,88.3502,7.0163,130.3,1.296
2023-06-06,75.2281,5.1328,108.26,1.1419
2023-06-07,80.0667,4.9153,136.18,1.0165
2023-06-08,96.4612,7.1813,128.24,0.7701
2023-06-09,111.7661,5.5845,96.62,1.0959
2023-06-12,97.06,7.3557,96.79,0.9377
2023-06-13,99.4038,5.4895,81.97,0.8882
2023-06-14,116.1407,8.2256,110.63,0.9437
2023-06-15,89.0914,9.2461,92.06,1.0758
2023-06-16,82.118,7.7577,144.47,1.0803
2023-06-19,112.1627,5.6544,146.78,1.1087
2023-06-20,99.1225,7.0007,114.48,0.9182
2023-06-21,95.6058,8.7758,85.83,0.8056
2023-06-22,94.9105,8.9861,101.52,0.8248
2023-06-23,108.3522,7.6757,115.96,1.0332
2023-06-26,90.1756,8.7015,93.29,1.0932
2023-06-27,103.981,7.2492,115.88,0.6678
2023-06-28,85.5624,6.5978,92.02,0.9432
2023-06-29,78.7009,6.0944,97.21,1.1267
2023-06-30,95.8682,4.0684,115.32,1.5236
2023-07-03,96.585,6.1797,93.28,1.019
2023-07-04,97.7836,6.2587,109.09,0.8278
2023-07-05,85.3297,8.9239,90.45,1.024
2023-07-06,82.9044,5.4392,109.23,1.1129
2023-07-07,92.7576,4.981,91.04,1.0572
2023-07-10,106.5098,11.5832,117.06,1.3693
2023-07-11,101.9665,5.0642,100.05,1.2625
2023-07-12,98.3295,7.83,104.29,1.2067
2023-07-13,99.8125,7.1602,120.01,1.1373
2023-07-14,105.8996,4.6225,109.95,1.093
2023-07-17,82.6725,6.8386,125.71,1.1284
2023-07-18,95.2447,7.0187,124.27,1.0437
2023-07-19,103.0272,5.3565,96.34,0.8663
2023-07-20,105.6255,7.4313,72.32,1.0363
2023-07-21,105.0832,4.1415,87.46,1.1498
2023-07-24,97.8918,6.3878,96.39,1.1739
2023-07-25,82.1987,6.8077,119.96,1.4617
2023-07-26,93.8335,6.2148,84.15,1.0288
2023-07-27,103.3148,5.9326,101.69,1.1788
2023-07-28,86.4724,6.7169,134.89,1.1243
2023-07-31,83.9025,5.2335,94.7,0.6977
2023-08-01,78.0113,8.0364,116.17,1.0956
2023-08-02,97.5167,6.6234,123.2,1.1316
2023-08-03,94.0969,8.6089,128.84,1.0663
2023-08-04,97.2976,8.6078,134.29,1.1565
2023-08-07,117.3633,5.4663,90.68,1.233
2023-08-08,105.1556,10.1181,125.25,1.1245
2023-08-09,99.8258,9.4975,136.72,1.0769
2023-08-10,111.5489,5.2297,108.17,1.0789
2023-08-11,95.4871,4.3138,101.52,1.0337
2023-08-14,100.7688,5.8244,87.89,1.2614
2023-08-15,94.7588,4.2764,129.1,1.2429
2023-08-16,99.526,6.308,150.03,1.1868
2023-08-17,83.2079,8.6762,104.9,1.1343
2023-08-18,91.0437,6.627,111.54,1.3916
2023-08-21,86.3886,7.1445,115.72,1.0702
2023-08-22,75.6765,8.6129,124.77,0.9374
2023-08-23,77.3673,8.7432,125.95,1.1341
2023-08-24,78.0248,10.5678,118.53,1.1702
2023-08-25,77.3029,6.7929,100.93,1.1187
2023-08-28,105.6116,7.1724,130.87,1.0489
2023-08-29,111.287,8.15,106.53,1.0714
2023-08-30,110.6306,7.3723,114.06,1.2564
2023-08-31,98.1396,7.1972,79.86,0.8826
2023-09-01,91.8317,5.7833,116.06,0.8826
2023-09-04,80.049,5.9659,110.72,1.1029
2023-09-05,85.9554,8.7452,124.41,1.1768
2023-09-06,119.3695,6.2773,102.89,1.1105
2023-09-07,88.5761,7.8037,79.31,1.2226
2023-09-08,83.6616,6.4311,99.94,1.0919
2023-09-11,97.9312,9.0645,106.35,0.9155
2023-09-12,81.068,5.6834,141.94,0.9306
2023-09-13,105.3943,6.9898,110.42,0.8681
2023-09-14,79.9362,7.3889,95.23,1.1873
2023-09-15,97.2074,9.3555,84.08,1.0341
2023-09-18,83.9286,7.3856,93.57,1.2254
2023-09-19,92.7669,4.7812,58.73,1.0764
2023-09-20,98.2801,7.2818,120.96,1.2986
2023-09-21,104.7608,7.1342,97.88,1.1473
2023-09-22,108.9099,4.2824,136.91,1.1541
2023-09-25,105.867,5.0705,109.5,1.0444
2023-09-26,102.7937,8.1938,107.69,1.1804
2023-09-27,104.4796,6.1411,84.55,1.2053
2023-09-28,106.1018,7.1278,91.68,1.109
2023-09-29,104.3439,6.9809,122.15,1.0762
2023-10-02,109.9515,7.5789,76.56,1.0588
2023-10-03,90.4126,6.9138,102.38,1.0549
2023-10-04,96.6631,8.0718,79.87,1.2135
2023-10-05,93.7212,4.7871,113.35,1.0296
2023-10-06,104.0243,7.5867,149.97,1.0091
