date,北向净流入,北向买入,北向卖出,南向净流入,南向买入,南向卖出
2014-11-17,42.11,118.05,44.71,28.21,17.57,3.27
2014-11-18,-148.81,11.7,108.1,29.58,31.87,45.2
2014-11-19,-15.25,114.74,133.08,24.39,71.46,53.96
2014-11-20,72.49,107.58,40.6,16.98,27.06,82.69
2014-11-21,-62.2,24.59,132.67,12.5,64.09,45.92
2014-11-24,2.66,100.96,108.06,23.42,10.66,-4.69
2014-11-25,74.99,182.0,119.77,-13.79,102.05,71.71
2014-11-26,-58.41,83.99,152.55,24.49,8.04,47.68
2014-11-27,40.53,95.55,127.07,0.98,62.04,63.69
2014-11-28,94.94,88.39,58.99,8.7,53.39,43.92
2014-12-01,22.35,104.54,161.68,-17.86,96.38,29.8
2014-12-02,81.46,148.11,122.89,-52.5,38.48,46.34
2014-12-03,-6.91,120.73,52.99,21.55,39.86,47.79
2014-12-04,-21.05,115.82,77.66,39.6,92.21,21.9
2014-12-05,23.31,23.01,90.04,23.78,74.56,72.18
2014-12-08,-71.99,155.66,126.28,4.17,49.71,85.87
2014-12-09,55.49,129.1,134.02,-2.06,71.64,6.98
2014-12-10,2.23,73.97,62.05,-6.4,81.04,60.07
2014-12-11,-64.66,74.43,53.01,-23.59,29.46,57.23
2014-12-12,56.6,101.81,208.87,1.14,-6.97,105.62
2014-12-15,33.86,143.1,80.65,34.74,29.94,16.98
2014-12-16,-16.36,23.17,101.26,-11.07,33.8,7.6
2014-12-17,-31.39,108.36,176.99,24.53,65.9,32.87
2014-12-18,18.78,97.59,67.79,-5.58,24.39,10.48
2014-12-19,-78.88,177.73,43.57,15.25,41.92,-7.58
2014-12-22,-57.79,109.22,21.0,51.7,56.7,-22.47
2014-12-23,64.49,111.11,256.29,16.84,28.83,45.9
2014-12-24,18.13,55.97,159.76,-19.05,19.18,69.59
2014-12-25,63.4,11.78,113.21,-10.43,72.64,53.25
2014-12-26,12.18,94.76,149.01,-47.04,79.74,52.09
2014-12-29,87.23,125.7,138.46,-8.95,73.94,50.14
2014-12-30,-49.7,183.97,59.72,-18.69,62.95,109.8
2014-12-31,64.18,163.9,97.91,22.79,54.84,48.72
2015-01-01,52.17,136.74,118.98,-11.61,2.32,35.09
2015-01-02,63.54,89.94,98.69,9.67,54.3,-8.58
2015-01-05,86.31,109.86,113.08,-6.23,15.46,43.89
2015-01-06,-11.59,129.78,90.62,14.67,21.34,2.93
2015-01-07,8.36,98.59,97.8,-40.17,47.71,38.95
2015-01-08,108.11,154.31,165.14,28.61,79.94,58.91
2015-01-09,71.75,134.2,26.19,31.53,59.92,66.67
2015-01-12,57.53,60.26,99.98,18.31,8.49,90.05
2015-01-13,-63.41,83.48,181.67,-28.12,75.55,89.48
2015-01-14,104.31,184.92,138.28,20.96,23.84,6.71
2015-01-15,32.79,79.07,112.6,37.44,38.41,58.95
2015-01-16,53.95,72.18,130.39,-11.39,32.94,37.63
2015-01-19,-79.51,57.44,90.02,-26.25,19.4,90.49
2015-01-20,23.5,102.2,117.47,37.93,29.37,81.59
2015-01-21,-109.87,136.92,11.94,15.68,63.08,65.43
2015-01-22,46.54,56.11,169.61,-39.43,40.79,33.36
2015-01-23,7.85,131.94,102.2,10.25,65.53,91.56
2015-01-26,18.81,23.5,76.19,-27.55,64.25,61.14
2015-01-27,-42.79,87.68,91.54,-38.22,11.66,82.78
2015-01-28,22.42,109.9,30.97,-18.91,64.37,29.12
2015-01-29,-0.93,93.24,41.62,-12.05,20.78,66.52
2015-01-30,-79.85,190.0,52.85,10.4,98.65,31.62
2015-02-02,20.26,93.03,68.39,17.64,66.66,46.53
2015-02-03,-5.12,126.4,8.53,-19.21,-15.68,88.73
2015-02-04,-68.81,38.66,223.39,31.33,100.46,42.54
2015-02-05,56.32,154.8,86.87,-23.51,63.86,84.56
2015-02-06,-64.01,114.06,122.77,0.55,46.87,56.77
2015-02-09,-33.31,109.13,0.93,-13.26,54.9,96.81
2015-02-10,-91.11,96.44,82.68,4.77,27.42,65.08
2015-02-11,-81.95,129.39,155.61,-5.59,48.45,69.31
2015-02-12,26.82,83.12,137.45,-39.6,55.68,32.29
2015-02-13,125.97,91.27,142.78,20.69,70.72,67.77
2015-02-16,-25.86,141.14,82.47,88.89,39.78,61.54
2015-02-17,-8.25,67.11,53.96,60.94,59.82,95.43
2015-02-18,-10.37,86.95,131.96,-14.03,102.23,121.16
2015-02-19,58.21,74.2,-5.15,-35.17,36.89,90.4
2015-02-20,127.93,211.64,195.27,-20.26,1.03,23.39
2015-02-23,25.17,138.28,78.96,-0.88,24.94,39.85
2015-02-24,-1.86,120.8,130.66,32.66,63.89,105.69
2015-02-25,57.97,194.95,180.11,-42.24,48.08,8.97
2015-02-26,42.67,67.66,180.81,-50.07,37.76,84.03
2015-02-27,-5.6,74.71,108.69,-4.63,60.8,51.1
2015-03-02,11.25,138.38,34.33,47.08,40.07,79.96
2015-03-03,-38.11,148.81,54.89,-0.58,32.15,31.46
2015-03-04,11.91,115.62,122.36,-1.85,30.55,67.37
2015-03-05,-65.06,123.9,121.89,37.44,17.78,91.41
2015-03-06,80.5,163.82,50.79,-1.6,2.96,22.99
2015-03-09,80.16,132.07,181.65,22.95,37.3,-23.27
2015-03-10,-103.32,106.04,102.92,47.14,50.12,72.51
2015-03-11,-102.31,87.82,14.43,17.38,50.09,38.72
2015-03-12,-41.58,110.08,20.27,58.64,97.23,109.9
2015-03-13,-4.63,140.15,13.82,-6.16,61.87,61.26
2015-03-16,58.08,52.39,84.55,-40.06,-8.23,85.75
2015-03-17,-17.78,7.76,192.35,31.96,85.12,12.01
2015-03-18,55.64,82.51,-10.5,9.7,40.07,62.14
2015-03-19,-81.48,96.62,97.18,-0.04,73.84,71.38
2015-03-20,-14.48,73.04,31.18,-29.68,56.8,12.73
2015-03-23,-8.71,139.63,38.28,33.52,34.8,71.44
2015-03-24,-55.8,94.66,159.11,-23.77,12.34,72.79
2015-03-25,-50.25,113.64,91.67,-11.92,56.09,44.46
2015-03-26,32.39,73.24,148.46,0.75,22.22,67.76
2015-03-27,15.48,112.65,152.4,-29.55,78.44,17.09
2015-03-30,48.79,88.66,27.53,48.59,52.99,56.85
2015-03-31,-107.25,130.24,186.15,15.03,54.86,31.83
2015-04-01,80.5,73.01,131.86,-21.26,11.97,53.47
2015-04-02,95.77,143.25,124.91,44.08,39.65,79.87
2015-04-03,111.71,135.01,91.72,-7.4,32.77,65.72
2015-04-06,-2.98,81.83,135.5,45.6,15.05,23.59
2015-04-07,-35.21,171.32,100.83,43.32,2.86,83.75
2015-04-08,30.41,111.98,41.68,-34.98,106.31,44.63
2015-04-09,8.02,85.0,18.92,-7.35,12.52,38.62
2015-04-10,50.14,125.69,129.56,20.44,24.9,27.02
2015-04-13,-123.58,96.2,101.88,19.56,3.13,50.47
2015-04-14,-18.71,139.33,174.98,-11.24,52.9,33.54
2015-04-15,11.72,57.14,53.02,15.0,35.06,31.32
2015-04-16,-54.63,152.84,65.47,-24.62,44.57,19.65
2015-04-17,-55.68,131.4,-0.24,-28.59,70.01,56.89
2015-04-20,94.25,96.86,83.03,-31.44,62.46,105.1
2015-04-21,28.14,137.11,168.75,-37.2,25.81,20.93
2015-04-22,-52.67,150.0,112.85,7.85,84.81,77.32
2015-04-23,90.0,162.59,198.35,28.67,82.57,84.43
2015-04-24,-21.16,78.82,51.87,31.94,45.66,103.4
2015-04-27,-48.72,14.17,113.56,-1.01,66.18,80.66
2015-04-28,-44.12,76.73,113.82,60.6,71.13,20.69
2015-04-29,-33.67,83.14,63.64,-14.77,49.53,11.97
2015-04-30,27.83,48.49,83.87,6.21,17.72,90.29
2015-05-01,-3.43,69.89,90.16,-19.46,70.18,107.59
2015-05-04,12.0,88.34,105.07,-0.71,53.52,68.21
2015-05-05,-27.19,18.87,49.85,52.03,69.43,32.18
2015-05-06,30.81,181.74,96.77,28.92,-17.53,48.82
2015-05-07,-41.55,216.87,115.83,-42.89,26.71,63.07
2015-05-08,17.25,82.24,195.81,-49.68,64.58,-17.18
2015-05-11,-58.68,150.4,155.91,-10.33,60.69,54.02
2015-05-12,54.96,109.13,183.4,-9.6,63.16,41.71
2015-05-13,36.33,56.66,75.17,-8.29,15.96,66.45
2015-05-14,-13.42,99.63,16.73,-38.98,66.9,-12.05
2015-05-15,9.91,39.95,78.55,-64.2,-6.29,56.63
2015-05-18,-30.58,232.95,131.27,19.57,85.37,83.9
2015-05-19,-21.75,60.66,110.78,-21.17,29.33,79.83
2015-05-20,11.91,49.6,120.91,-42.03,76.12,29.31
2015-05-21,54.91,89.92,158.26,19.53,66.59,33.07
2015-05-22,-88.85,90.79,193.17,0.86,51.3,101.95
2015-05-25,-17.61,125.28,110.92,-44.52,45.72,13.19
2015-05-26,38.98,155.81,74.44,17.84,24.4,49.73
2015-05-27,-61.37,109.58,71.13,-0.52,66.98,41.97
2015-05-28,-68.19,91.93,17.97,16.91,109.54,32.98
2015-05-29,52.86,44.11,88.08,13.23,62.18,7.99
2015-06-01,-23.63,140.92,60.77,2.15,56.11,65.67
2015-06-02,99.65,23.4,135.48,-15.68,40.25,98.43
2015-06-03,45.66,37.69,41.41,-4.37,64.97,33.07
2015-06-04,6.92,72.83,123.59,-29.23,52.55,78.89
2015-06-05,-4.09,166.99,76.62,30.1,60.22,22.71
2015-06-08,-4.89,57.6,102.1,0.4,31.8,40.3
2015-06-09,-10.92,128.05,163.37,-17.69,45.13,68.28
2015-06-10,-21.8,92.85,97.12,26.9,-17.33,41.62
2015-06-11,-71.6,116.92,76.4,-19.06,66.3,23.55
2015-06-12,-25.21,214.89,77.03,-26.97,73.71,42.73
2015-06-15,17.89,36.27,139.85,-44.19,45.08,22.84
2015-06-16,-54.52,41.34,67.76,9.68,42.48,51.85
2015-06-17,-59.61,141.1,160.59,29.92,58.2,119.27
2015-06-18,-38.52,94.49,110.51,-25.34,-6.55,39.13
2015-06-19,87.56,135.74,87.6,25.36,70.12,0.99
2015-06-22,73.17,169.35,120.25,20.63,29.0,0.79
2015-06-23,32.5,34.78,82.26,0.35,26.7,5.55
2015-06-24,-28.22,100.88,167.76,36.68,9.12,27.66
2015-06-25,51.96,83.31,211.58,-24.81,0.17,37.79
2015-06-26,-92.53,59.16,-2.81,35.76,90.08,66.34
2015-06-29,37.7,5.36,21.98,24.67,66.41,30.71
2015-06-30,7.39,142.9,126.95,28.29,74.68,65.68
2015-07-01,120.33,126.1,124.22,2.48,46.23,30.65
2015-07-02,33.93,107.96,82.33,-7.92,49.98,76.18
2015-07-03,-22.41,140.8,115.47,5.65,-2.65,79.6
2015-07-06,13.11,105.48,74.76,12.46,58.74,24.64
2015-07-07,-38.04,126.83,117.08,10.36,53.68,56.71
2015-07-08,23.09,152.73,161.41,-3.87,108.05,93.95
2015-07-09,-22.8,108.39,218.45,15.93,73.01,51.32
2015-07-10,39.49,126.41,84.24,-4.34,95.67,23.97
2015-07-13,51.19,76.85,56.12,-9.32,66.62,92.81
2015-07-14,-59.17,97.46,202.12,39.56,30.86,-1.54
2015-07-15,75.11,42.15,200.67,15.4,-8.56,39.85
2015-07-16,-142.78,28.64,109.47,-4.73,13.5,74.86
2015-07-17,-67.28,93.88,193.57,-43.33,82.49,74.82
2015-07-20,41.25,163.75,162.36,-39.41,-1.34,85.31
2015-07-21,41.46,7.21,109.67,48.59,-5.7,20.48
2015-07-22,101.21,42.04,209.74,37.29,85.22,-2.1
2015-07-23,-11.56,6.18,146.32,-7.08,51.26,37.8
2015-07-24,-4.26,59.15,-35.7,-9.81,45.57,22.88
2015-07-27,43.57,167.97,146.88,1.43,61.59,31.89
2015-07-28,-30.56,146.86,152.72,-8.01,-19.55,110.52
2015-07-29,28.37,143.26,137.38,-33.42,57.52,-31.24
2015-07-30,-30.9,98.7,15.47,18.06,36.28,26.46
2015-07-31,-22.1,125.07,25.6,76.8,1.0,55.11
2015-08-03,45.51,125.43,152.77,-10.11,52.18,100.32
2015-08-04,29.99,103.77,8.05,-60.01,51.16,46.39
2015-08-05,-46.01,172.46,95.67,16.21,51.6,105.16
2015-08-06,72.17,41.55,49.68,-13.55,71.7,58.39
2015-08-07,-74.62,93.88,40.97,-22.51,39.03,65.27
2015-08-10,22.06,112.72,90.03,7.95,39.0,14.82
2015-08-11,40.21,25.38,157.2,7.91,85.46,59.94
2015-08-12,-23.76,93.65,151.17,51.75,51.22,41.63
2015-08-13,-64.35,61.11,125.25,-21.4,54.31,47.52
2015-08-14,-52.43,158.94,132.86,-19.05,91.77,76.21
2015-08-17,10.51,75.13,70.26,-17.91,90.22,42.42
2015-08-18,93.62,45.68,43.1,-64.34,29.15,75.37
2015-08-19,-12.42,90.88,218.79,77.83,86.24,111.33
2015-08-20,-98.2,140.36,156.28,-82.25,0.82,34.5
2015-08-21,-28.21,103.2,146.62,-24.39,19.86,44.56
2015-08-24,-89.84,176.74,93.05,-24.21,65.14,38.08
2015-08-25,68.14,72.55,82.24,15.8,75.66,73.46
2015-08-26,28.87,1.07,65.62,-11.42,59.07,65.99
2015-08-27,25.71,109.0,64.27,41.3,49.5,28.09
2015-08-28,-109.84,82.0,53.98,22.61,0.12,21.19
2015-08-31,-85.62,115.69,125.58,-0.06,11.18,59.09
2015-09-01,-65.09,152.46,134.64,-91.91,56.68,11.35
2015-09-02,-13.95,110.65,-10.86,-32.31,25.72,91.0
2015-09-03,-13.62,92.18,102.01,23.72,17.51,60.85
2015-09-04,-31.57,68.98,160.53,16.42,69.81,89.36
2015-09-07,49.98,56.49,148.62,-8.85,93.47,19.46
2015-09-08,-59.0,87.62,48.72,30.59,57.46,-7.18
2015-09-09,58.1,141.51,88.35,-13.3,15.87,40.57
2015-09-10,29.43,191.13,101.93,6.72,37.62,49.08
2015-09-11,-49.83,128.62,-0.76,-25.09,84.67,76.15
2015-09-14,-22.48,165.32,73.2,23.89,151.96,40.61
2015-09-15,99.03,140.47,129.1,-21.04,87.12,75.24
2015-09-16,20.09,130.96,134.58,-7.46,66.91,21.16
2015-09-17,-64.96,-1.85,70.19,0.37,86.75,50.23
2015-09-18,-7.51,87.31,117.56,-15.31,78.04,40.95
2015-09-21,-19.75,86.99,173.85,9.19,16.98,67.79
2015-09-22,34.96,77.06,124.21,82.81,76.92,31.9
2015-09-23,-36.37,68.14,41.46,0.09,110.37,38.56
2015-09-24,41.99,51.71,46.64,-12.47,51.34,29.32
2015-09-25,-17.61,109.47,133.51,8.37,70.1,24.35
2015-09-28,-32.51,118.18,139.55,-31.21,46.71,68.34
2015-09-29,53.94,90.75,63.21,21.18,44.19,103.65
2015-09-30,17.4,136.25,102.41,-27.64,26.01,39.01
2015-10-01,-91.95,209.75,115.91,25.2,37.77,10.13
2015-10-02,7.72,118.61,164.76,3.96,37.74,82.93
2015-10-05,-1.27,98.73,97.23,21.56,3.3,69.58
2015-10-06,16.83,57.21,105.99,6.56,75.04,37.31
2015-10-07,60.66,60.51,72.52,8.31,46.41,69.21
2015-10-08,-77.97,158.32,148.09,33.71,22.14,39.08
2015-10-09,32.1,117.7,73.0,7.0,37.98,67.0
2015-10-12,-19.88,26.36,122.16,61.57,63.2,49.07
2015-10-13,42.38,115.94,94.93,1.22,32.76,51.01
2015-10-14,-47.41,28.62,140.8,31.11,20.09,0.62
2015-10-15,10.54,44.57,145.67,-5.69,43.87,13.48
2015-10-16,79.34,153.13,52.28,32.91,39.68,44.25
2015-10-19,-1.43,128.74,163.31,-14.93,78.59,30.05
2015-10-20,40.68,128.4,42.46,7.97,46.02,113.77
2015-10-21,-134.33,0.11,88.05,-22.58,48.06,64.69
2015-10-22,-60.26,131.34,94.68,46.74,98.82,37.38
2015-10-23,-55.45,161.43,143.65,-7.64,54.2,-10.92
2015-10-26,-15.63,63.48,109.35,1.48,62.84,33.53
2015-10-27,-13.38,133.83,165.15,9.45,38.03,60.87
2015-10-28,34.93,54.9,94.03,-20.05,70.01,39.96
2015-10-29,-59.54,83.35,72.56,-13.34,63.77,56.41
2015-10-30,100.24,94.5,88.65,12.74,49.15,-12.92
2015-11-02,104.99,35.58,176.49,22.26,34.44,93.87
2015-11-03,-34.33,42.79,193.3,-15.96,73.76,7.75
2015-11-04,39.15,139.52,148.88,-9.25,88.77,76.26
2015-11-05,99.2,36.35,141.54,37.25,68.06,69.57
2015-11-06,-16.05,99.02,72.27,18.64,42.12,72.37
2015-11-09,14.22,105.01,98.67,-0.74,40.13,30.88
2015-11-10,58.97,129.44,4.3,-0.19,-8.63,39.28
2015-11-11,64.33,107.3,159.7,95.24,97.74,27.01
2015-11-12,15.75,29.31,74.76,32.11,53.01,17.81
2015-11-13,-2.48,118.4,54.54,-24.07,35.56,13.93
2015-11-16,30.77,31.77,29.65,-31.79,-19.69,19.61
2015-11-17,-2.09,141.48,82.89,82.19,15.88,-0.48
2015-11-18,61.19,12.39,135.74,-34.28,38.5,12.66
2015-11-19,-6.95,83.69,76.53,-28.14,92.53,21.09
2015-11-20,-16.42,59.93,99.04,70.16,7.41,69.33
2015-11-23,-40.39,33.37,114.66,-0.4,49.74,83.8
2015-11-24,94.35,48.55,133.03,36.69,53.2,35.74
2015-11-25,-20.47,22.67,81.89,-26.02,46.27,85.45
2015-11-26,-63.48,35.72,82.86,12.18,23.99,69.52
2015-11-27,31.02,21.26,62.53,6.19,63.88,41.32
2015-11-30,-26.67,106.85,48.6,4.2,65.45,24.48
2015-12-01,33.84,26.26,39.76,2.57,34.68,74.61
2015-12-02,-4.45,45.83,62.88,-5.12,50.62,10.5
2015-12-03,4.3,193.84,79.01,-3.87,51.33,43.42
2015-12-04,2.39,161.39,133.84,30.43,111.67,88.42
2015-12-07,17.61,84.14,39.83,14.51,56.08,39.67
2015-12-08,-7.54,82.61,227.45,-7.19,66.18,71.42
2015-12-09,-44.24,173.28,57.4,0.0,113.27,25.48
2015-12-10,14.2,69.92,2.88,26.95,26.42,26.64
2015-12-11,25.81,84.53,58.55,13.1,-2.55,67.72
2015-12-14,-84.62,153.24,60.62,-5.64,30.55,58.55
2015-12-15,-20.93,13.76,121.98,3.65,53.73,85.99
2015-12-16,15.42,154.35,120.64,-8.21,37.29,-2.85
2015-12-17,39.85,43.9,82.81,69.01,97.06,11.06
2015-12-18,88.95,46.73,46.86,-46.6,21.66,52.62
2015-12-21,49.21,97.76,50.28,-21.18,5.68,14.78
2015-12-22,38.45,132.79,107.21,24.55,82.36,44.03
2015-12-23,5.57,142.3,72.26,59.91,93.91,93.46
2015-12-24,19.49,-25.53,17.66,1.72,45.47,125.53
2015-12-25,-2.37,91.68,131.52,-72.04,20.18,70.96
2015-12-28,32.48,125.88,33.83,17.71,93.58,46.81
2015-12-29,-103.87,118.05,75.93,33.56,88.97,21.31
2015-12-30,-6.21,117.22,97.75,14.0,15.96,83.52
2015-12-31,87.0,94.84,192.14,38.36,85.5,-3.33
2016-01-01,-29.32,169.57,100.54,-10.93,18.98,58.19
2016-01-04,-71.03,94.65,65.09,1.48,75.4,15.49
2016-01-05,-29.64,82.22,99.21,14.66,31.36,67.61
2016-01-06,-6.44,180.51,36.22,27.54,68.66,5.86
2016-01-07,52.58,113.95,85.25,43.6,52.32,23.83
2016-01-08,-100.49,164.25,113.09,-35.8,38.3,57.02
2016-01-11,-13.4,120.68,98.1,35.13,52.81,43.1
2016-01-12,64.12,124.29,147.09,-15.35,35.33,37.61
2016-01-13,21.15,141.39,160.8,21.57,63.53,42.65
2016-01-14,-42.54,-53.93,121.05,-6.56,44.98,99.09
2016-01-15,66.1,129.72,152.52,47.61,56.68,10.29
2016-01-18,5.37,86.07,115.12,24.6,70.46,25.67
2016-01-19,-4.98,171.72,116.99,-0.63,-17.67,31.99
2016-01-20,3.78,-6.84,-12.43,8.84,41.11,20.97
2016-01-21,-25.23,82.77,143.02,13.58,44.6,34.0
2016-01-22,49.93,60.16,169.36,0.45,102.01,53.72
2016-01-25,58.69,197.97,108.49,40.54,16.08,36.51
2016-01-26,12.72,198.49,31.43,0.33,56.66,61.45
2016-01-27,38.8,-13.27,76.97,-20.17,46.29,39.17
2016-01-28,3.97,121.16,158.15,14.81,78.43,-27.76
2016-01-29,-14.99,166.84,123.16,40.72,115.08,15.68
2016-02-01,8.18,157.85,105.16,3.46,112.55,7.97
2016-02-02,-15.88,62.88,59.7,51.51,56.72,129.25
2016-02-03,-1.45,158.57,167.86,30.64,39.28,38.35
2016-02-04,-5.02,41.71,80.41,-61.83,44.85,40.81
2016-02-05,76.34,180.42,30.8,15.41,86.15,54.77
2016-02-08,-82.41,177.63,65.68,-18.69,35.4,34.11
2016-02-09,-20.25,37.77,105.46,49.68,63.74,72.99
2016-02-10,38.59,51.01,176.58,-19.64,38.72,21.3
2016-02-11,-34.75,194.57,71.44,-12.96,108.42,103.25
2016-02-12,-9.14,164.52,125.93,39.2,61.88,44.83
2016-02-15,1.1,107.73,111.42,-15.99,66.86,29.67
2016-02-16,-5.82,152.85,104.12,-9.5,101.66,70.7
2016-02-17,7.4,12.57,27.37,30.24,86.09,21.37
2016-02-18,-39.6,130.03,96.71,-0.03,44.89,25.08
2016-02-19,-24.39,66.02,114.16,-13.13,63.97,9.73
2016-02-22,-54.86,112.13,-15.76,-17.14,90.24,19.11
2016-02-23,-21.25,150.58,113.96,9.72,65.98,75.69
2016-02-24,-42.55,83.98,127.66,15.99,38.52,84.44
2016-02-25,-83.43,142.73,144.91,-12.57,25.95,20.46
2016-02-26,-8.95,54.16,112.16,7.55,53.71,15.53
2016-02-29,1.14,101.54,95.94,-52.15,52.37,26.4
2016-03-01,8.04,136.92,153.93,1.86,45.55,17.48
2016-03-02,1.68,109.07,152.37,32.96,22.15,59.29
2016-03-03,35.91,76.41,43.9,-61.33,2.65,-3.75
2016-03-04,13.58,112.61,133.01,-9.15,57.87,54.76
2016-03-07,5.46,66.05,104.36,47.2,29.41,88.12
2016-03-08,53.1,124.17,42.15,-54.13,6.91,103.14
2016-03-09,4.18,89.42,80.73,-1.23,50.61,11.53
2016-03-10,-43.04,176.39,114.6,-18.96,61.96,30.93
2016-03-11,37.74,127.62,91.48,23.85,41.58,12.29
2016-03-14,3.77,149.16,48.05,-2.74,79.06,70.53
2016-03-15,-82.43,75.65,116.4,20.36,47.12,17.7
2016-03-16,-23.04,172.13,61.93,-26.41,74.71,46.41
2016-03-17,-54.76,145.59,142.94,33.59,50.24,64.63
2016-03-18,16.58,187.14,68.31,-17.84,76.28,35.09
2016-03-21,-15.66,97.01,130.57,4.25,78.82,52.42
2016-03-22,-100.57,42.09,114.4,-0.72,90.66,48.05
2016-03-23,-59.31,112.65,79.34,-18.22,50.0,53.21
2016-03-24,58.34,64.09,118.48,8.38,66.93,-21.5
2016-03-25,-4.49,107.12,188.57,12.69,50.72,39.03
2016-03-28,2.21,155.3,-0.41,18.62,54.76,-32.6
2016-03-29,-20.21,101.67,53.52,37.14,37.66,12.93
2016-03-30,-1.41,132.63,113.24,-4.04,44.57,61.73
2016-03-31,52.17,105.6,130.59,43.7,54.96,6.58
2016-04-01,13.08,94.67,119.96,-16.8,47.68,36.41
2016-04-04,-23.7,143.18,115.86,-46.99,33.01,18.64
2016-04-05,-2.35,87.2,48.94,40.29,60.84,96.64
2016-04-06,71.38,185.0,73.41,-55.35,91.51,9.65
2016-04-07,23.03,93.01,170.62,8.87,81.68,23.57
2016-04-08,-12.32,98.02,-5.28,7.89,41.35,55.3
2016-04-11,72.86,-9.17,117.12,-43.44,105.15,18.0
2016-04-12,-60.78,18.46,163.86,-11.46,74.04,51.15
2016-04-13,-119.72,110.16,115.82,-33.35,54.66,84.51
2016-04-14,-18.52,91.73,100.16,8.21,11.94,98.47
2016-04-15,5.35,109.41,151.71,-3.71,48.3,30.22
2016-04-18,12.21,159.56,125.47,21.71,37.06,70.34
2016-04-19,-77.02,-2.74,175.3,-5.18,52.77,80.8
2016-04-20,-5.56,125.72,106.47,69.31,35.52,46.6
2016-04-21,-25.92,-2.29,28.03,99.87,0.47,94.09
2016-04-22,50.67,55.08,64.82,-2.0,51.43,45.46
2016-04-25,47.04,83.16,61.85,-19.37,43.45,31.05
2016-04-26,3.61,149.38,106.59,-21.68,43.07,20.3
2016-04-27,-49.79,43.38,137.02,-26.1,47.51,98.57
2016-04-28,19.37,156.29,99.87,11.33,46.76,52.21
2016-04-29,1.03,97.5,127.02,-45.55,54.44,59.91
2016-05-02,-3.07,135.37,81.55,28.81,51.33,50.79
2016-05-03,7.64,149.86,117.09,-70.67,35.45,34.67
2016-05-04,50.33,98.07,53.49,6.8,11.11,31.8
2016-05-05,-47.22,-48.35,66.09,-16.56,79.62,63.27
2016-05-06,-68.55,153.04,146.04,40.12,26.87,71.66
2016-05-09,9.77,90.31,103.39,51.01,5.56,38.08
2016-05-10,25.63,161.12,118.3,-6.3,35.78,28.17
2016-05-11,2.18,71.87,182.18,57.77,70.62,35.57
2016-05-12,-88.64,66.47,43.97,37.63,55.38,20.49
2016-05-13,-13.57,110.59,79.55,-5.58,29.47,29.51
2016-05-16,-32.44,134.58,133.69,21.24,95.39,8.53
2016-05-17,-3.5,121.98,180.49,62.07,50.0,52.7
2016-05-18,3.36,102.48,213.91,9.47,43.41,35.2
2016-05-19,-57.84,118.42,72.42,16.96,42.59,62.35
2016-05-20,-31.03,45.36,124.4,2.32,42.16,111.63
2016-05-23,-49.55,17.52,160.54,9.58,12.8,74.57
2016-05-24,-18.91,12.32,60.0,-6.67,30.36,79.94
2016-05-25,44.18,-8.2,130.42,14.04,67.09,50.94
2016-05-26,-60.29,121.3,128.04,-12.67,30.93,11.64
2016-05-27,15.16,102.34,87.63,46.87,61.42,28.46
2016-05-30,8.62,130.24,62.93,15.0,68.98,77.41
2016-05-31,-51.24,109.97,143.64,-39.95,13.8,50.43
2016-06-01,38.67,201.51,64.42,14.79,40.39,34.26
2016-06-02,-129.55,47.3,209.18,4.06,79.51,65.87
2016-06-03,86.1,59.51,63.91,-6.62,87.17,6.78
2016-06-06,58.6,8.38,57.15,49.51,4.03,25.56
2016-06-07,-18.48,211.17,259.9,-14.96,85.85,70.95
2016-06-08,-56.76,155.75,123.41,-26.26,70.26,99.52
2016-06-09,-45.58,50.08,101.34,-51.7,42.3,82.88
2016-06-10,-63.41,11.66,47.4,-10.37,86.35,100.94
2016-06-13,83.98,-12.86,65.9,-13.2,48.08,30.19
2016-06-14,-65.68,68.74,90.57,37.77,59.46,12.14
2016-06-15,13.82,195.1,68.33,-34.31,59.4,46.49
2016-06-16,-79.6,167.48,115.02,25.35,37.45,27.22
2016-06-17,-2.56,92.6,45.13,34.5,40.78,69.1
2016-06-20,20.48,45.79,44.64,-0.47,70.56,10.42
2016-06-21,-24.02,169.32,68.7,-20.28,7.71,17.58
2016-06-22,54.2,103.09,88.95,18.62,56.52,45.67
2016-06-23,-5.17,165.59,15.05,46.79,57.16,108.32
2016-06-24,29.88,120.4,144.01,7.75,96.09,51.52
2016-06-27,-9.69,117.12,56.73,-13.98,8.02,34.71
2016-06-28,-55.2,120.32,109.19,21.12,124.16,30.2
2016-06-29,-12.37,63.27,184.53,23.3,74.61,87.81
2016-06-30,19.0,141.37,33.76,26.96,56.1,45.47
2016-07-01,39.21,98.72,147.24,8.81,50.08,13.2
2016-07-04,-29.44,33.18,127.15,-16.12,55.32,-8.05
2016-07-05,-50.67,189.4,84.09,34.37,81.06,95.75
2016-07-06,-16.29,129.77,172.99,-6.71,21.07,6.61
2016-07-07,-36.56,51.49,65.38,44.34,18.28,12.0
2016-07-08,-10.08,166.2,60.32,8.15,93.07,27.49
2016-07-11,-25.73,81.96,75.06,25.28,94.21,69.31
2016-07-12,11.77,106.74,132.77,-0.12,63.78,58.6
2016-07-13,26.57,122.68,144.09,-20.09,52.03,86.5
2016-07-14,-55.28,128.29,241.33,-62.89,32.56,102.57
2016-07-15,6.36,100.35,57.99,29.87,69.22,36.03
2016-07-18,-32.23,25.18,78.25,-32.34,34.3,30.82
2016-07-19,42.74,84.07,133.01,-2.39,-13.99,35.73
2016-07-20,-43.35,103.21,149.09,9.47,14.13,36.92
2016-07-21,-50.83,145.8,53.09,20.78,41.38,72.63
2016-07-22,-70.15,55.8,19.63,-3.01,57.55,31.32
2016-07-25,-21.51,80.63,111.35,-13.07,65.47,47.13
2016-07-26,-5.97,182.47,138.04,22.42,58.73,10.09
2016-07-27,-49.04,41.36,223.03,-5.75,12.11,58.44
2016-07-28,-5.71,103.73,122.97,-9.69,-27.92,75.7
2016-07-29,-131.33,45.51,145.93,-2.96,108.63,57.33
2016-08-01,0.2,39.99,115.83,11.86,52.21,119.14
2016-08-02,-7.84,52.47,66.7,-38.04,41.46,-35.08
2016-08-03,-112.12,137.64,87.21,34.37,57.53,4.07
2016-08-04,62.9,121.38,61.3,-25.34,79.45,18.61
2016-08-05,17.22,94.1,51.07,26.7,37.62,64.82
2016-08-08,23.92,119.88,172.29,54.97,18.13,31.01
2016-08-09,49.57,140.24,99.13,38.71,28.72,67.01
2016-08-10,-35.54,85.3,40.59,-14.23,77.71,7.66
2016-08-11,-67.56,118.74,108.23,38.76,108.27,63.18
2016-08-12,89.3,112.64,120.92,14.03,12.55,95.88
2016-08-15,-37.0,152.53,31.0,-45.86,57.14,122.45
2016-08-16,-100.42,116.22,71.69,27.6,26.14,20.1
2016-08-17,-103.86,95.6,164.51,-33.88,-2.15,53.79
2016-08-18,102.05,60.87,125.78,-37.51,93.79,26.41
2016-08-19,1.48,252.57,122.0,-29.89,66.44,35.5
2016-08-22,13.17,67.43,62.84,-3.93,46.39,91.12
2016-08-23,6.77,77.61,105.29,-11.29,44.11,35.98
2016-08-24,20.03,78.54,133.68,-31.89,120.57,91.26
2016-08-25,96.13,23.14,151.89,33.64,89.82,37.67
2016-08-26,-26.33,109.78,84.54,12.1,41.85,105.48
2016-08-29,49.37,90.1,82.25,-18.02,33.17,92.51
2016-08-30,5.95,43.44,103.64,18.56,60.45,66.98
2016-08-31,-27.84,119.73,98.08,20.23,94.87,60.39
2016-09-01,-44.06,143.34,131.89,-7.93,37.47,-20.15
2016-09-02,-7.32,58.98,182.69,34.19,56.27,56.98
2016-09-05,-33.19,98.19,65.2,3.95,71.27,59.82
2016-09-06,47.84,3.66,127.24,1.82,91.34,14.94
2016-09-07,87.03,35.64,72.97,9.49,40.8,40.13
2016-09-08,24.65,139.88,75.62,2.71,2.5,-7.43
2016-09-09,-28.27,48.7,106.42,-5.49,10.29,65.71
2016-09-12,-68.56,86.42,108.35,-14.14,77.94,88.22
2016-09-13,-51.42,80.49,63.64,18.8,64.13,62.88
2016-09-14,44.52,71.83,27.63,-29.99,35.29,65.11
2016-09-15,35.63,88.04,102.36,8.06,56.45,55.25
2016-09-16,65.06,86.38,130.65,0.56,52.52,49.74
2016-09-19,-49.67,99.65,92.59,-21.98,14.55,33.04
2016-09-20,-3.35,93.58,67.6,2.74,40.98,18.21
2016-09-21,61.94,95.81,114.45,17.9,72.13,23.72
2016-09-22,15.43,36.13,123.52,22.67,43.53,38.52
2016-09-23,-54.34,30.59,37.35,2.61,110.54,73.58
2016-09-26,-45.15,144.04,117.25,-37.3,68.84,28.71
2016-09-27,-79.02,188.92,188.42,-31.27,83.32,60.55
2016-09-28,-67.84,22.53,204.35,4.44,34.46,6.35
2016-09-29,69.05,85.62,18.72,7.82,82.61,36.92
2016-09-30,-58.63,80.8,44.82,41.24,-10.5,69.43
2016-10-03,70.59,47.19,43.25,45.4,29.92,-8.66
2016-10-04,53.73,109.43,145.31,16.29,57.29,53.01
2016-10-05,19.68,115.4,146.15,-5.69,-1.22,60.04
2016-10-06,-40.75,167.12,66.63,26.26,29.48,77.39
2016-10-07,107.71,33.65,122.44,51.87,21.96,57.9
2016-10-10,43.96,116.52,22.17,-28.4,29.0,86.7
2016-10-11,55.22,73.72,65.52,24.99,71.22,-0.83
2016-10-12,1.7,87.98,144.17,-27.56,32.45,31.57
2016-10-13,-75.52,101.57,32.1,33.93,38.6,96.78
2016-10-14,27.2,94.2,30.75,-18.39,32.32,58.29
2016-10-17,35.66,158.06,44.91,35.46,86.56,61.43
2016-10-18,-70.59,88.83,92.95,0.15,49.16,62.18
2016-10-19,-1.55,133.44,60.39,29.12,91.2,25.47
2016-10-20,10.41,-18.11,126.1,39.27,36.43,55.6
2016-10-21,-65.76,93.04,105.31,23.28,83.76,62.34
2016-10-24,6.3,150.6,47.83,11.72,30.08,73.68
2016-10-25,-0.99,53.01,58.29,5.03,61.56,61.54
2016-10-26,20.03,60.97,157.34,-37.56,92.86,74.78
2016-10-27,-4.97,131.71,12.16,11.95,46.8,30.44
2016-10-28,-20.51,128.12,94.57,14.67,-8.88,42.25
2016-10-31,-12.26,171.26,70.54,17.88,47.5,35.55
2016-11-01,-27.15,106.37,179.17,35.19,45.15,87.78
2016-11-02,72.43,88.08,154.8,73.01,23.27,65.82
2016-11-03,18.65,27.31,196.84,4.47,70.24,91.6
2016-11-04,-37.31,182.07,122.01,42.73,-11.52,62.31
2016-11-07,-9.15,38.65,155.79,19.94,55.66,45.94
2016-11-08,49.19,22.99,70.33,16.3,53.45,100.31
2016-11-09,62.87,80.34,130.36,-30.04,81.61,97.25
2016-11-10,-40.29,146.79,26.62,3.55,36.75,107.74
2016-11-11,39.36,61.12,157.96,33.76,5.39,58.86
2016-11-14,32.39,94.33,191.15,-9.54,21.7,49.48
2016-11-15,29.04,-7.14,68.38,34.3,43.28,66.67
2016-11-16,-42.8,116.09,56.8,-14.71,-2.22,59.59
2016-11-17,64.23,124.84,171.32,23.2,71.03,49.83
2016-11-18,-21.06,164.99,94.92,-34.19,70.43,63.46
2016-11-21,-54.86,122.7,72.37,-67.24,56.02,42.93
2016-11-22,116.5,59.88,72.8,-8.45,14.42,17.62
2016-11-23,23.48,168.15,90.55,12.63,67.17,70.57
2016-11-24,27.62,-14.43,134.99,10.58,108.05,88.9
2016-11-25,119.1,116.19,170.17,-35.35,-13.67,33.37
2016-11-28,-86.44,127.31,83.23,-3.16,125.49,60.07
2016-11-29,-36.55,164.24,153.18,47.01,28.24,62.22
2016-11-30,-99.36,123.56,118.33,-20.51,-0.84,50.54
2016-12-01,-21.21,113.64,142.86,-32.61,43.14,47.01
2016-12-02,86.89,37.28,67.2,-14.4,58.58,66.95
2016-12-05,25.78,78.42,132.87,2.58,0.1,32.29
2016-12-06,39.02,139.35,117.27,-55.97,65.45,109.63
2016-12-07,-33.96,59.68,122.03,-47.88,50.11,74.68
2016-12-08,-40.72,95.14,77.51,-30.43,3.49,39.92
2016-12-09,-43.13,70.27,67.47,-29.82,42.17,51.18
2016-12-12,104.48,96.6,63.91,3.23,72.78,64.32
2016-12-13,5.9,135.5,62.09,25.19,48.65,55.81
2016-12-14,37.47,118.51,60.64,-6.36,93.24,-9.13
2016-12-15,-93.92,185.98,182.31,-121.96,39.02,69.25
2016-12-16,28.5,65.88,120.12,0.14,79.64,45.53
2016-12-19,-76.67,80.7,72.15,13.41,101.2,7.33
2016-12-20,-9.95,100.63,45.63,-4.62,76.38,88.46
2016-12-21,32.58,131.88,81.27,24.37,55.78,74.57
2016-12-22,22.79,94.46,64.16,-12.99,23.89,45.46
2016-12-23,36.45,57.66,115.17,29.75,70.51,51.08
2016-12-26,-38.26,68.39,110.88,13.37,68.05,30.65
2016-12-27,-43.33,73.84,43.04,0.1,66.78,57.49
2016-12-28,23.25,68.04,102.28,-20.9,82.55,41.08
2016-12-29,64.62,102.17,151.23,32.59,24.73,36.17
2016-12-30,-2.71,62.47,157.44,6.38,55.89,30.03
2017-01-02,3.8,26.32,77.65,17.97,83.75,15.91
2017-01-03,6.36,43.13,108.47,20.11,74.19,29.96
2017-01-04,-16.01,125.87,47.35,-23.0,24.7,26.04
2017-01-05,9.46,88.27,98.92,-7.61,90.62,58.8
2017-01-06,-29.48,166.94,30.07,-8.36,13.61,28.81
2017-01-09,-11.46,83.39,69.03,-14.62,63.14,81.92
2017-01-10,32.65,142.53,145.95,-25.2,18.79,110.39
2017-01-11,-60.16,113.76,47.55,2.49,45.1,46.75
2017-01-12,-8.59,81.19,129.55,25.95,87.71,10.2
2017-01-13,-4.75,71.76,28.74,-57.12,67.52,58.47
2017-01-16,0.26,57.45,85.86,31.89,60.33,33.4
2017-01-17,-32.26,144.44,51.44,29.3,31.84,8.51
2017-01-18,4.27,119.62,159.62,-32.5,64.11,55.05
2017-01-19,28.92,109.92,166.28,19.04,31.42,49.46
2017-01-20,49.34,130.37,134.94,-7.72,96.75,37.91
2017-01-23,-97.16,58.12,191.37,-4.64,61.66,113.14
2017-01-24,16.02,160.12,81.35,2.08,57.99,-30.72
2017-01-25,-22.8,166.12,153.82,-5.86,35.87,-10.22
2017-01-26,68.05,99.7,89.16,9.34,88.49,11.05
2017-01-27,-54.9,139.98,81.63,18.67,69.52,33.74
2017-01-30,-22.57,24.44,92.45,27.17,73.19,68.81
2017-01-31,11.27,77.91,63.8,22.32,22.26,31.33
2017-02-01,-104.19,59.7,143.78,28.58,78.36,100.01
2017-02-02,89.32,67.39,241.03,-7.24,15.92,100.83
2017-02-03,42.49,167.95,134.78,-19.85,70.87,74.05
2017-02-06,-21.11,114.96,55.94,68.11,72.4,7.43
2017-02-07,-73.23,147.73,152.23,-47.59,84.92,92.91
2017-02-08,9.24,90.96,153.85,5.06,27.73,34.81
2017-02-09,28.48,87.94,89.5,-39.97,61.67,62.56
2017-02-10,29.19,103.11,188.81,11.97,77.17,94.42
2017-02-13,29.35,113.12,44.31,20.24,45.23,43.39
2017-02-14,57.29,-5.27,104.98,5.84,50.86,39.47
2017-02-15,45.78,54.67,28.56,-19.84,72.99,57.29
2017-02-16,-152.04,2.73,67.63,-8.21,44.64,23.55
2017-02-17,86.38,70.16,114.56,43.91,48.63,35.58
2017-02-20,55.87,194.57,164.8,-21.38,61.82,89.16
2017-02-21,-29.76,96.09,153.5,-13.98,52.89,51.48
2017-02-22,1.98,9.31,157.94,15.59,68.82,108.58
2017-02-23,44.34,131.51,50.93,-69.48,76.07,46.46
2017-02-24,-66.44,63.34,97.69,25.37,111.89,90.43
2017-02-27,94.68,38.55,42.27,1.8,7.32,79.4
2017-02-28,-19.9,128.48,49.81,-75.23,57.46,32.96
2017-03-01,1.2,72.34,124.85,-13.0,82.1,114.84
2017-03-02,-48.85,45.58,167.6,-18.11,68.3,18.87
2017-03-03,11.13,145.93,91.53,38.08,65.03,94.58
2017-03-06,83.65,183.68,136.71,52.08,45.86,60.8
2017-03-07,65.36,94.2,7.11,13.83,34.5,-3.38
2017-03-08,-9.19,141.11,175.2,-30.75,109.45,35.96
2017-03-09,-106.69,49.7,-18.06,45.97,13.74,69.56
2017-03-10,-17.08,89.13,26.62,34.81,23.72,102.94
2017-03-13,-40.46,43.15,172.52,-20.18,80.31,7.26
2017-03-14,-3.64,91.13,95.06,14.95,74.89,-15.92
2017-03-15,-62.79,120.38,68.82,3.03,76.24,27.01
2017-03-16,72.68,44.18,120.12,-11.64,34.08,22.57
2017-03-17,24.53,54.0,173.15,-31.07,38.62,69.43
2017-03-20,-15.11,60.87,63.84,21.87,56.9,60.83
2017-03-21,-15.0,33.5,23.2,6.62,29.54,31.29
2017-03-22,5.76,167.76,91.23,-12.11,26.57,66.6
2017-03-23,41.92,176.13,82.17,15.67,41.1,14.67
2017-03-24,-58.08,74.75,75.91,34.3,95.68,39.75
2017-03-27,-27.81,107.88,117.31,-46.89,29.5,-4.99
2017-03-28,-1.86,160.8,112.43,-63.5,74.49,-2.49
2017-03-29,-14.9,101.9,92.31,27.42,43.43,36.64
2017-03-30,38.7,147.11,89.38,-7.38,75.23,34.07
2017-03-31,-4.32,-39.74,141.34,6.99,15.9,21.24
2017-04-03,54.69,13.86,40.71,45.58,49.31,67.62
2017-04-04,-34.08,92.0,85.97,27.95,51.54,53.82
2017-04-05,-59.9,117.95,85.8,16.72,14.4,65.87
2017-04-06,-14.04,127.17,117.7,16.14,43.53,30.87
2017-04-07,-120.27,135.05,173.25,-27.5,10.45,81.08
2017-04-10,-33.0,87.33,54.58,49.68,40.44,29.4
2017-04-11,37.53,122.57,99.36,-5.35,78.24,59.02
2017-04-12,71.96,105.83,97.27,-29.25,45.61,49.63
2017-04-13,-65.3,126.71,104.34,29.07,26.33,21.41
2017-04-14,-8.25,49.57,28.19,2.15,73.39,61.61
2017-04-17,21.59,94.47,122.4,-49.3,43.51,9.84
2017-04-18,-91.99,86.97,63.51,-4.26,59.98,62.13
2017-04-19,42.85,108.02,113.42,-48.68,49.01,75.36
2017-04-20,32.46,40.96,128.93,-44.88,24.53,72.39
2017-04-21,53.08,160.31,48.42,53.76,72.23,55.49
2017-04-24,48.46,106.88,70.37,1.3,12.65,45.65
2017-04-25,-35.65,18.42,0.97,17.09,74.05,95.4
2017-04-26,-65.41,89.11,105.72,1.69,78.08,99.53
2017-04-27,11.91,75.72,81.2,10.49,45.3,19.44
2017-04-28,18.48,65.23,132.75,-41.76,47.21,54.12
2017-05-01,170.75,99.58,68.04,8.59,72.88,50.63
2017-05-02,-65.79,58.36,120.17,-25.45,104.08,-3.75
2017-05-03,-57.37,171.1,158.5,-11.55,53.28,41.26
2017-05-04,1.1,164.89,77.17,-49.87,70.53,90.17
2017-05-05,-28.27,123.49,60.1,-20.95,72.72,20.6
2017-05-08,-73.2,69.39,95.58,-3.7,44.39,74.82
2017-05-09,-43.97,144.18,129.1,-21.11,31.43,48.42
2017-05-10,51.59,67.34,58.78,-29.34,40.69,33.16
2017-05-11,-4.06,118.4,201.48,66.12,87.96,59.98
2017-05-12,35.8,111.66,211.42,-39.22,50.11,48.59
2017-05-15,2.81,133.01,116.67,-7.97,76.87,20.65
2017-05-16,120.41,81.04,17.97,31.76,37.36,17.21
2017-05-17,-25.77,204.21,229.06,26.79,72.76,49.35
2017-05-18,31.73,145.7,103.54,18.06,-19.21,77.69
2017-05-19,-27.49,110.76,72.71,18.05,59.1,62.94
2017-05-22,-44.29,102.74,77.3,18.3,65.15,66.12
2017-05-23,-53.2,51.85,84.38,-44.5,74.5,67.48
2017-05-24,-62.12,88.52,72.63,27.65,63.23,20.22
2017-05-25,-30.81,120.49,102.88,-1.71,85.84,-19.11
2017-05-26,-32.9,30.9,87.91,13.52,72.52,44.24
2017-05-29,-59.31,86.36,123.91,-8.62,6.68,58.93
2017-05-30,-43.73,71.99,102.55,-68.99,91.66,-4.85
2017-05-31,19.92,87.95,138.03,-4.08,26.8,72.06
2017-06-01,-59.28,59.35,75.54,-43.12,104.46,124.53
2017-06-02,55.18,91.75,7.19,28.07,73.71,72.31
2017-06-05,39.72,79.01,84.89,-6.57,83.37,13.12
2017-06-06,3.06,-5.81,188.12,-32.95,109.11,42.98
2017-06-07,-13.01,78.22,185.71,16.92,0.94,44.27
2017-06-08,66.63,173.51,143.44,18.21,35.59,30.35
2017-06-09,67.6,32.54,67.07,-42.42,102.24,59.69
2017-06-12,100.96,58.02,64.22,17.85,80.1,37.34
2017-06-13,77.25,95.67,48.42,29.75,57.43,64.05
2017-06-14,9.57,76.26,123.53,-93.45,9.62,22.81
2017-06-15,-55.76,95.84,70.6,97.46,-7.12,81.93
2017-06-16,-24.47,14.28,137.63,-1.68,26.61,36.62
2017-06-19,-94.06,115.61,69.28,7.93,19.97,68.46
2017-06-20,-17.76,9.52,98.9,-30.03,96.72,82.48
2017-06-21,-15.45,92.57,147.76,15.96,13.51,43.79
2017-06-22,29.71,35.81,105.76,42.67,43.75,76.38
2017-06-23,-32.59,55.91,76.04,-19.35,54.47,52.5
2017-06-26,48.28,83.17,104.97,-21.61,80.73,60.34
2017-06-27,33.59,28.13,87.41,-43.41,59.82,59.18
2017-06-28,-18.72,162.2,181.52,5.0,81.06,91.55
2017-06-29,-0.53,18.97,184.41,-22.32,7.54,54.18
2017-06-30,-17.86,166.7,83.7,10.33,20.88,45.55
2017-07-03,-8.81,220.08,34.03,-0.31,25.79,1.03
2017-07-04,-27.2,120.95,128.25,-50.35,103.81,54.64
2017-07-05,-50.67,94.42,122.69,24.55,57.76,37.73
2017-07-06,-32.77,88.11,69.57,2.7,25.72,64.29
2017-07-07,23.61,193.9,125.24,24.56,59.26,53.12
2017-07-10,-51.27,121.16,69.79,-25.7,81.43,39.74
2017-07-11,-48.77,82.58,138.86,-13.75,76.57,30.41
2017-07-12,-10.3,101.11,-4.94,-40.55,89.76,65.94
2017-07-13,96.17,197.57,55.05,-88.53,41.33,96.13
2017-07-14,27.41,129.8,94.39,-18.09,68.96,81.19
2017-07-17,-4.4,103.32,76.32,-11.75,29.24,26.08
2017-07-18,42.18,149.82,145.16,1.61,115.04,61.18
2017-07-19,18.71,92.14,176.78,-1.23,74.42,82.73
2017-07-20,-133.08,90.78,13.51,-35.03,33.32,25.49
2017-07-21,4.84,169.76,179.98,-78.46,88.94,76.92
2017-07-24,33.62,138.76,162.7,-7.1,41.52,93.73
2017-07-25,51.46,60.94,13.05,15.12,-4.22,36.87
2017-07-26,38.64,78.22,142.87,88.65,23.99,-7.22
2017-07-27,39.76,127.19,132.07,25.25,63.9,75.59
2017-07-28,-84.93,147.22,129.0,-41.67,76.26,36.27
2017-07-31,-25.52,125.93,33.55,44.96,42.73,37.05
2017-08-01,4.19,-28.1,114.02,73.71,50.49,56.15
2017-08-02,87.86,42.94,35.1,-25.42,46.67,33.25
2017-08-03,-36.19,88.36,137.62,20.87,46.27,57.87
2017-08-04,44.36,108.69,208.45,-8.89,55.4,43.37
2017-08-07,54.15,105.93,-38.53,5.51,92.87,65.1
2017-08-08,85.01,150.16,118.58,3.07,2.51,89.38
2017-08-09,39.94,156.93,84.36,-22.43,108.19,22.71
2017-08-10,75.03,107.8,98.28,39.97,10.28,136.53
2017-08-11,18.21,115.55,127.89,-21.86,53.75,85.98
2017-08-14,-48.75,197.4,112.37,33.38,18.23,28.68
2017-08-15,-67.31,199.01,142.45,-28.85,36.72,71.0
2017-08-16,33.26,172.04,159.73,11.07,93.93,80.36
2017-08-17,-60.18,81.56,113.14,-24.31,59.33,98.63
2017-08-18,90.13,37.42,86.06,10.03,52.48,19.07
2017-08-21,51.18,189.14,13.36,25.82,88.61,84.83
2017-08-22,21.56,48.17,66.91,-8.63,61.28,58.67
2017-08-23,-13.94,76.12,190.35,4.86,45.53,63.17
2017-08-24,1.36,94.25,113.13,-28.09,-1.62,64.47
2017-08-25,48.73,63.36,65.25,27.46,60.17,49.44
2017-08-28,20.32,59.06,79.94,25.74,28.78,57.11
2017-08-29,-51.73,114.05,119.46,10.27,54.54,-20.06
2017-08-30,80.6,200.09,14.05,23.13,66.04,67.15
2017-08-31,-3.82,150.91,42.25,-31.55,66.14,57.78
2017-09-01,-23.17,141.47,93.43,-0.66,91.05,60.72
2017-09-04,6.12,71.34,-4.29,-44.43,43.79,29.53
2017-09-05,-1.88,20.46,144.61,52.03,49.8,50.8
2017-09-06,76.99,51.2,194.59,25.59,19.92,6.59
2017-09-07,11.18,139.88,4.16,-26.3,75.76,47.32
2017-09-08,-16.16,154.23,92.12,61.66,84.73,70.62
2017-09-11,3.17,201.26,128.62,47.92,65.01,59.07
2017-09-12,14.59,93.12,117.52,31.67,27.25,31.31
2017-09-13,-51.25,158.78,111.02,13.66,41.91,49.16
2017-09-14,-81.03,87.27,144.77,25.0,60.33,87.24
2017-09-15,-29.68,151.01,119.41,-14.13,50.77,18.29
2017-09-18,1.79,60.41,45.89,12.72,9.08,21.57
2017-09-19,-84.32,88.05,108.46,-2.24,-7.21,47.24
2017-09-20,-78.38,106.95,118.69,6.12,18.55,46.26
2017-09-21,-25.45,136.47,170.3,1.9,55.11,6.2
2017-09-22,5.66,16.6,130.59,-53.4,39.01,59.76
2017-09-25,23.0,67.18,97.69,-12.24,81.99,-56.41
2017-09-26,-51.5,142.35,112.56,19.21,-32.21,6.58
2017-09-27,38.19,76.78,58.16,22.66,38.51,50.73
2017-09-28,-86.02,112.5,84.71,11.1,32.12,-2.93
2017-09-29,-19.74,176.06,146.72,-22.76,7.43,55.21
2017-10-02,-10.6,78.55,-10.2,16.55,27.02,20.53
2017-10-03,99.03,79.8,54.63,0.71,41.03,91.13
2017-10-04,41.97,112.22,156.66,34.91,101.56,40.49
2017-10-05,-63.62,2.48,138.19,-21.33,13.47,34.85
2017-10-06,32.24,176.35,79.01,-24.69,83.69,116.92
2017-10-09,-16.08,61.2,96.49,20.6,95.17,75.27
2017-10-10,-0.12,97.39,102.49,12.14,77.97,81.8
2017-10-11,52.98,86.32,162.06,-20.83,86.82,43.08
2017-10-12,-14.45,120.87,146.72,33.52,31.95,48.06
2017-10-13,-54.44,86.38,137.19,7.89,78.69,91.25
2017-10-16,-8.82,96.04,90.88,0.08,58.66,100.63
2017-10-17,13.2,130.04,151.52,-13.7,35.43,60.62
2017-10-18,-3.77,141.36,102.13,-3.2,65.03,66.72
2017-10-19,-44.4,120.15,102.83,-30.48,64.01,66.99
2017-10-20,-21.21,82.93,106.7,-78.58,48.34,64.78
2017-10-23,-14.86,73.85,111.24,10.04,59.93,-13.24
2017-10-24,-7.38,114.22,31.81,-20.31,16.89,52.17
2017-10-25,34.96,172.11,19.01,4.74,57.19,56.37
2017-10-26,54.3,17.0,115.24,-53.56,75.27,-1.76
2017-10-27,-17.81,111.5,129.39,6.01,41.39,59.29
2017-10-30,-62.17,103.86,107.39,4.16,-7.89,49.34
2017-10-31,19.36,-59.33,186.61,-18.03,30.51,57.13
2017-11-01,-39.96,101.22,98.0,31.54,-3.51,95.16
2017-11-02,65.0,147.99,112.72,-1.69,-13.31,-0.21
2017-11-03,14.45,118.31,168.83,-7.53,52.38,56.37
2017-11-06,28.95,97.88,35.35,39.02,57.81,59.27
2017-11-07,-117.15,75.05,71.38,-80.42,-2.24,17.75
2017-11-08,-13.37,116.22,165.82,60.79,55.02,36.26
2017-11-09,27.09,113.82,130.41,16.45,35.3,12.07
2017-11-10,-76.47,34.38,130.18,-5.89,44.85,70.3
2017-11-13,-12.33,81.16,30.54,-46.32,33.91,44.11
2017-11-14,53.35,102.53,109.33,39.34,80.72,32.29
2017-11-15,25.64,130.54,118.85,-44.21,55.3,79.9
2017-11-16,-58.95,126.99,160.22,-43.09,32.6,86.58
2017-11-17,37.13,86.41,132.98,45.22,61.24,31.11
2017-11-20,29.58,120.11,108.28,40.96,22.26,12.91
2017-11-21,29.19,109.8,111.15,16.14,73.73,34.5
2017-11-22,9.53,133.77,106.29,24.18,79.86,-4.6
2017-11-23,7.46,164.43,214.56,45.45,42.21,29.4
2017-11-24,-20.39,-5.27,169.57,2.8,58.93,82.99
2017-11-27,-38.5,-32.77,-2.45,9.54,57.16,69.79
2017-11-28,-92.98,73.18,-50.3,-8.62,25.91,54.1
2017-11-29,16.54,159.09,133.61,1.45,18.59,74.4
2017-11-30,8.52,155.59,30.39,51.68,7.08,-22.21
2017-12-01,-10.45,121.31,25.51,-16.09,84.4,74.32
2017-12-04,15.41,146.89,118.75,2.26,37.82,31.4
2017-12-05,22.23,50.03,128.37,-4.55,74.36,38.09
2017-12-06,-47.05,84.77,107.98,23.97,84.77,28.29
2017-12-07,-8.52,91.99,45.34,-21.88,54.89,41.17
2017-12-08,19.83,82.65,119.51,-19.52,30.06,99.31
2017-12-11,71.8,70.09,122.95,-19.71,95.3,41.6
2017-12-12,-20.22,184.76,121.83,-27.5,24.66,75.21
2017-12-13,5.83,147.78,200.04,-34.72,50.17,-28.38
2017-12-14,-34.39,45.47,153.46,49.09,48.15,68.98
2017-12-15,-34.69,166.44,56.5,-17.07,39.5,87.47
2017-12-18,61.2,102.42,126.75,0.51,55.6,38.09
2017-12-19,-122.13,157.68,58.91,18.76,45.93,23.05
2017-12-20,46.63,73.8,89.54,-7.27,87.08,49.23
2017-12-21,-38.25,100.8,93.78,-23.64,78.31,-9.01
2017-12-22,-25.99,51.62,70.39,21.37,58.86,-13.55
2017-12-25,-1.74,124.67,-30.93,38.83,21.19,14.87
2017-12-26,3.57,20.39,146.51,27.99,64.99,63.32
2017-12-27,31.65,21.26,178.7,2.0,92.64,33.07
2017-12-28,46.94,50.27,130.21,13.3,34.91,92.5
2017-12-29,51.28,81.38,35.25,-1.99,21.72,44.14
2018-01-01,-81.02,180.83,85.5,-15.63,38.46,39.7
2018-01-02,-2.81,179.66,37.43,31.77,14.22,102.39
2018-01-03,14.44,139.4,50.1,2.57,68.71,97.79
2018-01-04,17.55,101.86,60.33,-37.59,53.14,30.07
2018-01-05,-75.1,87.7,148.82,49.01,27.04,96.55
2018-01-08,71.49,133.94,135.5,10.35,85.04,64.6
2018-01-09,44.12,129.4,65.85,26.83,43.39,49.38
2018-01-10,-6.48,126.0,-42.24,-48.78,76.88,50.6
2018-01-11,144.48,115.63,14.71,-36.8,58.29,54.2
2018-01-12,-55.9,81.04,157.64,10.06,47.16,90.53
2018-01-15,-16.69,69.34,173.36,-7.13,34.3,101.53
2018-01-16,-12.2,95.17,99.54,-21.93,35.03,93.88
2018-01-17,26.67,196.55,123.62,-48.13,55.26,23.79
2018-01-18,-35.96,100.17,104.86,16.34,74.12,79.43
2018-01-19,-34.69,126.23,168.92,1.61,28.91,32.35
2018-01-22,54.96,110.6,50.37,10.45,73.84,47.95
2018-01-23,-12.33,163.99,101.07,-4.6,58.37,-6.21
2018-01-24,46.38,159.53,33.63,-28.86,2.94,13.07
2018-01-25,68.48,109.14,40.91,-27.92,-20.96,76.99
2018-01-26,-14.36,72.25,100.57,32.45,14.08,33.61
2018-01-29,-46.97,-16.0,116.41,39.33,30.66,21.69
2018-01-30,-24.27,125.19,62.94,-33.9,57.11,57.38
2018-01-31,25.06,63.44,140.62,-89.4,64.07,-7.19
2018-02-01,56.21,8.53,131.58,-31.26,46.12,23.02
2018-02-02,15.7,141.87,105.72,23.27,26.4,53.15
2018-02-05,-60.71,35.97,35.94,30.55,-0.41,140.95
2018-02-06,13.51,190.75,78.64,-12.76,61.0,9.53
2018-02-07,87.04,79.61,19.96,-14.87,35.77,25.31
2018-02-08,79.69,80.81,84.15,-17.58,26.46,77.82
2018-02-09,-32.95,78.74,137.28,13.85,9.1,86.54
2018-02-12,13.87,144.77,5.72,4.01,29.78,71.97
2018-02-13,20.57,100.2,77.05,-39.45,12.27,72.28
2018-02-14,-77.44,156.52,94.76,-4.79,-35.56,73.3
2018-02-15,21.05,81.06,81.12,-16.55,16.18,74.33
2018-02-16,-86.48,94.16,50.68,-1.07,27.18,53.08
2018-02-19,-80.05,123.21,144.76,22.87,16.33,51.61
2018-02-20,-44.3,106.75,140.97,-36.19,1.77,4.55
2018-02-21,-75.86,63.16,172.1,28.23,40.41,41.71
2018-02-22,3.49,77.13,85.24,-11.23,33.5,-24.27
2018-02-23,15.84,128.61,146.77,67.32,47.77,28.77
2018-02-26,-33.56,79.52,152.36,15.63,70.31,42.73
2018-02-27,-18.81,59.07,33.18,-39.16,98.92,88.25
2018-02-28,34.54,105.85,5.52,-17.29,44.2,112.43
2018-03-01,12.21,-4.57,74.68,22.59,51.31,86.86
2018-03-02,101.03,127.26,143.11,-46.23,24.04,96.7
2018-03-05,65.6,140.79,105.19,-16.95,52.18,-1.22
2018-03-06,-91.76,64.73,37.87,-6.3,-15.4,52.5
2018-03-07,-16.81,132.04,41.45,11.57,47.12,73.17
2018-03-08,-44.47,128.69,26.9,11.29,77.44,39.92
2018-03-09,-69.95,131.61,118.62,17.99,55.75,51.9
2018-03-12,51.38,78.36,38.56,-8.08,80.19,2.14
2018-03-13,-1.64,133.83,60.04,-49.05,52.28,66.83
2018-03-14,-61.03,67.96,75.05,-30.26,77.4,21.95
2018-03-15,75.68,142.26,221.58,-30.14,-5.12,59.32
2018-03-16,74.27,154.63,144.63,-10.15,88.75,41.93
2018-03-19,-13.33,57.7,102.77,17.68,8.99,-1.57
2018-03-20,29.16,27.42,90.22,73.19,36.07,57.12
2018-03-21,-27.85,131.47,16.24,38.43,-8.1,61.64
2018-03-22,-1.67,35.02,125.7,2.13,85.63,69.35
2018-03-23,-78.92,20.87,43.67,-71.42,3.86,31.73
2018-03-26,-19.37,103.23,51.75,-38.39,75.93,60.19
2018-03-27,9.98,43.3,102.17,26.71,15.08,13.37
2018-03-28,-40.88,55.56,107.09,40.98,0.05,18.67
2018-03-29,71.95,179.07,95.19,21.83,33.75,39.45
2018-03-30,-52.45,30.07,54.24,-33.91,-1.58,77.34
2018-04-02,13.21,22.59,80.15,28.5,19.55,86.84
2018-04-03,10.79,128.48,58.49,17.06,42.41,-4.47
2018-04-04,-81.15,99.3,43.44,25.93,64.58,39.22
2018-04-05,58.34,148.7,39.43,-10.77,34.88,55.29
2018-04-06,8.37,14.34,84.66,-7.53,25.92,57.87
2018-04-09,51.53,87.74,34.03,-25.68,53.74,17.98
2018-04-10,8.6,131.29,126.21,-50.98,35.27,-27.1
2018-04-11,16.89,142.89,169.36,41.26,15.25,33.5
2018-04-12,88.13,202.68,141.92,-4.99,12.62,90.22
2018-04-13,0.07,163.4,16.45,29.86,84.5,21.27
2018-04-16,16.51,-54.27,103.66,52.39,41.91,51.3
2018-04-17,-28.35,71.67,224.4,-16.21,9.44,84.28
2018-04-18,12.99,145.3,186.33,-22.11,124.1,71.34
2018-04-19,-8.14,54.43,90.36,-17.6,11.42,80.4
2018-04-20,-1.71,127.2,94.92,23.16,-1.4,76.93
2018-04-23,63.69,126.42,115.06,-59.33,57.43,61.43
2018-04-24,-26.33,6.19,228.97,30.21,41.47,70.68
2018-04-25,1.31,-44.2,76.74,11.74,93.83,112.5
2018-04-26,-20.09,92.32,41.83,10.21,33.43,36.39
2018-04-27,121.34,51.44,155.9,-9.87,21.04,50.49
2018-04-30,-2.6,127.52,133.08,-21.06,35.69,27.58
2018-05-01,-18.94,138.9,97.61,-28.99,41.31,64.8
2018-05-02,5.83,83.65,94.48,-2.04,42.51,30.86
2018-05-03,-77.14,145.8,136.49,-56.92,96.24,27.63
2018-05-04,75.68,86.55,103.67,5.69,58.98,69.65
2018-05-07,-49.32,65.9,116.62,-7.24,78.1,49.3
2018-05-08,-45.33,39.97,131.15,-33.73,26.88,79.0
2018-05-09,29.6,131.12,118.02,-2.4,52.24,51.39
2018-05-10,-60.36,39.03,145.45,29.82,39.23,-19.7
2018-05-11,69.73,22.8,180.98,-11.41,6.01,36.1
2018-05-14,10.97,73.93,131.5,-53.97,30.19,20.25
2018-05-15,69.71,141.75,105.14,-30.37,46.79,42.26
2018-05-16,-91.51,143.52,98.45,23.45,16.04,36.02
2018-05-17,-11.4,76.05,186.72,-16.99,87.08,69.04
2018-05-18,24.4,136.3,131.13,-29.89,97.28,29.17
2018-05-21,-38.34,85.16,110.49,48.19,22.37,53.8
2018-05-22,84.48,156.38,53.62,-11.79,18.52,69.39
2018-05-23,10.39,156.09,57.67,-5.13,81.57,47.57
2018-05-24,-12.66,131.38,134.03,34.71,75.06,46.05
2018-05-25,12.26,98.56,41.49,10.27,34.69,119.79
2018-05-28,45.57,52.41,101.11,23.42,27.86,89.27
2018-05-29,0.31,40.12,120.11,2.45,31.31,27.01
2018-05-30,2.55,124.3,82.89,-0.55,34.16,64.68
2018-05-31,-14.12,165.49,46.91,-13.79,61.14,9.21
2018-06-01,27.26,112.94,142.7,11.6,29.75,-7.57
2018-06-04,3.26,164.35,67.63,-13.96,34.84,30.21
2018-06-05,-2.47,175.61,131.71,23.45,22.32,99.2
2018-06-06,60.67,208.8,34.02,13.59,74.06,48.77
2018-06-07,-13.54,99.52,90.85,-29.66,8.85,34.91
2018-06-08,-51.95,72.63,137.7,-88.71,73.01,37.17
2018-06-11,-11.17,175.88,43.42,-1.4,78.7,27.48
2018-06-12,-27.95,179.5,-40.99,38.1,41.65,64.5
2018-06-13,-42.55,189.5,236.48,-7.47,50.41,-33.93
2018-06-14,33.41,169.1,88.72,-4.02,83.33,67.52
2018-06-15,0.39,162.89,103.72,18.45,67.12,16.94
2018-06-18,5.27,118.66,-19.67,-5.32,34.35,49.82
2018-06-19,71.04,176.7,88.34,-19.86,28.66,69.76
2018-06-20,33.25,57.75,83.48,64.31,98.28,57.45
2018-06-21,12.75,42.55,119.71,-28.39,7.35,72.14
2018-06-22,-19.18,61.93,40.87,-20.93,57.72,55.94
2018-06-25,50.07,79.75,58.16,-52.03,50.82,51.03
2018-06-26,-19.65,126.9,145.77,14.97,26.35,90.47
2018-06-27,70.58,144.99,77.27,0.29,16.39,-2.42
2018-06-28,55.7,9.05,62.97,16.46,60.92,20.05
2018-06-29,-11.56,137.38,39.68,31.15,20.29,62.01
2018-07-02,32.41,68.46,112.23,3.48,52.75,96.55
2018-07-03,37.96,140.11,151.89,-0.23,52.67,37.02
2018-07-04,1.79,175.07,116.66,23.38,54.28,34.16
2018-07-05,22.74,231.19,64.36,-8.35,37.12,32.54
2018-07-06,67.46,84.62,92.04,57.16,-10.67,53.25
2018-07-09,-83.95,60.75,131.41,-24.51,61.97,100.67
2018-07-10,14.97,170.27,69.79,-24.95,26.73,22.72
2018-07-11,24.81,79.36,99.27,-29.21,145.26,40.55
2018-07-12,21.83,40.4,104.61,6.88,41.68,13.85
2018-07-13,-34.07,145.59,131.1,0.8,73.26,-11.53
2018-07-16,-14.73,131.2,88.86,23.24,4.98,73.46
2018-07-17,-7.32,139.09,101.27,12.42,38.18,43.91
2018-07-18,93.59,33.0,170.61,-52.21,22.68,63.22
2018-07-19,-34.93,47.09,104.68,14.71,13.59,22.99
2018-07-20,41.78,86.85,73.24,-5.89,-0.64,25.21
2018-07-23,57.23,44.7,154.67,-0.34,38.0,82.06
2018-07-24,0.32,215.8,106.72,4.97,-23.41,79.47
2018-07-25,100.96,76.92,47.88,14.42,43.5,52.26
2018-07-26,-8.14,30.03,159.94,32.68,88.33,37.32
2018-07-27,-38.27,160.78,47.37,3.08,44.98,27.14
2018-07-30,-20.51,18.21,66.65,17.42,71.46,91.44
2018-07-31,13.86,40.04,218.88,85.23,30.43,46.36
2018-08-01,48.54,98.11,75.4,-81.09,53.16,97.76
2018-08-02,-53.12,124.53,82.59,-20.44,129.37,1.52
2018-08-03,-47.2,222.58,87.49,31.5,43.35,39.34
2018-08-06,57.06,149.39,68.73,14.52,56.97,68.18
2018-08-07,32.55,120.32,90.01,-5.2,45.19,22.71
2018-08-08,-30.73,65.1,53.52,68.43,37.4,60.14
2018-08-09,-61.19,153.29,92.67,0.94,30.15,45.69
2018-08-10,-87.48,85.28,45.55,-29.47,85.09,20.08
2018-08-13,-48.69,183.79,167.0,-10.5,4.51,69.84
2018-08-14,40.62,130.3,121.37,-6.51,75.09,18.72
2018-08-15,-29.47,49.39,73.58,-30.96,41.05,75.54
2018-08-16,62.86,147.45,82.8,-48.7,10.84,95.25
2018-08-17,7.24,11.82,76.24,-28.89,47.86,70.75
2018-08-20,-62.66,48.51,29.66,21.05,66.95,39.06
2018-08-21,51.93,160.69,83.74,38.25,47.46,40.79
2018-08-22,7.83,150.17,166.23,-2.57,93.72,68.48
2018-08-23,2.84,143.26,173.57,-19.97,63.44,59.61
2018-08-24,41.75,95.28,191.84,51.1,47.74,18.09
2018-08-27,-24.75,79.55,184.87,14.57,53.45,20.66
2018-08-28,159.36,66.33,16.91,46.71,65.12,44.33
2018-08-29,-26.56,120.23,62.2,0.35,58.04,38.95
2018-08-30,-2.24,77.94,150.63,-20.84,95.3,63.33
2018-08-31,4.02,145.95,15.65,10.25,48.61,21.47
2018-09-03,99.28,13.36,124.73,11.65,69.88,69.13
2018-09-04,23.27,137.47,99.58,43.89,102.95,87.36
2018-09-05,-43.71,107.6,98.74,1.49,63.67,34.42
2018-09-06,56.83,20.91,92.15,-1.93,11.96,87.87
2018-09-07,-5.77,126.91,104.62,-6.56,30.62,73.96
2018-09-10,-0.61,40.85,158.27,-14.44,98.38,-2.04
2018-09-11,-31.34,97.85,102.17,15.26,106.24,60.36
2018-09-12,69.06,86.54,50.43,-29.6,96.12,60.69
2018-09-13,28.28,36.89,40.91,-38.04,52.98,18.91
2018-09-14,-24.19,179.42,91.08,17.37,33.51,19.19
2018-09-17,-11.38,108.87,69.78,15.13,48.11,10.93
2018-09-18,53.13,-46.76,185.19,-48.86,52.69,80.88
2018-09-19,-65.18,112.89,49.5,15.86,40.29,35.17
2018-09-20,55.95,162.16,98.91,-64.39,42.68,75.8
2018-09-21,-92.52,96.83,145.94,-14.66,13.47,50.02
2018-09-24,27.07,83.3,147.9,11.52,57.92,77.02
2018-09-25,-14.98,78.73,83.76,-50.04,48.21,-15.64
2018-09-26,27.0,128.28,174.82,1.03,86.16,74.36
2018-09-27,-3.2,93.5,12.47,-12.13,52.34,11.22
2018-09-28,104.63,49.98,142.6,-17.87,61.08,19.47
2018-10-01,-11.6,99.98,178.4,22.42,64.84,82.99
2018-10-02,-26.55,37.18,127.72,-34.12,62.85,86.83
2018-10-03,4.43,233.17,65.6,-11.49,25.77,67.12
2018-10-04,-47.74,111.23,50.12,-4.96,-1.42,67.16
2018-10-05,-80.54,40.05,12.75,-26.48,18.64,92.5
2018-10-08,-25.49,189.56,106.04,-4.02,95.78,20.43
2018-10-09,-9.28,51.28,75.76,16.83,40.73,37.12
2018-10-10,-57.62,-15.84,159.67,17.27,45.92,82.93
2018-10-11,19.13,150.11,1.02,37.52,70.69,27.94
2018-10-12,-25.3,222.77,119.91,-24.24,22.33,95.95
2018-10-15,54.86,70.8,30.92,31.51,4.65,-6.54
2018-10-16,27.79,90.85,106.88,19.34,68.03,68.73
2018-10-17,-122.9,135.2,96.39,38.81,70.25,45.29
2018-10-18,2.99,-29.62,98.41,83.07,17.81,45.93
2018-10-19,3.17,31.33,74.99,-28.82,78.37,123.78
2018-10-22,-79.36,43.29,44.59,-19.9,65.17,53.74
2018-10-23,32.83,84.03,109.49,-34.52,40.62,36.15
2018-10-24,-75.39,158.56,132.23,53.57,11.15,46.69
2018-10-25,-22.41,127.9,117.89,44.24,47.44,53.8
2018-10-26,-23.53,143.66,48.51,-0.35,91.28,1.64
2018-10-29,76.31,206.94,166.12,2.35,40.01,66.67
2018-10-30,-51.46,62.26,165.49,30.18,93.6,59.72
2018-10-31,29.16,115.72,136.42,9.19,80.19,-29.89
2018-11-01,-7.92,119.23,133.11,-21.09,22.79,53.9
2018-11-02,-6.57,193.62,152.67,8.5,34.47,53.31
2018-11-05,-76.69,140.76,34.72,-55.65,39.45,100.23
2018-11-06,153.48,66.42,127.06,-3.83,70.58,18.26
2018-11-07,-90.59,90.14,31.3,-15.39,12.35,61.67
2018-11-08,-27.71,81.15,188.08,-40.3,-16.14,106.89
2018-11-09,58.24,102.07,50.41,13.23,58.03,28.14
2018-11-12,-17.2,134.34,73.63,11.35,58.09,140.75
2018-11-13,12.62,146.02,174.26,8.42,40.51,75.24
2018-11-14,-38.86,74.4,44.5,-1.19,117.9,43.03
2018-11-15,30.59,78.42,189.26,-17.11,54.72,73.5
2018-11-16,26.86,46.84,191.28,-3.97,71.42,67.24
2018-11-19,27.43,122.39,101.11,-16.4,26.97,34.64
2018-11-20,-31.95,42.17,139.31,-5.95,44.76,37.62
2018-11-21,-30.34,138.35,64.7,-11.51,66.87,34.01
2018-11-22,-25.98,81.6,127.78,-5.75,76.04,11.84
2018-11-23,-137.65,63.73,105.85,-60.78,48.81,67.26
2018-11-26,-27.61,89.08,25.71,-35.05,40.49,26.02
2018-11-27,75.18,128.39,192.26,25.79,32.83,30.07
2018-11-28,-66.32,43.18,-37.14,25.71,37.09,23.18
2018-11-29,41.12,110.9,170.8,12.72,48.55,67.82
2018-11-30,-6.82,90.04,112.03,19.97,44.93,14.5
2018-12-03,-12.58,155.93,60.71,58.7,80.56,24.44
2018-12-04,-80.41,225.96,111.33,-5.33,67.84,29.45
2018-12-05,57.81,16.9,192.37,-22.19,42.26,46.75
2018-12-06,-43.38,77.57,81.89,34.72,48.09,48.06
2018-12-07,2.22,70.79,215.93,31.56,94.1,11.72
2018-12-10,28.59,90.51,173.71,-49.15,-6.86,68.22
2018-12-11,53.98,23.73,106.19,23.22,25.53,65.85
2018-12-12,11.31,105.79,68.49,6.24,54.95,49.77
2018-12-13,3.7,121.69,124.92,-13.47,20.92,37.52
2018-12-14,-12.9,248.93,74.69,10.44,9.43,71.32
2018-12-17,62.84,61.07,69.54,10.93,85.86,26.29
2018-12-18,-72.27,124.72,101.73,68.3,-26.65,116.84
2018-12-19,-16.91,105.34,124.42,1.86,71.97,41.94
2018-12-20,-20.85,60.36,180.28,50.46,32.84,74.7
2018-12-21,14.4,26.76,67.11,27.16,28.79,49.56
2018-12-24,7.97,65.28,183.91,66.88,14.15,47.09
2018-12-25,23.41,178.94,-8.41,-43.99,67.86,66.28
2018-12-26,-41.04,141.0,76.35,10.5,40.13,71.65
2018-12-27,-28.82,72.92,92.63,-16.7,30.41,41.04
2018-12-28,39.15,110.34,205.89,10.0,34.81,78.19
2018-12-31,92.38,120.84,161.96,-60.72,57.48,41.44
2019-01-01,-10.52,144.2,59.47,-17.09,98.12,62.06
2019-01-02,-35.01,59.29,50.05,7.48,34.12,110.35
2019-01-03,35.11,117.04,32.03,12.05,25.36,51.56
2019-01-04,0.29,62.67,107.86,-26.36,-47.55,77.22
2019-01-07,-84.96,66.01,37.13,7.83,10.6,26.31
2019-01-08,61.38,170.89,74.32,23.77,44.51,23.47
2019-01-09,-10.01,84.68,134.61,-31.33,86.22,30.62
2019-01-10,37.92,52.15,87.68,19.48,44.78,39.79
2019-01-11,-38.13,40.71,134.49,23.39,92.64,75.13
2019-01-14,-83.66,24.69,125.87,18.95,92.95,67.24
2019-01-15,4.95,137.78,96.21,-10.24,30.45,42.93
2019-01-16,9.82,70.64,173.17,-2.17,62.53,-55.93
2019-01-17,26.07,87.98,51.29,18.11,-0.35,89.4
2019-01-18,19.98,70.12,58.96,9.28,72.46,65.86
2019-01-21,90.24,102.85,93.8,0.08,53.1,20.06
2019-01-22,54.86,137.5,100.59,-43.38,82.59,75.55
2019-01-23,25.24,122.52,57.31,38.89,36.37,5.71
2019-01-24,-18.72,151.38,94.51,-5.65,40.2,19.46
2019-01-25,-58.78,132.7,113.98,27.93,-21.62,86.96
2019-01-28,30.97,70.44,148.78,20.9,49.25,90.4
2019-01-29,-1.02,143.36,191.52,-34.67,20.91,73.6
2019-01-30,11.36,7.19,181.59,0.42,58.06,57.57
2019-01-31,-26.85,88.63,158.45,-29.67,92.35,40.79
2019-02-01,9.33,106.79,124.32,-2.61,74.51,40.04
2019-02-04,14.71,131.38,116.33,13.31,34.56,120.8
2019-02-05,6.71,81.63,123.37,22.93,57.8,33.3
2019-02-06,-4.25,153.38,51.17,-23.34,76.5,56.32
2019-02-07,-26.9,99.67,40.8,-0.83,90.99,56.41
2019-02-08,34.79,68.21,238.96,35.62,46.49,88.09
2019-02-11,28.83,173.29,98.05,-3.0,15.6,88.99
2019-02-12,-57.71,141.1,37.85,19.86,-43.4,-5.22
2019-02-13,-37.62,84.7,116.39,10.18,79.68,36.88
2019-02-14,-36.59,126.75,100.83,-14.86,59.06,78.29
2019-02-15,-30.93,41.28,173.87,-29.47,41.57,72.1
2019-02-18,-32.76,100.81,4.96,-22.14,55.89,58.98
2019-02-19,-51.43,16.81,149.4,41.61,59.1,79.2
2019-02-20,-88.42,114.58,169.75,30.07,44.11,142.94
2019-02-21,60.1,124.91,101.85,30.82,77.01,57.66
2019-02-22,-36.12,120.24,66.73,-29.67,41.09,28.69
2019-02-25,-10.67,157.4,45.74,37.6,105.72,68.66
2019-02-26,62.1,-2.97,120.28,56.09,119.49,51.3
2019-02-27,27.58,185.96,89.84,55.47,10.52,26.43
2019-02-28,65.91,161.1,120.23,34.25,51.16,31.04
2019-03-01,-37.76,106.48,149.39,-10.62,36.5,63.53
2019-03-04,5.64,58.41,107.92,9.38,11.44,73.21
2019-03-05,54.19,55.37,98.98,7.96,38.85,36.65
2019-03-06,-4.85,99.98,96.27,-31.6,112.76,19.91
2019-03-07,-35.27,68.74,156.03,47.34,7.73,38.12
2019-03-08,22.26,78.16,90.58,-8.91,68.56,34.1
2019-03-11,66.23,162.67,9.18,-16.71,39.48,60.1
2019-03-12,-79.06,80.83,134.07,-30.46,64.37,60.75
2019-03-13,46.62,79.29,107.9,60.6,0.4,33.28
2019-03-14,30.06,70.36,142.85,54.23,57.68,2.47
2019-03-15,-53.5,123.95,142.59,-29.19,48.72,65.19
2019-03-18,-25.65,76.67,15.59,-25.34,38.48,91.05
2019-03-19,23.44,101.25,136.59,29.56,39.47,115.68
2019-03-20,-100.87,44.16,96.46,-29.96,45.58,79.26
2019-03-21,-9.95,74.05,138.32,46.34,52.75,0.11
2019-03-22,8.84,111.87,87.44,-61.08,63.3,26.48
2019-03-25,-19.25,138.22,114.58,-5.59,-33.63,56.4
2019-03-26,-15.7,95.23,178.86,32.95,-6.45,77.86
2019-03-27,-111.32,57.58,117.67,23.73,53.3,91.03
2019-03-28,-79.29,39.96,92.11,-1.78,31.03,59.91
2019-03-29,-21.75,119.36,3.99,-4.38,89.52,46.44
2019-04-01,124.8,18.44,116.44,21.46,37.22,54.61
2019-04-02,2.14,130.27,138.17,-3.26,62.84,109.57
2019-04-03,20.6,152.58,101.66,-33.97,82.79,101.03
2019-04-04,4.01,99.9,98.99,-41.13,109.82,-3.08
2019-04-05,34.51,143.85,170.78,52.07,2.43,76.4
2019-04-08,-57.33,1.53,86.43,-3.76,31.83,74.81
2019-04-09,114.04,94.99,113.86,7.23,5.78,24.7
2019-04-10,-28.62,88.05,-6.91,1.98,11.76,40.77
2019-04-11,-78.67,68.24,119.5,39.64,52.08,100.34
2019-04-12,-18.18,111.02,61.0,-15.25,106.21,91.58
2019-04-15,11.0,142.89,126.52,-14.83,53.83,-0.59
2019-04-16,10.09,17.76,2.57,11.31,60.12,83.31
2019-04-17,-67.87,80.73,133.76,51.15,21.27,119.19
2019-04-18,20.88,92.15,83.69,-3.87,57.83,68.74
2019-04-19,-17.28,11.58,133.06,-41.55,15.97,90.18
2019-04-22,83.7,66.53,171.98,-29.23,38.07,73.51
2019-04-23,-10.46,85.72,107.2,14.48,17.8,95.43
2019-04-24,84.32,91.57,29.53,12.05,10.36,140.1
2019-04-25,-74.03,101.59,142.59,-10.97,70.78,103.45
2019-04-26,11.62,85.95,108.22,-1.06,-3.29,68.46
2019-04-29,92.44,95.99,67.81,8.72,38.35,58.5
2019-04-30,60.34,164.38,74.35,5.93,40.48,42.75
2019-05-01,43.42,90.95,51.04,27.06,-5.81,111.29
2019-05-02,11.66,208.6,75.52,-34.8,31.43,-0.98
2019-05-03,34.6,79.18,170.9,10.26,85.51,64.97
2019-05-06,54.11,89.17,141.63,3.3,118.34,24.76
2019-05-07,-67.22,51.67,78.78,8.2,48.1,70.34
2019-05-08,41.88,71.5,123.87,-10.42,88.73,55.98
2019-05-09,42.83,45.68,27.68,-8.96,102.66,21.82
2019-05-10,-33.77,156.27,88.08,-9.44,58.45,48.5
2019-05-13,40.24,227.18,78.78,56.72,56.41,-0.21
2019-05-14,-41.4,128.32,115.84,23.26,110.89,74.09
2019-05-15,-24.41,-2.99,99.66,-0.97,-7.13,74.82
2019-05-16,36.82,104.35,73.9,-61.37,51.85,57.03
2019-05-17,-124.09,145.22,111.37,-14.74,43.88,94.32
2019-05-20,-35.91,218.82,126.56,13.91,75.07,60.69
2019-05-21,-68.07,72.32,81.06,21.52,72.05,-21.72
2019-05-22,-31.59,69.01,137.73,-10.93,29.04,52.32
2019-05-23,-63.64,153.66,66.38,-10.58,19.56,64.27
2019-05-24,-30.7,146.08,142.79,67.75,74.59,83.8
2019-05-27,-2.09,58.92,70.42,9.56,64.52,10.17
2019-05-28,23.57,157.61,29.86,44.35,29.8,-14.65
2019-05-29,23.74,126.37,7.85,-6.97,55.05,40.85
2019-05-30,67.31,69.46,57.55,-2.62,22.46,40.33
2019-05-31,55.76,185.33,147.53,2.14,65.06,65.43
2019-06-03,52.45,177.17,64.04,-7.71,56.7,73.11
2019-06-04,-21.12,103.34,85.22,-21.62,69.45,30.07
2019-06-05,1.36,73.71,92.51,-28.8,4.81,69.39
2019-06-06,35.9,136.23,80.06,40.28,96.96,72.68
2019-06-07,-80.75,89.06,45.75,6.89,7.91,66.96
2019-06-10,-27.21,65.0,135.03,-17.71,37.02,53.27
2019-06-11,-9.61,42.53,104.44,7.81,21.77,58.98
2019-06-12,-20.45,23.16,86.31,7.17,20.76,24.5
2019-06-13,1.31,124.9,-9.19,-11.61,18.62,21.79
2019-06-14,-1.34,164.45,58.82,46.63,101.97,39.42
2019-06-17,83.65,51.63,104.62,-4.52,58.11,61.52
2019-06-18,-21.6,101.92,106.38,15.23,27.41,19.25
2019-06-19,-83.27,142.47,92.93,-8.34,44.58,-15.08
2019-06-20,-69.46,176.39,88.96,38.89,98.98,67.84
2019-06-21,-55.5,37.43,74.57,42.76,98.78,105.08
2019-06-24,3.06,53.92,57.52,-30.5,59.79,57.8
2019-06-25,43.61,43.29,178.71,-9.72,9.41,58.4
2019-06-26,21.91,44.38,2.62,20.21,60.36,20.86
2019-06-27,-46.13,155.76,98.28,-46.53,65.13,10.36
2019-06-28,25.72,86.87,75.32,10.51,72.29,25.37
2019-07-01,89.61,52.0,65.24,7.65,115.79,85.08
2019-07-02,-18.04,168.18,59.63,29.29,57.13,20.24
2019-07-03,-10.93,159.55,110.71,-1.74,65.27,46.25
2019-07-04,40.89,88.82,170.92,-9.85,34.41,70.79
2019-07-05,24.54,213.07,105.75,25.66,17.4,30.65
2019-07-08,-55.57,37.87,119.95,-32.5,18.47,59.75
2019-07-09,-136.76,86.87,161.3,-10.3,54.74,30.84
2019-07-10,-75.68,73.89,101.79,45.31,16.3,-9.06
2019-07-11,62.3,49.71,43.55,13.81,98.19,55.59
2019-07-12,-73.66,73.5,41.96,-21.76,62.74,41.44
2019-07-15,1.7,95.94,153.89,16.25,49.6,80.29
2019-07-16,-6.85,81.72,122.17,10.31,49.69,27.04
2019-07-17,-35.36,35.28,145.34,26.15,45.53,50.16
2019-07-18,-68.46,136.98,96.4,-57.92,41.96,24.01
2019-07-19,-27.41,116.88,81.26,41.32,66.18,90.04
2019-07-22,-32.74,78.3,135.97,37.29,52.25,19.71
2019-07-23,61.05,115.65,8.99,13.35,72.48,65.73
2019-07-24,4.85,50.58,161.59,-55.53,68.61,9.33
2019-07-25,129.02,72.24,130.41,-29.92,66.7,56.67
2019-07-26,58.57,209.33,23.55,32.1,55.15,11.16
2019-07-29,17.37,82.87,92.59,-47.05,49.56,57.73
2019-07-30,-79.58,56.79,53.04,9.97,64.32,76.47
2019-07-31,-5.82,96.83,142.38,60.69,49.57,96.26
2019-08-01,-35.57,111.51,144.62,-25.44,12.63,59.35
2019-08-02,4.99,88.21,91.84,-3.99,60.14,70.29
2019-08-05,-36.12,41.34,29.42,-40.05,29.8,47.08
2019-08-06,-32.92,222.45,108.38,21.9,58.42,28.11
2019-08-07,90.42,150.63,84.57,-19.1,23.18,60.77
2019-08-08,-6.64,116.66,122.6,-65.39,10.45,38.59
2019-08-09,7.22,59.36,123.91,-8.81,26.59,49.83
2019-08-12,-24.7,154.2,89.75,8.24,-9.49,74.91
2019-08-13,7.77,107.5,107.61,47.71,41.01,41.74
2019-08-14,89.99,164.3,72.01,-7.65,36.53,76.83
2019-08-15,-60.44,99.45,106.82,15.11,65.34,40.38
2019-08-16,0.98,82.51,24.83,-19.16,58.82,46.46
2019-08-19,-21.41,104.79,44.34,-13.58,100.19,-4.18
2019-08-20,35.28,96.98,46.71,13.11,65.45,38.3
2019-08-21,-71.92,47.06,172.74,58.59,50.35,52.52
2019-08-22,73.15,79.53,30.97,7.32,62.7,70.02
2019-08-23,29.63,-17.49,163.02,-13.0,49.36,35.57
2019-08-26,13.49,128.52,141.66,7.95,34.46,22.17
2019-08-27,-51.24,46.94,105.58,6.58,105.72,61.62
2019-08-28,5.69,5.72,91.98,4.3,53.75,111.12
2019-08-29,88.15,47.22,56.06,-16.35,23.34,67.58
2019-08-30,34.87,92.84,41.21,-87.23,30.64,-7.61
2019-09-02,-41.22,115.66,39.44,57.49,112.85,39.86
2019-09-03,-47.54,30.36,69.11,8.94,53.02,41.18
2019-09-04,-65.87,93.9,153.79,-0.24,34.62,-5.01
2019-09-05,62.91,87.56,106.0,15.31,51.74,149.63
2019-09-06,-42.44,48.97,97.87,-9.95,70.63,16.42
2019-09-09,-29.81,132.68,160.27,32.06,37.23,83.66
2019-09-10,12.36,163.29,104.2,36.48,42.67,75.21
2019-09-11,-95.32,103.32,110.52,-27.27,78.41,65.19
2019-09-12,-8.1,36.41,186.64,-50.99,77.83,43.44
2019-09-13,46.39,85.41,133.86,-34.72,20.12,73.55
2019-09-16,74.02,148.84,131.95,17.69,38.92,75.17
2019-09-17,28.76,46.58,82.95,-7.14,56.66,22.09
2019-09-18,-35.86,115.94,87.25,-3.03,57.02,97.5
2019-09-19,27.25,69.53,9.09,45.01,18.75,72.72
2019-09-20,-3.78,129.64,84.01,2.54,48.98,61.86
2019-09-23,-0.1,137.34,78.65,-38.21,35.88,35.35
2019-09-24,34.64,104.45,123.51,36.23,52.86,54.68
2019-09-25,-77.24,132.4,127.63,0.3,116.9,21.43
2019-09-26,-64.57,102.28,94.36,-12.57,51.58,102.29
2019-09-27,97.98,64.04,87.4,-9.95,28.98,25.8
2019-09-30,-54.09,120.06,44.94,20.2,61.19,89.4
2019-10-01,-0.19,120.15,63.47,9.96,74.89,103.89
2019-10-02,-85.22,129.75,93.35,17.14,47.56,33.44
2019-10-03,5.03,92.36,78.89,-6.07,73.21,45.31
2019-10-04,20.55,83.23,83.81,-18.39,48.73,46.94
2019-10-07,-76.66,42.26,112.51,29.61,47.09,81.19
2019-10-08,67.22,18.24,63.8,-38.87,28.33,-3.63
2019-10-09,-12.66,63.58,101.11,-4.18,44.36,57.45
2019-10-10,103.28,0.58,63.96,-6.11,51.51,61.91
2019-10-11,-48.8,200.09,110.47,-9.07,97.86,38.95
2019-10-14,19.06,134.58,-28.17,-81.86,84.86,10.04
2019-10-15,78.1,68.12,19.84,-30.81,50.55,46.57
2019-10-16,64.93,44.9,117.72,44.62,63.07,-31.64
2019-10-17,74.27,67.35,52.28,-7.9,100.17,54.06
2019-10-18,47.67,129.44,163.72,-1.24,82.71,68.67
2019-10-21,7.4,107.85,63.25,23.03,44.66,36.21
2019-10-22,44.37,-17.03,67.14,19.03,45.8,61.89
2019-10-23,24.49,84.44,121.5,25.35,33.77,31.36
2019-10-24,-26.93,109.0,167.53,10.98,76.2,67.37
2019-10-25,32.51,115.06,56.79,8.06,62.12,65.32
2019-10-28,55.7,87.73,108.03,-35.19,14.67,86.96
2019-10-29,42.26,202.71,147.3,-7.86,130.52,42.47
2019-10-30,-133.46,163.36,31.71,-4.14,62.12,67.13
2019-10-31,0.68,54.76,149.81,1.49,18.65,77.43
2019-11-01,1.42,136.87,42.2,-5.25,39.89,53.92
2019-11-04,15.14,127.88,0.92,8.48,90.56,28.99
2019-11-05,39.26,105.17,74.83,23.04,30.22,53.33
2019-11-06,55.46,66.96,125.66,-31.36,52.66,52.54
2019-11-07,55.41,2.55,138.8,29.56,44.29,78.61
2019-11-08,19.1,36.78,121.99,20.95,59.38,108.86
2019-11-11,68.69,171.46,76.72,-21.72,32.19,-19.18
2019-11-12,-36.72,161.21,88.6,19.92,57.55,119.43
2019-11-13,20.27,5.87,145.95,-19.72,34.62,86.68
2019-11-14,91.86,49.9,158.27,28.73,2.15,-10.65
2019-11-15,28.49,118.12,135.5,9.53,88.05,46.73
2019-11-18,-39.73,70.75,146.1,15.86,47.18,101.39
2019-11-19,8.18,19.3,73.13,1.1,67.83,25.04
2019-11-20,-2.73,84.13,68.08,45.33,80.85,37.17
2019-11-21,-51.36,143.87,115.95,29.39,54.47,0.54
2019-11-22,4.38,107.6,64.01,-16.73,30.02,77.73
2019-11-25,32.6,110.69,140.63,-12.29,88.37,103.71
2019-11-26,-51.21,127.24,98.47,22.07,63.79,47.23
2019-11-27,32.96,96.67,76.66,6.54,39.66,1.68
2019-11-28,-120.92,179.75,143.51,2.22,21.96,49.13
2019-11-29,-33.0,90.57,144.74,19.82,77.03,56.57
2019-12-02,18.14,10.98,98.13,99.52,52.23,59.18
2019-12-03,19.89,105.02,27.19,-14.63,7.32,87.66
2019-12-04,45.74,124.96,69.27,7.32,42.74,-2.89
2019-12-05,-11.92,151.14,139.22,-7.89,57.56,39.68
2019-12-06,-28.63,75.43,151.19,58.58,77.83,35.28
2019-12-09,-109.18,113.39,90.31,-22.72,42.16,35.97
2019-12-10,-33.35,78.27,11.54,10.14,59.13,47.63
2019-12-11,-51.13,56.42,23.83,59.43,43.2,81.7
2019-12-12,51.87,101.71,134.52,15.14,81.63,43.14
2019-12-13,35.12,127.81,44.29,-34.24,59.07,3.36
2019-12-16,11.56,115.19,110.97,8.11,14.75,44.2
2019-12-17,56.04,152.74,85.98,-27.89,89.22,32.6
2019-12-18,80.38,84.19,18.5,-3.38,19.59,-25.15
2019-12-19,44.76,38.25,111.56,22.72,79.22,39.25
2019-12-20,-18.67,145.16,139.14,-25.63,69.95,64.99
2019-12-23,-35.81,104.62,154.89,-16.55,42.67,64.41
2019-12-24,47.59,60.49,34.32,-23.79,68.21,74.73
2019-12-25,115.62,145.93,137.96,-27.71,13.98,63.33
2019-12-26,33.87,164.6,102.3,-5.39,43.46,103.42
2019-12-27,-25.19,114.28,92.96,34.89,44.69,20.32
2019-12-30,31.49,13.47,228.48,8.09,51.36,63.67
2019-12-31,-38.54,150.98,107.65,5.45,23.48,61.71
2020-01-01,-81.87,85.52,79.89,19.91,105.05,45.83
2020-01-02,18.37,152.64,112.09,-35.97,71.8,39.55
2020-01-03,-26.49,-28.32,94.05,-5.12,47.02,54.98
2020-01-06,74.73,174.39,56.89,1.14,110.88,75.29
2020-01-07,-142.85,128.26,118.24,0.33,104.26,63.69
2020-01-08,-25.67,27.14,76.13,30.36,25.12,61.1
2020-01-09,9.17,176.21,91.33,54.91,23.73,61.69
2020-01-10,-17.85,95.56,162.61,41.34,77.34,72.99
2020-01-13,-1.71,47.36,62.64,-59.31,57.9,86.4
2020-01-14,65.92,175.93,53.28,-4.91,79.35,-5.48
2020-01-15,-69.86,182.48,64.69,-64.3,29.07,65.59
2020-01-16,-60.49,44.48,118.59,-51.8,27.73,41.01
2020-01-17,-61.23,46.6,95.61,49.54,46.84,41.03
2020-01-20,53.14,129.93,225.33,-4.87,69.45,33.47
2020-01-21,-21.72,114.03,35.85,4.92,42.44,32.45
2020-01-22,4.98,197.48,43.7,-19.74,90.7,94.76
2020-01-23,-76.03,135.64,128.62,-0.16,22.83,79.68
2020-01-24,-59.92,89.72,79.63,-67.3,78.43,88.51
2020-01-27,-11.61,211.34,104.8,-79.98,34.39,68.37
2020-01-28,148.11,68.68,147.22,-39.36,79.8,68.86
2020-01-29,-35.49,165.98,90.87,9.38,71.53,38.96
2020-01-30,-52.93,149.2,70.82,2.94,30.59,42.22
2020-01-31,42.68,52.67,118.22,18.34,37.88,-29.54
2020-02-03,22.21,28.28,29.36,7.58,25.26,38.06
2020-02-04,-133.58,7.2,100.42,17.49,69.02,62.4
2020-02-05,17.27,112.77,170.26,44.51,24.22,23.93
2020-02-06,-39.07,118.16,96.82,-42.85,27.57,71.46
2020-02-07,15.24,224.44,136.79,30.46,49.87,44.73
2020-02-10,-5.63,75.52,84.55,1.22,74.81,56.65
2020-02-11,71.76,92.65,81.24,-20.35,64.39,122.46
2020-02-12,3.03,112.71,112.98,5.55,53.29,94.45
2020-02-13,-40.1,100.82,120.86,-32.34,-13.74,99.48
2020-02-14,28.68,112.59,234.38,-6.45,33.93,104.46
2020-02-17,-71.6,98.82,18.03,5.84,49.96,87.82
2020-02-18,-88.18,83.46,113.81,-19.12,87.71,102.78
2020-02-19,10.05,106.41,95.84,24.67,47.31,94.32
2020-02-20,-63.33,72.56,60.99,-44.01,42.09,29.13
2020-02-21,30.32,30.17,125.91,-16.28,21.79,65.72
2020-02-24,14.9,130.34,83.7,21.42,49.88,41.55
2020-02-25,2.18,76.6,-16.83,-43.46,32.26,-8.51
2020-02-26,52.18,55.32,64.27,-9.16,90.96,105.29
2020-02-27,41.71,150.17,62.04,-49.78,93.88,79.16
2020-02-28,22.66,78.61,137.66,24.8,35.52,55.67
2020-03-02,32.46,58.46,140.32,-3.56,45.76,49.38
2020-03-03,27.53,121.42,114.23,-10.51,14.42,121.8
2020-03-04,18.37,49.23,69.24,37.93,35.88,34.51
2020-03-05,-59.86,37.89,64.19,4.79,2.8,55.44
2020-03-06,-141.33,98.32,50.64,-17.38,78.82,70.91
2020-03-09,-90.43,146.5,179.27,-31.17,39.12,78.38
2020-03-10,-46.79,86.49,116.98,7.46,10.02,58.41
2020-03-11,28.74,89.29,36.39,-6.52,47.22,137.15
2020-03-12,-84.53,183.41,129.95,-1.94,54.52,46.57
2020-03-13,-16.66,99.89,81.43,-30.41,75.63,14.19
2020-03-16,-9.94,90.24,166.64,20.21,52.6,102.8
2020-03-17,11.76,136.22,95.44,-20.8,77.78,89.96
2020-03-18,33.42,132.49,17.37,66.73,65.22,68.32
2020-03-19,-2.74,-3.1,16.67,-36.77,33.04,33.06
2020-03-20,4.37,63.32,202.68,26.67,46.97,79.03
2020-03-23,-91.02,192.63,122.15,1.43,90.09,102.95
2020-03-24,-24.37,123.88,172.34,-27.39,124.1,5.13
2020-03-25,-24.47,91.68,165.49,11.53,22.36,117.18
2020-03-26,85.58,202.0,44.43,9.9,16.06,52.32
2020-03-27,73.24,163.95,83.1,-5.65,95.44,67.65
2020-03-30,66.7,93.3,-16.71,-14.7,107.23,6.69
2020-03-31,6.99,149.04,37.02,-46.96,65.77,48.08
2020-04-01,-8.09,113.54,136.05,48.92,91.42,40.9
2020-04-02,-41.98,124.5,104.84,15.54,51.35,35.22
2020-04-03,-17.69,83.74,76.73,-2.3,66.75,13.32
2020-04-06,-85.84,-16.5,152.33,6.58,61.11,18.6
2020-04-07,-36.54,35.59,97.02,-48.05,45.79,9.3
2020-04-08,-44.97,15.6,112.54,40.56,60.29,83.23
2020-04-09,-12.97,47.59,58.84,14.86,15.38,74.98
2020-04-10,184.54,33.17,63.99,-16.16,95.9,75.4
2020-04-13,77.6,64.16,88.77,-6.13,83.18,74.05
2020-04-14,-48.79,132.82,128.58,8.69,48.5,38.51
2020-04-15,72.14,144.59,60.85,5.93,45.54,23.58
2020-04-16,-36.89,93.95,62.39,-25.97,46.26,80.85
2020-04-17,-61.18,20.93,94.67,-31.4,71.53,40.73
2020-04-20,-0.54,196.51,64.6,10.94,39.6,22.83
2020-04-21,-31.15,89.33,156.5,-75.07,11.67,76.53
2020-04-22,-60.3,79.37,129.92,6.87,56.73,57.06
2020-04-23,-27.35,47.81,137.27,-14.21,43.05,40.68
2020-04-24,-9.8,109.43,86.45,15.44,69.33,63.02
2020-04-27,105.37,20.59,120.41,-13.25,53.84,51.56
2020-04-28,-52.58,73.33,114.28,51.46,24.27,76.83
2020-04-29,-23.84,138.71,159.54,-11.56,32.9,41.21
2020-04-30,64.22,40.57,86.46,30.23,44.3,26.02
2020-05-01,-38.7,-1.94,41.26,-37.38,30.46,52.39
2020-05-04,-24.18,137.42,153.68,-16.84,35.22,-4.14
2020-05-05,-54.99,159.56,78.5,14.02,69.99,90.49
2020-05-06,-14.87,28.13,172.53,-53.76,60.36,45.23
2020-05-07,8.22,173.26,79.41,28.06,64.91,22.38
2020-05-08,-46.25,77.96,80.02,43.0,1.09,74.78
2020-05-11,70.43,38.02,121.01,53.23,73.3,76.52
2020-05-12,-74.88,19.3,136.03,12.64,68.06,34.91
2020-05-13,-27.55,168.0,69.73,-18.63,30.51,9.22
2020-05-14,-31.52,128.65,102.62,39.41,-29.17,56.18
2020-05-15,-16.29,15.45,80.43,16.73,122.37,42.9
2020-05-18,-83.36,75.32,124.65,-40.64,24.01,76.68
2020-05-19,-51.22,70.49,152.71,-5.84,7.11,29.65
2020-05-20,-18.27,160.86,208.9,25.78,29.76,38.96
2020-05-21,35.48,91.79,91.56,15.3,47.52,32.14
2020-05-22,18.16,201.37,34.16,-16.05,47.37,66.03
2020-05-25,-13.1,130.7,110.2,33.53,59.27,12.99
2020-05-26,-16.38,142.09,132.77,-46.78,82.82,47.39
2020-05-27,79.69,164.95,60.79,44.12,40.73,34.37
2020-05-28,-12.14,56.85,124.09,19.53,54.89,40.49
2020-05-29,3.95,139.33,125.28,28.28,27.27,10.85
2020-06-01,1.24,80.05,189.37,38.41,41.11,45.04
2020-06-02,10.83,22.6,61.19,8.77,16.26,39.47
2020-06-03,16.6,112.86,127.58,6.17,22.78,54.4
2020-06-04,-9.45,133.71,68.23,-9.61,104.43,41.71
2020-06-05,49.16,140.77,101.25,-46.38,31.73,32.61
2020-06-08,37.2,81.4,84.41,14.46,67.19,40.67
2020-06-09,11.6,53.65,121.18,21.66,106.06,8.01
2020-06-10,92.22,144.77,80.53,-51.24,75.14,59.32
2020-06-11,-60.66,69.96,107.02,37.65,73.74,35.34
2020-06-12,5.63,127.15,109.34,-4.6,49.06,14.93
2020-06-15,36.17,22.28,-3.19,4.91,74.46,116.74
2020-06-16,-40.49,134.68,56.72,-47.32,34.81,66.03
2020-06-17,24.97,111.6,86.18,-11.46,116.69,50.1
2020-06-18,-12.67,85.41,59.94,28.93,9.95,31.63
2020-06-19,-58.2,96.48,120.72,-30.67,18.05,98.64
2020-06-22,33.04,101.55,118.3,-37.02,80.49,43.71
2020-06-23,-49.31,107.71,50.15,0.31,70.67,37.44
2020-06-24,-32.67,89.86,115.12,-19.68,8.43,-12.04
2020-06-25,-14.54,125.58,59.42,10.65,87.96,44.59
2020-06-26,-32.84,93.29,58.99,-48.68,49.55,64.61
2020-06-29,-35.62,-12.07,121.26,4.72,76.11,73.46
2020-06-30,-19.22,-6.45,73.35,25.04,2.81,67.74
2020-07-01,-28.31,159.89,102.83,1.21,56.59,129.17
2020-07-02,53.0,33.18,127.95,-23.55,76.41,55.53
2020-07-03,-7.74,-5.4,91.87,66.62,-8.76,103.8
2020-07-06,71.24,201.99,167.35,-5.47,40.19,102.46
2020-07-07,-19.16,186.01,107.46,27.76,62.83,14.58
2020-07-08,50.91,213.9,122.32,15.29,38.83,53.01
2020-07-09,-36.9,29.42,100.54,-4.16,-13.39,63.69
2020-07-10,-78.11,166.41,-12.24,-26.4,100.12,30.85
2020-07-13,-8.47,106.24,124.78,60.51,43.93,86.29
2020-07-14,-98.35,159.77,38.24,-21.34,22.44,-0.39
2020-07-15,54.02,81.93,128.05,-21.16,51.41,97.06
2020-07-16,24.27,71.27,134.9,44.73,28.7,-3.0
2020-07-17,12.98,97.66,99.29,-4.01,76.96,36.36
2020-07-20,-21.07,190.77,101.96,-9.0,58.66,54.95
2020-07-21,-0.2,192.59,99.91,-0.88,74.9,82.54
2020-07-22,-19.07,98.94,109.47,-26.29,49.81,45.75
2020-07-23,81.85,140.45,130.74,1.39,26.78,16.71
2020-07-24,19.49,136.08,92.72,-42.75,91.54,41.84
2020-07-27,-30.94,196.74,38.04,11.62,30.96,104.79
2020-07-28,-41.14,198.06,131.83,-33.03,80.61,36.24
2020-07-29,43.35,95.47,53.49,-4.34,68.87,58.37
2020-07-30,-1.44,131.4,91.9,20.66,5.01,36.97
2020-07-31,52.0,88.18,73.2,-51.86,20.46,100.78
2020-08-03,7.18,71.48,135.13,38.72,56.81,28.13
2020-08-04,41.87,106.44,21.07,-15.97,52.03,70.7
2020-08-05,-115.51,120.53,63.81,57.26,-22.92,43.27
2020-08-06,22.54,41.48,73.41,5.68,88.07,76.65
2020-08-07,-39.23,96.4,211.53,2.28,76.02,54.28
2020-08-10,41.95,68.78,58.13,63.73,40.66,77.32
2020-08-11,45.69,69.49,107.09,5.07,-15.75,42.98
2020-08-12,26.83,40.04,79.82,-34.98,62.65,47.12
2020-08-13,0.38,136.72,115.7,102.41,0.63,0.0
2020-08-14,2.24,143.26,30.21,-2.03,33.79,41.08
2020-08-17,5.56,131.64,121.51,57.32,17.65,37.34
2020-08-18,6.05,74.62,144.67,21.51,43.19,22.28
2020-08-19,-67.36,136.39,147.81,-19.85,23.33,30.68
2020-08-20,24.18,85.63,127.55,4.25,38.02,23.14
2020-08-21,7.05,127.32,49.08,-18.06,34.08,73.83
2020-08-24,-24.45,153.36,110.45,-26.06,3.9,26.88
2020-08-25,61.01,41.31,17.42,-37.57,15.87,4.55
2020-08-26,-18.06,196.6,130.54,-12.51,88.21,48.28
2020-08-27,29.79,142.59,125.34,33.18,68.59,47.93
2020-08-28,54.68,91.95,74.05,-12.27,108.28,42.5
2020-08-31,101.74,132.23,111.29,12.79,83.69,93.66
2020-09-01,2.18,110.36,-8.05,-9.55,82.74,57.82
2020-09-02,35.72,51.34,54.82,-16.47,82.16,101.19
2020-09-03,-80.39,94.83,84.4,-18.45,45.27,9.16
2020-09-04,-3.55,108.33,70.75,28.31,76.85,87.53
2020-09-07,-24.93,152.15,239.1,38.16,53.2,47.51
2020-09-08,15.24,127.76,97.77,8.44,22.16,123.41
2020-09-09,-82.74,58.28,164.87,26.68,21.86,69.62
2020-09-10,36.25,188.64,112.53,19.61,74.98,35.5
2020-09-11,24.9,80.59,136.06,7.87,94.61,43.01
2020-09-14,59.82,30.54,187.39,4.9,24.67,35.62
2020-09-15,3.47,31.21,45.05,-8.25,44.37,44.54
2020-09-16,-2.26,64.04,61.89,-1.39,33.47,106.39
2020-09-17,3.06,156.4,82.62,-26.87,-0.79,46.35
2020-09-18,31.34,78.48,227.74,3.71,88.26,20.62
2020-09-21,-71.67,101.07,107.42,24.49,41.45,112.89
2020-09-22,59.67,63.11,124.58,-42.1,91.32,40.1
2020-09-23,-17.8,31.74,74.2,10.38,102.35,55.32
2020-09-24,-90.71,160.49,169.84,1.53,34.85,8.62
2020-09-25,18.61,63.71,94.34,31.29,26.08,49.89
2020-09-28,98.96,67.21,69.65,-39.64,95.07,-13.48
2020-09-29,-30.48,175.03,67.0,-7.0,59.19,96.18
2020-09-30,-52.07,20.81,108.6,-12.13,92.25,90.9
2020-10-01,-133.94,34.08,117.86,3.25,45.37,53.53
2020-10-02,-87.85,87.86,58.96,-41.36,45.02,73.92
2020-10-05,16.47,100.63,19.71,25.32,10.8,25.16
2020-10-06,-36.42,115.05,100.2,-60.77,27.81,27.28
2020-10-07,26.06,190.09,61.23,19.63,47.29,51.5
2020-10-08,-32.52,123.95,57.43,-36.71,31.06,66.13
2020-10-09,31.03,124.93,120.02,-17.72,9.2,45.64
2020-10-12,-38.48,134.46,14.96,89.51,6.38,20.05
2020-10-13,64.24,137.03,28.48,33.38,19.68,41.08
2020-10-14,-29.66,142.04,205.52,-32.47,19.27,65.31
2020-10-15,109.41,30.97,110.7,-11.1,91.56,85.36
2020-10-16,-24.43,108.43,93.47,42.25,-3.4,58.01
2020-10-19,-22.92,59.31,156.63,-3.36,23.78,17.02
2020-10-20,65.85,50.78,39.38,-1.0,35.91,48.24
2020-10-21,86.03,166.95,76.04,-16.45,-23.76,63.38
2020-10-22,-52.17,175.57,58.48,-6.72,25.19,-10.84
2020-10-23,-82.52,158.97,93.17,12.27,1.82,23.27
2020-10-26,63.07,126.68,19.04,54.35,2.65,57.3
2020-10-27,-23.89,81.43,141.59,-23.11,46.47,102.52
2020-10-28,-61.48,102.51,160.48,6.25,-54.46,83.17
2020-10-29,63.69,178.97,117.92,-1.18,80.78,39.57
2020-10-30,-77.56,192.7,132.68,-31.98,57.41,68.95
2020-11-02,0.79,128.93,61.3,36.8,25.02,67.02
2020-11-03,26.83,92.26,172.92,35.53,48.63,54.42
2020-11-04,44.19,86.61,173.44,-14.91,29.35,4.2
2020-11-05,53.69,127.23,50.92,28.0,36.5,83.1
2020-11-06,-46.43,100.35,21.31,1.26,9.58,16.91
2020-11-09,22.4,117.06,167.1,-40.43,24.53,72.98
2020-11-10,21.4,55.41,122.66,3.94,20.45,97.25
2020-11-11,79.06,121.42,60.33,-49.44,22.74,49.4
2020-11-12,28.43,196.38,100.06,0.2,77.16,82.86
2020-11-13,-55.02,-2.19,90.7,6.04,52.98,30.74
2020-11-16,-64.16,85.83,71.32,-75.16,26.61,101.48
2020-11-17,-25.44,138.48,55.5,0.3,27.16,8.78
2020-11-18,118.03,89.32,94.63,21.48,75.11,44.27
2020-11-19,-6.01,53.29,143.28,13.71,5.79,49.07
2020-11-20,-50.44,10.04,39.67,-12.13,24.87,22.58
2020-11-23,9.89,3.64,70.13,8.65,49.08,23.3
2020-11-24,51.63,147.36,79.59,-16.18,-11.41,50.54
2020-11-25,19.67,92.85,30.27,3.87,92.34,110.5
2020-11-26,-11.92,88.48,173.76,4.79,16.66,80.21
2020-11-27,87.18,43.11,26.52,-24.18,25.53,12.44
2020-11-30,56.3,55.73,140.07,-15.21,25.25,46.63
2020-12-01,61.18,111.87,170.96,-52.8,67.76,98.02
2020-12-02,-49.18,123.51,72.03,4.7,24.87,98.98
2020-12-03,-36.71,113.33,238.54,-2.68,79.99,57.57
2020-12-04,-33.6,119.71,146.37,-24.66,6.37,37.55
2020-12-07,-3.84,155.42,80.31,-19.04,96.51,83.09
2020-12-08,6.03,34.13,75.14,7.57,92.35,50.74
2020-12-09,-73.58,31.09,58.97,30.02,75.81,83.52
2020-12-10,-54.09,124.73,2.66,-21.02,59.02,16.76
2020-12-11,8.6,107.06,64.8,-34.96,16.35,9.53
2020-12-14,19.62,81.94,139.98,-26.97,4.27,51.27
2020-12-15,91.09,195.73,75.28,45.07,65.36,8.24
2020-12-16,3.33,38.66,75.43,76.19,45.42,51.79
2020-12-17,51.24,99.01,171.49,-31.84,60.97,122.4
2020-12-18,-97.71,69.28,100.89,38.27,44.36,27.14
2020-12-21,21.08,106.17,81.2,45.12,150.15,86.98
2020-12-22,-76.73,101.66,22.31,10.16,81.86,7.13
2020-12-23,-44.38,101.88,49.84,-32.12,45.59,59.66
2020-12-24,6.36,60.14,62.2,-4.38,59.15,10.99
2020-12-25,6.05,50.78,140.28,-22.95,62.54,66.24
2020-12-28,-33.34,165.78,44.49,20.87,58.44,-19.7
2020-12-29,35.19,59.88,99.2,13.82,26.17,49.94
2020-12-30,-87.8,111.94,63.01,5.85,23.89,43.83
2020-12-31,-26.19,71.69,70.46,-17.59,57.04,68.76
2021-01-01,9.66,124.3,87.08,-24.17,72.58,20.29
2021-01-04,-25.34,98.56,126.62,-3.77,54.89,50.64
2021-01-05,10.51,127.98,37.96,4.89,26.67,42.22
2021-01-06,99.75,184.49,37.95,-62.66,25.94,22.14
2021-01-07,-27.43,42.39,119.14,12.73,31.49,84.54
2021-01-08,-6.21,153.84,150.95,-11.02,95.48,13.53
2021-01-11,-47.36,26.27,137.11,20.77,14.73,43.48
2021-01-12,-63.97,138.58,77.06,-5.43,1.26,68.15
2021-01-13,-10.58,108.12,118.17,14.11,41.4,65.08
2021-01-14,47.65,164.18,110.56,-5.38,37.41,64.14
2021-01-15,-41.77,62.47,133.5,16.49,58.7,33.46
2021-01-18,54.76,131.57,55.41,5.08,80.06,18.12
2021-01-19,14.48,83.88,138.6,33.66,81.17,-17.93
2021-01-20,-59.99,193.6,110.15,17.41,45.6,22.88
2021-01-21,-71.47,179.2,151.82,18.79,35.0,21.98
2021-01-22,-63.77,99.09,191.16,37.96,14.5,74.85
2021-01-25,16.87,77.41,29.41,40.18,61.53,53.66
2021-01-26,-14.0,219.63,87.27,13.41,28.8,133.87
2021-01-27,58.25,125.95,91.57,-34.66,73.63,11.18
2021-01-28,-9.47,171.71,90.62,-7.39,33.58,46.58
2021-01-29,12.31,82.11,94.46,19.86,73.28,45.52
2021-02-01,41.79,-44.73,65.03,40.57,82.06,68.79
2021-02-02,99.2,111.58,167.35,-11.36,63.98,43.09
2021-02-03,-73.1,171.6,41.94,-64.91,41.35,-6.18
2021-02-04,55.68,96.83,9.25,-60.04,112.84,57.46
2021-02-05,1.43,84.63,54.47,-6.99,82.27,59.77
2021-02-08,41.15,111.55,149.23,0.82,7.93,-4.15
2021-02-09,-18.87,47.51,161.6,-34.79,28.63,-29.15
2021-02-10,68.28,128.45,41.71,40.0,83.02,54.03
2021-02-11,-40.52,95.66,112.66,36.33,42.99,46.43
2021-02-12,22.23,88.92,24.87,-24.48,49.27,54.65
2021-02-15,24.1,69.72,49.13,18.12,94.74,68.54
2021-02-16,52.74,127.05,37.22,57.82,19.07,19.27
2021-02-17,-59.64,120.7,80.29,-11.88,38.3,51.42
2021-02-18,-82.86,253.42,206.02,-18.53,85.97,50.85
2021-02-19,89.43,203.17,104.25,-46.45,29.08,-65.73
2021-02-22,63.18,54.77,95.6,12.4,35.63,24.93
2021-02-23,-12.15,42.95,149.59,20.48,86.6,68.65
2021-02-24,0.4,78.22,53.59,19.89,73.13,7.0
2021-02-25,-60.56,101.31,101.26,44.17,74.25,97.61
2021-02-26,87.22,144.69,118.39,16.81,97.58,72.78
2021-03-01,-75.2,73.21,133.57,13.97,22.59,31.1
2021-03-02,25.41,33.86,113.41,-6.95,107.05,66.14
2021-03-03,-0.28,153.11,42.39,-47.42,89.57,70.54
2021-03-04,53.68,125.87,152.28,43.33,18.01,52.46
2021-03-05,59.44,96.6,130.52,-74.12,5.02,47.48
2021-03-08,-53.33,161.74,31.72,16.44,-26.33,59.67
2021-03-09,-46.82,135.02,81.56,-1.05,75.1,49.85
2021-03-10,15.22,121.01,10.37,-37.01,62.18,45.39
2021-03-11,-79.85,93.94,181.28,-78.26,47.78,86.59
2021-03-12,51.51,184.33,141.08,11.57,53.72,71.51
2021-03-15,29.91,5.51,-43.35,70.39,19.98,37.23
2021-03-16,-97.01,19.76,29.11,1.34,42.58,100.54
2021-03-17,89.46,195.98,61.26,10.98,13.88,36.49
2021-03-18,-39.95,86.61,122.54,-19.97,76.21,23.45
2021-03-19,46.13,72.94,136.37,-39.47,22.09,51.44
2021-03-22,-48.77,95.45,198.17,44.68,13.59,57.14
2021-03-23,75.61,91.05,53.53,-37.03,70.36,-23.38
2021-03-24,-11.68,173.65,178.68,51.35,-4.59,37.27
2021-03-25,-39.78,70.94,48.58,18.49,74.02,-2.46
2021-03-26,55.5,82.32,36.84,-5.69,20.32,13.41
2021-03-29,-18.76,55.86,93.75,-38.88,43.53,-0.63
2021-03-30,-47.82,65.08,33.2,-15.43,33.09,45.64
2021-03-31,-44.87,26.74,104.38,22.2,25.99,66.23
2021-04-01,12.28,77.45,46.28,21.31,50.79,59.8
2021-04-02,20.43,132.07,57.61,-58.29,49.32,50.52
2021-04-05,-21.76,65.9,69.75,48.91,47.77,-2.35
2021-04-06,-24.34,26.99,89.98,9.14,27.86,97.81
2021-04-07,-2.76,58.8,106.74,1.91,39.25,34.67
2021-04-08,-35.9,118.16,175.73,-29.53,76.2,82.93
2021-04-09,61.09,177.19,73.58,-36.78,34.41,64.16
2021-04-12,61.13,195.72,185.94,0.29,76.42,53.83
2021-04-13,-44.43,121.4,78.14,32.69,49.86,64.21
2021-04-14,-30.42,32.8,59.32,-27.09,67.62,75.09
2021-04-15,130.24,75.51,127.25,27.77,42.11,40.74
2021-04-16,31.7,52.03,198.89,10.43,57.76,76.73
2021-04-19,-45.98,8.0,159.21,-6.99,26.97,40.64
2021-04-20,11.69,113.39,105.07,-39.02,63.57,79.25
2021-04-21,-26.33,11.96,129.64,-37.9,82.52,13.53
2021-04-22,-13.87,28.6,70.8,-71.47,68.16,15.68
2021-04-23,57.88,116.42,62.26,-0.01,-17.22,46.97
2021-04-26,-31.2,121.68,71.95,-33.96,58.61,40.21
2021-04-27,-29.0,100.16,125.42,-21.78,68.73,58.54
2021-04-28,-10.84,32.34,174.59,38.66,-11.66,30.06
2021-04-29,19.26,33.68,179.44,3.39,63.2,-5.98
2021-04-30,-14.01,81.68,165.2,-13.79,21.92,33.68
2021-05-03,98.6,93.63,114.17,35.54,85.42,94.59
2021-05-04,-35.55,166.58,51.48,-6.55,-15.21,48.95
2021-05-05,51.0,164.57,124.46,-19.25,84.42,37.32
2021-05-06,-51.42,56.52,121.16,21.14,21.23,26.95
2021-05-07,-65.41,13.8,55.15,-40.01,52.04,-14.19
2021-05-10,-9.88,7.68,188.32,-6.36,72.45,92.67
2021-05-11,-12.14,145.61,69.9,-3.33,66.78,64.72
2021-05-12,-100.03,56.89,119.97,-65.55,78.02,22.35
2021-05-13,-57.14,102.51,129.21,3.14,3.5,64.31
2021-05-14,41.7,8.76,105.56,6.8,23.62,72.11
2021-05-17,68.21,-10.73,115.33,6.52,40.73,41.5
2021-05-18,91.03,-5.72,48.73,-10.59,44.97,64.51
2021-05-19,70.4,148.96,179.01,21.73,58.11,38.83
2021-05-20,-34.67,128.12,160.36,37.75,61.56,-18.65
2021-05-21,13.77,-11.76,51.59,-4.52,26.32,89.99
2021-05-24,8.64,75.86,92.95,-38.55,35.73,30.44
2021-05-25,-25.86,64.05,15.74,-12.94,17.58,1.35
2021-05-26,42.1,153.77,66.74,5.13,75.21,76.98
2021-05-27,0.02,177.21,57.68,33.63,51.47,57.91
2021-05-28,54.82,112.58,65.64,-39.72,34.69,5.06
2021-05-31,46.36,193.29,61.41,3.21,65.16,17.24
2021-06-01,56.04,29.43,85.41,-8.64,55.84,26.31
2021-06-02,29.82,50.51,91.2,-34.78,72.07,15.18
2021-06-03,-33.86,24.36,59.79,-0.41,37.57,47.64
2021-06-04,-42.8,120.0,101.57,-23.24,-5.03,39.67
2021-06-07,16.27,68.21,79.48,-32.44,46.01,45.96
2021-06-08,0.13,129.89,185.93,65.09,60.45,53.15
2021-06-09,55.89,77.68,137.03,14.51,46.91,40.45
2021-06-10,-64.27,124.9,86.82,-6.47,41.51,106.97
2021-06-11,47.03,98.38,64.7,10.16,78.9,43.88
2021-06-14,8.19,110.01,212.13,-49.41,58.0,23.02
2021-06-15,-73.75,122.58,159.88,14.45,79.79,25.42
2021-06-16,44.97,143.78,100.22,-10.05,48.99,7.35
2021-06-17,16.45,214.13,62.76,14.1,61.64,66.22
2021-06-18,-23.4,71.27,43.48,44.96,-8.3,50.66
2021-06-21,-35.41,209.95,126.8,10.6,56.66,90.44
2021-06-22,54.98,102.04,97.35,-1.71,51.25,99.5
2021-06-23,-38.7,97.31,142.57,-21.56,25.68,-0.13
2021-06-24,82.25,40.06,148.73,-8.85,96.58,57.41
2021-06-25,-12.31,109.09,115.79,8.29,97.49,37.25
2021-06-28,23.08,100.33,156.92,-13.76,60.58,60.14
2021-06-29,10.39,99.89,47.67,-1.96,48.78,33.73
2021-06-30,6.99,203.58,81.5,24.81,60.1,75.81
2021-07-01,19.38,15.99,6.62,-6.23,61.65,83.66
2021-07-02,-49.49,95.05,47.35,-59.87,21.37,38.38
2021-07-05,72.42,127.37,149.47,-15.87,26.39,68.28
2021-07-06,39.84,130.78,203.9,-1.35,46.37,79.66
2021-07-07,28.98,172.02,135.35,12.0,56.5,54.83
2021-07-08,3.71,-13.35,141.43,61.1,-1.15,73.21
2021-07-09,0.46,109.5,83.84,-14.61,26.75,25.35
2021-07-12,66.7,190.41,80.04,-4.89,4.15,39.51
2021-07-13,-3.18,101.61,1.08,1.02,24.78,25.22
2021-07-14,-20.8,15.63,-4.99,32.14,-17.17,58.64
2021-07-15,-44.36,67.93,93.73,-5.8,84.1,60.17
2021-07-16,-69.33,41.79,184.19,35.52,56.66,66.43
2021-07-19,42.74,72.93,73.27,17.57,63.71,28.13
2021-07-20,17.59,101.78,50.73,-8.01,38.98,52.33
2021-07-21,-69.39,72.03,137.09,81.73,59.47,44.27
2021-07-22,2.09,114.46,45.49,-19.95,45.48,70.62
2021-07-23,11.35,164.44,95.17,-38.82,32.36,-14.55
2021-07-26,76.43,42.23,39.39,31.9,57.87,75.98
2021-07-27,18.65,72.12,120.46,-7.08,37.73,-1.1
2021-07-28,46.92,110.46,142.3,-30.55,42.52,95.04
2021-07-29,138.51,117.77,154.83,13.07,94.77,36.32
2021-07-30,-74.19,150.08,155.24,7.98,60.6,13.72
2021-08-02,87.84,53.36,107.89,36.5,31.4,86.34
2021-08-03,28.29,68.22,94.62,28.47,13.56,39.73
2021-08-04,14.54,214.0,57.85,29.11,59.8,56.66
2021-08-05,-40.04,146.43,88.39,-11.38,23.92,45.76
2021-08-06,-11.85,115.88,44.23,-30.93,53.69,25.98
2021-08-09,46.82,172.32,87.87,-18.08,23.54,92.72
2021-08-10,-50.72,109.2,52.3,-15.45,66.79,81.35
2021-08-11,-58.17,122.17,54.83,-1.13,86.57,127.57
2021-08-12,61.22,141.69,82.86,-54.5,62.25,39.07
2021-08-13,-7.86,1.35,150.72,28.03,57.15,24.15
2021-08-16,-12.76,139.28,117.09,-30.43,65.06,29.88
2021-08-17,-67.06,198.8,109.06,-33.21,54.72,77.98
2021-08-18,-8.03,132.77,58.18,33.97,70.93,-18.5
2021-08-19,-7.48,99.04,104.04,-25.49,93.2,60.46
2021-08-20,-9.04,107.66,146.65,-14.25,16.38,29.98
2021-08-23,-11.38,173.51,118.85,-15.55,39.93,19.79
2021-08-24,6.77,240.1,117.85,-30.44,38.47,-3.07
2021-08-25,39.46,120.97,59.61,8.31,30.21,67.16
2021-08-26,-58.47,120.07,143.36,-23.62,64.16,60.74
2021-08-27,-1.37,108.03,79.04,-11.27,89.88,67.33
2021-08-30,10.61,85.68,86.21,4.43,21.76,25.45
2021-08-31,-26.41,44.51,94.95,-1.03,37.58,65.78
2021-09-01,-18.37,117.94,150.91,3.09,67.88,20.19
2021-09-02,-73.75,112.49,134.45,34.01,38.2,51.56
2021-09-03,-79.03,130.34,95.83,-9.45,99.92,27.68
2021-09-06,-31.75,126.06,91.03,-32.1,39.9,34.55
2021-09-07,-4.59,66.49,41.66,-22.12,37.62,71.33
2021-09-08,27.8,118.52,86.77,29.39,68.98,70.52
2021-09-09,90.14,61.05,108.25,-21.14,103.74,14.45
2021-09-10,23.96,253.23,111.52,29.24,64.56,-2.34
2021-09-13,58.18,125.21,118.63,9.12,53.41,35.06
2021-09-14,-31.06,75.06,67.36,-9.2,55.66,111.52
2021-09-15,-11.88,78.39,136.86,-24.74,17.64,26.35
2021-09-16,-25.65,120.31,224.18,-27.09,50.56,35.89
2021-09-17,-43.92,53.55,132.33,16.07,13.84,40.43
2021-09-20,69.83,103.26,128.93,-38.9,2.81,70.71
2021-09-21,-28.58,69.3,207.66,0.81,67.69,86.51
2021-09-22,-9.64,135.7,38.55,8.86,20.72,34.61
2021-09-23,56.52,52.29,122.21,-3.64,53.06,91.27
2021-09-24,-18.83,90.33,128.27,-29.48,3.1,34.54
2021-09-27,18.2,155.7,84.53,3.58,91.3,87.94
2021-09-28,42.02,39.22,25.76,-59.25,28.4,81.29
2021-09-29,58.93,35.37,78.98,-19.54,28.13,14.94
2021-09-30,20.11,-2.39,162.26,-35.77,26.4,50.46
2021-10-01,-40.18,135.78,101.56,40.96,69.74,74.68
2021-10-04,-18.34,80.0,68.31,16.85,84.88,65.12
2021-10-05,4.82,162.93,159.39,44.62,57.93,32.25
2021-10-06,-30.54,77.13,35.13,-16.28,91.91,28.89
2021-10-07,-52.51,68.17,148.03,-13.67,32.53,58.46
2021-10-08,44.01,133.59,63.69,23.8,46.06,32.52
2021-10-11,87.43,124.32,102.32,-16.33,-5.57,92.37
2021-10-12,3.12,111.44,105.13,-3.42,-0.44,67.22
2021-10-13,-94.46,59.68,140.25,42.32,34.12,63.46
2021-10-14,122.13,194.15,100.81,9.89,90.43,32.15
2021-10-15,-13.84,79.1,22.53,22.1,61.32,84.95
2021-10-18,-0.45,69.86,74.91,-20.47,-3.57,18.52
2021-10-19,16.33,182.63,127.5,3.14,31.52,62.73
2021-10-20,-27.07,179.13,95.04,-6.7,94.09,76.01
2021-10-21,61.68,103.91,94.97,26.91,53.17,56.37
2021-10-22,34.43,106.36,71.38,16.33,42.91,52.15
2021-10-25,47.0,219.88,154.82,-6.27,49.66,-8.37
2021-10-26,15.92,116.42,49.74,14.97,57.06,30.3
2021-10-27,-7.94,57.71,124.04,29.91,78.28,57.33
2021-10-28,52.17,140.58,36.19,-7.09,50.77,100.92
2021-10-29,-53.51,187.5,128.85,-49.39,76.72,6.5
2021-11-01,-47.53,80.87,108.02,22.37,40.64,65.43
2021-11-02,10.31,120.12,71.55,23.32,41.82,14.79
2021-11-03,3.34,178.3,41.13,32.25,56.55,98.05
2021-11-04,-64.99,77.03,114.65,-7.37,58.8,46.05
2021-11-05,-54.44,17.47,93.76,-53.78,33.83,37.12
2021-11-08,-51.97,118.58,56.87,-21.37,22.47,9.29
2021-11-09,53.73,223.18,23.97,7.84,73.4,7.45
2021-11-10,-44.97,37.45,85.81,21.87,77.79,58.86
2021-11-11,-66.58,149.1,56.04,-39.24,38.86,53.28
2021-11-12,-79.54,85.34,136.1,-14.49,15.6,39.23
2021-11-15,1.08,129.04,90.23,33.34,50.25,48.31
2021-11-16,-55.93,196.16,67.5,-38.8,-2.48,35.93
2021-11-17,-21.94,118.07,214.28,-24.31,70.57,39.54
2021-11-18,74.47,132.83,179.94,23.95,36.78,46.95
2021-11-19,7.01,192.73,60.85,1.58,41.42,53.3
2021-11-22,-105.94,103.42,89.87,36.66,57.99,70.95
2021-11-23,29.29,49.82,82.17,-26.7,46.09,31.37
2021-11-24,-83.44,105.95,125.16,16.96,69.21,66.64
2021-11-25,-37.68,49.16,77.04,-11.78,52.8,9.2
2021-11-26,23.53,145.59,167.22,-6.37,49.48,10.34
2021-11-29,-55.26,30.71,15.69,-5.61,-11.48,44.56
2021-11-30,-88.26,23.49,93.05,28.04,24.1,40.9
2021-12-01,18.46,94.95,73.39,45.39,70.51,55.78
2021-12-02,-160.33,129.6,131.89,20.01,84.67,51.45
2021-12-03,-58.06,134.58,116.38,-41.1,49.53,14.9
2021-12-06,-6.36,49.42,169.17,1.02,49.37,78.67
2021-12-07,-20.14,63.09,153.12,19.25,-13.55,23.54
2021-12-08,-120.24,121.47,66.34,-46.44,30.48,11.59
2021-12-09,-18.35,64.14,67.72,-4.15,107.31,61.86
2021-12-10,28.17,133.08,94.95,17.61,3.66,19.81
2021-12-13,-122.09,50.78,202.26,-31.79,57.54,70.07
2021-12-14,-17.42,168.27,231.8,6.42,5.31,42.17
2021-12-15,-8.94,77.39,43.86,14.89,49.66,13.97
2021-12-16,49.79,162.29,87.69,3.58,60.11,82.49
2021-12-17,28.13,26.12,103.35,-51.46,26.98,70.35
2021-12-20,-47.86,153.01,102.76,24.07,69.82,15.28
2021-12-21,-52.0,141.71,195.36,-39.29,37.79,11.76
2021-12-22,4.91,77.83,119.94,-13.23,88.48,-8.03
2021-12-23,-107.29,105.22,167.02,3.34,73.99,-13.61
2021-12-24,39.2,102.14,5.93,-2.59,78.83,60.83
2021-12-27,49.45,33.32,106.68,49.42,105.95,65.67
2021-12-28,35.42,182.81,127.55,-1.76,102.7,69.76
2021-12-29,-25.82,74.77,156.02,14.44,32.23,24.68
2021-12-30,-41.91,122.64,67.76,23.21,20.83,30.25
2021-12-31,-66.19,119.03,56.13,23.73,61.8,64.31
2022-01-03,-21.77,72.66,48.44,-21.33,87.19,75.79
2022-01-04,37.69,37.6,98.4,-59.03,28.71,60.6
2022-01-05,-18.4,101.52,185.76,-24.1,12.42,41.11
2022-01-06,-40.76,93.27,46.9,-38.36,-7.05,23.79
2022-01-07,31.01,49.22,22.62,-8.59,50.14,62.75
2022-01-10,-18.08,171.27,146.68,42.53,50.44,20.28
2022-01-11,5.58,91.87,163.12,4.75,24.59,87.58
2022-01-12,-40.46,105.48,27.6,-9.54,33.81,44.15
2022-01-13,42.45,31.18,185.85,13.67,12.66,22.21
2022-01-14,17.73,179.46,178.12,-8.59,82.37,81.82
2022-01-17,-63.71,140.44,66.01,5.66,52.84,19.84
2022-01-18,49.98,112.91,18.84,49.55,83.19,59.24
2022-01-19,-16.91,96.9,153.2,29.11,32.85,102.02
2022-01-20,28.13,165.02,43.47,12.77,111.78,89.97
2022-01-21,8.97,203.37,91.64,-27.95,71.64,24.88
2022-01-24,-99.47,55.89,-11.11,27.27,58.81,23.79
2022-01-25,-38.13,76.67,19.4,34.68,67.34,71.93
2022-01-26,105.78,72.05,55.68,-34.56,15.65,34.41
2022-01-27,-8.43,12.42,45.86,-26.97,64.0,40.18
2022-01-28,-28.43,108.42,104.07,-13.93,47.8,61.56
2022-01-31,-28.35,84.95,49.82,0.19,64.59,66.59
2022-02-01,-43.0,95.98,84.48,-3.66,37.14,66.15
2022-02-02,-2.38,123.23,117.13,8.51,50.96,-3.6
2022-02-03,76.91,104.61,72.79,6.6,42.12,95.02
2022-02-04,-32.74,19.31,133.97,63.92,44.7,70.04
2022-02-07,-68.45,150.42,67.5,32.05,96.55,67.02
2022-02-08,2.17,91.34,136.45,19.03,97.58,23.36
2022-02-09,-67.39,160.03,88.58,-15.14,46.25,92.72
2022-02-10,-11.24,106.23,46.26,42.82,48.98,58.35
2022-02-11,89.81,153.8,67.15,-63.05,83.41,85.67
2022-02-14,44.94,70.69,83.99,53.0,91.44,54.83
2022-02-15,-34.23,145.52,77.13,25.69,41.72,57.92
2022-02-16,125.93,97.19,26.79,-3.3,60.77,44.77
2022-02-17,-14.3,68.82,9.54,-30.26,32.4,61.7
2022-02-18,69.84,40.53,36.28,-6.2,17.26,36.91
2022-02-21,-10.88,55.99,23.98,19.8,67.43,43.1
2022-02-22,-44.74,58.06,183.32,-51.36,57.85,15.85
2022-02-23,-27.93,66.59,106.15,29.7,45.22,53.98
2022-02-24,-14.25,146.38,55.22,23.88,31.95,98.33
2022-02-25,43.2,113.08,96.61,-6.94,90.42,82.23
2022-02-28,5.61,140.32,99.26,24.99,29.04,45.37
2022-03-01,47.35,88.19,153.87,28.68,-0.29,41.65
2022-03-02,-24.32,105.85,87.01,-27.99,71.47,20.66
2022-03-03,103.57,24.59,96.34,3.19,37.38,79.32
2022-03-04,90.49,122.3,112.45,-43.36,62.26,63.81
2022-03-07,-11.74,70.29,127.94,-8.66,90.11,83.01
2022-03-08,-7.55,181.64,88.01,-67.03,27.82,15.31
2022-03-09,-14.13,133.14,122.43,0.21,22.67,25.31
2022-03-10,-87.24,96.8,104.44,0.29,10.27,33.78
2022-03-11,-138.66,28.08,105.35,6.26,20.13,89.94
2022-03-14,-13.52,158.38,81.52,-32.01,-1.88,15.55
2022-03-15,-29.37,10.72,9.74,41.74,39.48,37.89
2022-03-16,67.98,100.53,112.14,17.73,53.25,26.64
2022-03-17,-4.06,53.76,96.0,-31.85,33.95,25.63
2022-03-18,69.7,149.31,118.54,42.29,40.54,8.86
2022-03-21,28.72,50.72,93.89,16.16,79.63,58.34
2022-03-22,-49.02,134.75,57.0,-16.68,78.38,57.21
2022-03-23,102.51,71.65,104.14,67.64,77.18,45.05
2022-03-24,50.82,100.92,233.61,5.2,25.35,23.11
2022-03-25,11.44,101.64,159.06,79.71,54.86,38.57
2022-03-28,111.06,207.39,99.37,15.92,14.64,82.66
2022-03-29,-53.25,-5.03,177.04,-22.81,45.33,56.23
2022-03-30,56.85,165.57,95.07,19.2,83.63,75.82
2022-03-31,77.98,41.12,54.69,28.49,102.07,51.61
2022-04-01,38.16,105.37,122.22,-54.49,22.15,25.58
2022-04-04,73.87,134.25,123.79,-6.88,26.42,37.04
2022-04-05,-41.99,1.71,164.83,1.78,62.78,-12.24
2022-04-06,6.33,67.44,144.55,51.88,43.51,73.75
2022-04-07,21.48,21.13,-13.76,-42.68,58.89,30.31
2022-04-08,-6.2,192.62,147.03,21.79,81.19,67.39
2022-04-11,97.25,129.39,7.44,36.63,-10.44,11.93
2022-04-12,-41.54,34.41,90.6,-18.54,116.0,33.34
2022-04-13,57.96,113.58,105.31,-2.94,70.69,-12.38
2022-04-14,0.64,144.61,9.59,7.15,45.24,15.85
2022-04-15,30.19,78.47,156.97,-14.5,61.5,84.35
2022-04-18,8.97,137.37,163.77,-22.9,8.03,23.14
2022-04-19,-25.73,67.14,78.06,35.28,56.09,35.7
2022-04-20,56.61,2.03,60.13,12.54,44.76,71.38
2022-04-21,-73.2,113.41,27.77,-21.31,56.85,67.1
2022-04-22,2.43,268.31,106.49,12.35,62.71,32.26
2022-04-25,48.4,65.35,124.98,6.71,24.24,20.21
2022-04-26,-35.74,2.59,123.05,-9.88,13.28,58.95
2022-04-27,19.12,163.73,78.87,31.49,96.8,22.03
2022-04-28,-5.82,151.12,127.4,-12.86,69.78,25.38
2022-04-29,-87.98,110.01,91.13,61.0,36.38,30.51
2022-05-02,6.34,92.26,73.92,20.44,86.63,78.83
2022-05-03,44.92,192.45,93.08,10.87,19.16,23.19
2022-05-04,-9.21,138.63,107.92,53.54,47.31,87.19
2022-05-05,70.44,19.79,168.38,7.7,37.42,82.82
2022-05-06,-71.56,95.4,73.06,-25.03,38.21,43.36
2022-05-09,-1.53,91.68,79.63,-21.24,60.87,36.23
2022-05-10,40.53,36.73,101.39,20.41,63.89,10.81
2022-05-11,-15.7,210.64,49.81,19.27,41.38,61.92
2022-05-12,2.33,152.5,14.6,-22.97,15.18,27.06
2022-05-13,-30.52,18.5,165.74,45.26,99.14,81.45
2022-05-16,-47.8,115.16,14.97,-12.35,37.27,12.28
2022-05-17,33.49,172.18,144.49,21.85,94.79,59.18
2022-05-18,147.23,128.38,90.28,34.13,28.07,46.72
2022-05-19,-13.63,113.43,66.0,8.46,57.38,25.22
2022-05-20,14.27,107.61,103.59,1.76,34.98,64.4
2022-05-23,43.21,20.19,84.03,-19.78,93.41,104.3
2022-05-24,-22.68,93.98,122.35,27.65,43.87,46.72
2022-05-25,66.49,90.48,100.28,-48.43,90.62,44.4
2022-05-26,3.32,148.36,101.34,-10.89,60.0,53.85
2022-05-27,87.28,11.45,121.19,37.02,56.68,5.49
2022-05-30,10.59,163.26,65.75,-28.16,10.16,37.26
2022-05-31,-49.65,71.89,18.51,38.12,51.51,40.34
2022-06-01,43.07,113.39,123.27,-38.55,72.16,43.58
2022-06-02,-77.12,85.73,67.58,51.47,61.21,52.76
2022-06-03,54.43,99.76,-29.26,4.46,-32.73,91.12
2022-06-06,-54.3,49.8,182.36,-1.36,25.51,51.65
2022-06-07,-52.08,106.24,73.67,27.23,29.29,67.97
2022-06-08,-43.68,33.77,242.07,-31.63,29.9,77.61
2022-06-09,50.87,85.32,80.53,48.42,20.68,40.53
2022-06-10,-19.01,62.0,105.32,22.95,69.21,5.45
2022-06-13,74.52,90.09,68.24,23.39,14.37,75.11
2022-06-14,41.59,118.56,92.29,50.79,57.19,21.99
2022-06-15,12.79,160.37,120.76,-15.9,1.21,53.14
2022-06-16,23.01,95.58,186.35,-23.6,39.37,74.58
2022-06-17,-17.38,117.6,162.02,-6.84,105.25,69.77
2022-06-20,0.02,123.46,90.08,-39.26,52.68,65.21
2022-06-21,-44.94,105.41,149.15,35.93,42.87,69.44
2022-06-22,1.02,108.76,77.87,-14.04,36.7,47.01
2022-06-23,-43.41,200.28,143.9,13.91,101.4,78.42
2022-06-24,34.07,108.77,106.71,-21.16,41.08,-43.36
2022-06-27,10.21,175.72,111.27,-18.84,31.78,52.06
2022-06-28,-0.32,162.27,4.6,-25.77,55.11,25.83
2022-06-29,47.39,94.62,112.76,26.79,15.97,-5.59
2022-06-30,-43.22,43.45,155.04,-34.58,62.01,94.2
2022-07-01,48.63,110.18,158.67,-3.24,24.86,96.07
2022-07-04,24.82,85.31,36.19,22.38,106.2,63.9
2022-07-05,-107.63,-18.23,139.1,-34.75,20.2,10.97
2022-07-06,-2.18,177.71,115.36,11.3,62.46,5.27
2022-07-07,15.9,93.17,75.81,-17.98,75.82,33.62
2022-07-08,-35.6,165.53,183.41,-42.55,53.12,62.97
2022-07-11,48.7,78.84,83.46,5.81,76.39,17.92
2022-07-12,-84.19,132.88,121.09,-27.07,48.9,31.42
2022-07-13,-37.89,69.87,126.95,-23.09,93.14,19.99
2022-07-14,-45.94,72.88,112.8,27.88,66.64,67.63
2022-07-15,75.62,143.25,190.45,-44.17,32.73,33.34
2022-07-18,24.45,104.39,123.25,-29.3,40.53,76.73
2022-07-19,-67.0,189.14,64.97,-1.0,47.83,19.53
2022-07-20,85.25,108.51,88.56,-0.92,-17.67,58.29
2022-07-21,96.44,76.19,130.41,11.05,27.87,33.42
2022-07-22,71.5,65.49,76.34,-35.8,48.28,48.5
2022-07-25,-81.66,83.35,135.71,-31.15,46.13,12.45
2022-07-26,-30.37,80.53,128.72,10.28,-39.35,22.88
2022-07-27,-1.92,173.22,43.49,-72.92,86.41,72.75
2022-07-28,13.88,94.96,61.42,-4.74,89.6,76.93
2022-07-29,33.44,78.21,67.18,-20.31,31.24,-3.54
2022-08-01,1.92,192.01,30.57,-21.14,22.12,75.87
2022-08-02,44.89,108.13,-5.77,-26.53,52.66,40.11
2022-08-03,6.33,157.76,82.73,17.56,35.99,-4.93
2022-08-04,-60.95,176.69,74.04,-11.89,44.75,30.76
2022-08-05,-10.2,97.79,222.55,52.46,68.51,45.01
2022-08-08,-57.52,181.61,166.66,-20.31,50.33,0.08
2022-08-09,-27.49,138.39,115.33,14.41,73.63,17.14
2022-08-10,42.46,54.52,89.72,-15.13,33.79,61.38
2022-08-11,62.71,67.94,24.7,28.54,41.2,56.2
2022-08-12,39.98,83.97,60.49,11.35,-21.08,32.5
2022-08-15,-66.16,73.46,130.94,-0.82,33.49,30.08
2022-08-16,-44.29,108.92,140.76,26.45,83.94,6.98
2022-08-17,29.88,100.88,167.51,20.8,26.98,65.41
2022-08-18,50.82,40.54,48.29,-11.36,53.68,105.63
2022-08-19,-83.38,179.78,60.4,33.95,50.63,38.54
2022-08-22,-76.95,102.61,89.1,-22.16,69.44,56.78
2022-08-23,-15.52,200.16,21.27,-0.88,72.87,46.24
2022-08-24,8.59,76.42,116.05,18.75,95.94,42.83
2022-08-25,18.32,35.49,146.2,-27.48,6.05,77.35
2022-08-26,-37.19,112.58,135.95,45.52,91.16,22.82
2022-08-29,70.51,160.25,68.84,-11.44,42.0,31.56
2022-08-30,-91.3,108.53,16.68,-35.63,42.0,21.84
2022-08-31,5.67,87.75,195.29,-39.9,25.78,116.03
2022-09-01,21.08,153.81,131.61,-5.7,46.56,20.41
2022-09-02,36.66,40.94,98.16,5.87,72.53,7.74
2022-09-05,0.52,72.2,143.54,-23.45,63.39,19.03
2022-09-06,52.83,125.34,76.7,46.46,112.37,68.18
2022-09-07,3.53,125.19,120.84,-6.5,65.05,12.8
2022-09-08,-83.86,1.21,89.12,-34.29,95.22,68.94
2022-09-09,-18.17,56.27,105.09,-24.63,63.75,13.8
2022-09-12,7.02,42.46,85.84,-5.97,59.23,59.59
2022-09-13,-70.74,117.68,136.79,-17.22,40.62,59.51
2022-09-14,94.57,149.29,237.99,24.88,60.51,51.45
2022-09-15,-92.52,88.2,42.81,-17.88,96.22,51.02
2022-09-16,-0.43,101.6,189.17,51.95,73.07,93.88
2022-09-19,53.48,62.42,40.28,14.14,60.57,53.69
2022-09-20,-41.75,83.2,95.44,-6.44,10.0,82.32
2022-09-21,57.21,103.9,140.32,26.38,7.38,82.69
2022-09-22,-82.24,96.73,81.97,-0.35,42.56,58.8
2022-09-23,-90.45,154.82,55.25,8.23,75.19,60.67
2022-09-26,-3.72,23.39,189.47,41.26,105.73,40.86
2022-09-27,18.82,110.89,94.73,-23.99,21.63,32.91
2022-09-28,50.87,173.56,49.11,24.1,98.78,6.02
2022-09-29,46.21,81.28,158.18,5.02,82.5,43.6
2022-09-30,54.7,107.71,141.03,-27.22,78.97,34.36
2022-10-03,61.63,145.78,45.08,-24.81,61.77,61.65
2022-10-04,27.32,139.61,48.55,45.88,39.41,84.27
2022-10-05,21.13,126.19,218.9,8.43,63.49,62.88
2022-10-06,-40.11,59.28,93.6,-11.34,13.53,46.76
2022-10-07,-84.43,54.85,89.04,42.03,79.13,1.94
2022-10-10,54.98,113.48,130.18,-27.65,21.18,90.47
2022-10-11,87.05,4.01,-21.02,-20.6,5.71,-13.16
2022-10-12,-24.78,100.73,140.16,24.88,68.5,59.09
2022-10-13,-14.5,86.67,149.2,31.39,37.63,36.15
2022-10-14,12.11,89.63,102.67,-3.31,16.28,60.34
2022-10-17,-66.66,116.27,92.0,-13.4,31.58,50.66
2022-10-18,-29.9,183.94,82.9,11.23,49.4,9.67
2022-10-19,-19.28,130.71,164.43,16.45,37.4,37.87
2022-10-20,-91.37,128.91,122.32,5.39,90.38,41.26
2022-10-21,49.12,79.61,132.52,-11.73,58.97,99.21
2022-10-24,-33.91,87.71,181.53,-24.13,57.6,84.64
2022-10-25,0.44,113.71,111.02,-7.83,24.0,-5.45
2022-10-26,-85.14,139.21,140.01,-38.92,79.2,51.13
2022-10-27,-111.68,91.15,27.34,0.5,61.85,58.09
2022-10-28,-21.42,122.83,79.55,-4.57,57.89,30.54
2022-10-31,-17.94,69.3,127.1,31.7,54.49,24.2
2022-11-01,-28.0,7.92,164.72,6.96,12.42,93.98
2022-11-02,-17.96,79.04,113.1,7.26,40.36,83.75
2022-11-03,-11.63,133.06,125.13,-32.62,41.58,-9.54
2022-11-04,-47.95,43.78,76.45,-1.59,23.2,21.19
2022-11-07,-11.3,-9.44,39.34,-46.94,56.67,100.0
2022-11-08,45.03,193.96,151.86,52.58,37.0,76.93
2022-11-09,75.43,68.38,112.33,-13.94,18.23,-5.03
2022-11-10,82.12,60.49,84.56,-3.15,48.86,69.56
2022-11-11,-54.55,91.77,90.93,-27.58,37.91,94.35
2022-11-14,-4.83,101.69,155.01,28.63,76.99,102.8
2022-11-15,-22.84,80.75,98.79,32.03,81.17,42.54
2022-11-16,-24.19,88.04,37.63,-4.12,46.23,33.39
2022-11-17,76.64,118.64,99.42,49.49,23.72,86.21
2022-11-18,-22.38,5.09,69.46,11.59,-12.97,59.98
2022-11-21,-30.97,57.73,92.58,38.57,-8.61,-1.3
2022-11-22,-49.11,125.29,62.47,-47.9,35.88,61.98
2022-11-23,-18.46,34.32,175.05,-8.25,65.23,92.13
2022-11-24,-39.5,145.59,118.23,-24.95,52.12,20.14
2022-11-25,2.57,90.44,77.62,-6.62,52.28,85.77
2022-11-28,-17.23,113.51,55.68,2.11,68.79,83.26
2022-11-29,83.53,126.48,224.95,-15.9,104.91,8.46
2022-11-30,33.01,107.52,206.46,-12.24,11.48,44.67
2022-12-01,-71.17,90.5,79.54,-2.0,17.3,69.93
2022-12-02,-9.68,73.51,15.82,41.59,71.62,8.07
2022-12-05,15.65,85.65,62.94,-5.19,28.51,63.16
2022-12-06,37.76,107.79,142.94,-28.62,59.17,48.67
2022-12-07,-64.94,122.43,178.74,19.52,52.81,84.91
2022-12-08,-65.03,30.39,146.94,45.51,48.06,39.14
2022-12-09,-24.75,112.75,102.49,56.9,36.23,41.49
2022-12-12,38.53,71.9,30.59,-24.52,5.63,-17.25
2022-12-13,22.72,135.97,85.82,5.4,54.63,20.78
2022-12-14,19.94,46.61,127.88,38.63,-4.2,45.91
2022-12-15,-114.54,197.75,77.25,38.76,93.5,32.24
2022-12-16,-145.91,112.25,31.74,-21.45,43.12,76.88
2022-12-19,-38.4,120.11,160.97,23.47,81.94,46.96
2022-12-20,-11.04,189.47,57.27,-6.58,33.89,32.07
2022-12-21,-16.23,50.1,66.69,-29.34,77.73,-8.87
2022-12-22,2.9,106.76,170.95,-44.35,28.05,84.26
2022-12-23,-69.74,116.42,16.99,0.1,73.31,24.62
2022-12-26,103.53,71.79,133.1,-12.64,43.78,61.76
2022-12-27,-74.61,169.81,139.76,16.46,92.44,74.93
2022-12-28,35.86,40.95,190.45,20.79,15.46,50.96
2022-12-29,58.08,104.65,59.68,-62.22,84.61,42.28
2022-12-30,-81.09,60.36,146.39,-19.2,24.63,102.5
2023-01-02,-27.26,121.26,111.33,-28.29,27.95,31.24
2023-01-03,-2.52,97.69,101.16,-14.5,-14.39,76.54
2023-01-04,-31.73,87.58,79.86,29.09,45.85,84.51
2023-01-05,-77.89,37.83,-53.72,2.28,101.96,95.84
2023-01-06,-1.81,66.56,92.94,-3.97,56.53,12.07
2023-01-09,-24.45,158.78,51.77,-14.05,41.58,21.19
2023-01-10,-38.66,114.41,93.74,25.61,-30.55,76.04
2023-01-11,5.53,154.92,102.22,4.56,92.08,37.56
2023-01-12,11.94,155.6,110.72,-5.78,67.22,74.93
2023-01-13,-21.71,57.19,82.22,40.14,30.71,11.2
2023-01-16,-36.08,137.22,169.05,37.15,18.33,71.6
2023-01-17,-2.25,20.24,42.22,-56.99,10.98,16.07
2023-01-18,-87.34,96.22,49.87,-26.32,34.39,-24.1
2023-01-19,-59.04,131.44,225.87,6.02,27.49,36.12
2023-01-20,12.1,149.84,67.72,-23.43,26.71,48.57
2023-01-23,5.83,96.72,132.23,-17.31,48.44,37.44
2023-01-24,15.51,-4.45,41.74,15.3,-31.66,29.62
2023-01-25,-61.46,68.1,155.14,-2.03,47.14,62.18
2023-01-26,-6.13,87.59,171.62,-69.04,59.54,57.24
2023-01-27,-63.09,119.5,150.08,20.97,32.02,55.46
2023-01-30,-19.95,76.83,47.98,10.83,77.33,65.85
2023-01-31,5.0,85.9,125.26,-40.42,33.87,33.69
2023-02-01,-92.69,73.59,50.05,8.84,26.96,52.42
2023-02-02,-23.01,88.37,126.91,26.32,28.0,52.58
2023-02-03,-46.5,10.27,168.74,58.09,63.11,23.36
2023-02-06,-10.75,151.59,169.42,-42.25,80.28,92.34
2023-02-07,71.24,61.08,206.39,-3.41,51.58,81.76
2023-02-08,-29.96,192.85,67.9,18.22,21.2,71.12
2023-02-09,8.99,6.31,181.12,-27.4,136.64,76.55
2023-02-10,41.98,105.53,149.53,-1.29,68.0,3.22
2023-02-13,-54.76,47.82,173.85,-17.2,51.41,47.56
2023-02-14,-30.45,106.37,15.74,19.22,48.29,7.97
2023-02-15,6.12,114.54,160.41,43.91,57.56,52.2
2023-02-16,-16.74,32.15,153.32,-45.33,23.04,36.68
2023-02-17,1.18,1.58,71.24,-36.12,48.17,42.31
2023-02-20,5.26,105.0,120.26,-47.4,62.04,58.69
2023-02-21,-27.54,72.25,147.32,-24.25,68.4,67.62
2023-02-22,-80.3,-59.25,152.41,-46.31,2.02,83.78
2023-02-23,-84.97,43.09,98.64,-43.91,77.1,46.79
2023-02-24,-45.07,12.9,66.68,14.69,79.5,53.26
2023-02-27,13.85,80.7,144.08,-1.99,41.48,72.88
2023-02-28,43.03,96.77,88.93,-48.63,62.49,101.35
2023-03-01,-27.31,98.55,67.51,-28.58,24.76,7.62
2023-03-02,-62.84,110.94,62.12,16.59,39.66,36.32
2023-03-03,-65.92,140.57,161.22,-26.85,7.57,-4.32
2023-03-06,-18.0,80.39,24.6,-29.1,41.24,23.19
2023-03-07,-55.61,137.04,42.13,-22.26,61.71,78.06
2023-03-08,-30.08,72.38,182.73,29.15,5.43,3.34
2023-03-09,-11.53,88.58,35.0,-49.69,69.36,84.31
2023-03-10,55.8,16.83,152.13,-26.25,6.9,83.16
2023-03-13,43.83,102.95,97.25,14.56,85.1,48.61
2023-03-14,-94.54,136.83,48.86,38.41,54.85,70.79
2023-03-15,-14.19,4.05,-38.81,-19.02,58.25,63.78
2023-03-16,-76.46,89.28,72.14,-18.41,104.32,71.45
2023-03-17,36.34,72.28,183.0,37.6,41.07,68.23
2023-03-20,28.13,135.85,80.1,-1.03,44.6,46.88
2023-03-21,-92.83,96.39,79.13,-18.83,65.1,-12.95
2023-03-22,24.15,158.24,103.83,7.02,53.03,46.46
2023-03-23,2.96,184.81,125.75,-9.9,67.86,57.51
2023-03-24,24.09,136.53,112.06,-25.85,-7.5,3.16
2023-03-27,89.71,96.59,97.65,-37.34,-29.04,34.73
2023-03-28,34.02,123.23,150.71,4.14,2.84,38.46
2023-03-29,15.46,146.4,52.14,-40.7,33.64,31.04
2023-03-30,-46.51,198.75,162.29,-39.52,31.65,81.98
2023-03-31,-25.4,112.34,40.19,12.41,35.92,111.66
2023-04-03,1.12,73.96,-48.91,44.96,40.01,67.84
2023-04-04,48.52,85.34,212.43,9.72,77.84,7.75
2023-04-05,-52.37,112.54,82.84,38.16,89.63,96.79
2023-04-06,-92.32,97.68,35.61,-17.89,61.83,47.27
2023-04-07,59.34,82.47,90.26,32.08,79.2,118.15
2023-04-10,58.05,74.55,83.81,-6.32,46.43,75.31
2023-04-11,-54.25,54.78,45.08,-37.79,64.36,69.57
2023-04-12,91.92,50.6,53.2,7.85,72.11,32.77
2023-04-13,15.12,11.05,96.2,22.03,59.11,72.8
2023-04-14,29.03,176.15,89.79,79.72,82.34,54.6
2023-04-17,-50.39,53.31,16.94,-4.53,44.45,2.31
2023-04-18,52.87,116.76,72.52,-38.64,21.58,103.88
2023-04-19,-34.46,68.48,124.16,39.54,34.05,23.02
2023-04-20,-69.56,78.74,95.32,-37.51,56.62,92.14
2023-04-21,-19.81,99.87,113.86,56.89,57.72,99.27
2023-04-24,52.12,135.82,137.97,17.01,77.55,56.67
2023-04-25,49.91,81.96,75.07,36.95,45.82,72.76
2023-04-26,42.55,104.5,145.76,6.72,13.0,16.56
2023-04-27,-29.75,29.89,183.05,-4.22,88.14,13.16
2023-04-28,27.89,52.15,26.1,-39.3,73.71,32.76
2023-05-01,-30.03,52.97,114.33,13.2,53.14,76.96
2023-05-02,29.75,185.05,93.42,-16.97,42.21,25.97
2023-05-03,-29.48,148.89,81.02,-11.25,29.2,67.12
2023-05-04,-46.99,90.9,90.51,-12.6,52.29,72.98
2023-05-05,-30.25,89.34,86.17,-25.82,88.63,65.54
2023-05-08,-16.2,140.17,151.27,17.35,88.9,83.23
2023-05-09,-37.62,66.86,41.54,-55.81,23.19,-26.95
2023-05-10,-0.01,7.67,198.23,-13.59,55.15,37.03
2023-05-11,-20.54,142.0,10.2,-3.35,41.49,60.7
2023-05-12,-51.44,178.52,-16.82,-9.88,77.35,61.42
2023-05-15,26.42,187.05,83.28,47.04,-3.68,69.98
2023-05-16,-16.64,93.88,111.73,-19.64,73.59,52.75
2023-05-17,-23.92,79.73,133.15,-14.6,77.59,27.01
2023-05-18,-51.83,79.42,110.81,5.11,128.74,29.7
2023-05-19,52.05,73.19,120.97,8.56,42.65,-5.09
2023-05-22,4.97,36.53,269.83,-7.82,58.47,0.34
2023-05-23,-66.95,204.67,47.12,44.08,91.35,38.01
2023-05-24,17.7,103.87,107.97,31.72,82.29,38.32
2023-05-25,33.32,52.36,29.1,-10.84,49.2,-17.68
2023-05-26,-40.69,-0.96,73.01,11.71,39.59,49.74
2023-05-29,-22.23,131.43,42.42,-23.1,-0.62,69.13
2023-05-30,-19.28,13.71,188.03,-9.66,28.57,44.83
2023-05-31,49.98,148.48,137.81,-47.39,50.47,86.83
2023-06-01,9.52,117.97,110.19,-34.78,113.71,62.25
2023-06-02,52.14,74.22,141.2,-51.52,37.66,62.11
2023-06-05,37.7,122.26,111.36,-10.16,50.74,64.19
2023-06-06,-17.21,129.83,139.86,15.88,58.35,57.41
2023-06-07,-27.67,204.75,127.35,-35.57,92.43,55.36
2023-06-08,6.64,207.61,96.91,-51.72,82.79,90.7
2023-06-09,-58.06,103.66,91.96,-4.29,48.28,6.54
2023-06-12,20.84,192.84,35.93,-21.41,81.29,54.66
2023-06-13,0.57,112.05,67.55,-31.87,26.26,96.92
2023-06-14,56.82,205.66,55.62,16.52,52.93,19.48
2023-06-15,9.42,107.18,23.21,24.33,18.57,7.12
2023-06-16,-24.66,158.78,125.62,31.15,96.9,115.16
2023-06-19,84.99,131.7,107.58,-20.86,38.63,81.53
2023-06-20,50.29,130.55,97.65,-0.73,41.97,51.23
2023-06-21,51.51,77.79,93.88,23.47,36.88,72.82
2023-06-22,95.29,168.5,104.37,-16.15,38.66,110.26
2023-06-23,30.41,146.16,104.3,-22.06,88.42,44.55
2023-06-26,-30.89,91.72,-18.48,-18.36,80.31,52.18
2023-06-27,82.75,142.22,72.5,38.78,45.37,64.78
2023-06-28,-19.65,132.4,111.96,0.49,98.9,29.29
2023-06-29,-12.44,189.38,248.22,-17.16,52.4,73.42
2023-06-30,-42.35,65.99,167.3,17.42,61.38,9.45
2023-07-03,14.21,72.08,113.45,44.25,60.84,50.92
2023-07-04,30.01,103.54,76.04,19.37,123.04,13.61
2023-07-05,59.47,107.88,120.83,-6.91,75.27,117.95
2023-07-06,-14.15,87.18,-17.69,-84.24,46.8,16.37
2023-07-07,-6.42,131.78,97.38,-1.04,98.19,-7.53
2023-07-10,-53.54,151.35,204.15,-67.98,42.26,84.14
2023-07-11,-53.42,94.35,149.26,-4.85,67.2,65.49
2023-07-12,12.93,75.35,69.71,-11.92,32.57,80.91
2023-07-13,-58.69,115.05,71.98,37.74,59.07,40.82
2023-07-14,5.14,113.14,119.77,-10.3,53.18,-0.97
2023-07-17,22.55,20.17,106.19,-19.45,45.74,43.1
2023-07-18,-7.62,88.22,80.25,-15.91,129.34,87.84
2023-07-19,60.38,95.91,108.79,-18.15,36.61,13.18
2023-07-20,7.3,170.53,94.21,10.55,67.5,48.2
2023-07-21,3.91,88.53,141.5,12.9,47.2,57.89
2023-07-24,1.88,14.05,116.28,3.58,13.62,-25.52
2023-07-25,-53.18,52.52,65.56,-48.78,100.59,89.59
2023-07-26,33.07,86.81,146.3,72.08,61.65,54.22
2023-07-27,-7.44,128.22,61.62,36.68,102.53,82.65
2023-07-28,-9.21,145.33,49.03,-4.9,26.04,29.76
2023-07-31,0.25,104.59,112.39,-20.67,106.49,62.95
2023-08-01,8.55,54.13,116.91,-24.94,25.4,82.55
2023-08-02,34.42,76.28,173.28,2.45,69.14,65.96
2023-08-03,-56.95,40.35,112.99,-12.41,16.25,48.39
2023-08-04,36.57,149.95,155.99,8.2,21.1,33.2
2023-08-07,-63.3,116.11,116.09,26.55,-4.46,54.76
2023-08-08,7.78,95.67,45.95,-25.28,82.68,42.97
2023-08-09,12.86,187.43,123.72,40.8,44.3,46.98
2023-08-10,1.61,85.98,104.15,58.25,-12.01,38.24
2023-08-11,75.03,76.9,162.58,-24.85,-2.31,-3.45
2023-08-14,-58.93,33.34,143.67,39.85,38.64,89.81
2023-08-15,33.82,73.61,147.55,29.35,56.67,-10.57
2023-08-16,-49.73,107.47,101.43,-55.68,40.49,61.46
2023-08-17,-106.51,67.28,21.64,62.56,24.83,53.08
2023-08-18,-96.28,153.9,141.88,-43.5,57.93,15.91
2023-08-21,-5.61,206.24,92.94,19.3,82.91,89.78
2023-08-22,-24.59,62.18,108.48,65.21,37.97,49.08
2023-08-23,78.81,145.6,98.18,-1.39,3.72,33.35
2023-08-24,53.63,80.55,120.18,-22.51,55.74,139.79
2023-08-25,-59.02,129.74,121.0,-36.38,19.11,22.66
2023-08-28,22.11,187.29,156.06,-36.34,54.81,108.98
2023-08-29,-26.96,91.76,104.85,7.34,34.47,32.25
2023-08-30,16.18,216.27,71.88,-1.35,53.71,29.38
2023-08-31,104.86,131.15,117.95,56.67,64.4,46.38
2023-09-01,7.97,68.95,138.67,-49.5,32.38,40.8
2023-09-04,-27.08,88.99,70.02,-8.01,76.11,55.26
2023-09-05,-11.95,11.81,82.92,-28.74,34.21,81.2
2023-09-06,8.02,163.55,49.57,31.86,25.45,48.97
2023-09-07,-21.89,11.89,187.56,-14.45,51.54,19.71
2023-09-08,32.84,140.31,138.91,9.67,51.24,8.32
2023-09-11,16.0,78.26,81.87,-22.58,76.86,15.58
2023-09-12,108.17,171.2,81.13,-62.88,70.98,3.33
2023-09-13,-76.48,80.22,116.83,17.79,32.63,65.29
2023-09-14,-27.95,0.58,126.87,-29.7,45.62,54.42
2023-09-15,-18.25,86.86,94.53,-29.4,17.38,77.4
2023-09-18,12.24,60.69,51.23,-8.34,3.31,20.45
2023-09-19,1.89,140.43,59.16,-1.2,38.23,19.17
2023-09-20,-4.73,145.96,86.61,-22.03,6.79,67.61
2023-09-21,28.79,33.26,150.99,38.03,101.34,5.31
2023-09-22,75.92,195.84,53.64,-8.03,95.38,-5.05
2023-09-25,5.29,106.52,160.93,22.48,63.07,28.64
2023-09-26,10.95,143.77,15.09,-25.7,28.97,103.79
2023-09-27,-88.12,138.22,88.65,-17.24,58.97,27.74
2023-09-28,-78.25,62.61,40.41,27.17,86.02,-11.11
2023-09-29,-79.05,101.47,117.34,-42.45,38.15,15.19
2023-10-02,3.31,208.11,42.22,-59.68,24.74,36.61
2023-10-03,-79.33,117.24,138.09,-20.95,0.67,51.21
2023-10-04,15.95,170.69,176.83,-26.96,-7.38,59.18
2023-10-05,10.26,93.04,84.87,6.16,32.21,43.3
2023-10-06,58.79,109.67,-3.31,22.17,74.43,65.7
2023-10-09,-62.39,137.62,154.27,-6.96,16.02,16.83
2023-10-10,13.0,122.73,128.94,17.28,103.0,91.38
2023-10-11,23.35,132.58,101.23,-25.07,87.17,35.26
2023-10-12,-109.46,180.12,153.42,-44.43,95.68,59.4
2023-10-13,-21.72,32.31,31.76,-17.71,-1.97,42.4
2023-10-16,18.33,18.12,103.79,27.53,73.67,52.38
2023-10-17,-42.51,108.04,3.27,-11.86,43.15,16.26
2023-10-18,35.35,134.1,214.8,26.74,5.03,46.56
2023-10-19,7.64,101.79,205.01,9.08,19.46,91.58
2023-10-20,129.26,101.85,150.79,-7.79,-5.76,43.45
2023-10-23,-60.67,100.53,121.61,40.8,62.86,-7.81
2023-10-24,9.52,175.89,106.09,10.05,8.51,0.76
2023-10-25,4.98,109.73,78.17,63.15,92.82,11.3
2023-10-26,-73.3,102.5,106.93,-62.81,75.28,73.23
2023-10-27,-7.3,132.44,182.27,9.46,51.92,112.73
2023-10-30,75.72,75.16,26.0,14.77,52.15,25.79
2023-10-31,-62.1,89.02,107.2,-12.73,54.0,13.48
2023-11-01,75.37,75.96,14.51,-49.97,60.81,62.58
2023-11-02,-31.94,131.0,108.67,-26.4,42.93,30.92
2023-11-03,-57.99,60.56,85.73,17.98,92.71,113.0
2023-11-06,-49.14,33.58,205.49,49.49,11.61,1.6
2023-11-07,-40.64,75.27,79.29,26.43,-8.04,52.37
2023-11-08,-12.24,21.13,148.94,-1.3,48.72,39.52
2023-11-09,-33.18,48.18,67.63,14.5,134.45,56.88
2023-11-10,19.03,82.53,24.54,12.24,57.02,-18.9
2023-11-13,6.91,109.17,80.69,23.4,23.49,68.72
2023-11-14,30.6,-13.2,239.55,52.37,10.6,11.17
2023-11-15,21.6,67.86,110.91,-32.03,56.06,62.18
2023-11-16,43.94,47.83,171.74,-31.69,46.02,57.62
2023-11-17,-9.08,192.22,166.19,-14.48,-12.07,69.97
2023-11-20,-78.17,137.99,120.02,-36.82,46.48,30.1
2023-11-21,-21.62,99.39,70.46,45.08,63.7,87.01
2023-11-22,34.52,118.81,-19.7,-2.8,106.93,51.86
2023-11-23,100.44,8.98,44.06,-17.93,61.33,87.39
2023-11-24,-94.43,67.8,156.22,-32.56,67.36,47.83
2023-11-27,29.3,74.24,85.45,-11.15,71.69,75.27
2023-11-28,78.67,13.02,131.88,-26.76,36.6,63.09
2023-11-29,47.17,209.43,143.13,-1.03,18.85,87.2
2023-11-30,-28.29,141.62,150.28,-1.04,69.58,95.28
2023-12-01,16.04,122.28,76.25,2.73,-37.81,92.81
2023-12-04,-36.19,66.55,182.0,-46.51,-3.12,40.85
2023-12-05,-21.04,122.6,87.22,-22.0,18.11,56.48
2023-12-06,38.79,137.24,137.26,32.22,-14.07,71.63
2023-12-07,32.3,99.47,74.09,16.1,41.56,66.99
2023-12-08,10.67,102.4,193.21,-0.51,86.49,39.33
2023-12-11,-13.97,190.3,126.52,-26.2,43.6,66.13
2023-12-12,-9.15,98.21,43.05,5.57,29.51,92.13
2023-12-13,-39.98,130.49,90.61,-51.48,26.02,0.94
2023-12-14,-52.3,155.1,152.26,-21.74,50.41,29.33
2023-12-15,-21.42,19.68,125.55,-5.53,28.51,17.64
2023-12-18,49.56,34.34,98.89,-21.61,43.95,78.02
2023-12-19,69.27,-13.26,138.0,-20.75,44.54,30.97
2023-12-20,20.51,110.62,135.43,25.44,38.62,72.71
2023-12-21,-6.47,113.11,92.01,40.02,-26.46,-9.44
2023-12-22,42.16,67.72,213.53,31.66,48.97,51.32
2023-12-25,12.5,116.62,142.99,-37.65,31.22,29.95
2023-12-26,25.46,173.27,100.09,27.79,89.87,5.67
2023-12-27,-58.22,7.67,117.52,-47.69,44.62,49.36
2023-12-28,42.32,15.72,98.65,36.37,90.58,-26.57
2023-12-29,63.0,71.21,144.51,9.27,53.19,42.99
2024-01-01,-49.98,142.74,137.56,29.38,13.45,1.5
2024-01-02,-38.57,101.63,60.24,-13.91,51.6,102.37
2024-01-03,90.74,136.89,244.19,-10.09,79.53,56.93
2024-01-04,58.52,30.04,82.23,-23.75,87.42,87.22
2024-01-05,10.33,88.35,83.48,49.59,24.54,2.14
2024-01-08,42.02,81.08,26.04,-49.73,48.14,43.02
2024-01-09,-33.76,83.75,53.37,32.98,27.24,86.85
2024-01-10,22.98,45.03,25.53,-5.79,25.48,50.07
2024-01-11,-54.13,85.39,50.62,69.03,42.62,57.79
2024-01-12,89.48,182.67,57.48,66.75,54.2,68.67
2024-01-15,-48.99,124.02,94.87,-13.86,9.0,66.24
2024-01-16,-39.73,99.65,161.74,67.06,90.81,56.37
2024-01-17,-39.3,78.45,137.07,-76.85,62.44,97.73
2024-01-18,-61.9,130.48,7.71,3.26,71.62,87.86
2024-01-19,15.28,11.24,64.79,-30.4,76.67,88.66
2024-01-22,-57.1,99.05,129.7,-22.79,-6.51,42.05
2024-01-23,136.34,77.86,70.49,31.68,40.82,36.46
2024-01-24,-18.42,171.44,125.33,22.46,2.78,13.65
2024-01-25,-19.81,139.11,116.9,47.35,17.46,83.8
2024-01-26,73.73,173.63,53.89,42.4,77.39,25.12
2024-01-29,112.2,63.33,134.19,-33.73,55.21,62.35
2024-01-30,28.41,67.97,106.24,14.0,67.52,36.75
2024-01-31,-66.12,68.83,64.9,-32.26,-6.77,21.29
2024-02-01,-12.81,15.76,176.66,34.18,73.76,32.33
2024-02-02,51.73,113.34,125.23,40.55,35.04,93.91
2024-02-05,-17.07,49.95,115.69,8.89,27.14,66.07
2024-02-06,-9.41,142.12,162.59,-38.92,-13.03,14.68
2024-02-07,45.78,121.34,148.29,-9.35,49.63,35.18
2024-02-08,24.65,241.92,149.28,0.24,40.87,50.89
2024-02-09,102.63,60.39,134.99,11.23,29.38,15.44
2024-02-12,33.75,103.53,172.37,18.48,70.27,90.46
2024-02-13,-15.83,66.79,104.15,36.05,107.62,45.73
2024-02-14,46.24,122.89,155.83,-10.16,63.04,-40.34
2024-02-15,-20.03,18.57,157.87,-41.98,32.85,27.84
2024-02-16,-8.99,66.85,174.06,-21.66,79.54,44.06
2024-02-19,43.81,105.42,180.24,-41.74,24.47,35.7
2024-02-20,69.21,101.48,149.3,48.5,73.63,80.13
2024-02-21,-6.68,34.07,109.74,-29.29,77.6,64.4
2024-02-22,36.92,58.69,102.91,4.78,16.85,55.23
2024-02-23,-20.81,86.33,114.93,29.57,49.75,119.99
2024-02-26,5.8,5.1,129.67,-7.97,87.73,65.25
2024-02-27,28.79,137.74,206.66,-18.9,34.49,27.76
2024-02-28,-28.72,177.04,80.41,19.61,50.7,47.71
2024-02-29,58.49,76.79,146.39,-3.11,92.1,56.47
2024-03-01,-38.2,58.38,76.62,60.7,98.8,14.42
2024-03-04,-65.31,114.15,74.02,15.87,74.69,25.03
2024-03-05,19.64,84.41,135.46,4.27,26.36,55.12
2024-03-06,21.55,135.83,159.0,-29.11,1.5,33.9
2024-03-07,24.32,52.74,48.93,-62.47,85.37,1.73
2024-03-08,-57.29,86.22,133.92,12.56,44.25,103.54
2024-03-11,80.42,85.98,144.34,-6.97,35.87,52.37
2024-03-12,-9.96,132.06,128.32,-14.89,116.47,28.52
2024-03-13,41.57,105.33,75.1,-25.14,136.74,-0.31
2024-03-14,-78.02,31.19,131.45,-38.45,12.69,50.16
2024-03-15,16.96,93.73,106.7,36.26,52.25,38.16
2024-03-18,2.7,71.7,128.18,-52.13,10.58,12.06
2024-03-19,42.47,153.31,136.42,-29.7,-6.46,31.3
2024-03-20,17.26,183.64,-10.02,1.42,43.24,18.81
2024-03-21,-50.21,115.35,140.46,17.1,63.73,79.56
2024-03-22,-32.2,100.85,65.66,-12.34,24.83,56.22
2024-03-25,22.2,45.68,113.58,-67.29,18.42,3.44
2024-03-26,30.63,11.75,115.88,13.93,53.0,31.24
2024-03-27,138.81,134.01,147.31,-25.86,6.19,40.49
2024-03-28,-22.55,29.77,107.84,-15.26,73.86,70.34
2024-03-29,-14.91,46.43,136.15,14.41,42.49,47.94
2024-04-01,-69.01,79.37,39.96,-50.93,35.77,38.98
2024-04-02,-59.0,90.8,187.22,-13.01,55.37,12.01
2024-04-03,-14.28,138.5,189.26,38.85,52.19,37.74
2024-04-04,-34.32,99.66,70.75,11.25,4.75,135.81
2024-04-05,54.89,54.85,-16.9,31.95,0.45,86.32
2024-04-08,31.0,124.21,48.42,-21.19,38.48,18.12
2024-04-09,-17.39,-61.95,133.61,59.61,98.39,44.99
2024-04-10,-60.67,88.54,108.7,4.02,13.7,81.63
2024-04-11,3.61,-1.86,69.34,63.22,48.86,41.95
2024-04-12,-37.0,78.99,107.73,5.49,112.07,27.51
2024-04-15,36.64,116.51,2.58,23.63,18.05,51.43
2024-04-16,14.42,147.95,112.0,-35.35,62.64,60.83
2024-04-17,-61.83,115.75,106.58,-20.26,26.73,8.92
2024-04-18,9.42,194.91,14.54,8.28,31.14,91.95
2024-04-19,89.1,29.33,78.73,25.86,68.24,44.14
2024-04-22,-90.93,74.16,48.56,-27.99,47.98,45.29
2024-04-23,-10.5,58.41,129.27,17.61,61.26,44.37
2024-04-24,2.81,110.66,157.86,-20.17,31.59,63.65
2024-04-25,31.23,174.92,50.25,29.82,40.91,55.64
2024-04-26,-20.54,64.6,69.23,-5.08,21.69,49.5
2024-04-29,-30.23,85.77,56.97,-19.05,31.46,51.57
2024-04-30,24.8,258.49,138.03,0.45,92.39,73.39
2024-05-01,19.42,99.03,162.23,-19.47,102.27,70.89
2024-05-02,50.08,52.92,23.52,7.79,71.27,-2.51
2024-05-03,-4.07,155.79,197.95,6.41,84.24,81.82
2024-05-06,73.46,127.58,102.09,45.71,60.61,11.53
2024-05-07,-16.22,126.22,90.15,16.3,24.18,79.14
2024-05-08,-12.63,95.34,182.0,27.56,59.0,57.76
2024-05-09,-3.63,69.02,101.52,-34.13,37.74,12.9
2024-05-10,-12.33,126.41,-0.05,1.07,62.53,86.94
2024-05-13,-30.4,66.68,123.57,-33.07,87.59,52.14
2024-05-14,-68.46,-34.5,149.76,-24.15,58.0,77.31
2024-05-15,85.26,118.63,42.4,-6.27,56.29,68.56
2024-05-16,-38.15,135.4,129.91,34.07,62.57,21.02
2024-05-17,1.32,67.3,104.55,-39.5,53.44,46.77
2024-05-20,29.56,217.04,92.61,10.04,56.01,36.54
2024-05-21,65.01,235.88,107.99,5.95,-3.89,46.85
2024-05-22,54.45,212.94,50.23,1.81,94.24,66.98
2024-05-23,-5.3,66.86,125.53,-27.17,46.42,25.15
2024-05-24,-15.98,116.84,-11.47,-45.47,82.03,57.04
2024-05-27,18.31,50.98,60.58,34.75,45.01,44.51
2024-05-28,74.49,49.49,88.89,-0.4,43.19,-5.08
2024-05-29,-66.82,100.17,156.85,26.96,34.89,31.33
2024-05-30,-24.87,63.33,-5.35,20.24,52.88,67.76
2024-05-31,-22.98,95.15,144.43,-41.85,82.03,35.85
2024-06-03,-19.77,149.5,116.12,-63.47,37.13,57.71
2024-06-04,-85.28,117.23,123.47,-30.09,16.23,39.26
2024-06-05,-37.21,69.72,134.79,-31.67,60.75,21.21
2024-06-06,47.89,141.5,67.78,-14.43,109.32,33.6
2024-06-07,67.05,28.29,94.73,27.03,30.15,61.7
2024-06-10,120.13,130.03,120.58,16.34,-24.06,49.53
2024-06-11,3.72,109.78,131.37,43.55,43.69,19.45
2024-06-12,-83.77,65.31,149.77,-41.32,42.19,32.09
2024-06-13,34.45,67.14,106.37,0.05,35.38,51.33
2024-06-14,-10.53,-62.77,60.77,2.38,72.8,31.55
