date,HIBOR_Overnight
2000-01-03,4.9732
2000-01-04,1.1003
2000-01-05,1.2741
2000-01-06,2.8435
2000-01-07,4.3106
2000-01-10,2.7061
2000-01-11,3.7315
2000-01-12,4.3386
2000-01-13,3.4935
2000-01-14,2.7677
2000-01-17,3.3969
2000-01-18,4.2677
2000-01-19,4.1825
2000-01-20,4.4194
2000-01-21,5.4209
2000-01-24,4.6191
2000-01-25,1.8727
2000-01-26,3.6131
2000-01-27,4.2035
2000-01-28,2.2402
2000-01-31,1.6183
2000-02-01,2.6899
2000-02-02,0.3968
2000-02-03,6.2325
2000-02-04,1.6491
2000-02-07,3.3853
2000-02-08,5.8112
2000-02-09,4.8722
2000-02-10,4.8895
2000-02-11,-0.793
2000-02-14,4.8723
2000-02-15,3.7914
2000-02-16,5.9794
2000-02-17,1.3018
2000-02-18,3.6995
2000-02-21,5.0665
2000-02-22,4.4289
2000-02-23,2.6785
2000-02-24,2.5796
2000-02-25,1.6842
2000-02-28,3.2836
2000-02-29,3.815
2000-03-01,2.3531
2000-03-02,4.5894
2000-03-03,3.591
2000-03-06,4.6883
2000-03-07,6.7236
2000-03-08,4.2937
2000-03-09,3.3472
2000-03-10,-0.2979
2000-03-13,3.6131
2000-03-14,3.1431
2000-03-15,3.5206
2000-03-16,4.7906
2000-03-17,4.2238
2000-03-20,1.9298
2000-03-21,3.3479
2000-03-22,2.125
2000-03-23,5.7662
2000-03-24,4.1677
2000-03-27,2.9516
2000-03-28,2.4999
2000-03-29,2.8447
2000-03-30,4.9679
2000-03-31,2.4804
2000-04-03,0.9887
2000-04-04,5.0884
2000-04-05,2.2607
2000-04-06,0.7474
2000-04-07,3.9553
2000-04-10,0.5938
2000-04-11,3.8572
2000-04-12,2.539
2000-04-13,3.654
2000-04-14,2.1318
2000-04-17,0.4256
2000-04-18,4.6541
2000-04-19,4.9344
2000-04-20,2.7538
2000-04-21,4.852
2000-04-24,0.5231
2000-04-25,3.9179
2000-04-26,4.46
2000-04-27,1.466
2000-04-28,2.8464
2000-05-01,4.0701
2000-05-02,4.344
2000-05-03,3.2568
2000-05-04,3.2266
2000-05-05,2.6716
2000-05-08,2.4839
2000-05-09,4.4733
2000-05-10,2.1718
2000-05-11,2.5003
2000-05-12,2.278
2000-05-15,2.8474
2000-05-16,3.2222
2000-05-17,1.0339
2000-05-18,3.2727
2000-05-19,3.3339
2000-05-22,2.5031
2000-05-23,3.627
2000-05-24,0.5696
2000-05-25,2.7509
2000-05-26,4.1883
2000-05-29,3.8551
2000-05-30,3.3953
2000-05-31,4.2585
2000-06-01,2.6108
2000-06-02,4.2624
2000-06-05,2.2737
2000-06-06,4.8408
2000-06-07,3.3867
2000-06-08,3.4006
2000-06-09,1.617
2000-06-12,4.1143
2000-06-13,0.8712
2000-06-14,1.9051
2000-06-15,2.6656
2000-06-16,3.8986
2000-06-19,2.4476
2000-06-20,1.8135
2000-06-21,1.4403
2000-06-22,3.8122
2000-06-23,3.6545
2000-06-26,3.3511
2000-06-27,4.9348
2000-06-28,4.878
2000-06-29,-0.358
2000-06-30,2.0249
2000-07-03,2.1947
2000-07-04,5.106
2000-07-05,1.7048
2000-07-06,0.3814
2000-07-07,2.1821
2000-07-10,0.9194
2000-07-11,1.2567
2000-07-12,3.2121
2000-07-13,2.8061
2000-07-14,6.0145
2000-07-17,2.4182
2000-07-18,5.209
2000-07-19,1.1947
2000-07-20,0.8989
2000-07-21,1.7244
2000-07-24,4.4614
2000-07-25,2.7815
2000-07-26,2.1064
2000-07-27,4.2366
2000-07-28,1.7207
2000-07-31,-0.2623
2000-08-01,4.3607
2000-08-02,1.2047
2000-08-03,2.3869
2000-08-04,1.1494
2000-08-07,2.5324
2000-08-08,4.0736
2000-08-09,-1.1961
2000-08-10,2.2083
2000-08-11,2.6941
2000-08-14,1.3576
2000-08-15,2.318
2000-08-16,5.0707
2000-08-17,4.2664
2000-08-18,3.6782
2000-08-21,2.3047
2000-08-22,3.8961
2000-08-23,4.3092
2000-08-24,4.8758
2000-08-25,2.498
2000-08-28,4.7207
2000-08-29,6.229
2000-08-30,6.4501
2000-08-31,2.2249
2000-09-01,5.1591
2000-09-04,3.9238
2000-09-05,3.2786
2000-09-06,2.2829
2000-09-07,4.4047
2000-09-08,3.5779
2000-09-11,5.5542
2000-09-12,4.713
2000-09-13,6.0023
2000-09-14,3.0654
2000-09-15,1.2291
2000-09-18,5.3596
2000-09-19,4.9191
2000-09-20,4.7122
2000-09-21,2.6567
2000-09-22,1.0802
2000-09-25,6.4
2000-09-26,4.5921
2000-09-27,3.2957
2000-09-28,2.3398
2000-09-29,6.0541
2000-10-02,2.7141
2000-10-03,2.7377
2000-10-04,1.1957
2000-10-05,2.8763
2000-10-06,1.4456
2000-10-09,3.9596
2000-10-10,4.508
2000-10-11,1.7047
2000-10-12,3.8835
2000-10-13,2.496
2000-10-16,4.4651
2000-10-17,2.9495
2000-10-18,5.0836
2000-10-19,1.3079
2000-10-20,2.8567
2000-10-23,5.2424
2000-10-24,0.3201
2000-10-25,1.978
2000-10-26,3.2179
2000-10-27,5.5497
2000-10-30,2.9558
2000-10-31,2.4967
2000-11-01,3.2161
2000-11-02,3.9894
2000-11-03,4.3631
2000-11-06,2.0597
2000-11-07,5.1378
2000-11-08,1.6132
2000-11-09,5.6673
2000-11-10,3.2639
2000-11-13,2.1246
2000-11-14,3.2112
2000-11-15,1.9162
2000-11-16,5.1121
2000-11-17,2.6716
2000-11-20,3.8617
2000-11-21,1.5969
2000-11-22,3.7847
2000-11-23,4.4424
2000-11-24,-0.0099
2000-11-27,3.8824
2000-11-28,4.5297
2000-11-29,0.735
2000-11-30,5.7733
2000-12-01,1.8376
2000-12-04,2.7372
2000-12-05,4.1758
2000-12-06,3.4123
2000-12-07,4.0635
2000-12-08,0.277
2000-12-11,4.7519
2000-12-12,5.269
2000-12-13,2.0213
2000-12-14,1.5722
2000-12-15,2.5564
2000-12-18,2.4102
2000-12-19,4.6736
2000-12-20,0.6617
2000-12-21,2.9229
2000-12-22,4.1772
2000-12-25,1.9208
2000-12-26,3.0637
2000-12-27,3.5185
2000-12-28,3.4505
2000-12-29,0.7445
2001-01-01,2.9955
2001-01-02,1.358
2001-01-03,3.6117
2001-01-04,1.5384
2001-01-05,1.6212
2001-01-08,3.6621
2001-01-09,4.5046
2001-01-10,2.342
2001-01-11,1.373
2001-01-12,2.9467
2001-01-15,2.6623
2001-01-16,1.501
2001-01-17,3.8837
2001-01-18,3.8972
2001-01-19,2.1216
2001-01-22,1.439
2001-01-23,2.6669
2001-01-24,1.5085
2001-01-25,2.6408
2001-01-26,4.7661
2001-01-29,3.4999
2001-01-30,3.3702
2001-01-31,3.1183
2001-02-01,4.0202
2001-02-02,1.5027
2001-02-05,2.8824
2001-02-06,5.3134
2001-02-07,2.8014
2001-02-08,3.7902
2001-02-09,1.4982
2001-02-12,4.4813
2001-02-13,3.3359
2001-02-14,2.8322
2001-02-15,3.8342
2001-02-16,3.3735
2001-02-19,4.4704
2001-02-20,6.4084
2001-02-21,1.8905
2001-02-22,4.2667
2001-02-23,3.6025
2001-02-26,2.8949
2001-02-27,2.0771
2001-02-28,1.3909
2001-03-01,0.9945
2001-03-02,1.7661
2001-03-05,2.2207
2001-03-06,3.7435
2001-03-07,3.0335
2001-03-08,1.6975
2001-03-09,4.6322
2001-03-12,3.0249
2001-03-13,3.1769
2001-03-14,4.805
2001-03-15,1.0179
2001-03-16,3.9287
2001-03-19,5.592
2001-03-20,2.3622
2001-03-21,1.6936
2001-03-22,5.2504
2001-03-23,3.341
2001-03-26,1.7479
2001-03-27,1.6576
2001-03-28,3.319
2001-03-29,4.9743
2001-03-30,4.7852
2001-04-02,3.5781
2001-04-03,4.3059
2001-04-04,3.8491
2001-04-05,3.5662
2001-04-06,1.225
2001-04-09,0.8483
2001-04-10,4.0854
2001-04-11,3.3417
2001-04-12,3.149
2001-04-13,4.6166
2001-04-16,3.6632
2001-04-17,1.2001
2001-04-18,4.9673
2001-04-19,1.6877
2001-04-20,0.9362
2001-04-23,0.863
2001-04-24,3.1175
2001-04-25,-0.1415
2001-04-26,1.0466
2001-04-27,-1.2215
2001-04-30,1.0992
2001-05-01,4.2447
2001-05-02,2.9786
2001-05-03,1.4902
2001-05-04,3.849
2001-05-07,2.9503
2001-05-08,5.3699
2001-05-09,4.6255
2001-05-10,2.8595
2001-05-11,4.7002
2001-05-14,3.8338
2001-05-15,5.1365
2001-05-16,6.9947
2001-05-17,2.3248
2001-05-18,1.9024
2001-05-21,1.7011
2001-05-22,2.9336
2001-05-23,1.5267
2001-05-24,1.9482
2001-05-25,5.812
2001-05-28,-0.3115
2001-05-29,2.9257
2001-05-30,3.2088
2001-05-31,6.8574
2001-06-01,0.717
2001-06-04,3.365
2001-06-05,3.825
2001-06-06,3.0196
2001-06-07,2.4299
2001-06-08,3.8162
2001-06-11,3.6446
2001-06-12,3.4034
2001-06-13,4.3361
2001-06-14,3.4198
2001-06-15,1.4858
2001-06-18,1.8751
2001-06-19,4.1464
2001-06-20,3.204
2001-06-21,3.4218
2001-06-22,5.244
2001-06-25,1.3776
2001-06-26,3.6853
2001-06-27,1.2957
2001-06-28,1.623
2001-06-29,3.6762
2001-07-02,3.5506
2001-07-03,1.7934
2001-07-04,1.2893
2001-07-05,-0.6635
2001-07-06,1.404
2001-07-09,4.1351
2001-07-10,2.4082
2001-07-11,4.7647
2001-07-12,2.1426
2001-07-13,1.6331
2001-07-16,2.5183
2001-07-17,3.0326
2001-07-18,-0.6643
2001-07-19,0.6119
2001-07-20,2.9073
2001-07-23,1.6403
2001-07-24,3.9382
2001-07-25,1.9736
2001-07-26,1.5897
2001-07-27,3.9853
2001-07-30,3.0263
2001-07-31,3.0343
2001-08-01,3.4668
2001-08-02,4.8131
2001-08-03,4.1155
2001-08-06,3.6101
2001-08-07,3.0598
2001-08-08,2.5139
2001-08-09,3.2575
2001-08-10,4.4662
2001-08-13,3.6496
2001-08-14,4.4177
2001-08-15,5.5333
2001-08-16,5.4195
2001-08-17,2.4239
2001-08-20,2.5384
2001-08-21,2.2072
2001-08-22,4.2786
2001-08-23,4.2836
2001-08-24,4.9265
2001-08-27,2.8559
2001-08-28,3.0826
2001-08-29,2.7096
2001-08-30,5.6935
2001-08-31,2.9186
2001-09-03,4.6811
2001-09-04,1.5719
2001-09-05,3.6681
2001-09-06,3.4796
2001-09-07,3.0208
2001-09-10,1.4391
2001-09-11,2.2
2001-09-12,4.1523
2001-09-13,2.4692
2001-09-14,3.2444
2001-09-17,1.9908
2001-09-18,5.7277
2001-09-19,4.0324
2001-09-20,2.0751
2001-09-21,2.9105
2001-09-24,3.9737
2001-09-25,4.7741
2001-09-26,3.6253
2001-09-27,0.2708
2001-09-28,4.3606
2001-10-01,4.1452
2001-10-02,5.9858
2001-10-03,3.0448
2001-10-04,2.7572
2001-10-05,1.6201
2001-10-08,3.4685
2001-10-09,5.6581
2001-10-10,2.51
2001-10-11,2.383
2001-10-12,3.557
2001-10-15,4.6812
2001-10-16,6.518
2001-10-17,4.5547
2001-10-18,1.6899
2001-10-19,2.5431
2001-10-22,4.0719
2001-10-23,2.8719
2001-10-24,2.9388
2001-10-25,0.0794
2001-10-26,1.3625
2001-10-29,1.3166
2001-10-30,5.5503
2001-10-31,3.0215
2001-11-01,4.3871
2001-11-02,2.4985
2001-11-05,-1.2566
2001-11-06,2.2427
2001-11-07,3.1583
2001-11-08,3.5549
2001-11-09,3.7763
2001-11-12,1.5626
2001-11-13,1.945
2001-11-14,4.7349
2001-11-15,2.063
2001-11-16,2.0024
2001-11-19,4.6268
2001-11-20,-0.1907
2001-11-21,2.0585
2001-11-22,4.6433
2001-11-23,3.112
2001-11-26,3.4474
2001-11-27,3.9354
2001-11-28,3.4481
2001-11-29,2.6633
2001-11-30,2.9993
2001-12-03,1.8257
2001-12-04,2.0794
2001-12-05,2.3362
2001-12-06,1.9352
2001-12-07,4.5291
2001-12-10,4.4552
2001-12-11,2.5986
2001-12-12,3.5674
2001-12-13,3.724
2001-12-14,6.4222
2001-12-17,2.6474
2001-12-18,1.9861
2001-12-19,1.3041
2001-12-20,4.5357
2001-12-21,0.693
2001-12-24,2.8421
2001-12-25,2.1413
2001-12-26,1.7871
2001-12-27,4.1022
2001-12-28,2.7613
2001-12-31,1.7717
2002-01-01,2.145
2002-01-02,3.7137
2002-01-03,4.5196
2002-01-04,1.7636
2002-01-07,2.326
2002-01-08,2.4932
2002-01-09,2.0918
2002-01-10,2.8262
2002-01-11,4.1436
2002-01-14,1.7751
2002-01-15,3.7425
2002-01-16,0.1996
2002-01-17,3.0374
2002-01-18,4.1276
2002-01-21,1.4904
2002-01-22,4.713
2002-01-23,2.2846
2002-01-24,3.3679
2002-01-25,2.2011
2002-01-28,2.6976
2002-01-29,5.3827
2002-01-30,4.3959
2002-01-31,2.315
2002-02-01,4.1589
2002-02-04,0.5256
2002-02-05,1.8418
2002-02-06,0.7979
2002-02-07,3.9443
2002-02-08,1.822
2002-02-11,1.2122
2002-02-12,2.7694
2002-02-13,3.7958
2002-02-14,4.7071
2002-02-15,0.5598
2002-02-18,3.6036
2002-02-19,2.8617
2002-02-20,1.3185
2002-02-21,1.1661
2002-02-22,2.8996
2002-02-25,2.7732
2002-02-26,2.1361
2002-02-27,5.5702
2002-02-28,1.9642
2002-03-01,0.5121
2002-03-04,0.7074
2002-03-05,1.8608
2002-03-06,3.7084
2002-03-07,5.0887
2002-03-08,-0.1873
2002-03-11,1.431
2002-03-12,4.2376
2002-03-13,1.6154
2002-03-14,1.679
2002-03-15,3.3927
2002-03-18,3.3599
2002-03-19,3.7893
2002-03-20,2.8202
2002-03-21,1.0012
2002-03-22,4.2183
2002-03-25,1.2996
2002-03-26,3.5298
2002-03-27,-0.0502
2002-03-28,4.2723
2002-03-29,4.0515
2002-04-01,5.3388
2002-04-02,2.595
2002-04-03,2.5
2002-04-04,4.2203
2002-04-05,6.6185
2002-04-08,3.6759
2002-04-09,1.2748
2002-04-10,4.991
2002-04-11,5.3946
2002-04-12,2.3523
2002-04-15,2.8627
2002-04-16,3.8886
2002-04-17,4.1704
2002-04-18,3.2304
2002-04-19,2.9576
2002-04-22,1.01
2002-04-23,3.2122
2002-04-24,-0.1354
2002-04-25,1.9865
2002-04-26,0.7507
2002-04-29,-0.3184
2002-04-30,6.5183
2002-05-01,1.4102
2002-05-02,1.8236
2002-05-03,3.7479
2002-05-06,1.9282
2002-05-07,2.2512
2002-05-08,2.3858
2002-05-09,3.8021
2002-05-10,2.3243
2002-05-13,3.3755
2002-05-14,2.2656
2002-05-15,5.1016
2002-05-16,3.341
2002-05-17,4.0847
2002-05-20,2.8428
2002-05-21,4.6881
2002-05-22,3.138
2002-05-23,2.2937
2002-05-24,5.9881
2002-05-27,4.7124
2002-05-28,5.3144
2002-05-29,3.154
2002-05-30,3.9753
2002-05-31,2.7028
2002-06-03,5.4461
2002-06-04,1.206
2002-06-05,2.3355
2002-06-06,2.4674
2002-06-07,0.9513
2002-06-10,2.6029
2002-06-11,3.4486
2002-06-12,2.1708
2002-06-13,3.2349
2002-06-14,5.7087
2002-06-17,2.3819
2002-06-18,6.3526
2002-06-19,4.4016
2002-06-20,4.2953
2002-06-21,0.2182
2002-06-24,3.4748
2002-06-25,3.8193
2002-06-26,3.1421
2002-06-27,3.7368
2002-06-28,2.3021
2002-07-01,4.5942
2002-07-02,5.1628
2002-07-03,5.0985
2002-07-04,5.3976
2002-07-05,3.035
2002-07-08,0.9558
2002-07-09,1.9095
2002-07-10,2.4669
2002-07-11,6.3185
2002-07-12,1.8436
2002-07-15,2.7125
2002-07-16,1.6416
2002-07-17,3.4868
2002-07-18,1.7397
2002-07-19,1.0913
2002-07-22,2.7981
2002-07-23,2.0013
2002-07-24,2.5734
2002-07-25,1.5243
2002-07-26,3.8218
2002-07-29,3.1192
2002-07-30,4.957
2002-07-31,2.396
2002-08-01,2.885
2002-08-02,4.2353
2002-08-05,3.4534
2002-08-06,3.7323
2002-08-07,2.9515
2002-08-08,1.2827
2002-08-09,3.0036
2002-08-12,3.2563
2002-08-13,1.1469
2002-08-14,2.4853
2002-08-15,3.1115
2002-08-16,5.0265
2002-08-19,1.242
2002-08-20,1.0656
2002-08-21,5.4636
2002-08-22,4.0027
2002-08-23,2.8695
2002-08-26,0.8132
2002-08-27,2.9385
2002-08-28,2.1872
2002-08-29,3.5076
2002-08-30,2.1028
2002-09-02,3.2467
2002-09-03,0.1096
2002-09-04,4.4293
2002-09-05,4.9142
2002-09-06,0.4812
2002-09-09,1.8276
2002-09-10,5.4509
2002-09-11,4.0416
2002-09-12,3.8104
2002-09-13,4.079
2002-09-16,3.1329
2002-09-17,1.2682
2002-09-18,2.824
2002-09-19,3.6382
2002-09-20,2.7176
2002-09-23,3.9119
2002-09-24,4.3315
2002-09-25,-0.2345
2002-09-26,3.2806
2002-09-27,2.1079
2002-09-30,2.8936
2002-10-01,5.3344
2002-10-02,2.8259
2002-10-03,3.6456
2002-10-04,4.0936
2002-10-07,4.1621
2002-10-08,3.2964
2002-10-09,2.6187
2002-10-10,2.785
2002-10-11,2.029
2002-10-14,2.8238
2002-10-15,5.8655
2002-10-16,3.9063
2002-10-17,2.07
2002-10-18,0.8771
2002-10-21,4.4406
2002-10-22,1.2691
2002-10-23,4.6726
2002-10-24,0.739
2002-10-25,2.3983
2002-10-28,2.4484
2002-10-29,3.1073
2002-10-30,1.8349
2002-10-31,3.2728
2002-11-01,1.1784
2002-11-04,3.3596
2002-11-05,2.3182
2002-11-06,5.2954
2002-11-07,3.8097
2002-11-08,1.456
2002-11-11,3.3881
2002-11-12,3.005
2002-11-13,3.5607
2002-11-14,3.0529
2002-11-15,3.2947
2002-11-18,3.8364
2002-11-19,3.3357
2002-11-20,0.4729
2002-11-21,4.9558
2002-11-22,5.137
2002-11-25,3.9221
2002-11-26,0.7775
2002-11-27,2.9141
2002-11-28,2.9055
2002-11-29,3.9667
2002-12-02,3.6671
2002-12-03,5.4616
2002-12-04,4.92
2002-12-05,5.8883
2002-12-06,4.9304
2002-12-09,3.8542
2002-12-10,3.0081
2002-12-11,3.0427
2002-12-12,4.3503
2002-12-13,2.3655
2002-12-16,3.4
2002-12-17,2.0526
2002-12-18,5.6317
2002-12-19,1.1413
2002-12-20,3.4027
2002-12-23,6.1929
2002-12-24,0.6917
2002-12-25,-0.4775
2002-12-26,0.1774
2002-12-27,1.1827
2002-12-30,5.3009
2002-12-31,2.0033
2003-01-01,2.6085
2003-01-02,2.3574
2003-01-03,2.7533
2003-01-06,2.1269
2003-01-07,4.6863
2003-01-08,4.0453
2003-01-09,5.7052
2003-01-10,1.6495
2003-01-13,1.2908
2003-01-14,2.0697
2003-01-15,4.1597
2003-01-16,2.7577
2003-01-17,1.3331
2003-01-20,1.3709
2003-01-21,4.005
2003-01-22,3.9849
2003-01-23,0.251
2003-01-24,3.9834
2003-01-27,5.1903
2003-01-28,3.5497
2003-01-29,2.8634
2003-01-30,3.475
2003-01-31,4.2017
2003-02-03,5.9349
2003-02-04,1.8734
2003-02-05,-0.1939
2003-02-06,1.6596
2003-02-07,3.224
2003-02-10,2.6514
2003-02-11,1.3343
2003-02-12,1.4412
2003-02-13,2.891
2003-02-14,3.7983
2003-02-17,4.0072
2003-02-18,3.583
2003-02-19,3.5889
2003-02-20,4.968
2003-02-21,2.2611
2003-02-24,1.5535
2003-02-25,5.806
2003-02-26,2.7159
2003-02-27,0.5066
2003-02-28,3.7506
2003-03-03,3.5536
2003-03-04,3.0939
2003-03-05,3.0987
2003-03-06,3.5195
2003-03-07,2.2175
2003-03-10,3.6168
2003-03-11,2.8957
2003-03-12,4.0741
2003-03-13,3.182
2003-03-14,2.8048
2003-03-17,0.9902
2003-03-18,0.4446
2003-03-19,3.8355
2003-03-20,3.5898
2003-03-21,2.7585
2003-03-24,4.465
2003-03-25,3.9738
2003-03-26,5.485
2003-03-27,4.5105
2003-03-28,1.8636
2003-03-31,3.1932
2003-04-01,1.7678
2003-04-02,0.2678
2003-04-03,3.2254
2003-04-04,1.5442
2003-04-07,2.7284
2003-04-08,4.8483
2003-04-09,1.9822
2003-04-10,2.0651
2003-04-11,2.2279
2003-04-14,4.8406
2003-04-15,3.8678
2003-04-16,2.2132
2003-04-17,3.4105
2003-04-18,4.0111
2003-04-21,1.5615
2003-04-22,2.1752
2003-04-23,2.2149
2003-04-24,2.9854
2003-04-25,4.246
2003-04-28,3.5303
2003-04-29,2.7861
2003-04-30,2.4759
2003-05-01,2.2968
2003-05-02,3.3599
2003-05-05,2.7508
2003-05-06,2.1128
2003-05-07,3.0645
2003-05-08,4.898
2003-05-09,4.9749
2003-05-12,1.6208
2003-05-13,2.7927
2003-05-14,1.638
2003-05-15,5.6742
2003-05-16,4.0836
2003-05-19,2.6862
2003-05-20,2.2906
2003-05-21,2.2432
2003-05-22,3.7033
2003-05-23,2.8896
2003-05-26,3.75
2003-05-27,3.2071
2003-05-28,1.0183
2003-05-29,2.3858
2003-05-30,3.0932
2003-06-02,2.8683
2003-06-03,1.7872
2003-06-04,3.3833
2003-06-05,4.3913
2003-06-06,1.427
2003-06-09,3.7808
2003-06-10,2.2619
2003-06-11,2.7918
2003-06-12,4.3128
2003-06-13,1.0929
2003-06-16,2.6614
2003-06-17,1.2929
2003-06-18,3.4212
2003-06-19,2.9418
2003-06-20,2.4793
2003-06-23,5.3859
2003-06-24,3.4863
2003-06-25,1.2205
2003-06-26,1.4233
2003-06-27,3.1004
2003-06-30,2.7807
2003-07-01,2.2889
2003-07-02,3.9119
2003-07-03,6.494
2003-07-04,3.0206
2003-07-07,7.3726
2003-07-08,1.5592
2003-07-09,1.2241
2003-07-10,5.5481
2003-07-11,-0.2631
2003-07-14,0.3403
2003-07-15,2.0298
2003-07-16,0.4498
2003-07-17,2.4707
2003-07-18,2.7037
2003-07-21,1.292
2003-07-22,2.5926
2003-07-23,4.4002
2003-07-24,1.2121
2003-07-25,2.4863
2003-07-28,1.0271
2003-07-29,2.8234
2003-07-30,2.7993
2003-07-31,4.8576
2003-08-01,3.2257
2003-08-04,1.8336
2003-08-05,3.0014
2003-08-06,0.6087
2003-08-07,5.1657
2003-08-08,4.2264
2003-08-11,6.0009
2003-08-12,-0.8155
2003-08-13,-0.1471
2003-08-14,2.4852
2003-08-15,1.4315
2003-08-18,6.268
2003-08-19,2.8431
2003-08-20,4.809
2003-08-21,3.4285
2003-08-22,5.2245
2003-08-25,2.2952
2003-08-26,3.5969
2003-08-27,0.4438
2003-08-28,1.7524
2003-08-29,2.5002
2003-09-01,3.9993
2003-09-02,5.8569
2003-09-03,5.8339
2003-09-04,1.8583
2003-09-05,3.7405
2003-09-08,3.6302
2003-09-09,3.4612
2003-09-10,3.2477
2003-09-11,1.8116
2003-09-12,1.4514
2003-09-15,2.4126
2003-09-16,2.6179
2003-09-17,3.2769
2003-09-18,1.9618
2003-09-19,2.0651
2003-09-22,5.3107
2003-09-23,2.5065
2003-09-24,2.8705
2003-09-25,1.7243
2003-09-26,4.0872
2003-09-29,3.6716
2003-09-30,3.2301
2003-10-01,1.3917
2003-10-02,1.9689
2003-10-03,2.7113
2003-10-06,5.0391
2003-10-07,2.0975
2003-10-08,3.1663
2003-10-09,3.0529
2003-10-10,3.4548
2003-10-13,2.0608
2003-10-14,2.3071
2003-10-15,4.2508
2003-10-16,2.2223
2003-10-17,2.2741
2003-10-20,2.1334
2003-10-21,3.2903
2003-10-22,1.9224
2003-10-23,4.7405
2003-10-24,2.0551
2003-10-27,3.9895
2003-10-28,2.0003
2003-10-29,1.8823
2003-10-30,4.4489
2003-10-31,2.9108
2003-11-03,3.9974
2003-11-04,4.4976
2003-11-05,3.2919
2003-11-06,4.4952
2003-11-07,0.0062
2003-11-10,3.0247
2003-11-11,-0.8184
2003-11-12,2.6431
2003-11-13,1.2812
2003-11-14,3.4761
2003-11-17,2.4359
2003-11-18,4.168
2003-11-19,4.8636
2003-11-20,4.551
2003-11-21,1.6599
2003-11-24,3.947
2003-11-25,0.4042
2003-11-26,3.86
2003-11-27,2.8215
2003-11-28,4.1369
2003-12-01,2.858
2003-12-02,1.2284
2003-12-03,2.2027
2003-12-04,4.4797
2003-12-05,1.6837
2003-12-08,4.178
2003-12-09,4.1589
2003-12-10,1.5798
2003-12-11,0.7551
2003-12-12,1.0121
2003-12-15,2.3002
2003-12-16,2.3014
2003-12-17,4.7639
2003-12-18,4.6375
2003-12-19,4.6979
2003-12-22,4.8935
2003-12-23,3.1056
2003-12-24,1.6112
2003-12-25,4.8429
2003-12-26,0.6211
2003-12-29,1.7105
2003-12-30,1.5358
2003-12-31,0.4264
2004-01-01,3.6135
2004-01-02,2.946
2004-01-05,1.8362
2004-01-06,1.9317
2004-01-07,2.7885
2004-01-08,4.7772
2004-01-09,6.782
2004-01-12,4.2966
2004-01-13,1.6533
2004-01-14,3.7081
2004-01-15,3.4972
2004-01-16,2.6543
2004-01-19,1.4748
2004-01-20,4.4586
2004-01-21,3.4304
2004-01-22,3.4623
2004-01-23,2.4004
2004-01-26,4.4232
2004-01-27,0.9363
2004-01-28,5.0877
2004-01-29,2.3532
2004-01-30,1.8492
2004-02-02,4.4135
2004-02-03,3.2247
2004-02-04,3.374
2004-02-05,1.616
2004-02-06,1.3369
2004-02-09,1.3625
2004-02-10,3.2046
2004-02-11,1.1545
2004-02-12,1.8163
2004-02-13,2.6736
2004-02-16,3.9583
2004-02-17,2.9625
2004-02-18,3.7889
2004-02-19,3.6972
2004-02-20,2.6279
2004-02-23,1.978
2004-02-24,1.606
2004-02-25,2.2533
2004-02-26,6.9969
2004-02-27,3.7991
2004-03-01,4.8878
2004-03-02,4.4476
2004-03-03,0.9494
2004-03-04,1.6709
2004-03-05,1.7764
2004-03-08,3.3862
2004-03-09,4.2453
2004-03-10,1.0511
2004-03-11,2.85
2004-03-12,5.7886
2004-03-15,4.2753
2004-03-16,2.5232
2004-03-17,0.3777
2004-03-18,-1.3683
2004-03-19,4.2355
2004-03-22,3.8539
2004-03-23,2.9739
2004-03-24,3.2081
2004-03-25,2.3212
2004-03-26,3.8212
2004-03-29,2.2967
2004-03-30,0.2785
2004-03-31,2.3202
2004-04-01,3.404
2004-04-02,1.1071
2004-04-05,4.5947
2004-04-06,3.7584
2004-04-07,2.2603
2004-04-08,3.0384
2004-04-09,2.3312
2004-04-12,1.6368
2004-04-13,2.772
2004-04-14,2.422
2004-04-15,4.8179
2004-04-16,5.5693
2004-04-19,4.4612
2004-04-20,3.8383
2004-04-21,2.3281
2004-04-22,3.5919
2004-04-23,1.8668
2004-04-26,2.7468
2004-04-27,1.4516
2004-04-28,1.662
2004-04-29,5.1092
2004-04-30,1.4015
2004-05-03,2.9396
2004-05-04,4.7938
2004-05-05,3.1025
2004-05-06,3.0234
2004-05-07,4.0435
2004-05-10,5.9059
2004-05-11,2.9965
2004-05-12,2.3872
2004-05-13,3.7131
2004-05-14,2.3886
2004-05-17,6.6304
2004-05-18,1.9429
2004-05-19,3.8323
2004-05-20,3.1741
2004-05-21,2.7329
2004-05-24,2.0302
2004-05-25,1.788
2004-05-26,2.145
2004-05-27,1.1239
2004-05-28,5.4535
2004-05-31,2.0733
2004-06-01,2.4274
2004-06-02,3.2497
2004-06-03,3.3157
2004-06-04,4.2901
2004-06-07,3.2312
2004-06-08,2.3269
2004-06-09,0.757
2004-06-10,2.7259
2004-06-11,2.8486
2004-06-14,3.6691
2004-06-15,-0.9558
2004-06-16,4.3556
2004-06-17,5.6432
2004-06-18,0.6061
2004-06-21,3.622
2004-06-22,2.6633
2004-06-23,1.5298
2004-06-24,2.379
2004-06-25,1.0263
2004-06-28,4.0347
2004-06-29,0.6675
2004-06-30,4.5684
2004-07-01,3.0116
2004-07-02,0.8325
2004-07-05,4.2173
2004-07-06,2.4596
2004-07-07,-0.138
2004-07-08,2.581
2004-07-09,4.5886
2004-07-12,3.2665
2004-07-13,0.8131
2004-07-14,4.4138
2004-07-15,5.1699
2004-07-16,1.8732
2004-07-19,7.1571
2004-07-20,4.3291
2004-07-21,1.5906
2004-07-22,4.8018
2004-07-23,2.9464
2004-07-26,1.4817
2004-07-27,2.8145
2004-07-28,0.7434
2004-07-29,2.6857
2004-07-30,3.2438
2004-08-02,3.5621
2004-08-03,3.4397
2004-08-04,3.9087
2004-08-05,6.8007
2004-08-06,6.6006
2004-08-09,3.0723
2004-08-10,1.7069
2004-08-11,2.4431
2004-08-12,3.7104
2004-08-13,1.5193
2004-08-16,0.2023
2004-08-17,3.6901
2004-08-18,1.7343
2004-08-19,1.2743
2004-08-20,2.9235
2004-08-23,5.0884
2004-08-24,2.8118
2004-08-25,4.3674
2004-08-26,1.0989
2004-08-27,5.6064
2004-08-30,2.5689
2004-08-31,6.1651
2004-09-01,3.2524
2004-09-02,3.9809
2004-09-03,4.9939
2004-09-06,4.5518
2004-09-07,0.8084
2004-09-08,4.3541
2004-09-09,3.7053
2004-09-10,3.2627
2004-09-13,5.2745
2004-09-14,4.0168
2004-09-15,0.4571
2004-09-16,1.4811
2004-09-17,1.9654
2004-09-20,2.7338
2004-09-21,4.7757
2004-09-22,2.9048
2004-09-23,3.1027
2004-09-24,4.9488
2004-09-27,3.7666
2004-09-28,4.9849
2004-09-29,1.0052
2004-09-30,3.7431
2004-10-01,1.4626
2004-10-04,2.0396
2004-10-05,4.9715
2004-10-06,0.4783
2004-10-07,1.9725
2004-10-08,1.5455
2004-10-11,3.1959
2004-10-12,1.7637
2004-10-13,-0.2768
2004-10-14,4.7823
2004-10-15,5.2029
2004-10-18,3.7921
2004-10-19,2.3848
2004-10-20,0.3835
2004-10-21,2.473
2004-10-22,2.4069
2004-10-25,1.4195
2004-10-26,2.1049
2004-10-27,5.3923
2004-10-28,8.2199
2004-10-29,3.6246
2004-11-01,1.5039
2004-11-02,1.9918
2004-11-03,4.7411
2004-11-04,2.1241
2004-11-05,2.7652
2004-11-08,-0.043
2004-11-09,1.9777
2004-11-10,3.9519
2004-11-11,1.8306
2004-11-12,4.8393
2004-11-15,1.4099
2004-11-16,0.86
2004-11-17,1.7596
2004-11-18,5.7554
2004-11-19,4.2961
2004-11-22,4.0178
2004-11-23,3.1481
2004-11-24,4.8134
2004-11-25,5.5987
2004-11-26,3.5677
2004-11-29,0.2507
2004-11-30,2.3956
2004-12-01,1.8185
2004-12-02,4.1559
2004-12-03,5.749
2004-12-06,5.8615
2004-12-07,4.2458
2004-12-08,7.5656
2004-12-09,2.9781
2004-12-10,2.7695
2004-12-13,1.7486
2004-12-14,2.7551
2004-12-15,2.1972
2004-12-16,2.1945
2004-12-17,3.7174
2004-12-20,1.8991
2004-12-21,2.8244
2004-12-22,4.0837
2004-12-23,4.5695
2004-12-24,-1.2351
2004-12-27,2.606
2004-12-28,4.5264
2004-12-29,3.4723
2004-12-30,4.6583
2004-12-31,2.6833
2005-01-03,3.5699
2005-01-04,5.543
2005-01-05,2.2886
2005-01-06,0.4102
2005-01-07,3.2884
2005-01-10,1.4629
2005-01-11,3.4278
2005-01-12,3.9608
2005-01-13,0.9161
2005-01-14,0.7152
2005-01-17,0.9894
2005-01-18,4.5334
2005-01-19,1.5321
2005-01-20,1.3731
2005-01-21,3.3962
2005-01-24,0.8356
2005-01-25,4.2328
2005-01-26,1.9718
2005-01-27,2.1512
2005-01-28,1.0932
2005-01-31,2.848
2005-02-01,0.5583
2005-02-02,4.5646
2005-02-03,3.0316
2005-02-04,4.4849
2005-02-07,0.1271
2005-02-08,2.2193
2005-02-09,2.1287
2005-02-10,2.3935
2005-02-11,0.8639
2005-02-14,2.8984
2005-02-15,1.9484
2005-02-16,3.6347
2005-02-17,3.3895
2005-02-18,3.4553
2005-02-21,3.567
2005-02-22,3.3438
2005-02-23,2.8718
2005-02-24,4.2637
2005-02-25,3.261
2005-02-28,3.6675
2005-03-01,2.5899
2005-03-02,0.7994
2005-03-03,3.3315
2005-03-04,3.6582
2005-03-07,1.1354
2005-03-08,5.3459
2005-03-09,1.8798
2005-03-10,1.3212
2005-03-11,2.9191
2005-03-14,3.5552
2005-03-15,2.8544
2005-03-16,2.9705
2005-03-17,4.6878
2005-03-18,4.4927
2005-03-21,3.8138
2005-03-22,3.4564
2005-03-23,2.4785
2005-03-24,5.0413
2005-03-25,3.6461
2005-03-28,2.5675
2005-03-29,2.8332
2005-03-30,4.9883
2005-03-31,1.5201
2005-04-01,4.4168
2005-04-04,6.5599
2005-04-05,0.4232
2005-04-06,3.5299
2005-04-07,4.7831
2005-04-08,2.027
2005-04-11,3.35
2005-04-12,1.8278
2005-04-13,4.9846
2005-04-14,3.8985
2005-04-15,3.3204
2005-04-18,-0.0452
2005-04-19,4.2827
2005-04-20,1.3304
2005-04-21,2.934
2005-04-22,1.4883
2005-04-25,3.5912
2005-04-26,-0.7477
2005-04-27,2.8112
2005-04-28,1.5724
2005-04-29,0.8353
2005-05-02,3.9468
2005-05-03,2.448
2005-05-04,1.8687
2005-05-05,0.8057
2005-05-06,1.6829
2005-05-09,2.7115
2005-05-10,3.2535
2005-05-11,2.4501
2005-05-12,3.939
2005-05-13,4.7597
2005-05-16,2.1034
2005-05-17,2.1858
2005-05-18,5.8817
2005-05-19,2.3803
2005-05-20,2.75
2005-05-23,3.8844
2005-05-24,2.7242
2005-05-25,4.2905
2005-05-26,2.6901
2005-05-27,2.1367
2005-05-30,1.8829
2005-05-31,4.2522
2005-06-01,3.9481
2005-06-02,5.7328
2005-06-03,4.1973
2005-06-06,0.579
2005-06-07,1.545
2005-06-08,2.3083
2005-06-09,6.4814
2005-06-10,2.1587
2005-06-13,4.7763
2005-06-14,5.3572
2005-06-15,3.0562
2005-06-16,4.7828
2005-06-17,4.195
2005-06-20,4.451
2005-06-21,0.4582
2005-06-22,3.9055
2005-06-23,1.3326
2005-06-24,1.9552
2005-06-27,2.5809
2005-06-28,3.5645
2005-06-29,4.7864
2005-06-30,0.4989
2005-07-01,3.2291
2005-07-04,0.5309
2005-07-05,2.8821
2005-07-06,3.9774
2005-07-07,3.0984
2005-07-08,5.5754
2005-07-11,2.0589
2005-07-12,5.1844
2005-07-13,0.037
2005-07-14,0.9646
2005-07-15,5.5687
2005-07-18,3.482
2005-07-19,0.4193
2005-07-20,5.5432
2005-07-21,5.5339
2005-07-22,3.2456
2005-07-25,4.7757
2005-07-26,-0.144
2005-07-27,2.4181
2005-07-28,3.7108
2005-07-29,4.6019
2005-08-01,4.8006
2005-08-02,4.4289
2005-08-03,2.108
2005-08-04,0.206
2005-08-05,2.8075
2005-08-08,2.8043
2005-08-09,2.1626
2005-08-10,3.7036
2005-08-11,5.1623
2005-08-12,1.4786
2005-08-15,2.8997
2005-08-16,1.5702
2005-08-17,2.1226
2005-08-18,3.1285
2005-08-19,1.4566
2005-08-22,4.2441
2005-08-23,0.4733
2005-08-24,-0.1488
2005-08-25,6.5552
2005-08-26,2.7051
2005-08-29,3.1896
2005-08-30,3.9321
2005-08-31,3.2844
2005-09-01,-2.0105
2005-09-02,2.488
2005-09-05,-0.1704
2005-09-06,3.6736
2005-09-07,3.9272
2005-09-08,0.8055
2005-09-09,3.1312
2005-09-12,0.0337
2005-09-13,4.0741
2005-09-14,1.0906
2005-09-15,3.9192
2005-09-16,5.3531
2005-09-19,2.9115
2005-09-20,4.2147
2005-09-21,2.9492
2005-09-22,4.3194
2005-09-23,0.6858
2005-09-26,2.6727
2005-09-27,2.9646
2005-09-28,0.5632
2005-09-29,4.3482
2005-09-30,2.5253
2005-10-03,1.7967
2005-10-04,0.2169
2005-10-05,3.8436
2005-10-06,3.3715
2005-10-07,2.3795
2005-10-10,6.6488
2005-10-11,1.2689
2005-10-12,3.0509
2005-10-13,3.7295
2005-10-14,3.2178
2005-10-17,3.5718
2005-10-18,5.133
2005-10-19,7.0201
2005-10-20,2.883
2005-10-21,2.0066
2005-10-24,0.9335
2005-10-25,4.3547
2005-10-26,3.641
2005-10-27,2.9823
2005-10-28,4.495
2005-10-31,-1.0383
2005-11-01,3.6429
2005-11-02,5.0698
2005-11-03,2.9439
2005-11-04,4.108
2005-11-07,2.5625
2005-11-08,3.5545
2005-11-09,1.4565
2005-11-10,1.4209
2005-11-11,3.6794
2005-11-14,1.8128
2005-11-15,4.558
2005-11-16,1.9256
2005-11-17,1.0061
2005-11-18,1.3328
2005-11-21,1.3794
2005-11-22,4.9328
2005-11-23,4.6395
2005-11-24,2.1624
2005-11-25,3.3109
2005-11-28,2.9197
2005-11-29,1.2962
2005-11-30,4.2553
2005-12-01,6.0041
2005-12-02,2.1832
2005-12-05,4.9804
2005-12-06,2.7957
2005-12-07,4.5502
2005-12-08,2.2729
2005-12-09,3.421
2005-12-12,4.357
2005-12-13,3.9422
2005-12-14,3.6234
2005-12-15,1.6151
2005-12-16,0.9427
2005-12-19,3.9398
2005-12-20,4.2913
2005-12-21,4.4462
2005-12-22,4.6934
2005-12-23,4.5525
2005-12-26,2.0052
2005-12-27,6.3176
2005-12-28,4.0625
2005-12-29,2.9708
2005-12-30,4.2451
2006-01-02,3.3512
2006-01-03,3.1909
2006-01-04,4.3444
2006-01-05,3.1502
2006-01-06,3.5317
2006-01-09,-0.6328
2006-01-10,1.8973
2006-01-11,4.3408
2006-01-12,6.0079
2006-01-13,3.4321
2006-01-16,2.6621
2006-01-17,1.6936
2006-01-18,1.92
2006-01-19,3.4753
2006-01-20,2.9588
2006-01-23,1.1896
2006-01-24,0.7034
2006-01-25,4.4245
2006-01-26,-1.5304
2006-01-27,4.6411
2006-01-30,1.5623
2006-01-31,3.5516
2006-02-01,6.2517
2006-02-02,2.8152
2006-02-03,3.529
2006-02-06,5.9565
2006-02-07,2.2075
2006-02-08,0.3694
2006-02-09,3.3509
2006-02-10,4.1161
2006-02-13,3.0168
2006-02-14,3.5099
2006-02-15,3.2062
2006-02-16,3.4896
2006-02-17,4.9429
2006-02-20,3.4024
2006-02-21,4.6755
2006-02-22,1.0843
2006-02-23,4.5026
2006-02-24,3.9027
2006-02-27,3.9884
2006-02-28,1.3497
2006-03-01,3.5417
2006-03-02,4.6179
2006-03-03,1.8195
2006-03-06,2.1985
2006-03-07,7.1227
2006-03-08,4.6582
2006-03-09,5.318
2006-03-10,4.3315
2006-03-13,3.6798
2006-03-14,2.2468
2006-03-15,3.872
2006-03-16,4.1616
2006-03-17,0.9838
2006-03-20,3.5806
2006-03-21,3.8692
2006-03-22,1.3443
2006-03-23,3.0465
2006-03-24,2.9988
2006-03-27,0.4267
2006-03-28,4.3922
2006-03-29,4.6227
2006-03-30,3.5809
2006-03-31,2.8773
2006-04-03,1.475
2006-04-04,3.9317
2006-04-05,3.4685
2006-04-06,1.6957
2006-04-07,-0.3934
2006-04-10,3.5629
2006-04-11,3.655
2006-04-12,3.2568
2006-04-13,2.7122
2006-04-14,2.0121
2006-04-17,3.8803
2006-04-18,2.2278
2006-04-19,4.8888
2006-04-20,3.6445
2006-04-21,1.3841
2006-04-24,2.5393
2006-04-25,0.4348
2006-04-26,-0.0766
2006-04-27,4.9208
2006-04-28,2.6644
2006-05-01,4.25
2006-05-02,4.7609
2006-05-03,2.0264
2006-05-04,2.854
2006-05-05,5.0082
2006-05-08,0.0799
2006-05-09,3.3743
2006-05-10,3.6272
2006-05-11,3.2981
2006-05-12,3.3632
2006-05-15,4.2044
2006-05-16,4.8549
2006-05-17,4.0186
2006-05-18,2.1038
2006-05-19,2.1477
2006-05-22,1.6568
2006-05-23,3.0789
2006-05-24,2.6225
2006-05-25,4.3212
2006-05-26,3.095
2006-05-29,2.79
2006-05-30,1.9965
2006-05-31,-0.7521
2006-06-01,3.5739
2006-06-02,-0.1235
2006-06-05,4.8728
2006-06-06,1.7834
2006-06-07,2.155
2006-06-08,2.1592
2006-06-09,3.3461
2006-06-12,0.7747
2006-06-13,3.1035
2006-06-14,3.9
2006-06-15,2.8879
2006-06-16,3.5601
2006-06-19,4.0202
2006-06-20,3.0832
2006-06-21,1.3342
2006-06-22,6.1634
2006-06-23,1.5382
2006-06-26,3.9784
2006-06-27,1.1118
2006-06-28,4.9029
2006-06-29,0.8369
2006-06-30,4.1722
2006-07-03,4.5786
2006-07-04,5.7991
2006-07-05,1.8641
2006-07-06,4.994
2006-07-07,4.6385
2006-07-10,4.1413
2006-07-11,1.1352
2006-07-12,2.3703
2006-07-13,1.2521
2006-07-14,4.7767
2006-07-17,5.1264
2006-07-18,2.7823
2006-07-19,0.0409
2006-07-20,4.2583
2006-07-21,5.1314
2006-07-24,3.1717
2006-07-25,3.4355
2006-07-26,1.6716
2006-07-27,4.6873
2006-07-28,2.2851
2006-07-31,4.2144
2006-08-01,3.3039
2006-08-02,6.6143
2006-08-03,1.6535
2006-08-04,2.9941
2006-08-07,5.0292
2006-08-08,-0.1165
2006-08-09,1.0432
2006-08-10,3.1988
2006-08-11,2.4816
2006-08-14,4.1379
2006-08-15,1.869
2006-08-16,2.0568
2006-08-17,3.7511
2006-08-18,0.0798
2006-08-21,2.5001
2006-08-22,0.7193
2006-08-23,1.5803
2006-08-24,3.7412
2006-08-25,3.8738
2006-08-28,1.4732
2006-08-29,1.2145
2006-08-30,0.5795
2006-08-31,2.2703
2006-09-01,2.3584
2006-09-04,5.4021
2006-09-05,4.5206
2006-09-06,0.6918
2006-09-07,4.0918
2006-09-08,6.7481
2006-09-11,1.4121
2006-09-12,2.2529
2006-09-13,2.0829
2006-09-14,2.4549
2006-09-15,3.6386
2006-09-18,1.5803
2006-09-19,7.7093
2006-09-20,2.6805
2006-09-21,1.9137
2006-09-22,2.1789
2006-09-25,4.0836
2006-09-26,1.2064
2006-09-27,5.734
2006-09-28,2.9884
2006-09-29,2.048
2006-10-02,5.119
2006-10-03,4.059
2006-10-04,6.0105
2006-10-05,3.1002
2006-10-06,0.4858
2006-10-09,5.3262
2006-10-10,0.4013
2006-10-11,0.9493
2006-10-12,3.9685
2006-10-13,2.1884
2006-10-16,2.4958
2006-10-17,2.1768
2006-10-18,5.1744
2006-10-19,4.3378
2006-10-20,4.0596
2006-10-23,2.6658
2006-10-24,2.7088
2006-10-25,3.4987
2006-10-26,2.5688
2006-10-27,3.3588
2006-10-30,1.822
2006-10-31,3.706
2006-11-01,2.1804
2006-11-02,1.912
2006-11-03,2.2565
2006-11-06,1.73
2006-11-07,4.4511
2006-11-08,2.7173
2006-11-09,-0.1536
2006-11-10,1.7483
2006-11-13,4.8852
2006-11-14,4.812
2006-11-15,2.1682
2006-11-16,0.8885
2006-11-17,4.0761
2006-11-20,1.1475
2006-11-21,3.0863
2006-11-22,1.7239
2006-11-23,0.888
2006-11-24,6.3679
2006-11-27,-0.2934
2006-11-28,1.6767
2006-11-29,0.579
2006-11-30,2.2441
2006-12-01,2.0369
2006-12-04,4.5081
2006-12-05,1.6851
2006-12-06,0.2417
2006-12-07,3.4019
2006-12-08,5.4904
2006-12-11,3.6599
2006-12-12,3.7546
2006-12-13,3.2732
2006-12-14,3.4931
2006-12-15,1.1685
2006-12-18,4.796
2006-12-19,4.0106
2006-12-20,1.4603
2006-12-21,3.7202
2006-12-22,4.3132
2006-12-25,1.6432
2006-12-26,2.0541
2006-12-27,2.4399
2006-12-28,3.4211
2006-12-29,0.5228
2007-01-01,3.9647
2007-01-02,1.9337
2007-01-03,3.0776
2007-01-04,4.7804
2007-01-05,3.6103
2007-01-08,3.738
2007-01-09,4.8192
2007-01-10,2.9635
2007-01-11,3.5751
2007-01-12,5.6797
2007-01-15,1.252
2007-01-16,2.7302
2007-01-17,3.5074
2007-01-18,2.8539
2007-01-19,0.8263
2007-01-22,2.6556
2007-01-23,1.0773
2007-01-24,1.805
2007-01-25,4.4346
2007-01-26,3.6621
2007-01-29,3.4339
2007-01-30,2.2417
2007-01-31,1.6305
2007-02-01,5.2139
2007-02-02,2.286
2007-02-05,1.7662
2007-02-06,3.6615
2007-02-07,1.9918
2007-02-08,0.5632
2007-02-09,0.7272
2007-02-12,1.4439
2007-02-13,0.8031
2007-02-14,-0.9061
2007-02-15,1.0011
2007-02-16,3.0513
2007-02-19,-0.7891
2007-02-20,0.9162
2007-02-21,3.75
2007-02-22,0.9919
2007-02-23,0.968
2007-02-26,2.9668
2007-02-27,2.5725
2007-02-28,3.4253
2007-03-01,2.2698
2007-03-02,4.2829
2007-03-05,3.5088
2007-03-06,3.1655
2007-03-07,2.0252
2007-03-08,2.1759
2007-03-09,3.6933
2007-03-12,5.557
2007-03-13,1.5002
2007-03-14,5.3209
2007-03-15,0.8439
2007-03-16,4.1574
2007-03-19,3.7591
2007-03-20,1.956
2007-03-21,5.0845
2007-03-22,6.3815
2007-03-23,2.8638
2007-03-26,2.5721
2007-03-27,4.2552
2007-03-28,1.7815
2007-03-29,3.8661
2007-03-30,2.5508
2007-04-02,2.4512
2007-04-03,3.6812
2007-04-04,2.4103
2007-04-05,2.3899
2007-04-06,4.4978
2007-04-09,3.4333
2007-04-10,1.1046
2007-04-11,1.6657
2007-04-12,0.2288
2007-04-13,4.2047
2007-04-16,2.0529
2007-04-17,1.319
2007-04-18,2.0447
2007-04-19,5.4327
2007-04-20,2.0998
2007-04-23,2.427
2007-04-24,4.0083
2007-04-25,5.0109
2007-04-26,1.3465
2007-04-27,4.0877
2007-04-30,0.2373
2007-05-01,0.3781
2007-05-02,5.0037
2007-05-03,4.0008
2007-05-04,3.6951
2007-05-07,2.0001
2007-05-08,2.6819
2007-05-09,0.7028
2007-05-10,1.4819
2007-05-11,1.782
2007-05-14,3.2137
2007-05-15,2.6963
2007-05-16,2.9573
2007-05-17,2.7976
2007-05-18,3.3128
2007-05-21,4.4456
2007-05-22,2.6016
2007-05-23,2.7891
2007-05-24,1.5384
2007-05-25,3.2503
2007-05-28,3.6919
2007-05-29,2.3012
2007-05-30,-0.0764
2007-05-31,0.9856
2007-06-01,3.1349
2007-06-04,0.0742
2007-06-05,4.5002
2007-06-06,2.4144
2007-06-07,2.5654
2007-06-08,4.0744
2007-06-11,2.9361
2007-06-12,4.1004
2007-06-13,2.6705
2007-06-14,2.851
2007-06-15,4.3291
2007-06-18,0.7631
2007-06-19,3.2263
2007-06-20,3.0847
2007-06-21,5.0881
2007-06-22,3.6899
2007-06-25,1.7211
2007-06-26,4.8278
2007-06-27,1.595
2007-06-28,2.1395
2007-06-29,1.6869
2007-07-02,2.6109
2007-07-03,0.9119
2007-07-04,1.5254
2007-07-05,0.6179
2007-07-06,2.0168
2007-07-09,1.5785
2007-07-10,4.1279
2007-07-11,5.8272
2007-07-12,2.459
2007-07-13,4.2802
2007-07-16,5.578
2007-07-17,3.1198
2007-07-18,3.8984
2007-07-19,3.5602
2007-07-20,0.9171
2007-07-23,2.031
2007-07-24,2.5414
2007-07-25,2.0005
2007-07-26,2.9501
2007-07-27,3.5202
2007-07-30,2.9171
2007-07-31,2.7864
2007-08-01,4.6097
2007-08-02,1.8043
2007-08-03,0.5092
2007-08-06,3.2889
2007-08-07,6.4409
2007-08-08,2.6239
2007-08-09,1.0069
2007-08-10,5.2263
2007-08-13,5.7164
2007-08-14,4.1671
2007-08-15,1.7149
2007-08-16,5.1152
2007-08-17,3.7399
2007-08-20,3.7352
2007-08-21,2.8457
2007-08-22,4.7348
2007-08-23,1.819
2007-08-24,1.7319
2007-08-27,3.6494
2007-08-28,2.5656
2007-08-29,2.2912
2007-08-30,3.5388
2007-08-31,1.527
2007-09-03,1.9269
2007-09-04,3.1015
2007-09-05,4.2962
2007-09-06,3.4661
2007-09-07,4.0356
2007-09-10,4.1922
2007-09-11,2.3414
2007-09-12,4.7485
2007-09-13,3.2038
2007-09-14,2.1964
2007-09-17,1.5095
2007-09-18,3.3472
2007-09-19,3.5928
2007-09-20,6.4388
2007-09-21,1.2476
2007-09-24,0.9998
2007-09-25,1.5399
2007-09-26,2.634
2007-09-27,5.7103
2007-09-28,2.2717
2007-10-01,2.0783
2007-10-02,1.6538
2007-10-03,3.7811
2007-10-04,1.6567
2007-10-05,1.5261
2007-10-08,3.3231
2007-10-09,4.1175
2007-10-10,2.3667
2007-10-11,3.6726
2007-10-12,3.1938
2007-10-15,2.0412
2007-10-16,1.5761
2007-10-17,3.3919
2007-10-18,3.6543
2007-10-19,4.9824
2007-10-22,3.0484
2007-10-23,3.7348
2007-10-24,0.3266
2007-10-25,4.0443
2007-10-26,1.9782
2007-10-29,2.1607
2007-10-30,2.6482
2007-10-31,-0.2308
2007-11-01,3.1532
2007-11-02,2.6717
2007-11-05,1.0887
2007-11-06,2.2909
2007-11-07,4.1657
2007-11-08,5.5788
2007-11-09,3.6995
2007-11-12,1.967
2007-11-13,0.741
2007-11-14,5.4342
2007-11-15,0.5953
2007-11-16,2.0802
2007-11-19,6.0778
2007-11-20,1.3344
2007-11-21,2.4224
2007-11-22,2.0372
2007-11-23,3.2132
2007-11-26,4.0485
2007-11-27,4.6636
2007-11-28,1.8623
2007-11-29,2.5367
2007-11-30,2.489
2007-12-03,3.3006
2007-12-04,0.8397
2007-12-05,3.4068
2007-12-06,2.6804
2007-12-07,3.7008
2007-12-10,5.3213
2007-12-11,1.8824
2007-12-12,5.3623
2007-12-13,3.1841
2007-12-14,3.3933
2007-12-17,2.4765
2007-12-18,3.0483
2007-12-19,4.6145
2007-12-20,1.9828
2007-12-21,-0.1775
2007-12-24,4.4784
2007-12-25,2.6146
2007-12-26,4.1328
2007-12-27,3.2913
2007-12-28,4.121
2007-12-31,4.5084
2008-01-01,3.704
2008-01-02,3.973
2008-01-03,3.5037
2008-01-04,2.6235
2008-01-07,3.0648
2008-01-08,2.8207
2008-01-09,0.8651
2008-01-10,3.2994
2008-01-11,1.1134
2008-01-14,2.9946
2008-01-15,2.4041
2008-01-16,3.9195
2008-01-17,4.8124
2008-01-18,2.1567
2008-01-21,4.798
2008-01-22,2.8206
2008-01-23,3.3312
2008-01-24,4.2696
2008-01-25,2.5992
2008-01-28,1.6206
2008-01-29,0.5995
2008-01-30,1.2417
2008-01-31,3.2173
2008-02-01,1.9978
2008-02-04,4.138
2008-02-05,3.4868
2008-02-06,3.5982
2008-02-07,4.7294
2008-02-08,1.6204
2008-02-11,2.8028
2008-02-12,2.5316
2008-02-13,0.6099
2008-02-14,3.576
2008-02-15,1.6072
2008-02-18,6.2874
2008-02-19,5.3059
2008-02-20,3.1442
2008-02-21,4.716
2008-02-22,5.1969
2008-02-25,3.8593
2008-02-26,2.141
2008-02-27,4.0368
2008-02-28,3.9624
2008-02-29,3.118
2008-03-03,2.7234
2008-03-04,4.6173
2008-03-05,1.1565
2008-03-06,3.4985
2008-03-07,6.1234
2008-03-10,-0.409
2008-03-11,4.6115
2008-03-12,2.6922
2008-03-13,5.9563
2008-03-14,0.5336
2008-03-17,4.7055
2008-03-18,2.3557
2008-03-19,1.2249
2008-03-20,2.8906
2008-03-21,4.046
2008-03-24,1.5921
2008-03-25,4.2027
2008-03-26,3.1427
2008-03-27,3.1011
2008-03-28,3.833
2008-03-31,-0.1603
2008-04-01,5.3589
2008-04-02,3.0545
2008-04-03,1.5739
2008-04-04,4.6855
2008-04-07,3.3326
2008-04-08,2.2607
2008-04-09,1.8328
2008-04-10,3.4892
2008-04-11,4.5624
2008-04-14,4.307
2008-04-15,3.8966
2008-04-16,-0.9045
2008-04-17,5.28
2008-04-18,3.1135
2008-04-21,2.4242
2008-04-22,0.737
2008-04-23,4.7146
2008-04-24,2.4656
2008-04-25,4.9828
2008-04-28,0.6649
2008-04-29,1.8424
2008-04-30,4.7343
2008-05-01,3.0567
2008-05-02,1.1611
2008-05-05,3.3377
2008-05-06,2.5882
2008-05-07,4.1919
2008-05-08,3.4139
2008-05-09,5.4063
2008-05-12,2.6149
2008-05-13,0.4952
2008-05-14,3.1315
2008-05-15,5.5649
2008-05-16,2.9737
2008-05-19,2.8998
2008-05-20,-0.5301
2008-05-21,3.4699
2008-05-22,2.1863
2008-05-23,2.5021
2008-05-26,2.7194
2008-05-27,2.0522
2008-05-28,2.6385
2008-05-29,2.9017
2008-05-30,3.4872
2008-06-02,5.2237
2008-06-03,3.0217
2008-06-04,1.6877
2008-06-05,3.6943
2008-06-06,2.5575
2008-06-09,3.2081
2008-06-10,4.0241
2008-06-11,4.8952
2008-06-12,3.2865
2008-06-13,1.2543
2008-06-16,2.8452
2008-06-17,3.6636
2008-06-18,3.4884
2008-06-19,2.8025
2008-06-20,1.1398
2008-06-23,2.8106
2008-06-24,3.8994
2008-06-25,3.1177
2008-06-26,3.2224
2008-06-27,3.2363
2008-06-30,2.7158
2008-07-01,2.7857
2008-07-02,3.2125
2008-07-03,0.3371
2008-07-04,1.2814
2008-07-07,1.2945
2008-07-08,2.5342
2008-07-09,2.4809
2008-07-10,0.879
2008-07-11,3.0719
2008-07-14,4.2642
2008-07-15,1.8478
2008-07-16,0.8995
2008-07-17,3.8166
2008-07-18,1.3294
2008-07-21,3.0441
2008-07-22,2.485
2008-07-23,4.0052
2008-07-24,1.1986
2008-07-25,1.4699
2008-07-28,1.3395
2008-07-29,3.8634
2008-07-30,4.4547
2008-07-31,4.3396
2008-08-01,2.6767
2008-08-04,6.4369
2008-08-05,1.2601
2008-08-06,5.6268
2008-08-07,3.3899
2008-08-08,3.7955
2008-08-11,3.0116
2008-08-12,2.6029
2008-08-13,1.2385
2008-08-14,0.7144
2008-08-15,3.2612
2008-08-18,3.3707
2008-08-19,4.2933
2008-08-20,4.2135
2008-08-21,2.692
2008-08-22,5.0021
2008-08-25,4.4604
2008-08-26,3.1353
2008-08-27,2.5443
2008-08-28,3.5545
2008-08-29,3.7012
2008-09-01,1.6568
2008-09-02,1.4867
2008-09-03,1.82
2008-09-04,2.5188
2008-09-05,2.712
2008-09-08,4.3202
2008-09-09,1.708
2008-09-10,2.1668
2008-09-11,3.3336
2008-09-12,-0.2137
2008-09-15,0.855
2008-09-16,4.3241
2008-09-17,1.289
2008-09-18,1.863
2008-09-19,3.2281
2008-09-22,1.8132
2008-09-23,3.2319
2008-09-24,2.3584
2008-09-25,6.2355
2008-09-26,2.4034
2008-09-29,3.1356
2008-09-30,2.6481
2008-10-01,0.6943
2008-10-02,3.0266
2008-10-03,5.8017
2008-10-06,1.5877
2008-10-07,2.3752
2008-10-08,1.0552
2008-10-09,3.2577
2008-10-10,4.1458
2008-10-13,3.5955
2008-10-14,0.9776
2008-10-15,3.8607
2008-10-16,1.8301
2008-10-17,4.6955
2008-10-20,4.1363
2008-10-21,4.4791
2008-10-22,-2.3985
2008-10-23,1.4732
2008-10-24,3.1109
2008-10-27,5.2473
2008-10-28,3.0573
2008-10-29,7.3872
2008-10-30,1.7651
2008-10-31,2.6269
2008-11-03,4.0773
2008-11-04,-0.2398
2008-11-05,-0.2592
2008-11-06,3.3934
2008-11-07,2.608
2008-11-10,3.4856
2008-11-11,3.5242
2008-11-12,4.216
2008-11-13,0.1409
2008-11-14,4.6174
2008-11-17,2.3535
2008-11-18,4.4548
2008-11-19,3.0366
2008-11-20,2.6729
2008-11-21,2.9995
2008-11-24,4.4831
2008-11-25,4.1074
2008-11-26,3.0481
2008-11-27,-0.1431
2008-11-28,2.6101
2008-12-01,5.5748
2008-12-02,1.1531
2008-12-03,1.906
2008-12-04,2.5783
2008-12-05,0.5095
2008-12-08,5.7192
2008-12-09,2.1779
2008-12-10,1.8503
2008-12-11,4.0811
2008-12-12,5.8861
2008-12-15,5.9829
2008-12-16,4.0215
2008-12-17,3.7754
2008-12-18,2.644
2008-12-19,3.5609
2008-12-22,2.3285
2008-12-23,0.225
2008-12-24,3.1887
2008-12-25,2.4242
2008-12-26,5.4022
2008-12-29,3.9736
2008-12-30,3.7613
2008-12-31,0.7914
2009-01-01,2.5629
2009-01-02,-0.8491
2009-01-05,1.489
2009-01-06,1.8339
2009-01-07,2.8872
2009-01-08,2.4861
2009-01-09,3.4481
2009-01-12,3.3075
2009-01-13,1.4405
2009-01-14,0.8241
2009-01-15,3.6783
2009-01-16,0.6117
2009-01-19,5.1018
2009-01-20,3.8036
2009-01-21,1.6387
2009-01-22,6.3819
2009-01-23,3.835
2009-01-26,3.6233
2009-01-27,3.155
2009-01-28,2.0305
2009-01-29,1.8095
2009-01-30,-0.4164
2009-02-02,3.4312
2009-02-03,3.7209
2009-02-04,2.8398
2009-02-05,4.5882
2009-02-06,4.6168
2009-02-09,1.7923
2009-02-10,2.3011
2009-02-11,2.0762
2009-02-12,1.1659
2009-02-13,3.0605
2009-02-16,4.8506
2009-02-17,5.0435
2009-02-18,1.2266
2009-02-19,0.5775
2009-02-20,5.0225
2009-02-23,3.2936
2009-02-24,0.4611
2009-02-25,3.5741
2009-02-26,5.0192
2009-02-27,2.1465
2009-03-02,3.9008
2009-03-03,1.1182
2009-03-04,1.7951
2009-03-05,0.2182
2009-03-06,4.6597
2009-03-09,3.4632
2009-03-10,5.7316
2009-03-11,4.1812
2009-03-12,4.1463
2009-03-13,2.5474
2009-03-16,4.5028
2009-03-17,0.5405
2009-03-18,2.4006
2009-03-19,3.8116
2009-03-20,2.6361
2009-03-23,1.4116
2009-03-24,2.9914
2009-03-25,6.6672
2009-03-26,0.7726
2009-03-27,1.6821
2009-03-30,5.0402
2009-03-31,1.1759
2009-04-01,1.1536
2009-04-02,2.9416
2009-04-03,2.3303
2009-04-06,4.5365
2009-04-07,4.1266
2009-04-08,1.3101
2009-04-09,1.3912
2009-04-10,3.187
2009-04-13,3.0207
2009-04-14,1.653
2009-04-15,1.1739
2009-04-16,4.6451
2009-04-17,1.5589
2009-04-20,2.3733
2009-04-21,4.0482
2009-04-22,0.3121
2009-04-23,3.6521
2009-04-24,-0.7704
2009-04-27,2.283
2009-04-28,2.3298
2009-04-29,3.4975
2009-04-30,3.9786
2009-05-01,2.3998
2009-05-04,0.6225
2009-05-05,1.1466
2009-05-06,4.7159
2009-05-07,3.5395
2009-05-08,0.5969
2009-05-11,1.6641
2009-05-12,4.872
2009-05-13,3.151
2009-05-14,3.3676
2009-05-15,3.5079
2009-05-18,4.3589
2009-05-19,2.5805
2009-05-20,0.7904
2009-05-21,3.9702
2009-05-22,1.4893
2009-05-25,3.6924
2009-05-26,5.1227
2009-05-27,3.9972
2009-05-28,3.0477
2009-05-29,3.7153
2009-06-01,0.6974
2009-06-02,3.9187
2009-06-03,6.3948
2009-06-04,4.2045
2009-06-05,3.0445
2009-06-08,3.6506
2009-06-09,1.501
2009-06-10,3.3832
2009-06-11,3.0159
2009-06-12,4.745
2009-06-15,1.9318
2009-06-16,4.3719
2009-06-17,2.0405
2009-06-18,3.4233
2009-06-19,4.513
2009-06-22,2.4412
2009-06-23,2.3543
2009-06-24,3.5083
2009-06-25,3.9464
2009-06-26,1.9392
2009-06-29,0.9921
2009-06-30,3.4989
2009-07-01,4.2867
2009-07-02,2.2684
2009-07-03,3.9484
2009-07-06,3.6185
2009-07-07,1.7083
2009-07-08,2.0896
2009-07-09,3.2345
2009-07-10,0.6618
2009-07-13,4.3069
2009-07-14,0.8655
2009-07-15,1.9679
2009-07-16,2.9126
2009-07-17,0.6137
2009-07-20,4.1533
2009-07-21,1.899
2009-07-22,3.0682
2009-07-23,4.6652
2009-07-24,2.9197
2009-07-27,2.0026
2009-07-28,1.6553
2009-07-29,2.9677
2009-07-30,4.5749
2009-07-31,4.964
2009-08-03,2.8939
2009-08-04,2.9984
2009-08-05,0.7907
2009-08-06,0.9273
2009-08-07,2.3658
2009-08-10,3.1181
2009-08-11,3.9896
2009-08-12,2.8013
2009-08-13,1.9324
2009-08-14,0.2877
2009-08-17,2.7985
2009-08-18,1.2934
2009-08-19,3.9784
2009-08-20,5.3623
2009-08-21,4.2691
2009-08-24,5.4895
2009-08-25,3.0613
2009-08-26,2.3141
2009-08-27,3.5578
2009-08-28,3.5879
2009-08-31,3.7652
2009-09-01,0.7662
2009-09-02,2.8836
2009-09-03,-0.1661
2009-09-04,1.8938
2009-09-07,2.8415
2009-09-08,5.0524
2009-09-09,4.5172
2009-09-10,2.6247
2009-09-11,2.301
2009-09-14,5.8076
2009-09-15,4.0427
2009-09-16,1.2418
2009-09-17,4.3272
2009-09-18,2.2486
2009-09-21,2.7855
2009-09-22,4.0334
2009-09-23,3.0657
2009-09-24,3.1748
2009-09-25,3.6426
2009-09-28,1.3199
2009-09-29,1.4882
2009-09-30,2.9709
2009-10-01,4.3512
2009-10-02,2.8506
2009-10-05,6.1709
2009-10-06,0.7556
2009-10-07,2.8008
2009-10-08,3.0601
2009-10-09,4.0644
2009-10-12,3.7006
2009-10-13,3.3112
2009-10-14,0.8343
2009-10-15,2.5784
2009-10-16,2.9008
2009-10-19,1.2308
2009-10-20,2.5762
2009-10-21,1.5144
2009-10-22,3.9184
2009-10-23,4.2636
2009-10-26,3.4184
2009-10-27,0.7454
2009-10-28,3.133
2009-10-29,2.8474
2009-10-30,4.2752
2009-11-02,1.8811
2009-11-03,4.2069
2009-11-04,4.3901
2009-11-05,3.273
2009-11-06,1.528
2009-11-09,1.3638
2009-11-10,4.093
2009-11-11,5.0218
2009-11-12,3.8614
2009-11-13,4.2267
2009-11-16,-0.0055
2009-11-17,3.7148
2009-11-18,3.27
2009-11-19,0.628
2009-11-20,3.7745
2009-11-23,0.7918
2009-11-24,3.1599
2009-11-25,3.1644
2009-11-26,1.8039
2009-11-27,3.6747
2009-11-30,4.1735
2009-12-01,3.3593
2009-12-02,0.7235
2009-12-03,2.9636
2009-12-04,1.2983
2009-12-07,2.5956
2009-12-08,5.4592
2009-12-09,3.9231
2009-12-10,2.6772
2009-12-11,4.0394
2009-12-14,3.9667
2009-12-15,2.3704
2009-12-16,1.7266
2009-12-17,7.4949
2009-12-18,1.3116
2009-12-21,2.5928
2009-12-22,3.0938
2009-12-23,5.1916
2009-12-24,1.4986
2009-12-25,4.1206
2009-12-28,0.9963
2009-12-29,4.3226
2009-12-30,3.935
2009-12-31,3.3582
2010-01-01,4.3117
2010-01-04,-0.3498
2010-01-05,3.7591
2010-01-06,1.8883
2010-01-07,3.1095
2010-01-08,2.7592
2010-01-11,4.0131
2010-01-12,3.3862
2010-01-13,2.3545
2010-01-14,1.7718
2010-01-15,4.9039
2010-01-18,2.8926
2010-01-19,2.3254
2010-01-20,1.7929
2010-01-21,2.3858
2010-01-22,2.0297
2010-01-25,1.0665
2010-01-26,2.1638
2010-01-27,2.2122
2010-01-28,2.0449
2010-01-29,1.6065
2010-02-01,0.9975
2010-02-02,5.8453
2010-02-03,3.4044
2010-02-04,2.1249
2010-02-05,1.3816
2010-02-08,4.7884
2010-02-09,0.3164
2010-02-10,5.0027
2010-02-11,4.5665
2010-02-12,4.6377
2010-02-15,2.3852
2010-02-16,4.651
2010-02-17,4.4922
2010-02-18,4.6334
2010-02-19,3.7636
2010-02-22,4.1073
2010-02-23,1.9151
2010-02-24,3.5018
2010-02-25,6.496
2010-02-26,3.2094
2010-03-01,5.7982
2010-03-02,4.8633
2010-03-03,1.6065
2010-03-04,6.2419
2010-03-05,1.3733
2010-03-08,3.9149
2010-03-09,2.7075
2010-03-10,2.0867
2010-03-11,3.9481
2010-03-12,7.501
2010-03-15,1.9543
2010-03-16,2.5597
2010-03-17,0.4136
2010-03-18,5.6229
2010-03-19,4.46
2010-03-22,1.9197
2010-03-23,3.3558
2010-03-24,4.4431
2010-03-25,3.0061
2010-03-26,2.5924
2010-03-29,2.0291
2010-03-30,0.1975
2010-03-31,2.6554
2010-04-01,5.1877
2010-04-02,4.2107
2010-04-05,3.4168
2010-04-06,5.12
2010-04-07,3.575
2010-04-08,5.1667
2010-04-09,6.5645
2010-04-12,1.0693
2010-04-13,2.2168
2010-04-14,-0.2396
2010-04-15,2.7069
2010-04-16,3.2557
2010-04-19,0.6647
2010-04-20,3.1942
2010-04-21,1.3564
2010-04-22,5.3972
2010-04-23,1.1154
2010-04-26,3.4939
2010-04-27,3.5738
2010-04-28,3.9574
2010-04-29,5.3706
2010-04-30,4.6575
2010-05-03,3.5306
2010-05-04,2.6167
2010-05-05,1.6952
2010-05-06,2.5609
2010-05-07,0.0468
2010-05-10,5.7202
2010-05-11,0.6117
2010-05-12,3.162
2010-05-13,4.0664
2010-05-14,2.8097
2010-05-17,2.345
2010-05-18,3.0089
2010-05-19,3.4123
2010-05-20,1.2715
2010-05-21,1.5576
2010-05-24,3.6089
2010-05-25,3.559
2010-05-26,2.8562
2010-05-27,1.1751
2010-05-28,3.1695
2010-05-31,2.0094
2010-06-01,1.2583
2010-06-02,2.7448
2010-06-03,5.75
2010-06-04,5.8742
2010-06-07,4.6825
2010-06-08,2.9525
2010-06-09,4.0738
2010-06-10,4.2815
2010-06-11,4.323
2010-06-14,4.854
2010-06-15,6.7505
2010-06-16,2.1494
2010-06-17,0.4721
2010-06-18,3.076
2010-06-21,3.4908
2010-06-22,3.9991
2010-06-23,0.9423
2010-06-24,4.55
2010-06-25,2.5148
2010-06-28,3.7383
2010-06-29,5.7413
2010-06-30,4.8956
2010-07-01,3.3974
2010-07-02,3.1911
2010-07-05,2.7939
2010-07-06,2.6411
2010-07-07,-0.1735
2010-07-08,1.4909
2010-07-09,4.9279
2010-07-12,1.9789
2010-07-13,1.4156
2010-07-14,1.5197
2010-07-15,4.0664
2010-07-16,4.5092
2010-07-19,2.193
2010-07-20,2.0491
2010-07-21,1.7575
2010-07-22,4.772
2010-07-23,1.064
2010-07-26,2.3855
2010-07-27,4.9144
2010-07-28,3.0932
2010-07-29,4.7476
2010-07-30,3.0918
2010-08-02,4.0532
2010-08-03,2.5698
2010-08-04,2.5944
2010-08-05,1.0355
2010-08-06,5.4842
2010-08-09,1.6242
2010-08-10,1.7766
2010-08-11,1.3741
2010-08-12,7.04
2010-08-13,1.9655
2010-08-16,4.9537
2010-08-17,5.7524
2010-08-18,3.7224
2010-08-19,2.6835
2010-08-20,4.7588
2010-08-23,3.3868
2010-08-24,3.3494
2010-08-25,2.867
2010-08-26,5.3415
2010-08-27,0.4809
2010-08-30,4.2502
2010-08-31,1.4327
2010-09-01,1.9276
2010-09-02,0.3503
2010-09-03,2.722
2010-09-06,2.5405
2010-09-07,-0.0184
2010-09-08,2.5727
2010-09-09,3.7357
2010-09-10,4.3
2010-09-13,1.045
2010-09-14,3.0614
2010-09-15,3.1899
2010-09-16,2.9183
2010-09-17,2.3903
2010-09-20,2.5762
2010-09-21,1.8426
2010-09-22,-0.5154
2010-09-23,1.4192
2010-09-24,1.2799
2010-09-27,5.5167
2010-09-28,4.4388
2010-09-29,4.7119
2010-09-30,0.4977
2010-10-01,2.4633
2010-10-04,2.7464
2010-10-05,3.3111
2010-10-06,0.936
2010-10-07,2.9356
2010-10-08,1.518
2010-10-11,0.8606
2010-10-12,0.2468
2010-10-13,2.5655
2010-10-14,0.9434
2010-10-15,3.6399
2010-10-18,2.7199
2010-10-19,2.7248
2010-10-20,3.1767
2010-10-21,4.5841
2010-10-22,2.0477
2010-10-25,2.7261
2010-10-26,5.5336
2010-10-27,3.4834
2010-10-28,2.7455
2010-10-29,-0.1796
2010-11-01,5.0902
2010-11-02,3.5428
2010-11-03,6.3177
2010-11-04,4.7634
2010-11-05,-0.608
2010-11-08,0.8849
2010-11-09,2.905
2010-11-10,2.8346
2010-11-11,1.9342
2010-11-12,1.1516
2010-11-15,3.6818
2010-11-16,5.4999
2010-11-17,2.3609
2010-11-18,1.4787
2010-11-19,2.2772
2010-11-22,1.5454
2010-11-23,2.7644
2010-11-24,3.1687
2010-11-25,0.4937
2010-11-26,1.6596
2010-11-29,3.4548
2010-11-30,3.1001
2010-12-01,3.3774
2010-12-02,1.6891
2010-12-03,4.4723
2010-12-06,2.2706
2010-12-07,4.5079
2010-12-08,3.1346
2010-12-09,1.8116
2010-12-10,4.7337
2010-12-13,2.497
2010-12-14,1.7874
2010-12-15,3.6562
2010-12-16,3.5077
2010-12-17,5.4365
2010-12-20,4.2617
2010-12-21,4.7565
2010-12-22,2.7291
2010-12-23,4.6802
2010-12-24,1.6438
2010-12-27,2.9832
2010-12-28,3.027
2010-12-29,3.9213
2010-12-30,2.8563
2010-12-31,6.0879
2011-01-03,1.7739
2011-01-04,3.0132
2011-01-05,4.0108
2011-01-06,3.4322
2011-01-07,2.668
2011-01-10,1.3924
2011-01-11,3.2453
2011-01-12,2.735
2011-01-13,4.1663
2011-01-14,2.4362
2011-01-17,6.7281
2011-01-18,3.6011
2011-01-19,1.7618
2011-01-20,5.2475
2011-01-21,2.734
2011-01-24,6.2094
2011-01-25,4.0451
2011-01-26,3.7162
2011-01-27,5.3056
2011-01-28,4.0541
2011-01-31,3.4832
2011-02-01,4.6874
2011-02-02,1.8463
2011-02-03,1.0727
2011-02-04,2.1438
2011-02-07,2.1153
2011-02-08,3.4249
2011-02-09,7.1396
2011-02-10,4.1602
2011-02-11,2.7865
2011-02-14,3.0984
2011-02-15,0.9411
2011-02-16,2.1849
2011-02-17,2.9325
2011-02-18,4.7092
2011-02-21,3.4242
2011-02-22,2.9354
2011-02-23,0.9831
2011-02-24,2.8414
2011-02-25,3.2034
2011-02-28,1.1879
2011-03-01,1.5447
2011-03-02,2.4332
2011-03-03,2.4965
2011-03-04,1.1248
2011-03-07,3.2866
2011-03-08,3.1754
2011-03-09,3.2211
2011-03-10,2.0771
2011-03-11,2.4894
2011-03-14,3.8229
2011-03-15,3.9651
2011-03-16,2.1064
2011-03-17,0.9631
2011-03-18,2.9864
2011-03-21,3.0405
2011-03-22,1.3714
2011-03-23,3.2354
2011-03-24,3.5426
2011-03-25,2.0968
2011-03-28,2.9155
2011-03-29,5.3766
2011-03-30,5.0006
2011-03-31,1.3488
2011-04-01,1.9583
2011-04-04,3.4654
2011-04-05,1.8489
2011-04-06,3.9642
2011-04-07,4.766
2011-04-08,4.0639
2011-04-11,1.7995
2011-04-12,3.6902
2011-04-13,1.3251
2011-04-14,5.1372
2011-04-15,3.1068
2011-04-18,3.2982
2011-04-19,2.4863
2011-04-20,4.2861
2011-04-21,1.8432
2011-04-22,2.8813
2011-04-25,1.5207
2011-04-26,3.5465
2011-04-27,3.7761
2011-04-28,2.9119
2011-04-29,-0.194
2011-05-02,3.4606
2011-05-03,2.9617
2011-05-04,4.1606
2011-05-05,0.6055
2011-05-06,3.3825
2011-05-09,3.1087
2011-05-10,2.7164
2011-05-11,3.5522
2011-05-12,4.3879
2011-05-13,4.7844
2011-05-16,1.4172
2011-05-17,4.3653
2011-05-18,3.0232
2011-05-19,1.7036
2011-05-20,3.319
2011-05-23,3.6416
2011-05-24,4.6309
2011-05-25,3.8281
2011-05-26,-0.7419
2011-05-27,2.7529
2011-05-30,4.9871
2011-05-31,2.038
2011-06-01,6.8699
2011-06-02,4.5404
2011-06-03,3.753
2011-06-06,4.0971
2011-06-07,-0.8391
2011-06-08,2.843
2011-06-09,4.3535
2011-06-10,2.0391
2011-06-13,3.4875
2011-06-14,0.8095
2011-06-15,3.0483
2011-06-16,3.0169
2011-06-17,4.8001
2011-06-20,3.8199
2011-06-21,3.6743
2011-06-22,3.3582
2011-06-23,2.8676
2011-06-24,0.7686
2011-06-27,0.6866
2011-06-28,4.8619
2011-06-29,1.6012
2011-06-30,1.079
2011-07-01,3.1459
2011-07-04,5.1436
2011-07-05,3.125
2011-07-06,4.6743
2011-07-07,4.9555
2011-07-08,2.5088
2011-07-11,3.9463
2011-07-12,4.7918
2011-07-13,3.037
2011-07-14,4.1881
2011-07-15,4.0775
2011-07-18,1.324
2011-07-19,2.0104
2011-07-20,1.359
2011-07-21,3.8136
2011-07-22,3.0009
2011-07-25,3.3533
2011-07-26,2.5134
2011-07-27,3.8244
2011-07-28,4.1408
2011-07-29,2.6406
2011-08-01,2.9386
2011-08-02,2.4872
2011-08-03,5.1578
2011-08-04,5.0071
2011-08-05,4.0608
2011-08-08,3.8227
2011-08-09,4.0762
2011-08-10,5.7758
2011-08-11,5.3313
2011-08-12,0.92
2011-08-15,3.124
2011-08-16,2.0028
2011-08-17,3.9768
2011-08-18,2.8539
2011-08-19,2.652
2011-08-22,1.1357
2011-08-23,2.7468
2011-08-24,1.5111
2011-08-25,2.9128
2011-08-26,0.6179
2011-08-29,2.832
2011-08-30,4.6115
2011-08-31,3.4812
2011-09-01,4.6837
2011-09-02,3.0579
2011-09-05,2.0315
2011-09-06,4.2227
2011-09-07,0.6467
2011-09-08,3.6661
2011-09-09,2.6531
2011-09-12,1.1483
2011-09-13,2.0368
2011-09-14,4.4156
2011-09-15,3.3892
2011-09-16,4.1811
2011-09-19,3.1342
2011-09-20,3.2294
2011-09-21,2.7578
2011-09-22,3.3982
2011-09-23,-0.948
2011-09-26,4.8739
2011-09-27,2.1942
2011-09-28,2.8953
2011-09-29,4.1147
2011-09-30,2.4998
2011-10-03,4.8749
2011-10-04,6.3354
2011-10-05,2.2111
2011-10-06,1.8352
2011-10-07,7.901
2011-10-10,4.3039
2011-10-11,6.1873
2011-10-12,1.0917
2011-10-13,1.6781
2011-10-14,2.6209
2011-10-17,3.6777
2011-10-18,0.6118
2011-10-19,4.0258
2011-10-20,4.9656
2011-10-21,3.9054
2011-10-24,4.7407
2011-10-25,4.7143
2011-10-26,5.1467
2011-10-27,1.1896
2011-10-28,5.926
2011-10-31,3.6154
2011-11-01,4.0526
2011-11-02,2.6096
2011-11-03,2.915
2011-11-04,5.1126
2011-11-07,2.9082
2011-11-08,3.4844
2011-11-09,4.5534
2011-11-10,1.6643
2011-11-11,3.3929
2011-11-14,1.3856
2011-11-15,2.7569
2011-11-16,2.9067
2011-11-17,3.745
2011-11-18,3.4809
2011-11-21,4.4745
2011-11-22,5.8306
2011-11-23,2.3786
2011-11-24,3.8284
2011-11-25,0.5432
2011-11-28,4.421
2011-11-29,1.5919
2011-11-30,3.2732
2011-12-01,2.0711
2011-12-02,3.1351
2011-12-05,2.9501
2011-12-06,0.1169
2011-12-07,3.7812
2011-12-08,2.9175
2011-12-09,5.3609
2011-12-12,2.6855
2011-12-13,0.8649
2011-12-14,1.718
2011-12-15,3.1582
2011-12-16,1.4861
2011-12-19,3.3828
2011-12-20,3.5977
2011-12-21,5.4464
2011-12-22,2.1336
2011-12-23,2.1135
2011-12-26,1.2725
2011-12-27,2.0517
2011-12-28,4.0894
2011-12-29,2.916
2011-12-30,2.4274
2012-01-02,3.4043
2012-01-03,2.8486
2012-01-04,2.7492
2012-01-05,1.9244
2012-01-06,4.8989
2012-01-09,1.486
2012-01-10,2.6382
2012-01-11,2.4302
2012-01-12,2.2441
2012-01-13,0.7828
2012-01-16,3.0352
2012-01-17,3.3659
2012-01-18,3.5117
2012-01-19,3.1041
2012-01-20,3.3782
2012-01-23,-0.2562
2012-01-24,3.3615
2012-01-25,4.252
2012-01-26,4.8118
2012-01-27,1.0714
2012-01-30,2.6712
2012-01-31,4.1388
2012-02-01,4.9374
2012-02-02,3.4644
2012-02-03,2.8547
2012-02-06,3.7879
2012-02-07,4.3162
2012-02-08,1.4761
2012-02-09,1.7802
2012-02-10,3.928
2012-02-13,3.1792
2012-02-14,4.2883
2012-02-15,2.3103
2012-02-16,1.8867
2012-02-17,3.0922
2012-02-20,4.6168
2012-02-21,0.6111
2012-02-22,0.9016
2012-02-23,3.8065
2012-02-24,4.0254
2012-02-27,3.4648
2012-02-28,3.2303
2012-02-29,3.275
2012-03-01,3.3905
2012-03-02,2.8822
2012-03-05,3.6983
2012-03-06,3.4615
2012-03-07,1.8669
2012-03-08,1.4192
2012-03-09,2.1531
2012-03-12,0.2313
2012-03-13,3.5361
2012-03-14,3.2231
2012-03-15,1.354
2012-03-16,5.9271
2012-03-19,3.7649
2012-03-20,4.7398
2012-03-21,2.1309
2012-03-22,3.128
2012-03-23,4.3529
2012-03-26,3.3875
2012-03-27,2.8251
2012-03-28,6.1938
2012-03-29,4.5466
2012-03-30,3.8794
2012-04-02,4.2023
2012-04-03,2.8755
2012-04-04,4.1817
2012-04-05,3.0306
2012-04-06,1.3685
2012-04-09,1.3347
2012-04-10,1.6533
2012-04-11,2.3798
2012-04-12,0.7424
2012-04-13,2.9392
2012-04-16,2.8967
2012-04-17,3.751
2012-04-18,1.1442
2012-04-19,0.2684
2012-04-20,2.9087
2012-04-23,0.9447
2012-04-24,1.6249
2012-04-25,4.0258
2012-04-26,3.8512
2012-04-27,3.2204
2012-04-30,3.2541
2012-05-01,0.4132
2012-05-02,3.267
2012-05-03,4.9394
2012-05-04,2.0452
2012-05-07,6.5898
2012-05-08,1.7615
2012-05-09,3.1324
2012-05-10,4.2493
2012-05-11,3.7492
2012-05-14,2.4932
2012-05-15,4.4771
2012-05-16,1.927
2012-05-17,2.2163
2012-05-18,2.8482
2012-05-21,3.4521
2012-05-22,4.041
2012-05-23,2.4372
2012-05-24,5.3355
2012-05-25,5.1847
2012-05-28,3.398
2012-05-29,4.1484
2012-05-30,1.2448
2012-05-31,4.7257
2012-06-01,3.0639
2012-06-04,3.2623
2012-06-05,0.9823
2012-06-06,-1.0425
2012-06-07,2.0245
2012-06-08,0.89
2012-06-11,5.2701
2012-06-12,3.5277
2012-06-13,1.3805
2012-06-14,4.6768
2012-06-15,3.108
2012-06-18,3.7491
2012-06-19,1.7103
2012-06-20,4.6312
2012-06-21,3.6972
2012-06-22,-0.4767
2012-06-25,2.2162
2012-06-26,1.6888
2012-06-27,3.1121
2012-06-28,1.5384
2012-06-29,2.8353
2012-07-02,2.8457
2012-07-03,3.8716
2012-07-04,2.8476
2012-07-05,4.9711
2012-07-06,2.711
2012-07-09,0.0472
2012-07-10,3.1348
2012-07-11,-0.9021
2012-07-12,2.2932
2012-07-13,2.9396
2012-07-16,5.4052
2012-07-17,2.3085
2012-07-18,1.5199
2012-07-19,3.0277
2012-07-20,2.0616
2012-07-23,3.4361
2012-07-24,3.5501
2012-07-25,2.6122
2012-07-26,0.8096
2012-07-27,2.0704
2012-07-30,3.6688
2012-07-31,4.8319
2012-08-01,3.191
2012-08-02,4.6573
2012-08-03,3.506
2012-08-06,1.6676
2012-08-07,-0.9239
2012-08-08,3.9419
2012-08-09,3.8879
2012-08-10,5.1741
2012-08-13,3.9836
2012-08-14,2.4875
2012-08-15,1.6217
2012-08-16,3.6428
2012-08-17,3.369
2012-08-20,4.2027
2012-08-21,3.6264
2012-08-22,2.2541
2012-08-23,4.0827
2012-08-24,4.8777
2012-08-27,3.9221
2012-08-28,5.2775
2012-08-29,5.0305
2012-08-30,4.3088
2012-08-31,3.8552
2012-09-03,2.8224
2012-09-04,3.5457
2012-09-05,2.8664
2012-09-06,3.0719
2012-09-07,0.797
2012-09-10,2.5512
2012-09-11,3.7926
2012-09-12,3.9731
2012-09-13,1.3348
2012-09-14,4.6845
2012-09-17,-0.1243
2012-09-18,1.5657
2012-09-19,2.7345
2012-09-20,5.8255
2012-09-21,3.6627
2012-09-24,2.3883
2012-09-25,0.7038
2012-09-26,3.7097
2012-09-27,4.86
2012-09-28,4.0403
2012-10-01,2.7021
2012-10-02,1.6065
2012-10-03,3.2056
2012-10-04,1.0736
2012-10-05,5.2391
2012-10-08,1.5521
2012-10-09,2.6908
2012-10-10,2.6245
2012-10-11,3.9539
2012-10-12,2.4599
2012-10-15,5.8003
2012-10-16,3.5789
2012-10-17,0.4668
2012-10-18,5.0177
2012-10-19,3.007
2012-10-22,3.1041
2012-10-23,5.058
2012-10-24,4.2284
2012-10-25,3.6964
2012-10-26,2.8781
2012-10-29,2.9438
2012-10-30,2.7135
2012-10-31,4.3884
2012-11-01,2.238
2012-11-02,1.7477
2012-11-05,3.3375
2012-11-06,2.7177
2012-11-07,4.2958
2012-11-08,3.23
2012-11-09,1.8449
2012-11-12,3.5906
2012-11-13,3.7712
2012-11-14,2.2367
2012-11-15,5.6763
2012-11-16,4.1818
2012-11-19,0.1354
2012-11-20,3.5108
2012-11-21,1.4818
2012-11-22,1.0645
2012-11-23,2.2619
2012-11-26,5.8934
2012-11-27,1.751
2012-11-28,1.088
2012-11-29,4.7489
2012-11-30,5.3785
2012-12-03,5.0112
2012-12-04,2.0005
2012-12-05,3.7045
2012-12-06,5.2669
2012-12-07,4.5803
2012-12-10,1.6515
2012-12-11,1.77
2012-12-12,1.1524
2012-12-13,5.5938
2012-12-14,1.9375
2012-12-17,2.3872
2012-12-18,0.8419
2012-12-19,2.2159
2012-12-20,2.9691
2012-12-21,3.9134
2012-12-24,1.9694
2012-12-25,2.6822
2012-12-26,4.8212
2012-12-27,2.9109
2012-12-28,3.1235
2012-12-31,3.5549
2013-01-01,3.6579
2013-01-02,1.2707
2013-01-03,4.1044
2013-01-04,-0.2052
2013-01-07,2.7027
2013-01-08,4.288
2013-01-09,1.14
2013-01-10,0.918
2013-01-11,3.6563
2013-01-14,1.9832
2013-01-15,1.5273
2013-01-16,3.7925
2013-01-17,1.8874
2013-01-18,2.2397
2013-01-21,3.608
2013-01-22,0.9555
2013-01-23,2.5537
2013-01-24,1.4173
2013-01-25,1.6872
2013-01-28,-0.2586
2013-01-29,2.5139
2013-01-30,0.5172
2013-01-31,5.0196
2013-02-01,2.5019
2013-02-04,1.9863
2013-02-05,2.5833
2013-02-06,2.3624
2013-02-07,4.0656
2013-02-08,2.4553
2013-02-11,2.8118
2013-02-12,5.9271
2013-02-13,2.731
2013-02-14,2.3693
2013-02-15,0.9156
2013-02-18,4.1869
2013-02-19,2.5856
2013-02-20,3.3546
2013-02-21,2.6544
2013-02-22,3.418
2013-02-25,3.0605
2013-02-26,3.6054
2013-02-27,2.8832
2013-02-28,-0.0077
2013-03-01,3.2198
2013-03-04,4.7312
2013-03-05,5.1912
2013-03-06,2.8496
2013-03-07,0.7407
2013-03-08,3.7209
2013-03-11,3.7618
2013-03-12,4.3966
2013-03-13,0.2169
2013-03-14,3.6537
2013-03-15,-0.0978
2013-03-18,2.8485
2013-03-19,3.0206
2013-03-20,0.5861
2013-03-21,3.432
2013-03-22,3.6872
2013-03-25,3.592
2013-03-26,1.9347
2013-03-27,2.5378
2013-03-28,5.7787
2013-03-29,5.0157
2013-04-01,3.8079
2013-04-02,1.2483
2013-04-03,5.3527
2013-04-04,-2.3546
2013-04-05,3.3314
2013-04-08,2.1069
2013-04-09,1.7424
2013-04-10,5.0861
2013-04-11,3.5098
2013-04-12,3.2981
2013-04-15,2.7465
2013-04-16,2.0131
2013-04-17,2.7435
2013-04-18,2.1089
2013-04-19,0.1268
2013-04-22,2.7655
2013-04-23,0.1497
2013-04-24,3.5739
2013-04-25,1.8914
2013-04-26,3.4677
2013-04-29,4.3946
2013-04-30,2.833
2013-05-01,3.1662
2013-05-02,4.5339
2013-05-03,4.5393
2013-05-06,1.8403
2013-05-07,1.5226
2013-05-08,2.6763
2013-05-09,3.1108
2013-05-10,2.497
2013-05-13,3.0309
2013-05-14,2.8254
2013-05-15,2.1412
2013-05-16,5.2438
2013-05-17,0.2877
2013-05-20,6.8817
2013-05-21,2.3072
2013-05-22,3.6684
2013-05-23,0.2347
2013-05-24,1.9899
2013-05-27,4.2948
2013-05-28,4.6814
2013-05-29,3.8388
2013-05-30,5.1545
2013-05-31,2.5751
2013-06-03,5.6101
2013-06-04,3.1046
2013-06-05,0.7036
2013-06-06,5.0014
2013-06-07,-0.0253
2013-06-10,1.3711
2013-06-11,1.9054
2013-06-12,2.4855
2013-06-13,3.468
2013-06-14,1.4368
2013-06-17,1.5539
2013-06-18,4.7702
2013-06-19,1.8589
2013-06-20,5.1361
2013-06-21,2.0757
2013-06-24,1.2131
2013-06-25,5.0962
2013-06-26,3.2125
2013-06-27,1.9036
2013-06-28,2.9925
2013-07-01,4.2679
2013-07-02,4.3261
2013-07-03,1.8632
2013-07-04,2.2122
2013-07-05,5.423
2013-07-08,4.4554
2013-07-09,3.2028
2013-07-10,2.0953
2013-07-11,2.5363
2013-07-12,2.6993
2013-07-15,2.6884
2013-07-16,2.5492
2013-07-17,2.8516
2013-07-18,1.3203
2013-07-19,4.0549
2013-07-22,3.0501
2013-07-23,3.4294
2013-07-24,3.8405
2013-07-25,5.214
2013-07-26,3.9712
2013-07-29,3.071
2013-07-30,0.9804
2013-07-31,0.1365
2013-08-01,0.2414
2013-08-02,2.4274
2013-08-05,3.5772
2013-08-06,3.3086
2013-08-07,2.9188
2013-08-08,0.6428
2013-08-09,4.8615
2013-08-12,4.2042
2013-08-13,4.3485
2013-08-14,2.931
2013-08-15,3.7351
2013-08-16,1.3117
2013-08-19,1.9272
2013-08-20,1.5965
2013-08-21,1.4596
2013-08-22,0.2338
2013-08-23,3.2616
2013-08-26,3.5513
2013-08-27,1.1165
2013-08-28,5.1573
2013-08-29,4.4157
2013-08-30,-0.0441
2013-09-02,2.9562
2013-09-03,3.257
2013-09-04,3.9843
2013-09-05,3.8972
2013-09-06,3.6195
2013-09-09,3.5228
2013-09-10,2.1194
2013-09-11,1.7983
2013-09-12,1.9186
2013-09-13,1.9925
2013-09-16,4.4921
2013-09-17,4.4543
2013-09-18,1.4899
2013-09-19,1.4002
2013-09-20,2.2179
2013-09-23,1.0288
2013-09-24,2.5802
2013-09-25,1.1685
2013-09-26,0.8435
2013-09-27,-2.0732
2013-09-30,3.4327
2013-10-01,2.7152
2013-10-02,4.3816
2013-10-03,0.6503
2013-10-04,0.6194
2013-10-07,2.4655
2013-10-08,3.1495
2013-10-09,5.6296
2013-10-10,1.0089
2013-10-11,2.956
2013-10-14,1.5142
2013-10-15,1.314
2013-10-16,1.3425
2013-10-17,2.2044
2013-10-18,4.1891
2013-10-21,2.8855
2013-10-22,3.9363
2013-10-23,3.2662
2013-10-24,3.3509
2013-10-25,3.8135
2013-10-28,4.638
2013-10-29,2.0791
2013-10-30,3.0525
2013-10-31,2.638
2013-11-01,4.2298
2013-11-04,5.538
2013-11-05,1.6656
2013-11-06,1.9668
2013-11-07,1.7932
2013-11-08,2.969
2013-11-11,2.5761
2013-11-12,3.633
2013-11-13,6.3081
2013-11-14,0.8875
2013-11-15,1.3078
2013-11-18,1.5914
2013-11-19,2.2223
2013-11-20,2.1485
2013-11-21,3.5012
2013-11-22,4.2983
2013-11-25,5.3223
2013-11-26,4.2704
2013-11-27,3.9956
2013-11-28,2.9943
2013-11-29,1.9498
2013-12-02,2.1981
2013-12-03,1.962
2013-12-04,3.9499
2013-12-05,4.2501
2013-12-06,1.8329
2013-12-09,2.7107
2013-12-10,0.4428
2013-12-11,5.7045
2013-12-12,1.9398
2013-12-13,2.5472
2013-12-16,3.554
2013-12-17,0.2715
2013-12-18,1.9722
2013-12-19,2.3656
2013-12-20,1.7713
2013-12-23,2.3463
2013-12-24,1.7072
2013-12-25,3.4768
2013-12-26,2.8057
2013-12-27,2.6884
2013-12-30,3.2286
2013-12-31,2.7634
2014-01-01,5.846
2014-01-02,0.1678
2014-01-03,1.2835
2014-01-06,3.9311
2014-01-07,1.9083
2014-01-08,5.0258
2014-01-09,1.706
2014-01-10,3.248
2014-01-13,3.1217
2014-01-14,2.845
2014-01-15,1.5925
2014-01-16,3.2332
2014-01-17,-0.3508
2014-01-20,1.4204
2014-01-21,4.5386
2014-01-22,2.5814
2014-01-23,2.4681
2014-01-24,3.587
2014-01-27,2.8927
2014-01-28,4.3692
2014-01-29,4.6158
2014-01-30,2.8997
2014-01-31,0.9023
2014-02-03,0.2908
2014-02-04,1.1763
2014-02-05,2.345
2014-02-06,2.1735
2014-02-07,4.3187
2014-02-10,3.0902
2014-02-11,3.8103
2014-02-12,2.7665
2014-02-13,2.9352
2014-02-14,0.4042
2014-02-17,3.9305
2014-02-18,2.666
2014-02-19,-0.0606
2014-02-20,4.5977
2014-02-21,4.1949
2014-02-24,3.5929
2014-02-25,2.9692
2014-02-26,3.2105
2014-02-27,3.8005
2014-02-28,5.4832
2014-03-03,4.6807
2014-03-04,2.9021
2014-03-05,4.6648
2014-03-06,4.5399
2014-03-07,1.3534
2014-03-10,-0.1355
2014-03-11,3.4503
2014-03-12,3.2065
2014-03-13,1.0647
2014-03-14,3.4493
2014-03-17,2.755
2014-03-18,2.8049
2014-03-19,2.7561
2014-03-20,2.886
2014-03-21,5.0472
2014-03-24,2.1801
2014-03-25,4.1919
2014-03-26,0.0913
2014-03-27,2.5213
2014-03-28,4.8614
2014-03-31,3.9776
2014-04-01,5.8882
2014-04-02,1.1295
2014-04-03,2.7283
2014-04-04,3.5819
2014-04-07,2.0202
2014-04-08,5.7307
2014-04-09,1.1344
2014-04-10,3.7537
2014-04-11,1.4571
2014-04-14,4.2077
2014-04-15,3.4844
2014-04-16,0.4595
2014-04-17,2.5165
2014-04-18,2.042
2014-04-21,4.6675
2014-04-22,1.5106
2014-04-23,2.8263
2014-04-24,4.4206
2014-04-25,3.9909
2014-04-28,3.6798
2014-04-29,3.9436
2014-04-30,8.4072
2014-05-01,2.7575
2014-05-02,4.5045
2014-05-05,3.2342
2014-05-06,4.536
2014-05-07,1.4441
2014-05-08,4.9481
2014-05-09,3.6418
2014-05-12,3.6062
2014-05-13,2.0676
2014-05-14,-0.1078
2014-05-15,3.4755
2014-05-16,4.0159
2014-05-19,4.0162
2014-05-20,0.7992
2014-05-21,4.7228
2014-05-22,-1.0287
2014-05-23,3.4024
2014-05-26,4.372
2014-05-27,1.8687
2014-05-28,1.9191
2014-05-29,1.5483
2014-05-30,0.2441
2014-06-02,2.9947
2014-06-03,1.2204
2014-06-04,3.9175
2014-06-05,1.7986
2014-06-06,1.4505
2014-06-09,4.1887
2014-06-10,4.3017
2014-06-11,6.4641
2014-06-12,0.7094
2014-06-13,4.9247
2014-06-16,3.3234
2014-06-17,1.0475
2014-06-18,3.5434
2014-06-19,1.548
2014-06-20,3.2305
2014-06-23,2.8241
2014-06-24,2.5096
2014-06-25,2.1495
2014-06-26,2.9041
2014-06-27,3.7779
2014-06-30,0.1465
2014-07-01,5.6127
2014-07-02,2.1156
2014-07-03,1.8955
2014-07-04,2.8249
2014-07-07,5.3075
2014-07-08,2.7035
2014-07-09,3.1735
2014-07-10,3.4117
2014-07-11,2.8874
2014-07-14,3.977
2014-07-15,1.8965
2014-07-16,0.4237
2014-07-17,2.4831
2014-07-18,2.3958
2014-07-21,3.0427
2014-07-22,3.2947
2014-07-23,3.2608
2014-07-24,0.7732
2014-07-25,5.0107
2014-07-28,1.8943
2014-07-29,0.5018
2014-07-30,2.8172
2014-07-31,2.7323
2014-08-01,2.3763
2014-08-04,3.7645
2014-08-05,7.3329
2014-08-06,3.9532
2014-08-07,0.8744
2014-08-08,2.1976
2014-08-11,3.4561
2014-08-12,2.4549
2014-08-13,2.1171
2014-08-14,1.9601
2014-08-15,3.6775
2014-08-18,3.3621
2014-08-19,3.2768
2014-08-20,4.2736
2014-08-21,-1.2347
2014-08-22,2.2006
2014-08-25,1.8073
2014-08-26,3.2414
2014-08-27,1.7722
2014-08-28,1.6445
2014-08-29,2.9117
2014-09-01,0.7854
2014-09-02,3.8917
2014-09-03,5.4768
2014-09-04,2.8661
2014-09-05,4.34
2014-09-08,2.6742
2014-09-09,2.9134
2014-09-10,0.8566
2014-09-11,0.7128
2014-09-12,5.9685
2014-09-15,2.2217
2014-09-16,4.5936
2014-09-17,2.9871
2014-09-18,1.861
2014-09-19,3.0878
2014-09-22,3.5007
2014-09-23,4.697
2014-09-24,4.5936
2014-09-25,5.8223
2014-09-26,0.804
2014-09-29,3.1939
2014-09-30,1.2186
2014-10-01,3.3775
2014-10-02,1.8284
2014-10-03,6.7401
2014-10-06,4.2199
2014-10-07,3.5771
2014-10-08,2.6218
2014-10-09,3.3144
2014-10-10,4.1072
2014-10-13,2.3108
2014-10-14,3.6417
2014-10-15,6.7825
2014-10-16,-0.2369
2014-10-17,5.1056
2014-10-20,3.2036
2014-10-21,4.2979
2014-10-22,2.8475
2014-10-23,3.5771
2014-10-24,4.0903
2014-10-27,5.6603
2014-10-28,0.5473
2014-10-29,4.2045
2014-10-30,2.1548
2014-10-31,2.6156
2014-11-03,1.45
2014-11-04,2.4666
2014-11-05,3.0153
2014-11-06,2.1024
2014-11-07,3.3097
2014-11-10,1.2592
2014-11-11,3.5146
2014-11-12,2.5828
2014-11-13,5.5836
2014-11-14,2.0977
2014-11-17,2.7582
2014-11-18,2.9142
2014-11-19,1.5768
2014-11-20,-0.2152
2014-11-21,5.4347
2014-11-24,1.9566
2014-11-25,0.9634
2014-11-26,1.3989
2014-11-27,2.4671
2014-11-28,5.3552
2014-12-01,2.9367
2014-12-02,4.965
2014-12-03,4.8168
2014-12-04,0.3861
2014-12-05,4.5145
2014-12-08,5.6579
2014-12-09,4.4544
2014-12-10,2.4012
2014-12-11,3.6653
2014-12-12,3.8032
2014-12-15,-0.6914
2014-12-16,3.4179
2014-12-17,4.251
2014-12-18,4.8816
2014-12-19,3.3259
2014-12-22,1.4148
2014-12-23,4.3531
2014-12-24,4.9436
2014-12-25,4.92
2014-12-26,3.9348
2014-12-29,5.0046
2014-12-30,1.4419
2014-12-31,4.6469
2015-01-01,3.8547
2015-01-02,-0.2613
2015-01-05,5.7991
2015-01-06,2.425
2015-01-07,2.5829
2015-01-08,2.5809
2015-01-09,3.3193
2015-01-12,0.5302
2015-01-13,2.1756
2015-01-14,7.0515
2015-01-15,1.8956
2015-01-16,5.9889
2015-01-19,1.7513
2015-01-20,0.7502
2015-01-21,3.1035
2015-01-22,3.2199
2015-01-23,2.8981
2015-01-26,4.9027
2015-01-27,3.0423
2015-01-28,3.6317
2015-01-29,2.5198
2015-01-30,3.5044
2015-02-02,1.7218
2015-02-03,3.7591
2015-02-04,1.2709
2015-02-05,3.4941
2015-02-06,3.2877
2015-02-09,3.1086
2015-02-10,3.4247
2015-02-11,4.1109
2015-02-12,2.5431
2015-02-13,6.0322
2015-02-16,1.5752
2015-02-17,4.3109
2015-02-18,1.9418
2015-02-19,1.6005
2015-02-20,3.6433
2015-02-23,2.24
2015-02-24,3.4539
2015-02-25,2.854
2015-02-26,3.7998
2015-02-27,3.6216
2015-03-02,4.4797
2015-03-03,2.2236
2015-03-04,4.1708
2015-03-05,1.6725
2015-03-06,2.4466
2015-03-09,2.2426
2015-03-10,1.5451
2015-03-11,1.8558
2015-03-12,3.356
2015-03-13,0.5328
2015-03-16,3.5371
2015-03-17,3.911
2015-03-18,4.7348
2015-03-19,2.5494
2015-03-20,6.3041
2015-03-23,5.0676
2015-03-24,3.2131
2015-03-25,0.915
2015-03-26,3.111
2015-03-27,2.7209
2015-03-30,5.3417
2015-03-31,0.765
2015-04-01,5.063
2015-04-02,3.1853
2015-04-03,1.3403
2015-04-06,2.9639
2015-04-07,4.8534
2015-04-08,5.4286
2015-04-09,4.7744
2015-04-10,3.322
2015-04-13,2.5077
2015-04-14,2.0552
2015-04-15,1.2763
2015-04-16,2.454
2015-04-17,3.6792
2015-04-20,2.1106
2015-04-21,4.263
2015-04-22,1.502
2015-04-23,0.4921
2015-04-24,0.2147
2015-04-27,2.571
2015-04-28,6.2069
2015-04-29,5.8266
2015-04-30,1.815
2015-05-01,1.1062
2015-05-04,3.9682
2015-05-05,3.0176
2015-05-06,1.3893
2015-05-07,5.8549
2015-05-08,2.7995
2015-05-11,2.878
2015-05-12,4.8622
2015-05-13,-0.4418
2015-05-14,6.6491
2015-05-15,4.6596
2015-05-18,3.4263
2015-05-19,3.3402
2015-05-20,2.7365
2015-05-21,4.2794
2015-05-22,4.1549
2015-05-25,6.3986
2015-05-26,3.8723
2015-05-27,3.9266
2015-05-28,1.1645
2015-05-29,2.117
2015-06-01,0.7558
2015-06-02,2.3366
2015-06-03,1.5206
2015-06-04,3.7857
2015-06-05,4.2899
2015-06-08,3.3345
2015-06-09,1.9846
2015-06-10,4.4649
2015-06-11,2.6905
2015-06-12,4.3335
2015-06-15,2.5666
2015-06-16,5.7678
2015-06-17,3.114
2015-06-18,3.677
2015-06-19,2.6843
2015-06-22,1.4615
2015-06-23,2.5369
2015-06-24,3.6349
2015-06-25,5.2838
2015-06-26,2.5974
2015-06-29,0.1289
2015-06-30,2.2146
2015-07-01,2.1768
2015-07-02,1.0847
2015-07-03,4.2007
2015-07-06,3.3305
2015-07-07,3.6266
2015-07-08,4.0224
2015-07-09,3.5738
2015-07-10,3.9205
2015-07-13,4.1612
2015-07-14,2.5206
2015-07-15,5.5218
2015-07-16,2.5324
2015-07-17,5.9392
2015-07-20,1.9518
2015-07-21,2.2768
2015-07-22,1.6458
2015-07-23,3.6465
2015-07-24,1.4645
2015-07-27,0.8299
2015-07-28,3.8086
2015-07-29,3.3946
2015-07-30,4.0703
2015-07-31,0.2346
2015-08-03,3.1113
2015-08-04,1.009
2015-08-05,1.1292
2015-08-06,1.6193
2015-08-07,1.4362
2015-08-10,0.8128
2015-08-11,1.2525
2015-08-12,1.4908
2015-08-13,-0.1704
2015-08-14,3.6655
2015-08-17,5.4744
2015-08-18,5.4232
2015-08-19,1.38
2015-08-20,4.4558
2015-08-21,3.2283
2015-08-24,3.6993
2015-08-25,2.7504
2015-08-26,3.0381
2015-08-27,3.0985
2015-08-28,2.7995
2015-08-31,0.7876
2015-09-01,3.7357
2015-09-02,4.1911
2015-09-03,1.8862
2015-09-04,4.1528
2015-09-07,3.3505
2015-09-08,2.631
2015-09-09,4.2956
2015-09-10,0.7202
2015-09-11,2.2014
2015-09-14,2.939
2015-09-15,3.4042
2015-09-16,2.5189
2015-09-17,2.604
2015-09-18,2.9785
2015-09-21,2.7362
2015-09-22,2.309
2015-09-23,4.9481
2015-09-24,3.7139
2015-09-25,3.437
2015-09-28,5.257
2015-09-29,4.5121
2015-09-30,4.6294
2015-10-01,1.4048
2015-10-02,4.5602
2015-10-05,4.5775
2015-10-06,2.2561
2015-10-07,2.8208
2015-10-08,1.2899
2015-10-09,4.9866
2015-10-12,1.3955
2015-10-13,-1.521
2015-10-14,2.6831
2015-10-15,3.3321
2015-10-16,3.7453
2015-10-19,2.8346
2015-10-20,2.6406
2015-10-21,3.0481
2015-10-22,2.5019
2015-10-23,6.9254
2015-10-26,2.3607
2015-10-27,5.0515
2015-10-28,4.0087
2015-10-29,4.8577
2015-10-30,5.0462
2015-11-02,4.6406
2015-11-03,3.343
2015-11-04,1.4815
2015-11-05,0.9175
2015-11-06,3.8092
2015-11-09,0.4569
2015-11-10,2.8028
2015-11-11,1.824
2015-11-12,2.4725
2015-11-13,1.9549
2015-11-16,5.4411
2015-11-17,3.6955
2015-11-18,2.5268
2015-11-19,2.3096
2015-11-20,4.8479
2015-11-23,2.7657
2015-11-24,1.9488
2015-11-25,5.5534
2015-11-26,4.8364
2015-11-27,2.5611
2015-11-30,4.6039
2015-12-01,3.6268
2015-12-02,2.3184
2015-12-03,2.1337
2015-12-04,2.7503
2015-12-07,3.688
2015-12-08,2.5404
2015-12-09,1.1443
2015-12-10,1.7354
2015-12-11,1.0915
2015-12-14,3.9683
2015-12-15,0.3874
2015-12-16,1.9599
2015-12-17,2.3312
2015-12-18,3.6415
2015-12-21,0.0788
2015-12-22,1.7099
2015-12-23,2.1669
2015-12-24,2.8631
2015-12-25,3.6389
2015-12-28,3.8658
2015-12-29,1.9415
2015-12-30,1.3243
2015-12-31,2.3635
2016-01-01,0.5757
2016-01-04,5.0315
2016-01-05,2.0331
2016-01-06,3.9185
2016-01-07,1.4254
2016-01-08,1.5328
2016-01-11,3.2099
2016-01-12,3.1139
2016-01-13,2.6744
2016-01-14,5.9811
2016-01-15,3.3266
2016-01-18,1.6522
2016-01-19,0.9254
2016-01-20,2.2588
2016-01-21,4.6868
2016-01-22,3.2068
2016-01-25,3.3765
2016-01-26,2.9175
2016-01-27,0.1606
2016-01-28,0.2438
2016-01-29,5.1499
2016-02-01,3.4872
2016-02-02,2.8574
2016-02-03,3.4736
2016-02-04,4.9691
2016-02-05,3.3859
2016-02-08,2.2639
2016-02-09,2.6107
2016-02-10,2.2773
2016-02-11,3.9546
2016-02-12,2.1146
2016-02-15,2.6885
2016-02-16,5.0286
2016-02-17,2.4994
2016-02-18,4.111
2016-02-19,1.8418
2016-02-22,3.4788
2016-02-23,2.3835
2016-02-24,3.5945
2016-02-25,1.8106
2016-02-26,6.8068
2016-02-29,4.4577
2016-03-01,4.2351
2016-03-02,5.0783
2016-03-03,6.6161
2016-03-04,3.6538
2016-03-07,3.331
2016-03-08,4.5762
2016-03-09,3.8347
2016-03-10,4.4819
2016-03-11,4.4868
2016-03-14,1.9759
2016-03-15,3.2653
2016-03-16,1.9249
2016-03-17,3.5236
2016-03-18,4.231
2016-03-21,2.8722
2016-03-22,3.3219
2016-03-23,5.7982
2016-03-24,2.2942
2016-03-25,1.4355
2016-03-28,2.4694
2016-03-29,0.2344
2016-03-30,1.6632
2016-03-31,2.6144
2016-04-01,3.1505
2016-04-04,5.2262
2016-04-05,1.1538
2016-04-06,1.2718
2016-04-07,3.0536
2016-04-08,2.7767
2016-04-11,3.8575
2016-04-12,2.2351
2016-04-13,2.1082
2016-04-14,2.5282
2016-04-15,2.2401
2016-04-18,4.1042
2016-04-19,1.3708
2016-04-20,1.5952
2016-04-21,3.3242
2016-04-22,2.4746
2016-04-25,2.329
2016-04-26,3.9405
2016-04-27,1.0391
2016-04-28,4.7324
2016-04-29,2.5963
2016-05-02,4.3488
2016-05-03,4.8809
2016-05-04,0.6081
2016-05-05,-0.5889
2016-05-06,3.8534
2016-05-09,2.9841
2016-05-10,5.2307
2016-05-11,1.8766
2016-05-12,2.6814
2016-05-13,4.6663
2016-05-16,4.6059
2016-05-17,1.0305
2016-05-18,3.0624
2016-05-19,3.6954
2016-05-20,4.7367
2016-05-23,5.036
2016-05-24,2.4321
2016-05-25,3.6059
2016-05-26,4.8266
2016-05-27,2.578
2016-05-30,3.1976
2016-05-31,5.146
2016-06-01,1.8281
2016-06-02,0.5822
2016-06-03,2.5719
2016-06-06,2.6674
2016-06-07,1.7465
2016-06-08,1.8475
2016-06-09,1.3734
2016-06-10,3.2838
2016-06-13,1.687
2016-06-14,2.3422
2016-06-15,2.5573
2016-06-16,2.9574
2016-06-17,5.7433
2016-06-20,-0.3164
2016-06-21,4.6474
2016-06-22,1.8408
2016-06-23,4.1353
2016-06-24,5.5367
2016-06-27,1.195
2016-06-28,3.5132
2016-06-29,3.6371
2016-06-30,4.1484
2016-07-01,2.5399
2016-07-04,3.7561
2016-07-05,6.7117
2016-07-06,1.3664
2016-07-07,3.8592
2016-07-08,4.558
2016-07-11,3.408
2016-07-12,1.6786
2016-07-13,1.605
2016-07-14,2.9932
2016-07-15,2.8044
2016-07-18,3.8852
2016-07-19,3.9817
2016-07-20,5.3804
2016-07-21,2.8951
2016-07-22,3.8807
2016-07-25,2.1196
2016-07-26,2.485
2016-07-27,1.6725
2016-07-28,2.3133
2016-07-29,3.1015
2016-08-01,1.6075
2016-08-02,5.4737
2016-08-03,3.5603
2016-08-04,2.282
2016-08-05,5.8497
2016-08-08,5.452
2016-08-09,3.9136
2016-08-10,1.226
2016-08-11,4.5074
2016-08-12,3.8773
2016-08-15,2.0503
2016-08-16,2.9803
2016-08-17,1.7908
2016-08-18,1.8445
2016-08-19,1.5865
2016-08-22,3.5187
2016-08-23,1.9011
2016-08-24,4.2846
2016-08-25,3.1173
2016-08-26,0.6651
2016-08-29,4.7804
2016-08-30,1.9057
2016-08-31,3.8572
2016-09-01,1.9837
2016-09-02,1.7611
2016-09-05,2.5681
2016-09-06,1.7027
2016-09-07,3.4265
2016-09-08,2.372
2016-09-09,2.3778
2016-09-12,0.3747
2016-09-13,2.5112
2016-09-14,0.3908
2016-09-15,3.0443
2016-09-16,3.4676
2016-09-19,4.5442
2016-09-20,6.2308
2016-09-21,2.315
2016-09-22,3.2276
2016-09-23,2.0256
2016-09-26,4.4043
2016-09-27,1.265
2016-09-28,4.3877
2016-09-29,2.1188
2016-09-30,3.5934
2016-10-03,3.4036
2016-10-04,2.5688
2016-10-05,2.9338
2016-10-06,4.5376
2016-10-07,4.7383
2016-10-10,3.35
2016-10-11,-1.052
2016-10-12,2.4935
2016-10-13,3.6816
2016-10-14,2.5163
2016-10-17,1.218
2016-10-18,1.3919
2016-10-19,2.3158
2016-10-20,2.4189
2016-10-21,4.2082
2016-10-24,3.493
2016-10-25,4.0327
2016-10-26,0.4131
2016-10-27,5.4109
2016-10-28,2.3854
2016-10-31,4.2052
2016-11-01,2.9132
2016-11-02,0.0032
2016-11-03,4.0582
2016-11-04,3.4803
2016-11-07,3.5876
2016-11-08,2.9098
2016-11-09,5.7394
2016-11-10,5.8748
2016-11-11,6.6038
2016-11-14,2.1865
2016-11-15,2.5125
2016-11-16,0.4816
2016-11-17,3.7984
2016-11-18,1.4513
2016-11-21,6.0957
2016-11-22,1.2337
2016-11-23,4.0894
2016-11-24,4.5446
2016-11-25,4.3192
2016-11-28,2.6719
2016-11-29,6.1086
2016-11-30,3.558
2016-12-01,0.9086
2016-12-02,2.5215
2016-12-05,1.5767
2016-12-06,3.5882
2016-12-07,4.4753
2016-12-08,2.6619
2016-12-09,1.6246
2016-12-12,3.6162
2016-12-13,4.261
2016-12-14,6.0815
2016-12-15,2.2599
2016-12-16,1.9566
2016-12-19,3.85
2016-12-20,2.7683
2016-12-21,0.5958
2016-12-22,2.9629
2016-12-23,3.9312
2016-12-26,1.0446
2016-12-27,3.1823
2016-12-28,2.2911
2016-12-29,1.5592
2016-12-30,1.4535
2017-01-02,4.9122
2017-01-03,2.2498
2017-01-04,3.6124
2017-01-05,3.7533
2017-01-06,3.859
2017-01-09,5.4845
2017-01-10,4.0368
2017-01-11,5.6849
2017-01-12,3.2715
2017-01-13,0.6345
2017-01-16,4.8924
2017-01-17,1.2162
2017-01-18,3.8709
2017-01-19,5.7073
2017-01-20,3.7266
2017-01-23,4.8296
2017-01-24,2.4804
2017-01-25,2.0045
2017-01-26,5.137
2017-01-27,2.7728
2017-01-30,2.8679
2017-01-31,2.4488
2017-02-01,4.5636
2017-02-02,1.8421
2017-02-03,3.2814
2017-02-06,2.9839
2017-02-07,4.5788
2017-02-08,1.4422
2017-02-09,2.9929
2017-02-10,4.0508
2017-02-13,3.7713
2017-02-14,2.9865
2017-02-15,0.6023
2017-02-16,4.0223
2017-02-17,1.6379
2017-02-20,1.9995
2017-02-21,1.0123
2017-02-22,1.238
2017-02-23,3.453
2017-02-24,4.5764
2017-02-27,2.2829
2017-02-28,4.3124
2017-03-01,3.6668
2017-03-02,3.3953
2017-03-03,1.4534
2017-03-06,0.6398
2017-03-07,5.9885
2017-03-08,3.229
2017-03-09,2.4525
2017-03-10,3.2164
2017-03-13,1.5593
2017-03-14,4.2174
2017-03-15,2.8629
2017-03-16,2.0721
2017-03-17,3.1974
2017-03-20,5.4395
2017-03-21,2.7189
2017-03-22,4.457
2017-03-23,2.1214
2017-03-24,3.0188
2017-03-27,1.5539
2017-03-28,2.7731
2017-03-29,6.215
2017-03-30,2.9816
2017-03-31,2.9538
2017-04-03,5.0403
2017-04-04,3.7521
2017-04-05,6.0268
2017-04-06,3.8993
2017-04-07,3.9129
2017-04-10,3.5615
2017-04-11,2.7079
2017-04-12,5.3793
2017-04-13,2.5628
2017-04-14,1.2795
2017-04-17,3.9454
2017-04-18,1.7294
2017-04-19,3.5772
2017-04-20,-0.3766
2017-04-21,3.8114
2017-04-24,4.2844
2017-04-25,2.7075
2017-04-26,2.9313
2017-04-27,5.366
2017-04-28,1.8673
2017-05-01,2.9184
2017-05-02,3.6401
2017-05-03,4.1252
2017-05-04,3.7428
2017-05-05,1.3943
2017-05-08,2.5874
2017-05-09,3.483
2017-05-10,6.9772
2017-05-11,2.7076
2017-05-12,4.9063
2017-05-15,4.0689
2017-05-16,1.4193
2017-05-17,2.7867
2017-05-18,0.5026
2017-05-19,1.2378
2017-05-22,4.076
2017-05-23,2.5987
2017-05-24,4.3401
2017-05-25,6.6447
2017-05-26,3.3029
2017-05-29,3.3445
2017-05-30,1.8954
2017-05-31,3.9073
2017-06-01,4.9758
2017-06-02,4.8146
2017-06-05,2.0717
2017-06-06,5.1645
2017-06-07,3.5688
2017-06-08,1.8779
2017-06-09,2.8683
2017-06-12,3.6873
2017-06-13,5.1869
2017-06-14,4.6674
2017-06-15,0.0636
2017-06-16,3.3617
2017-06-19,5.4685
2017-06-20,2.6776
2017-06-21,3.8836
2017-06-22,2.6848
2017-06-23,2.7595
2017-06-26,3.0288
2017-06-27,2.7343
2017-06-28,2.3818
2017-06-29,2.323
2017-06-30,2.6807
2017-07-03,2.3414
2017-07-04,1.9777
2017-07-05,3.4643
2017-07-06,2.8778
2017-07-07,2.5695
2017-07-10,5.2522
2017-07-11,1.9238
2017-07-12,2.1038
2017-07-13,2.0773
2017-07-14,3.0477
2017-07-17,3.2234
2017-07-18,2.383
2017-07-19,2.6261
2017-07-20,1.7155
2017-07-21,2.0031
2017-07-24,4.3287
2017-07-25,3.709
2017-07-26,4.0282
2017-07-27,0.3768
2017-07-28,4.4729
2017-07-31,0.4695
2017-08-01,2.8397
2017-08-02,4.1615
2017-08-03,2.4029
2017-08-04,2.7944
2017-08-07,3.0785
2017-08-08,2.4681
2017-08-09,4.1558
2017-08-10,5.4416
2017-08-11,1.1551
2017-08-14,2.4766
2017-08-15,3.6735
2017-08-16,0.7827
2017-08-17,2.4129
2017-08-18,3.0969
2017-08-21,4.5764
2017-08-22,4.9859
2017-08-23,1.7577
2017-08-24,1.8593
2017-08-25,4.9812
2017-08-28,2.3143
2017-08-29,2.2387
2017-08-30,2.3127
2017-08-31,2.2853
2017-09-01,2.1627
2017-09-04,3.4876
2017-09-05,2.0773
2017-09-06,1.394
2017-09-07,2.7194
2017-09-08,5.5603
2017-09-11,4.7031
2017-09-12,0.3969
2017-09-13,3.836
2017-09-14,2.7114
2017-09-15,2.4451
2017-09-18,5.4387
2017-09-19,2.6969
2017-09-20,3.2373
2017-09-21,3.0804
2017-09-22,3.9986
2017-09-25,0.6887
2017-09-26,0.7656
2017-09-27,2.1628
2017-09-28,2.5714
2017-09-29,2.3783
2017-10-02,1.8756
2017-10-03,3.099
2017-10-04,2.672
2017-10-05,2.801
2017-10-06,0.9317
2017-10-09,3.3665
2017-10-10,1.8616
2017-10-11,1.1612
2017-10-12,4.5931
2017-10-13,3.0604
2017-10-16,3.9961
2017-10-17,3.6112
2017-10-18,2.0518
2017-10-19,3.0363
2017-10-20,3.6278
2017-10-23,3.7593
2017-10-24,3.1446
2017-10-25,2.7448
2017-10-26,1.1349
2017-10-27,2.6386
2017-10-30,2.7496
2017-10-31,2.7966
2017-11-01,3.1565
2017-11-02,4.951
2017-11-03,3.1276
2017-11-06,2.3726
2017-11-07,2.3052
2017-11-08,3.4371
2017-11-09,2.3335
2017-11-10,6.5155
2017-11-13,3.3774
2017-11-14,3.0635
2017-11-15,4.3527
2017-11-16,1.9252
2017-11-17,1.6982
2017-11-20,-0.6908
2017-11-21,2.7699
2017-11-22,4.6546
2017-11-23,2.4305
2017-11-24,3.4876
2017-11-27,3.9889
2017-11-28,3.3108
2017-11-29,4.4292
2017-11-30,2.2033
2017-12-01,0.1501
2017-12-04,4.7705
2017-12-05,5.4539
2017-12-06,3.7548
2017-12-07,3.7775
2017-12-08,2.7557
2017-12-11,1.8273
2017-12-12,3.6395
2017-12-13,4.1726
2017-12-14,3.5369
2017-12-15,3.4633
2017-12-18,6.6251
2017-12-19,4.2531
2017-12-20,2.2761
2017-12-21,0.6462
2017-12-22,2.4661
2017-12-25,2.6049
2017-12-26,6.447
2017-12-27,2.1847
2017-12-28,2.2159
2017-12-29,3.2229
2018-01-01,0.5836
2018-01-02,2.5724
2018-01-03,2.9611
2018-01-04,2.491
2018-01-05,4.253
2018-01-08,4.842
2018-01-09,0.9459
2018-01-10,1.8374
2018-01-11,6.9286
2018-01-12,1.7384
2018-01-15,3.4269
2018-01-16,0.5763
2018-01-17,4.4541
2018-01-18,2.1862
2018-01-19,5.9799
2018-01-22,4.1969
2018-01-23,2.5805
2018-01-24,2.8771
2018-01-25,2.0644
2018-01-26,-0.1074
2018-01-29,3.6606
2018-01-30,4.4774
2018-01-31,5.5519
2018-02-01,3.4949
2018-02-02,2.0256
2018-02-05,2.813
2018-02-06,4.9372
2018-02-07,4.1225
2018-02-08,0.4753
2018-02-09,-0.3914
2018-02-12,1.2688
2018-02-13,2.2131
2018-02-14,6.1544
2018-02-15,4.1595
2018-02-16,1.2444
2018-02-19,6.2503
2018-02-20,2.4527
2018-02-21,4.0923
2018-02-22,1.759
2018-02-23,2.6097
2018-02-26,3.184
2018-02-27,3.6399
2018-02-28,3.1902
2018-03-01,4.6089
2018-03-02,2.9099
2018-03-05,3.786
2018-03-06,1.2548
2018-03-07,-1.8612
2018-03-08,2.3938
2018-03-09,4.0441
2018-03-12,1.8948
2018-03-13,2.6962
2018-03-14,3.8106
2018-03-15,2.4883
2018-03-16,1.1622
2018-03-19,2.0493
2018-03-20,1.5391
2018-03-21,5.9284
2018-03-22,3.8792
2018-03-23,2.9584
2018-03-26,2.5789
2018-03-27,4.1927
2018-03-28,4.4067
2018-03-29,1.5056
2018-03-30,4.0256
2018-04-02,4.1186
2018-04-03,1.2859
2018-04-04,1.903
2018-04-05,1.5425
2018-04-06,3.0982
2018-04-09,2.5795
2018-04-10,0.8822
2018-04-11,3.8414
2018-04-12,1.8904
2018-04-13,0.8666
2018-04-16,5.0571
2018-04-17,5.3109
2018-04-18,3.1991
2018-04-19,4.7759
2018-04-20,4.498
2018-04-23,2.5784
2018-04-24,6.8351
2018-04-25,4.0107
2018-04-26,3.7681
2018-04-27,3.3585
2018-04-30,2.7138
2018-05-01,1.9502
2018-05-02,2.2585
2018-05-03,2.992
2018-05-04,5.2185
2018-05-07,3.2079
2018-05-08,2.5789
2018-05-09,3.8808
2018-05-10,4.7455
2018-05-11,4.9937
2018-05-14,1.2235
2018-05-15,3.5375
2018-05-16,1.5054
2018-05-17,1.8531
2018-05-18,3.8364
2018-05-21,2.8693
2018-05-22,4.1659
2018-05-23,2.743
2018-05-24,3.3448
2018-05-25,3.859
2018-05-28,0.9985
2018-05-29,3.1428
2018-05-30,4.0235
2018-05-31,5.2681
2018-06-01,0.8394
2018-06-04,4.9188
2018-06-05,1.9855
2018-06-06,2.6957
2018-06-07,4.9115
2018-06-08,3.3382
2018-06-11,4.219
2018-06-12,1.5664
2018-06-13,4.6352
2018-06-14,3.0419
2018-06-15,3.3017
2018-06-18,2.7128
2018-06-19,4.2416
2018-06-20,2.1798
2018-06-21,3.827
2018-06-22,1.4913
2018-06-25,-1.1168
2018-06-26,1.9196
2018-06-27,1.4353
2018-06-28,1.4181
2018-06-29,0.3608
2018-07-02,2.1057
2018-07-03,4.8113
2018-07-04,1.458
2018-07-05,3.872
2018-07-06,2.3546
2018-07-09,3.0361
2018-07-10,0.3716
2018-07-11,1.727
2018-07-12,0.4904
2018-07-13,3.9736
2018-07-16,-0.3402
2018-07-17,1.293
2018-07-18,-0.6606
2018-07-19,3.3256
2018-07-20,-1.235
2018-07-23,6.0513
2018-07-24,1.5483
2018-07-25,4.2407
2018-07-26,4.8839
2018-07-27,3.4143
2018-07-30,2.2852
2018-07-31,3.5646
2018-08-01,4.6662
2018-08-02,4.0971
2018-08-03,5.9389
2018-08-06,2.2897
2018-08-07,4.7028
2018-08-08,3.2564
2018-08-09,4.4809
2018-08-10,0.6861
2018-08-13,1.8674
2018-08-14,5.2638
2018-08-15,2.8268
2018-08-16,3.428
2018-08-17,1.7312
2018-08-20,2.6244
2018-08-21,1.1346
2018-08-22,1.3054
2018-08-23,4.0665
2018-08-24,3.7676
2018-08-27,5.7468
2018-08-28,4.2631
2018-08-29,0.1852
2018-08-30,5.1886
2018-08-31,2.2216
2018-09-03,2.6052
2018-09-04,1.2626
2018-09-05,4.9564
2018-09-06,1.9611
2018-09-07,6.3373
2018-09-10,2.9147
2018-09-11,-0.3582
2018-09-12,-0.1253
2018-09-13,4.2359
2018-09-14,2.0209
2018-09-17,2.5357
2018-09-18,3.0317
2018-09-19,1.1326
2018-09-20,1.7291
2018-09-21,3.2919
2018-09-24,1.0916
2018-09-25,4.7687
2018-09-26,2.2154
2018-09-27,3.1675
2018-09-28,2.4082
2018-10-01,1.9106
2018-10-02,3.5676
2018-10-03,4.2945
2018-10-04,1.3939
2018-10-05,4.1837
2018-10-08,1.5816
2018-10-09,4.6384
2018-10-10,5.7927
2018-10-11,-0.1811
2018-10-12,1.4836
2018-10-15,5.2945
2018-10-16,3.6952
2018-10-17,3.9951
2018-10-18,4.7344
2018-10-19,5.9982
2018-10-22,2.7962
2018-10-23,2.8814
2018-10-24,3.8444
2018-10-25,4.2869
2018-10-26,5.2743
2018-10-29,2.36
2018-10-30,4.1065
2018-10-31,1.4577
2018-11-01,3.9433
2018-11-02,2.8989
2018-11-05,0.7815
2018-11-06,4.5981
2018-11-07,4.9914
2018-11-08,4.5993
2018-11-09,0.7865
2018-11-12,4.4743
2018-11-13,2.2989
2018-11-14,3.452
2018-11-15,3.9992
2018-11-16,0.6873
2018-11-19,4.3308
2018-11-20,4.4399
2018-11-21,1.1001
2018-11-22,1.1382
2018-11-23,3.6769
2018-11-26,6.4488
2018-11-27,6.2608
2018-11-28,0.7729
2018-11-29,5.5621
2018-11-30,4.0775
2018-12-03,0.7591
2018-12-04,4.274
2018-12-05,-1.1246
2018-12-06,2.6713
2018-12-07,4.3489
2018-12-10,3.3792
2018-12-11,3.5389
2018-12-12,2.2096
2018-12-13,2.4067
2018-12-14,4.2711
2018-12-17,3.1734
2018-12-18,2.6088
2018-12-19,3.2772
2018-12-20,-0.2646
2018-12-21,3.9438
2018-12-24,0.1923
2018-12-25,1.1271
2018-12-26,4.0278
2018-12-27,3.1351
2018-12-28,3.9834
2018-12-31,-0.5371
2019-01-01,0.5966
2019-01-02,3.3296
2019-01-03,3.2229
2019-01-04,1.8098
2019-01-07,2.1244
2019-01-08,0.1153
2019-01-09,1.8459
2019-01-10,2.8636
2019-01-11,1.9833
2019-01-14,2.3456
2019-01-15,4.4462
2019-01-16,1.0328
2019-01-17,0.7279
2019-01-18,3.7692
2019-01-21,4.9464
2019-01-22,2.0863
2019-01-23,2.1262
2019-01-24,2.8318
2019-01-25,2.7937
2019-01-28,1.3246
2019-01-29,3.6464
2019-01-30,3.6941
2019-01-31,4.1138
2019-02-01,4.2227
2019-02-04,2.0851
2019-02-05,2.8775
2019-02-06,1.7613
2019-02-07,2.1342
2019-02-08,3.5973
2019-02-11,2.3901
2019-02-12,2.7641
2019-02-13,-1.2548
2019-02-14,-0.3126
2019-02-15,3.7145
2019-02-18,3.9297
2019-02-19,3.7018
2019-02-20,4.4161
2019-02-21,3.3612
2019-02-22,3.2288
2019-02-25,4.986
2019-02-26,1.1678
2019-02-27,1.727
2019-02-28,1.3314
2019-03-01,2.3062
2019-03-04,4.3494
2019-03-05,4.7246
2019-03-06,3.7232
2019-03-07,1.9278
2019-03-08,2.9247
2019-03-11,1.0405
2019-03-12,1.9708
2019-03-13,4.6994
2019-03-14,2.0616
2019-03-15,0.4993
2019-03-18,5.6863
2019-03-19,1.5727
2019-03-20,-0.8191
2019-03-21,3.4083
2019-03-22,3.2657
2019-03-25,3.3074
2019-03-26,1.816
2019-03-27,2.8783
2019-03-28,1.8318
2019-03-29,1.6388
2019-04-01,0.8959
2019-04-02,1.0803
2019-04-03,2.687
2019-04-04,2.1688
2019-04-05,5.0134
2019-04-08,2.5551
2019-04-09,1.05
2019-04-10,2.762
2019-04-11,4.6164
2019-04-12,1.6835
2019-04-15,4.1168
2019-04-16,4.3382
2019-04-17,2.163
2019-04-18,6.9981
2019-04-19,4.6296
2019-04-22,3.8404
2019-04-23,5.4679
2019-04-24,4.5801
2019-04-25,1.8025
2019-04-26,1.9028
2019-04-29,2.8819
2019-04-30,4.1092
2019-05-01,3.9251
2019-05-02,4.664
2019-05-03,0.6895
2019-05-06,4.6017
2019-05-07,0.3903
2019-05-08,1.2044
2019-05-09,2.027
2019-05-10,1.3199
2019-05-13,2.4195
2019-05-14,3.1443
2019-05-15,4.1948
2019-05-16,5.0163
2019-05-17,3.0317
2019-05-20,2.063
2019-05-21,4.173
2019-05-22,4.0016
2019-05-23,5.6585
2019-05-24,3.9698
2019-05-27,3.5655
2019-05-28,2.917
2019-05-29,5.5275
2019-05-30,4.0472
2019-05-31,5.7978
2019-06-03,4.5411
2019-06-04,0.2326
2019-06-05,1.9575
2019-06-06,2.6037
2019-06-07,4.1145
2019-06-10,2.0911
2019-06-11,3.6329
2019-06-12,1.2861
2019-06-13,5.7758
2019-06-14,2.154
2019-06-17,2.3005
2019-06-18,1.5711
2019-06-19,2.4088
2019-06-20,2.7476
2019-06-21,1.4271
2019-06-24,3.0457
2019-06-25,4.9587
2019-06-26,4.0328
2019-06-27,3.6962
2019-06-28,0.5006
2019-07-01,5.0151
2019-07-02,3.8191
2019-07-03,4.989
2019-07-04,4.6731
2019-07-05,3.1445
2019-07-08,2.3939
2019-07-09,1.9277
2019-07-10,4.4183
2019-07-11,2.9722
2019-07-12,2.5331
2019-07-15,3.7503
2019-07-16,-1.6908
2019-07-17,1.0871
2019-07-18,2.3102
2019-07-19,3.1109
2019-07-22,2.011
2019-07-23,4.8941
2019-07-24,3.4261
2019-07-25,2.1433
2019-07-26,2.7091
2019-07-29,5.8139
2019-07-30,0.8783
2019-07-31,6.031
2019-08-01,3.6109
2019-08-02,3.4135
2019-08-05,0.4336
2019-08-06,2.9247
2019-08-07,1.45
2019-08-08,4.0827
2019-08-09,4.7903
2019-08-12,3.9284
2019-08-13,3.883
2019-08-14,2.1354
2019-08-15,2.2991
2019-08-16,2.4191
2019-08-19,2.9237
2019-08-20,3.1118
2019-08-21,1.4197
2019-08-22,2.5867
2019-08-23,4.1866
2019-08-26,3.4095
2019-08-27,1.8847
2019-08-28,1.9081
2019-08-29,2.7148
2019-08-30,0.7027
2019-09-02,0.7056
2019-09-03,1.2054
2019-09-04,3.6567
2019-09-05,5.2622
2019-09-06,2.7653
2019-09-09,2.8742
2019-09-10,3.987
2019-09-11,2.1734
2019-09-12,4.1633
2019-09-13,2.9321
2019-09-16,1.1885
2019-09-17,5.8702
2019-09-18,1.249
2019-09-19,4.9947
2019-09-20,3.4906
2019-09-23,2.0291
2019-09-24,0.593
2019-09-25,1.2167
2019-09-26,4.2266
2019-09-27,4.2871
2019-09-30,2.5559
2019-10-01,1.2063
2019-10-02,2.7083
2019-10-03,4.253
2019-10-04,3.5767
2019-10-07,2.4161
2019-10-08,-0.0807
2019-10-09,1.9181
2019-10-10,2.8926
2019-10-11,5.5302
2019-10-14,3.093
2019-10-15,1.2613
2019-10-16,4.1266
2019-10-17,1.865
2019-10-18,3.6796
2019-10-21,2.6814
2019-10-22,1.4174
2019-10-23,5.2152
2019-10-24,4.2589
2019-10-25,2.3128
2019-10-28,4.6091
2019-10-29,3.9317
2019-10-30,4.6705
2019-10-31,6.8838
2019-11-01,4.5756
2019-11-04,1.4084
2019-11-05,1.9104
2019-11-06,0.2177
2019-11-07,3.1694
2019-11-08,2.4339
2019-11-11,0.6438
2019-11-12,0.6553
2019-11-13,3.7534
2019-11-14,1.7768
2019-11-15,3.127
2019-11-18,1.9615
2019-11-19,1.7204
2019-11-20,0.6135
2019-11-21,2.7042
2019-11-22,1.9335
2019-11-25,2.2446
2019-11-26,3.7738
2019-11-27,3.1329
2019-11-28,4.7421
2019-11-29,2.5669
2019-12-02,3.5821
2019-12-03,2.0194
2019-12-04,5.5675
2019-12-05,3.799
2019-12-06,3.832
2019-12-09,3.5523
2019-12-10,2.5396
2019-12-11,3.865
2019-12-12,2.2366
2019-12-13,2.5167
2019-12-16,2.1583
2019-12-17,0.4667
2019-12-18,0.8461
2019-12-19,2.6477
2019-12-20,5.1969
2019-12-23,4.505
2019-12-24,3.9121
2019-12-25,1.3123
2019-12-26,3.3411
2019-12-27,4.2342
2019-12-30,5.2499
2019-12-31,4.816
2020-01-01,3.678
2020-01-02,0.7846
2020-01-03,5.7219
2020-01-06,3.9385
2020-01-07,1.1142
2020-01-08,3.1319
2020-01-09,2.4577
2020-01-10,6.2672
2020-01-13,3.1793
2020-01-14,3.928
2020-01-15,2.3277
2020-01-16,3.4889
2020-01-17,3.4591
2020-01-20,2.564
2020-01-21,2.4831
2020-01-22,2.8338
2020-01-23,2.0973
2020-01-24,3.6457
2020-01-27,4.1206
2020-01-28,0.5051
2020-01-29,4.2799
2020-01-30,2.1667
2020-01-31,3.7353
2020-02-03,1.6225
2020-02-04,1.1986
2020-02-05,1.6112
2020-02-06,2.03
2020-02-07,4.7302
2020-02-10,3.8602
2020-02-11,3.4528
2020-02-12,3.7073
2020-02-13,3.6645
2020-02-14,3.0343
2020-02-17,2.1424
2020-02-18,0.904
2020-02-19,3.6293
2020-02-20,1.3139
2020-02-21,1.6158
2020-02-24,4.1063
2020-02-25,0.8851
2020-02-26,3.0644
2020-02-27,2.1104
2020-02-28,3.3264
2020-03-02,1.5823
2020-03-03,2.6494
2020-03-04,0.3152
2020-03-05,0.1812
2020-03-06,0.4424
2020-03-09,1.0616
2020-03-10,3.461
2020-03-11,3.9387
2020-03-12,1.4852
2020-03-13,2.9173
2020-03-16,4.3772
2020-03-17,0.675
2020-03-18,3.274
2020-03-19,5.1948
2020-03-20,1.9733
2020-03-23,2.0371
2020-03-24,1.2089
2020-03-25,4.7184
2020-03-26,1.4165
2020-03-27,4.9741
2020-03-30,2.8674
2020-03-31,3.5412
2020-04-01,2.3941
2020-04-02,4.0163
2020-04-03,1.5287
2020-04-06,1.749
2020-04-07,3.2784
2020-04-08,1.6163
2020-04-09,2.4852
2020-04-10,1.261
2020-04-13,2.7156
2020-04-14,4.9355
2020-04-15,2.9205
2020-04-16,2.5041
2020-04-17,2.5552
2020-04-20,2.5602
2020-04-21,5.6253
2020-04-22,3.1726
2020-04-23,1.4564
2020-04-24,2.7841
2020-04-27,3.8529
2020-04-28,1.9543
2020-04-29,3.7773
2020-04-30,1.5063
2020-05-01,3.4077
2020-05-04,1.6711
2020-05-05,0.0561
2020-05-06,4.2903
2020-05-07,2.8606
2020-05-08,2.7681
2020-05-11,4.6847
2020-05-12,5.0672
2020-05-13,2.1065
2020-05-14,4.1175
2020-05-15,5.5427
2020-05-18,4.4288
2020-05-19,3.5057
2020-05-20,1.8931
2020-05-21,3.9282
2020-05-22,4.4343
2020-05-25,1.8642
2020-05-26,5.3421
2020-05-27,0.8371
2020-05-28,4.2575
2020-05-29,1.4927
2020-06-01,2.0517
2020-06-02,2.772
2020-06-03,5.5904
2020-06-04,3.6817
2020-06-05,1.7302
2020-06-08,4.6461
2020-06-09,1.6783
2020-06-10,1.7142
2020-06-11,2.8047
2020-06-12,3.0626
2020-06-15,4.6477
2020-06-16,1.6165
2020-06-17,3.9164
2020-06-18,4.0356
2020-06-19,3.0888
2020-06-22,3.8313
2020-06-23,1.4143
2020-06-24,2.9309
2020-06-25,3.0773
2020-06-26,6.0161
2020-06-29,3.853
2020-06-30,5.8703
2020-07-01,1.1543
2020-07-02,2.344
2020-07-03,4.4012
2020-07-06,3.376
2020-07-07,2.6741
2020-07-08,5.7389
2020-07-09,6.6711
2020-07-10,3.2873
2020-07-13,7.0032
2020-07-14,1.3044
2020-07-15,3.6094
2020-07-16,1.1293
2020-07-17,1.5346
2020-07-20,2.4543
2020-07-21,4.5422
2020-07-22,2.4736
2020-07-23,4.2235
2020-07-24,1.7457
2020-07-27,4.005
2020-07-28,2.9482
2020-07-29,5.3408
2020-07-30,0.3607
2020-07-31,3.6624
2020-08-03,4.1458
2020-08-04,0.9732
2020-08-05,3.7154
2020-08-06,3.9531
2020-08-07,4.5621
2020-08-10,2.3084
2020-08-11,4.5146
2020-08-12,3.9929
2020-08-13,2.8125
2020-08-14,2.3148
2020-08-17,2.5618
2020-08-18,3.8178
2020-08-19,3.4794
2020-08-20,1.7521
2020-08-21,1.504
2020-08-24,2.4687
2020-08-25,4.1262
2020-08-26,0.6121
2020-08-27,1.8147
2020-08-28,5.3076
2020-08-31,2.3521
2020-09-01,1.7697
2020-09-02,3.5305
2020-09-03,0.4788
2020-09-04,0.9254
2020-09-07,0.762
2020-09-08,2.8448
2020-09-09,2.7957
2020-09-10,6.0989
2020-09-11,3.2551
2020-09-14,4.6732
2020-09-15,3.7679
2020-09-16,5.956
2020-09-17,4.4468
2020-09-18,4.6988
2020-09-21,5.4629
2020-09-22,2.2302
2020-09-23,3.353
2020-09-24,3.5474
2020-09-25,5.004
2020-09-28,2.5867
2020-09-29,4.1565
2020-09-30,5.5855
2020-10-01,5.8425
2020-10-02,3.6213
2020-10-05,4.5865
2020-10-06,3.7725
2020-10-07,0.3901
2020-10-08,2.9833
2020-10-09,2.1591
2020-10-12,4.8529
2020-10-13,1.7305
2020-10-14,5.5445
2020-10-15,5.4041
2020-10-16,2.1925
2020-10-19,1.1558
2020-10-20,1.3162
2020-10-21,-0.0723
2020-10-22,1.5945
2020-10-23,3.2716
2020-10-26,2.71
2020-10-27,2.8106
2020-10-28,3.6834
2020-10-29,4.5531
2020-10-30,4.3039
2020-11-02,-0.5643
2020-11-03,1.7074
2020-11-04,3.1897
2020-11-05,3.4861
2020-11-06,-0.1128
2020-11-09,1.0963
2020-11-10,1.7978
2020-11-11,3.101
2020-11-12,4.2896
2020-11-13,5.5917
2020-11-16,2.5638
2020-11-17,5.4129
2020-11-18,1.7363
2020-11-19,1.9259
2020-11-20,2.0425
2020-11-23,3.1919
2020-11-24,4.1196
2020-11-25,4.0412
2020-11-26,2.1939
2020-11-27,3.1011
2020-11-30,3.2573
2020-12-01,4.3688
2020-12-02,3.3451
2020-12-03,4.663
2020-12-04,2.5078
2020-12-07,3.8689
2020-12-08,1.2934
2020-12-09,1.1253
2020-12-10,3.8275
2020-12-11,3.3401
2020-12-14,2.3994
2020-12-15,5.3539
2020-12-16,3.4996
2020-12-17,2.2591
2020-12-18,3.4381
2020-12-21,3.9803
2020-12-22,0.2073
2020-12-23,1.373
2020-12-24,5.2145
2020-12-25,1.6716
2020-12-28,3.5483
2020-12-29,2.7229
2020-12-30,1.9806
2020-12-31,3.9605
2021-01-01,3.9956
2021-01-04,1.5746
2021-01-05,2.9986
2021-01-06,1.816
2021-01-07,2.2375
2021-01-08,4.055
2021-01-11,1.5452
2021-01-12,4.9288
2021-01-13,5.0109
2021-01-14,3.1185
2021-01-15,3.3703
2021-01-18,3.9228
2021-01-19,3.5542
2021-01-20,1.9145
2021-01-21,4.9825
2021-01-22,2.8691
2021-01-25,5.8508
2021-01-26,1.3839
2021-01-27,3.2265
2021-01-28,3.0029
2021-01-29,3.5098
2021-02-01,1.0965
2021-02-02,3.3976
2021-02-03,6.9572
2021-02-04,3.4352
2021-02-05,3.8278
2021-02-08,2.0312
2021-02-09,3.3096
2021-02-10,3.1515
2021-02-11,1.9549
2021-02-12,5.0903
2021-02-15,3.8321
2021-02-16,2.2723
2021-02-17,0.7541
2021-02-18,2.4989
2021-02-19,3.0972
2021-02-22,4.4516
2021-02-23,3.1473
2021-02-24,4.6516
2021-02-25,5.1328
2021-02-26,1.9124
2021-03-01,4.3396
2021-03-02,3.3999
2021-03-03,2.4898
2021-03-04,3.81
2021-03-05,2.537
2021-03-08,1.5254
2021-03-09,0.8937
2021-03-10,2.8816
2021-03-11,0.4193
2021-03-12,3.1638
2021-03-15,1.5243
2021-03-16,-0.908
2021-03-17,0.524
2021-03-18,4.5723
2021-03-19,3.2961
2021-03-22,1.992
2021-03-23,5.2945
2021-03-24,5.1261
2021-03-25,2.8458
2021-03-26,1.2896
2021-03-29,2.2095
2021-03-30,3.7711
2021-03-31,3.0903
2021-04-01,0.9579
2021-04-02,5.0778
2021-04-05,4.1685
2021-04-06,4.4838
2021-04-07,0.6223
2021-04-08,1.6803
2021-04-09,0.1068
2021-04-12,2.6549
2021-04-13,2.6679
2021-04-14,2.2251
2021-04-15,1.5424
2021-04-16,1.4125
2021-04-19,3.5936
2021-04-20,5.0693
2021-04-21,-0.5993
2021-04-22,2.8981
2021-04-23,2.0716
2021-04-26,1.4326
2021-04-27,2.7168
2021-04-28,0.8705
2021-04-29,2.053
2021-04-30,3.5677
2021-05-03,0.785
2021-05-04,2.6303
2021-05-05,5.0771
2021-05-06,-0.066
2021-05-07,1.7047
2021-05-10,3.4139
2021-05-11,3.2966
2021-05-12,2.7575
2021-05-13,2.2434
2021-05-14,3.2107
2021-05-17,5.3993
2021-05-18,3.3429
2021-05-19,2.5259
2021-05-20,3.0137
2021-05-21,2.9878
2021-05-24,2.2244
2021-05-25,0.7386
2021-05-26,1.1899
2021-05-27,2.4033
2021-05-28,2.6743
2021-05-31,5.1286
2021-06-01,3.5266
2021-06-02,0.8442
2021-06-03,4.7145
2021-06-04,4.4399
2021-06-07,0.7394
2021-06-08,3.907
2021-06-09,2.787
2021-06-10,3.8204
2021-06-11,2.1609
2021-06-14,2.5184
2021-06-15,2.7064
2021-06-16,4.1932
2021-06-17,4.8827
2021-06-18,3.0063
2021-06-21,2.1392
2021-06-22,5.4067
2021-06-23,6.4326
2021-06-24,3.0087
2021-06-25,1.5784
2021-06-28,3.6549
2021-06-29,3.6833
2021-06-30,4.9859
2021-07-01,1.6143
2021-07-02,3.5882
2021-07-05,4.4269
2021-07-06,5.2619
2021-07-07,2.361
2021-07-08,7.429
2021-07-09,1.382
2021-07-12,6.0384
2021-07-13,3.8505
2021-07-14,5.7116
2021-07-15,6.6011
2021-07-16,3.1806
2021-07-19,2.5761
2021-07-20,3.4223
2021-07-21,5.2156
2021-07-22,2.8415
2021-07-23,3.7414
2021-07-26,5.0139
2021-07-27,3.132
2021-07-28,4.8969
2021-07-29,6.3598
2021-07-30,2.7214
2021-08-02,3.013
2021-08-03,3.2722
2021-08-04,1.8767
2021-08-05,2.9119
2021-08-06,0.6691
2021-08-09,3.61
2021-08-10,3.7633
2021-08-11,-1.2181
2021-08-12,1.1214
2021-08-13,2.8544
2021-08-16,3.063
2021-08-17,4.0575
2021-08-18,-0.1976
2021-08-19,3.817
2021-08-20,4.9465
2021-08-23,3.4066
2021-08-24,3.0621
2021-08-25,2.4996
2021-08-26,0.8661
2021-08-27,2.3766
2021-08-30,4.2656
2021-08-31,4.286
2021-09-01,4.1406
2021-09-02,4.3462
2021-09-03,2.2448
2021-09-06,-1.6471
2021-09-07,3.6898
2021-09-08,5.4179
2021-09-09,1.2651
2021-09-10,5.014
2021-09-13,1.1555
2021-09-14,3.8296
2021-09-15,1.6738
2021-09-16,4.6252
2021-09-17,3.2058
2021-09-20,0.6366
2021-09-21,4.0972
2021-09-22,0.2507
2021-09-23,0.915
2021-09-24,-0.1394
2021-09-27,4.6367
2021-09-28,1.4008
2021-09-29,1.5912
2021-09-30,0.6139
2021-10-01,3.6208
2021-10-04,4.7845
2021-10-05,4.1075
2021-10-06,4.2625
2021-10-07,2.0557
2021-10-08,4.4559
2021-10-11,2.1395
2021-10-12,0.845
2021-10-13,3.0384
2021-10-14,1.9951
2021-10-15,3.8047
2021-10-18,2.0865
2021-10-19,4.2839
2021-10-20,1.6207
2021-10-21,2.765
2021-10-22,4.6427
2021-10-25,2.7179
2021-10-26,2.4262
2021-10-27,3.6016
2021-10-28,2.0327
2021-10-29,5.4193
2021-11-01,4.348
2021-11-02,0.2084
2021-11-03,2.1612
2021-11-04,5.1923
2021-11-05,4.4806
2021-11-08,7.0735
2021-11-09,4.9874
2021-11-10,0.1379
2021-11-11,3.1684
2021-11-12,6.0925
2021-11-15,1.9244
2021-11-16,4.231
2021-11-17,4.0158
2021-11-18,2.3336
2021-11-19,0.9778
2021-11-22,4.2595
2021-11-23,2.1555
2021-11-24,3.2583
2021-11-25,3.6577
2021-11-26,1.6542
2021-11-29,3.4908
2021-11-30,2.9335
2021-12-01,5.4513
2021-12-02,4.6581
2021-12-03,4.0813
2021-12-06,-0.2752
2021-12-07,4.5827
2021-12-08,2.5434
2021-12-09,2.2524
2021-12-10,4.2333
2021-12-13,4.8933
2021-12-14,3.5907
2021-12-15,4.6047
2021-12-16,0.3762
2021-12-17,2.749
2021-12-20,3.4315
2021-12-21,2.4901
2021-12-22,1.9773
2021-12-23,3.413
2021-12-24,2.7436
2021-12-27,2.8349
2021-12-28,4.5841
2021-12-29,2.9441
2021-12-30,2.6767
2021-12-31,3.1648
2022-01-03,1.5685
2022-01-04,2.302
2022-01-05,4.6782
2022-01-06,1.3167
2022-01-07,2.138
2022-01-10,1.8179
2022-01-11,2.0598
2022-01-12,4.9517
2022-01-13,5.1983
2022-01-14,4.7276
2022-01-17,2.2181
2022-01-18,4.1338
2022-01-19,3.2232
2022-01-20,5.4456
2022-01-21,4.231
2022-01-24,0.018
2022-01-25,5.073
2022-01-26,2.5059
2022-01-27,3.5551
2022-01-28,3.1175
2022-01-31,5.5866
2022-02-01,1.3901
2022-02-02,1.8724
2022-02-03,2.6455
2022-02-04,1.2782
2022-02-07,3.4745
2022-02-08,1.8194
2022-02-09,0.7158
2022-02-10,2.8524
2022-02-11,3.1809
2022-02-14,3.7725
2022-02-15,2.4116
2022-02-16,0.4199
2022-02-17,2.5751
2022-02-18,3.387
2022-02-21,2.4282
2022-02-22,1.2714
2022-02-23,1.9712
2022-02-24,1.7307
2022-02-25,0.397
2022-02-28,0.9112
2022-03-01,3.6377
2022-03-02,4.1593
2022-03-03,3.0089
2022-03-04,2.1567
2022-03-07,3.4797
2022-03-08,4.0178
2022-03-09,0.5741
2022-03-10,3.6563
2022-03-11,2.6398
2022-03-14,3.5349
2022-03-15,3.6535
2022-03-16,3.1105
2022-03-17,0.4766
2022-03-18,3.2939
2022-03-21,1.5183
2022-03-22,1.9259
2022-03-23,6.802
2022-03-24,3.0675
2022-03-25,4.6908
2022-03-28,3.5965
2022-03-29,4.0294
2022-03-30,5.136
2022-03-31,4.4019
2022-04-01,1.7669
2022-04-04,1.6343
2022-04-05,6.145
2022-04-06,2.0414
2022-04-07,5.2914
2022-04-08,3.1463
2022-04-11,4.1758
2022-04-12,2.6822
2022-04-13,1.8313
2022-04-14,3.0527
2022-04-15,2.5319
2022-04-18,4.8447
2022-04-19,2.9753
2022-04-20,5.5382
2022-04-21,4.3939
2022-04-22,4.4429
2022-04-25,2.315
2022-04-26,4.5107
2022-04-27,3.6056
2022-04-28,5.0155
2022-04-29,3.1668
2022-05-02,2.4891
2022-05-03,5.0527
2022-05-04,0.4927
2022-05-05,1.2209
2022-05-06,2.4804
2022-05-09,2.24
2022-05-10,3.1367
2022-05-11,4.5749
2022-05-12,5.0936
2022-05-13,3.1784
2022-05-16,5.0247
2022-05-17,5.2975
2022-05-18,3.2615
2022-05-19,0.923
2022-05-20,3.9079
2022-05-23,2.9583
2022-05-24,2.2878
2022-05-25,3.5216
2022-05-26,1.8584
2022-05-27,5.1469
2022-05-30,0.896
2022-05-31,2.3187
2022-06-01,1.3128
2022-06-02,1.4179
2022-06-03,2.128
2022-06-06,3.5662
2022-06-07,3.5047
2022-06-08,3.4822
2022-06-09,4.2226
2022-06-10,2.5316
2022-06-13,4.0032
2022-06-14,2.1059
2022-06-15,2.7861
2022-06-16,4.1812
2022-06-17,4.6432
2022-06-20,2.4045
2022-06-21,1.3711
2022-06-22,0.4185
2022-06-23,4.479
2022-06-24,2.577
2022-06-27,3.1707
2022-06-28,1.3613
2022-06-29,3.4351
2022-06-30,1.83
2022-07-01,4.2249
2022-07-04,3.0118
2022-07-05,1.5311
2022-07-06,4.587
2022-07-07,2.6488
2022-07-08,1.9248
2022-07-11,2.6318
2022-07-12,0.9087
2022-07-13,2.1818
2022-07-14,2.9352
2022-07-15,2.007
2022-07-18,2.9896
2022-07-19,3.738
2022-07-20,3.7174
2022-07-21,4.5287
2022-07-22,3.1518
2022-07-25,5.1571
2022-07-26,2.8091
2022-07-27,4.5891
2022-07-28,2.9285
2022-07-29,3.7913
2022-08-01,4.7082
2022-08-02,4.2626
2022-08-03,2.1375
2022-08-04,4.2151
2022-08-05,4.6397
2022-08-08,1.3369
2022-08-09,2.3631
2022-08-10,2.9224
2022-08-11,0.0963
2022-08-12,2.4656
2022-08-15,3.3603
2022-08-16,2.8578
2022-08-17,5.2931
2022-08-18,6.2465
2022-08-19,5.1804
2022-08-22,2.366
2022-08-23,3.2151
2022-08-24,3.5325
2022-08-25,1.7537
2022-08-26,1.255
2022-08-29,2.1278
2022-08-30,0.7067
2022-08-31,3.2408
2022-09-01,2.2485
2022-09-02,2.6322
2022-09-05,2.0405
2022-09-06,3.1213
2022-09-07,3.0329
2022-09-08,4.7025
2022-09-09,4.7705
2022-09-12,4.2828
2022-09-13,2.0526
2022-09-14,4.013
2022-09-15,3.0179
2022-09-16,5.7582
2022-09-19,1.0562
2022-09-20,3.3496
2022-09-21,-2.1313
2022-09-22,3.5309
2022-09-23,4.8576
2022-09-26,4.9064
2022-09-27,3.3524
2022-09-28,0.5206
2022-09-29,5.2709
2022-09-30,3.0917
2022-10-03,6.0722
2022-10-04,4.6018
2022-10-05,1.1478
2022-10-06,4.5897
2022-10-07,4.856
2022-10-10,1.8841
2022-10-11,3.2573
2022-10-12,0.6348
2022-10-13,0.7018
2022-10-14,3.3701
2022-10-17,0.1782
2022-10-18,3.2996
2022-10-19,3.4173
2022-10-20,4.0042
2022-10-21,2.6615
2022-10-24,5.3032
2022-10-25,3.3461
2022-10-26,3.8606
2022-10-27,4.4869
2022-10-28,3.6295
2022-10-31,3.7007
2022-11-01,0.1834
2022-11-02,1.8539
2022-11-03,1.8272
2022-11-04,0.111
2022-11-07,2.5101
2022-11-08,2.6272
2022-11-09,4.1064
2022-11-10,4.8088
2022-11-11,4.1125
2022-11-14,2.058
2022-11-15,1.9024
2022-11-16,1.0143
2022-11-17,2.2342
2022-11-18,4.2203
2022-11-21,5.615
2022-11-22,3.6229
2022-11-23,4.1813
2022-11-24,3.0441
2022-11-25,4.4017
2022-11-28,3.4352
2022-11-29,2.7945
2022-11-30,3.564
2022-12-01,0.8877
2022-12-02,2.5265
2022-12-05,4.5315
2022-12-06,5.7716
2022-12-07,1.73
2022-12-08,1.7476
2022-12-09,2.2685
2022-12-12,1.6173
2022-12-13,5.2954
2022-12-14,4.2991
2022-12-15,4.0599
2022-12-16,4.3618
2022-12-19,2.6539
2022-12-20,1.7039
2022-12-21,1.3932
2022-12-22,1.7094
2022-12-23,3.7109
2022-12-26,1.1408
2022-12-27,4.8535
2022-12-28,3.4808
2022-12-29,4.0215
2022-12-30,3.844
2023-01-02,2.3078
2023-01-03,3.954
2023-01-04,1.618
2023-01-05,2.33
2023-01-06,4.5808
2023-01-09,4.7358
2023-01-10,1.6652
2023-01-11,4.375
2023-01-12,3.4801
2023-01-13,3.0957
2023-01-16,3.7537
2023-01-17,5.1826
2023-01-18,4.3978
2023-01-19,1.9742
2023-01-20,0.9167
2023-01-23,2.6165
2023-01-24,2.0511
2023-01-25,-0.0909
2023-01-26,1.7939
2023-01-27,4.4145
2023-01-30,2.6753
2023-01-31,3.7585
2023-02-01,6.7581
2023-02-02,0.6956
2023-02-03,3.3558
2023-02-06,5.2829
2023-02-07,2.2702
2023-02-08,0.7604
2023-02-09,2.0183
2023-02-10,3.4006
2023-02-13,4.7996
2023-02-14,4.1722
2023-02-15,5.5528
2023-02-16,3.6838
2023-02-17,2.7263
2023-02-20,4.2407
2023-02-21,1.7251
2023-02-22,3.6746
2023-02-23,2.5643
2023-02-24,3.8938
2023-02-27,2.3093
2023-02-28,3.844
2023-03-01,5.5381
2023-03-02,2.5835
2023-03-03,4.169
2023-03-06,3.3545
2023-03-07,3.1942
2023-03-08,4.4589
2023-03-09,1.1145
2023-03-10,3.7492
2023-03-13,5.2467
2023-03-14,3.5967
2023-03-15,5.4605
2023-03-16,4.4648
2023-03-17,4.7524
2023-03-20,0.6286
2023-03-21,5.3893
2023-03-22,0.5973
2023-03-23,4.2123
2023-03-24,2.56
2023-03-27,4.838
2023-03-28,3.6357
2023-03-29,3.5205
2023-03-30,4.2025
2023-03-31,3.2646
2023-04-03,5.3607
2023-04-04,0.5616
2023-04-05,1.6528
2023-04-06,2.6111
2023-04-07,1.7558
2023-04-10,4.0418
2023-04-11,2.5321
2023-04-12,2.6223
2023-04-13,3.0594
2023-04-14,1.1216
2023-04-17,2.2198
2023-04-18,3.2711
2023-04-19,2.8242
2023-04-20,0.2281
2023-04-21,-0.7759
2023-04-24,1.6847
2023-04-25,3.3613
2023-04-26,4.736
2023-04-27,2.6781
2023-04-28,2.9718
2023-05-01,1.99
2023-05-02,3.7637
2023-05-03,4.7274
2023-05-04,3.5871
2023-05-05,3.5622
2023-05-08,-0.3816
2023-05-09,2.5998
2023-05-10,3.6972
2023-05-11,2.7295
2023-05-12,2.4937
2023-05-15,4.4464
2023-05-16,3.6422
2023-05-17,-0.3091
2023-05-18,3.2311
2023-05-19,5.5322
2023-05-22,4.509
2023-05-23,3.5232
2023-05-24,2.3782
2023-05-25,3.1165
2023-05-26,1.9346
2023-05-29,2.99
2023-05-30,2.9534
2023-05-31,0.7509
2023-06-01,2.3258
2023-06-02,-0.1238
2023-06-05,3.7805
2023-06-06,4.5836
2023-06-07,1.3332
2023-06-08,3.3098
2023-06-09,2.0744
2023-06-12,3.5378
2023-06-13,0.4508
2023-06-14,1.9372
2023-06-15,7.1901
2023-06-16,2.8719
2023-06-19,1.6207
2023-06-20,1.8754
2023-06-21,1.5219
2023-06-22,3.3011
2023-06-23,3.784
2023-06-26,2.0648
2023-06-27,2.4531
2023-06-28,3.2587
2023-06-29,0.8985
2023-06-30,1.0093
2023-07-03,3.1601
2023-07-04,0.8135
2023-07-05,1.6457
2023-07-06,3.3727
2023-07-07,3.5561
2023-07-10,4.2529
2023-07-11,6.3511
2023-07-12,2.1783
2023-07-13,1.5635
2023-07-14,2.7014
2023-07-17,5.7994
2023-07-18,2.8429
2023-07-19,3.6036
2023-07-20,3.9002
2023-07-21,1.329
2023-07-24,1.7266
2023-07-25,3.4374
2023-07-26,2.9639
2023-07-27,3.2139
2023-07-28,0.5106
2023-07-31,1.8616
2023-08-01,1.6272
2023-08-02,2.9644
2023-08-03,2.3644
2023-08-04,3.3818
2023-08-07,0.6112
2023-08-08,4.9186
2023-08-09,3.7777
2023-08-10,5.0435
2023-08-11,3.394
2023-08-14,5.021
2023-08-15,1.9735
2023-08-16,1.0957
2023-08-17,0.8105
2023-08-18,4.9386
2023-08-21,0.936
2023-08-22,3.872
2023-08-23,2.315
2023-08-24,0.9925
2023-08-25,3.6782
2023-08-28,2.1226
2023-08-29,2.0961
2023-08-30,4.9767
2023-08-31,3.1795
2023-09-01,1.2772
2023-09-04,4.3865
2023-09-05,2.6907
2023-09-06,5.7478
2023-09-07,-0.2877
2023-09-08,4.2363
2023-09-11,5.3192
2023-09-12,4.2693
2023-09-13,2.563
2023-09-14,4.2541
2023-09-15,2.0205
2023-09-18,1.9355
2023-09-19,2.6158
2023-09-20,3.286
2023-09-21,1.5423
2023-09-22,1.8547
2023-09-25,2.1452
2023-09-26,-0.0801
2023-09-27,2.9449
2023-09-28,2.1742
2023-09-29,5.1964
2023-10-02,3.5733
2023-10-03,3.2785
2023-10-04,1.3919
2023-10-05,3.1556
2023-10-06,1.9899
