date,SOFR,美债3m,TED利差
2012-01-02,3.4026,2.4353,0.9673000000000003
2012-01-03,3.6895,2.5314,1.1580999999999997
2012-01-04,2.9122,4.2984,-1.3862
2012-01-05,5.162,4.7101,0.4519000000000002
2012-01-06,3.9067,2.2993,1.6073999999999997
2012-01-09,5.8865,3.8322,2.0543
2012-01-10,5.9312,4.1708,1.7603999999999997
2012-01-11,3.7373,2.1135,1.6237999999999997
2012-01-12,6.7501,5.2858,1.4642999999999997
2012-01-13,2.9003,5.5421,-2.6417999999999995
2012-01-16,2.242,2.6198,-0.37780000000000014
2012-01-17,3.0736,6.251,-3.1774000000000004
2012-01-18,3.6566,6.0853,-2.4287
2012-01-19,5.448,4.9997,0.4483000000000006
2012-01-20,7.4264,1.4373,5.9891000000000005
2012-01-23,3.6793,3.0691,0.6101999999999999
2012-01-24,5.3283,5.3378,-0.009500000000000064
2012-01-25,5.3953,2.1388,3.2565
2012-01-26,5.6103,5.4797,0.13059999999999938
2012-01-27,5.1132,4.9906,0.12260000000000026
2012-01-30,5.8886,3.9312,1.9574000000000003
2012-01-31,4.339,3.328,1.0110000000000006
2012-02-01,4.3664,5.4051,-1.0387000000000004
2012-02-02,3.9938,5.1864,-1.1926
2012-02-03,6.2382,3.7505,2.4877
2012-02-06,2.6707,4.1594,-1.4886999999999997
2012-02-07,3.8258,5.0405,-1.2146999999999997
2012-02-08,2.4632,2.5476,-0.08440000000000003
2012-02-09,3.2801,4.1546,-0.8745000000000003
2012-02-10,4.5217,6.3403,-1.8186
2012-02-13,5.8022,3.6459,2.1563
2012-02-14,3.1828,3.7333,-0.5505
2012-02-15,6.6336,3.5532,3.0804000000000005
2012-02-16,3.5091,3.4219,0.08720000000000017
2012-02-17,5.7584,5.7204,0.038000000000000256
2012-02-20,7.3404,2.322,5.0184
2012-02-21,4.1671,5.2615,-1.0944000000000003
2012-02-22,6.6779,6.2921,0.3858000000000006
2012-02-23,4.3809,6.1396,-1.7587000000000002
2012-02-24,3.7445,1.0604,2.6841
2012-02-27,4.1477,4.0133,0.1344000000000003
2012-02-28,4.8532,3.41,1.4432
2012-02-29,3.6715,5.6075,-1.936
2012-03-01,6.7697,4.3805,2.3892000000000007
2012-03-02,4.9973,3.3265,1.6708000000000003
2012-03-05,6.5875,0.5262,6.0613
2012-03-06,3.6232,7.9979,-4.374699999999999
2012-03-07,3.1444,3.8551,-0.7107000000000001
2012-03-08,4.8696,2.7097,2.1599
2012-03-09,3.3069,3.0497,0.2572000000000001
2012-03-12,3.6553,4.4322,-0.7768999999999999
2012-03-13,6.4251,7.2284,-0.8033000000000001
2012-03-14,5.2652,5.7372,-0.47199999999999953
2012-03-15,2.7179,5.4642,-2.7462999999999997
2012-03-16,6.8451,2.9928,3.8523000000000005
2012-03-19,3.8091,5.6221,-1.8129999999999997
2012-03-20,6.2026,2.4206,3.7820000000000005
2012-03-21,4.1487,1.5287,2.62
2012-03-22,4.0805,4.9323,-0.8517999999999999
2012-03-23,2.7751,4.067,-1.2919
2012-03-26,4.6474,6.2055,-1.5580999999999996
2012-03-27,4.7445,5.8383,-1.0937999999999999
2012-03-28,5.1523,2.6838,2.4685
2012-03-29,5.7618,7.3016,-1.5397999999999996
2012-03-30,1.867,6.094,-4.227
2012-04-02,3.4353,6.2163,-2.7810000000000006
2012-04-03,4.2136,2.7237,1.4898999999999996
2012-04-04,7.0669,5.3679,1.6990000000000007
2012-04-05,5.6746,3.3275,2.3470999999999997
2012-04-06,4.0552,5.672,-1.6167999999999996
2012-04-09,5.5854,3.5797,2.0057
2012-04-10,3.0598,5.4054,-2.3456
2012-04-11,5.3242,2.0063,3.3179000000000003
2012-04-12,5.8823,3.0562,2.8261
2012-04-13,4.3789,4.2566,0.12230000000000008
2012-04-16,4.7985,3.745,1.0534999999999997
2012-04-17,4.3718,4.0325,0.3393000000000006
2012-04-18,3.8804,4.0946,-0.21419999999999995
2012-04-19,4.8441,2.6887,2.1554
2012-04-20,4.1141,4.7851,-0.6710000000000003
2012-04-23,3.1529,6.0467,-2.8938000000000006
2012-04-24,4.2099,3.9331,0.27680000000000016
2012-04-25,3.7579,3.6323,0.12559999999999993
2012-04-26,5.0211,3.5571,1.4639999999999995
2012-04-27,5.2301,4.3568,0.8733000000000004
2012-04-30,2.4002,1.1986,1.2015999999999998
2012-05-01,5.9045,3.2065,2.6979999999999995
2012-05-02,6.1613,2.112,4.0493
2012-05-03,6.2626,3.1093,3.1532999999999998
2012-05-04,4.8915,5.6128,-0.7213000000000003
2012-05-07,4.4246,-0.1514,4.576
2012-05-08,5.8085,5.3091,0.4994000000000005
2012-05-09,5.0874,2.9838,2.1035999999999997
2012-05-10,5.7687,4.9089,0.8597999999999999
2012-05-11,3.5886,3.2781,0.3105000000000002
2012-05-14,5.6447,3.4034,2.2413000000000003
2012-05-15,5.0354,4.601,0.4344000000000001
2012-05-16,3.9065,4.0637,-0.1572
2012-05-17,8.8352,5.723,3.1122000000000005
2012-05-18,4.3094,5.5311,-1.2217000000000002
2012-05-21,4.4978,2.2047,2.2931
2012-05-22,3.4626,4.404,-0.9413999999999998
2012-05-23,4.8222,3.6568,1.1653999999999995
2012-05-24,2.5011,7.1847,-4.6836
2012-05-25,5.3094,5.7203,-0.4108999999999998
2012-05-28,5.4187,4.4654,0.9533000000000005
2012-05-29,5.8979,5.1919,0.7059999999999995
2012-05-30,6.6781,3.1808,3.4972999999999996
2012-05-31,4.5438,1.5175,3.0263
2012-06-01,4.8358,4.7021,0.13370000000000015
2012-06-04,3.7405,4.3162,-0.5757000000000003
2012-06-05,3.7078,1.8648,1.8430000000000002
2012-06-06,4.6449,4.5334,0.11149999999999949
2012-06-07,3.9358,2.9039,1.0318999999999998
2012-06-08,2.7909,3.5162,-0.7252999999999998
2012-06-11,2.3343,5.1161,-2.7818000000000005
2012-06-12,3.5753,7.575,-3.9997000000000003
2012-06-13,2.458,6.1487,-3.6906999999999996
2012-06-14,4.3147,5.9689,-1.6541999999999994
2012-06-15,5.7617,4.3857,1.3760000000000003
2012-06-18,3.5833,3.3157,0.26759999999999984
2012-06-19,4.771,4.3896,0.3814000000000002
2012-06-20,5.7177,3.0492,2.6685
2012-06-21,2.7675,6.3202,-3.5526999999999997
2012-06-22,4.7447,2.5285,2.2161999999999997
2012-06-25,5.4127,3.1613,2.2514
2012-06-26,3.8381,1.691,2.1471
2012-06-27,2.6432,4.9911,-2.3479
2012-06-28,7.4957,2.2261,5.2696000000000005
2012-06-29,2.6362,5.2793,-2.6431
2012-07-02,2.2838,4.9175,-2.6337000000000006
2012-07-03,4.9955,3.1938,1.8016999999999999
2012-07-04,3.6017,3.2527,0.3490000000000002
2012-07-05,4.5729,4.0395,0.5333999999999994
2012-07-06,4.2731,4.5435,-0.27039999999999953
2012-07-09,3.4547,6.1553,-2.7006000000000006
2012-07-10,4.5716,2.2523,2.3193
2012-07-11,5.3363,3.1179,2.2183999999999995
2012-07-12,7.3699,3.6825,3.6874000000000002
2012-07-13,3.9058,4.2694,-0.3635999999999999
2012-07-16,4.8327,5.1443,-0.3116000000000003
2012-07-17,6.158,2.4023,3.7557000000000005
2012-07-18,2.5152,5.8441,-3.3289
2012-07-19,4.0225,4.598,-0.5754999999999999
2012-07-20,3.4935,5.0705,-1.577
2012-07-23,3.9309,7.3686,-3.4377
2012-07-24,2.3471,3.5782,-1.2310999999999996
2012-07-25,6.9039,4.6404,2.2635000000000005
2012-07-26,5.4548,4.801,0.6537999999999995
2012-07-27,3.7095,5.9394,-2.2299
2012-07-30,5.7382,5.7507,-0.012500000000000178
2012-07-31,2.7742,3.6177,-0.8435000000000001
2012-08-01,1.5566,3.5066,-1.9500000000000002
2012-08-02,2.2443,4.7884,-2.5441000000000003
2012-08-03,5.1003,0.5875,4.5127999999999995
2012-08-06,4.8961,6.0624,-1.1663000000000006
2012-08-07,3.398,6.0145,-2.6165
2012-08-08,8.6253,6.5034,2.1218999999999992
2012-08-09,5.2767,2.3213,2.9554
2012-08-10,6.2035,5.0963,1.1071999999999997
2012-08-13,4.896,6.5992,-1.7031999999999998
2012-08-14,2.8292,8.2643,-5.4351
2012-08-15,5.9587,5.165,0.7937000000000003
2012-08-16,5.8768,2.4264,3.4504
2012-08-17,2.586,5.0345,-2.4485000000000006
2012-08-20,2.8094,3.3622,-0.5528
2012-08-21,4.1897,4.444,-0.25429999999999975
2012-08-22,6.3087,7.0536,-0.7449000000000003
2012-08-23,4.7101,2.326,2.3840999999999997
2012-08-24,4.0741,4.2923,-0.2182000000000004
2012-08-27,2.7936,1.3509,1.4427
2012-08-28,3.9366,5.4145,-1.4779000000000004
2012-08-29,5.6749,3.7966,1.8782999999999999
2012-08-30,5.4508,5.2635,0.18730000000000047
2012-08-31,4.079,3.7384,0.3405999999999998
2012-09-03,3.6155,6.719,-3.1035000000000004
2012-09-04,4.152,5.6857,-1.5336999999999996
2012-09-05,4.6681,3.9614,0.7067000000000001
2012-09-06,4.3002,4.7572,-0.45699999999999985
2012-09-07,5.3388,6.843,-1.5042
2012-09-10,4.8151,4.1802,0.6349
2012-09-11,4.0445,2.7722,1.2723
2012-09-12,2.9087,3.4112,-0.5025
2012-09-13,2.1631,3.6682,-1.5051
2012-09-14,3.3025,5.5756,-2.2730999999999995
2012-09-17,2.768,2.5022,0.2657999999999996
2012-09-18,4.2529,4.3282,-0.07529999999999948
2012-09-19,4.4794,5.3655,-0.8860999999999999
2012-09-20,4.1223,3.6731,0.44920000000000027
2012-09-21,1.6294,3.2017,-1.5723000000000003
2012-09-24,5.6463,2.7097,2.9366
2012-09-25,4.4627,3.9483,0.5143999999999997
2012-09-26,4.0837,4.4603,-0.3765999999999998
2012-09-27,2.1915,3.9853,-1.7938
2012-09-28,4.2495,2.9644,1.2851000000000004
2012-10-01,3.1728,6.7813,-3.6085
2012-10-02,4.634,6.3273,-1.6932999999999998
2012-10-03,4.4083,4.23,0.17829999999999924
2012-10-04,5.1451,2.2658,2.8793
2012-10-05,4.7232,8.0545,-3.3313000000000006
2012-10-08,6.2611,3.0978,3.1633
2012-10-09,4.1449,2.786,1.3588999999999998
2012-10-10,4.0015,2.6527,1.3488000000000002
2012-10-11,3.7252,6.43,-2.7047999999999996
2012-10-12,6.3473,7.4006,-1.0533000000000001
2012-10-15,1.862,3.3679,-1.5059
2012-10-16,5.2504,3.0633,2.1871
2012-10-17,4.473,2.281,2.1919999999999997
2012-10-18,5.1851,2.158,3.0271000000000003
2012-10-19,4.4321,3.5641,0.8680000000000003
2012-10-22,4.9478,4.538,0.4097999999999997
2012-10-23,3.5534,2.2271,1.3262999999999998
2012-10-24,4.4002,4.4395,-0.03929999999999989
2012-10-25,5.1557,3.6802,1.4755000000000003
2012-10-26,6.5383,4.0388,2.4994999999999994
2012-10-29,5.644,3.6864,1.9576000000000002
2012-10-30,7.9408,4.8605,3.0803000000000003
2012-10-31,4.2117,5.6375,-1.4257999999999997
2012-11-01,1.724,3.9509,-2.2268999999999997
2012-11-02,4.4033,5.5722,-1.1688999999999998
2012-11-05,5.9452,5.2417,0.7035
2012-11-06,5.4278,5.1179,0.30990000000000073
2012-11-07,5.9368,4.6095,1.3273000000000001
2012-11-08,6.1083,5.9412,0.16709999999999958
2012-11-09,4.4641,3.8102,0.6539000000000001
2012-11-12,5.954,3.2505,2.7034999999999996
2012-11-13,4.7915,4.0117,0.7797999999999998
2012-11-14,5.9135,2.8987,3.0148
2012-11-15,4.3113,4.6508,-0.33950000000000014
2012-11-16,3.5372,2.0289,1.5082999999999998
2012-11-19,5.8538,5.2848,0.569
2012-11-20,2.6138,4.449,-1.8352
2012-11-21,2.7266,4.4106,-1.6839999999999997
2012-11-22,2.7645,7.1817,-4.4172
2012-11-23,7.6709,4.8213,2.8495999999999997
2012-11-26,3.943,4.3957,-0.45269999999999966
2012-11-27,4.732,3.2445,1.4875000000000003
2012-11-28,4.8746,2.9153,1.9593000000000003
2012-11-29,4.4228,8.1666,-3.743800000000001
2012-11-30,4.3668,2.5265,1.8402999999999996
2012-12-03,3.2404,2.5151,0.7253000000000003
2012-12-04,3.6237,2.9845,0.6391999999999998
2012-12-05,3.5816,4.3016,-0.7199999999999998
2012-12-06,4.8387,3.3897,1.4490000000000003
2012-12-07,4.0394,4.5453,-0.5059000000000005
2012-12-10,2.5791,5.4319,-2.8528
2012-12-11,4.4451,5.3813,-0.9362000000000004
2012-12-12,5.654,3.5761,2.0779
2012-12-13,4.4325,4.447,-0.014499999999999957
2012-12-14,2.1982,4.8794,-2.6812000000000005
2012-12-17,2.7678,5.7019,-2.9341000000000004
2012-12-18,4.0906,3.9628,0.12780000000000014
2012-12-19,1.4601,5.6683,-4.208200000000001
2012-12-20,4.1423,4.8413,-0.6990000000000007
2012-12-21,5.6396,6.7719,-1.1322999999999999
2012-12-24,4.9153,5.4028,-0.4874999999999998
2012-12-25,5.9578,4.2717,1.6860999999999997
2012-12-26,5.2202,2.1157,3.1045000000000003
2012-12-27,4.3651,4.7038,-0.3387000000000002
2012-12-28,3.8324,5.5743,-1.7419000000000002
2012-12-31,5.7026,4.0085,1.6941000000000006
2013-01-01,4.1243,5.1589,-1.0346000000000002
2013-01-02,4.8071,4.2973,0.5098000000000003
2013-01-03,4.1003,2.8181,1.2822
2013-01-04,4.7587,1.5436,3.2151
2013-01-07,1.5111,4.6258,-3.1147
2013-01-08,4.8972,3.7557,1.1414999999999997
2013-01-09,2.4331,2.5916,-0.15850000000000009
2013-01-10,4.2642,6.0336,-1.7694
2013-01-11,3.0941,2.1642,0.9299
2013-01-14,6.5986,5.3148,1.2838000000000003
2013-01-15,3.2946,4.1412,-0.8466000000000005
2013-01-16,0.873,3.0275,-2.1544999999999996
2013-01-17,2.952,5.3602,-2.4082
2013-01-18,7.1029,8.0284,-0.9254999999999995
2013-01-21,6.5409,4.0202,2.5206999999999997
2013-01-22,3.658,4.5782,-0.9201999999999999
2013-01-23,7.6905,2.1715,5.519
2013-01-24,3.0601,0.7041,2.356
2013-01-25,4.014,5.2996,-1.2855999999999996
2013-01-28,2.6582,5.1204,-2.4622
2013-01-29,5.2209,3.5993,1.6216000000000004
2013-01-30,5.4407,3.2756,2.1651
2013-01-31,2.6116,3.3785,-0.7668999999999997
2013-02-01,4.3095,3.4035,0.9059999999999997
2013-02-04,1.8904,4.9948,-3.1043999999999996
2013-02-05,4.7396,4.527,0.21260000000000012
2013-02-06,5.4899,3.3708,2.1190999999999995
2013-02-07,3.2392,6.3856,-3.1464000000000003
2013-02-08,2.8146,6.085,-3.2704
2013-02-11,5.0074,6.7101,-1.7027
2013-02-12,4.2395,5.0531,-0.8136000000000001
2013-02-13,0.7805,3.8143,-3.0338
2013-02-14,1.8832,3.7983,-1.9150999999999998
2013-02-15,6.0247,2.9758,3.0489
2013-02-18,5.4154,5.6269,-0.21150000000000002
2013-02-19,5.3689,5.4566,-0.08769999999999989
2013-02-20,1.7858,4.2044,-2.4185999999999996
2013-02-21,5.5211,6.1339,-0.6128
2013-02-22,3.565,4.1489,-0.5839000000000003
2013-02-25,3.9481,3.4415,0.5066000000000002
2013-02-26,3.0172,4.4086,-1.3914
2013-02-27,6.3796,6.0087,0.3708999999999998
2013-02-28,5.3353,3.2686,2.0667
2013-03-01,3.4489,2.6609,0.7880000000000003
2013-03-04,5.2425,1.9069,3.3355999999999995
2013-03-05,4.1469,5.9833,-1.8364000000000003
2013-03-06,5.8575,1.3001,4.5573999999999995
2013-03-07,2.4605,4.0005,-1.5399999999999996
2013-03-08,3.318,3.4657,-0.14769999999999994
2013-03-11,5.6735,3.2754,2.3981
2013-03-12,2.9361,2.1416,0.7945000000000002
2013-03-13,4.5894,3.2002,1.3892000000000002
2013-03-14,3.8895,2.3408,1.5486999999999997
2013-03-15,3.4915,3.9984,-0.5069000000000004
2013-03-18,3.4159,5.697,-2.2811
2013-03-19,1.1093,4.8875,-3.7782
2013-03-20,4.0394,4.7692,-0.7298
2013-03-21,2.8794,4.6776,-1.7982
2013-03-22,5.9404,1.3598,4.5806000000000004
2013-03-25,4.4857,7.1991,-2.7134
2013-03-26,4.2094,4.1917,0.017699999999999605
2013-03-27,5.6311,6.4147,-0.7835999999999999
2013-03-28,4.218,4.7059,-0.4878999999999998
2013-03-29,4.1005,3.3747,0.7258000000000004
2013-04-01,6.1515,3.8877,2.2638000000000003
2013-04-02,4.2914,4.7816,-0.49019999999999975
2013-04-03,5.2312,4.1549,1.0763000000000007
2013-04-04,4.5426,7.0965,-2.5538999999999996
2013-04-05,3.5481,5.0186,-1.4705000000000004
2013-04-08,3.9588,4.6615,-0.7027000000000001
2013-04-09,4.4801,6.9511,-2.471
2013-04-10,4.3055,3.2971,1.0084000000000004
2013-04-11,5.9409,4.3144,1.6265
2013-04-12,5.11,6.6341,-1.5240999999999998
2013-04-15,4.8678,5.0908,-0.22299999999999986
2013-04-16,8.4761,6.5485,1.9276000000000009
2013-04-17,6.3355,4.978,1.3575
2013-04-18,4.187,4.2009,-0.01389999999999958
2013-04-19,6.2385,3.9268,2.3117
2013-04-22,5.2362,4.7977,0.43850000000000033
2013-04-23,2.6009,3.2892,-0.6882999999999999
2013-04-24,3.5859,4.0374,-0.4514999999999998
2013-04-25,3.7549,6.3939,-2.6390000000000002
2013-04-26,3.1394,3.6026,-0.4631999999999996
2013-04-29,3.3951,1.5548,1.8402999999999998
2013-04-30,5.4209,2.4743,2.9465999999999997
2013-05-01,4.9338,5.2182,-0.28440000000000065
2013-05-02,7.3303,4.9568,2.3735
2013-05-03,3.3533,4.5767,-1.2233999999999998
2013-05-06,4.6779,5.6066,-0.9287000000000001
2013-05-07,4.7677,3.7798,0.9878999999999998
2013-05-08,3.763,3.5917,0.1713
2013-05-09,7.0426,5.2939,1.7487000000000004
2013-05-10,2.6241,3.4155,-0.7914000000000003
2013-05-13,3.3266,2.848,0.47860000000000014
2013-05-14,3.7804,4.5812,-0.8007999999999997
2013-05-15,4.8667,3.5639,1.3028
2013-05-16,4.4839,4.6099,-0.12599999999999945
2013-05-17,4.3977,2.7356,1.6621000000000006
2013-05-20,3.2206,3.9702,-0.7496
2013-05-21,1.4375,2.5211,-1.0836000000000001
2013-05-22,3.8349,3.699,0.13590000000000035
2013-05-23,5.2866,3.7085,1.5781
2013-05-24,2.6195,5.1665,-2.547
2013-05-27,4.0671,4.9229,-0.8558000000000003
2013-05-28,4.9315,4.9429,-0.011400000000000077
2013-05-29,5.5157,2.6352,2.8804999999999996
2013-05-30,4.8878,4.644,0.24380000000000024
2013-05-31,4.1305,3.3236,0.8068999999999997
2013-06-03,3.1742,2.1372,1.037
2013-06-04,6.8952,5.532,1.3632
2013-06-05,1.903,4.6123,-2.7093000000000003
2013-06-06,5.5069,5.3459,0.1609999999999996
2013-06-07,6.4908,3.8642,2.6266000000000003
2013-06-10,5.5086,3.3757,2.1329000000000002
2013-06-11,5.4201,3.4603,1.9597999999999995
2013-06-12,6.0323,5.7126,0.3197000000000001
2013-06-13,5.2168,2.0889,3.1279
2013-06-14,3.8088,2.3667,1.4421000000000004
2013-06-17,3.3798,3.237,0.14279999999999982
2013-06-18,7.0594,2.8268,4.2326
2013-06-19,3.5029,4.31,-0.8070999999999997
2013-06-20,4.1015,1.8548,2.2466999999999997
2013-06-21,4.0383,3.6306,0.40769999999999973
2013-06-24,4.3094,5.0561,-0.7466999999999997
2013-06-25,5.5074,5.1706,0.3367999999999993
2013-06-26,4.5707,6.3015,-1.7307999999999995
2013-06-27,4.7165,8.0743,-3.3577999999999992
2013-06-28,5.1343,4.889,0.2452999999999994
2013-07-01,3.2744,2.9941,0.2803
2013-07-02,3.2342,3.6121,-0.3778999999999999
2013-07-03,4.3434,5.2025,-0.8590999999999998
2013-07-04,5.5227,7.2953,-1.7725999999999997
2013-07-05,6.9016,4.0758,2.8258
2013-07-08,5.2843,4.4998,0.7845000000000004
2013-07-09,2.9117,5.5484,-2.6367
2013-07-10,4.4102,8.9545,-4.5443
2013-07-11,4.9459,6.3768,-1.4309000000000003
2013-07-12,6.208,2.9862,3.2218
2013-07-15,4.7341,6.3127,-1.5786000000000007
2013-07-16,5.9949,1.6569,4.338
2013-07-17,4.2662,5.6302,-1.3639999999999999
2013-07-18,2.5875,2.1438,0.44369999999999976
2013-07-19,3.1292,5.2128,-2.0835999999999997
2013-07-22,2.2516,4.1943,-1.9427000000000003
2013-07-23,0.8068,5.3514,-4.5446
2013-07-24,3.3254,4.3892,-1.0637999999999996
2013-07-25,4.5804,-0.0098,4.5902
2013-07-26,4.6408,4.0227,0.6180999999999992
2013-07-29,4.3655,2.9522,1.4133
2013-07-30,0.9392,4.8496,-3.9103999999999997
2013-07-31,5.0585,2.7739,2.2846000000000006
2013-08-01,4.6766,4.7311,-0.05449999999999999
2013-08-02,3.9537,5.1192,-1.1655000000000002
2013-08-05,2.7994,2.5857,0.21369999999999978
2013-08-06,6.0724,4.5957,1.4767000000000001
2013-08-07,2.973,5.5882,-2.6151999999999997
2013-08-08,4.4114,6.0341,-1.6226999999999991
2013-08-09,4.9587,6.2771,-1.3183999999999996
2013-08-12,5.4142,1.941,3.4732000000000003
2013-08-13,10.1525,4.0777,6.0748
2013-08-14,6.6927,0.8336,5.859100000000001
2013-08-15,3.917,2.4104,1.5065999999999997
2013-08-16,5.5637,4.8169,0.7467999999999995
2013-08-19,5.1577,6.2333,-1.0755999999999997
2013-08-20,7.804,5.6131,2.1909
2013-08-21,3.3449,5.354,-2.0091
2013-08-22,6.7142,0.8297,5.8845
2013-08-23,5.8175,5.6056,0.21189999999999998
2013-08-26,6.0542,3.6167,2.4375
2013-08-27,5.1618,2.9997,2.1621000000000006
2013-08-28,4.9781,2.8595,2.1186000000000003
2013-08-29,4.2574,2.7833,1.4740999999999995
2013-08-30,4.9695,3.5879,1.3816000000000002
2013-09-02,4.044,3.9864,0.05759999999999943
2013-09-03,5.9688,3.3605,2.6083
2013-09-04,4.2402,4.6768,-0.4366000000000003
2013-09-05,4.5424,5.2026,-0.6602000000000006
2013-09-06,3.8429,7.4679,-3.625
2013-09-09,4.055,2.2663,1.7886999999999995
2013-09-10,2.8115,2.8748,-0.06329999999999991
2013-09-11,5.7037,3.5935,2.1102000000000003
2013-09-12,5.4754,4.5246,0.9507999999999992
2013-09-13,6.3319,4.6615,1.6703999999999999
2013-09-16,3.7002,7.5079,-3.8077
2013-09-17,4.212,5.1097,-0.8977000000000004
2013-09-18,5.1854,4.1523,1.0330999999999992
2013-09-19,5.0717,3.7276,1.3441
2013-09-20,5.2023,1.933,3.2693000000000003
2013-09-23,4.8258,4.1709,0.6549000000000005
2013-09-24,3.6313,6.7828,-3.1515
2013-09-25,3.3094,6.1949,-2.8854999999999995
2013-09-26,3.9996,1.1838,2.8158000000000003
2013-09-27,6.1405,6.1505,-0.009999999999999787
2013-09-30,4.3624,4.0483,0.3140999999999998
2013-10-01,4.5819,3.9769,0.605
2013-10-02,5.8197,4.6274,1.1923000000000004
2013-10-03,5.4031,4.0929,1.3102
2013-10-04,4.1588,3.9348,0.2240000000000002
2013-10-07,5.2112,2.7175,2.4937
2013-10-08,1.7556,3.2791,-1.5235
2013-10-09,4.8613,3.1595,1.7018
2013-10-10,3.4619,2.2265,1.2353999999999998
2013-10-11,0.8158,4.14,-3.3242
2013-10-14,6.8483,5.0057,1.8426
2013-10-15,2.4338,6.8408,-4.407
2013-10-16,5.2862,3.2924,1.9937999999999998
2013-10-17,5.5187,3.9958,1.5229
2013-10-18,3.0316,4.5769,-1.5453000000000001
2013-10-21,4.6766,5.3455,-0.6689000000000007
2013-10-22,5.3563,2.6554,2.7009
2013-10-23,1.4148,6.7133,-5.298500000000001
2013-10-24,1.9536,0.9852,0.9684
2013-10-25,5.3679,5.4964,-0.12850000000000072
2013-10-28,3.0706,4.0719,-1.0013
2013-10-29,6.9782,6.2451,0.7331000000000003
2013-10-30,6.2108,1.6642,4.5466
2013-10-31,3.5227,3.7875,-0.26480000000000015
2013-11-01,4.6926,4.4395,0.2530999999999999
2013-11-04,4.4928,4.2322,0.26060000000000016
2013-11-05,4.5927,4.416,0.1766999999999994
2013-11-06,5.6971,4.1244,1.5727000000000002
2013-11-07,4.5081,5.5272,-1.0191
2013-11-08,8.062,2.5445,5.517499999999999
2013-11-11,4.4427,6.4129,-1.9701999999999993
2013-11-12,4.4156,5.4666,-1.0509999999999993
2013-11-13,2.9241,4.55,-1.6258999999999997
2013-11-14,3.9311,4.3483,-0.41720000000000024
2013-11-15,5.2774,4.446,0.8314000000000004
2013-11-18,5.4846,2.4272,3.0574000000000003
2013-11-19,5.4511,3.9205,1.5306000000000002
2013-11-20,3.2742,6.0752,-2.8009999999999997
2013-11-21,2.8047,4.705,-1.9003
2013-11-22,5.5626,2.2178,3.3447999999999998
2013-11-25,2.3042,5.0142,-2.71
2013-11-26,3.3641,3.7249,-0.3607999999999998
2013-11-27,5.8146,5.1543,0.6603000000000003
2013-11-28,4.9978,2.5134,2.4844
2013-11-29,4.3049,3.5696,0.7353000000000001
2013-12-02,5.0648,1.7205,3.3443
2013-12-03,3.5233,3.8946,-0.3713000000000002
2013-12-04,3.0932,4.1428,-1.0496000000000003
2013-12-05,1.7419,2.2331,-0.49119999999999986
2013-12-06,4.1147,4.3285,-0.2138
2013-12-09,3.9176,5.2909,-1.3732999999999995
2013-12-10,6.1612,3.9735,2.1877
2013-12-11,4.3955,5.8377,-1.4421999999999997
2013-12-12,5.8874,5.6089,0.2785000000000002
2013-12-13,2.1996,6.5175,-4.3179
2013-12-16,5.9782,0.37,5.6082
2013-12-17,4.2286,2.6902,1.5384000000000002
2013-12-18,6.8821,2.11,4.7721
2013-12-19,4.7667,4.8142,-0.04749999999999943
2013-12-20,4.4497,7.901,-3.4513
2013-12-23,0.5568,3.2476,-2.6908
2013-12-24,5.6263,4.5382,1.0880999999999998
2013-12-25,5.2432,5.3837,-0.1405000000000003
2013-12-26,4.4566,3.8992,0.5573999999999999
2013-12-27,3.5707,6.4786,-2.9079
2013-12-30,3.9148,5.4568,-1.5420000000000003
2013-12-31,6.9921,2.9592,4.0329
2014-01-01,1.8611,4.1716,-2.3104999999999998
2014-01-02,6.0393,3.4069,2.6324
2014-01-03,5.8162,2.6784,3.1378000000000004
2014-01-06,5.4863,3.5704,1.9159000000000002
2014-01-07,3.6712,6.2827,-2.6115000000000004
2014-01-08,5.5759,6.4795,-0.9036
2014-01-09,1.5589,3.8754,-2.3165
2014-01-10,3.3006,4.1009,-0.8003
2014-01-13,4.1557,3.834,0.3217000000000003
2014-01-14,2.7994,5.5125,-2.7131000000000003
2014-01-15,6.1956,6.3719,-0.17630000000000035
2014-01-16,4.6273,4.2645,0.3628
2014-01-17,6.9847,3.9809,3.0038
2014-01-20,4.6575,1.3655,3.292
2014-01-21,4.4533,4.5408,-0.08750000000000036
2014-01-22,4.69,4.3455,0.34450000000000003
2014-01-23,3.7962,4.2789,-0.48270000000000035
2014-01-24,3.3844,4.3219,-0.9375000000000004
2014-01-27,3.7413,3.6303,0.11099999999999977
2014-01-28,1.896,4.5436,-2.6475999999999997
2014-01-29,6.3341,5.7071,0.6270000000000007
2014-01-30,4.1308,2.1891,1.9417
2014-01-31,5.8646,4.9112,0.9534000000000002
2014-02-03,4.9785,4.2802,0.6983000000000006
2014-02-04,2.4545,5.5213,-3.0668
2014-02-05,6.0037,4.4221,1.5816
2014-02-06,6.4103,4.2527,2.1576000000000004
2014-02-07,4.9734,4.0975,0.8758999999999997
2014-02-10,3.5936,4.3769,-0.7833000000000001
2014-02-11,4.2809,5.0006,-0.7197000000000005
2014-02-12,4.097,5.6041,-1.5070999999999994
2014-02-13,5.3643,4.6408,0.7235000000000005
2014-02-14,4.3228,4.5387,-0.21590000000000042
2014-02-17,6.2402,3.2039,3.0362999999999998
2014-02-18,3.6101,4.7322,-1.1220999999999997
2014-02-19,5.3739,1.8036,3.5702999999999996
2014-02-20,0.9287,3.27,-2.3413
2014-02-21,7.9525,2.2365,5.715999999999999
2014-02-24,5.8966,2.4204,3.4762000000000004
2014-02-25,5.0685,4.0715,0.9969999999999999
2014-02-26,4.0437,1.9991,2.0446
2014-02-27,3.2928,4.4717,-1.1789
2014-02-28,4.7,3.3259,1.3741000000000003
2014-03-03,4.0437,1.0577,2.986
2014-03-04,6.0672,5.1396,0.9276
2014-03-05,2.8888,4.5575,-1.6687000000000003
2014-03-06,4.3101,5.4234,-1.1132999999999997
2014-03-07,3.684,4.6241,-0.9401000000000002
2014-03-10,6.9288,4.923,2.0058
2014-03-11,3.7028,4.2343,-0.5315000000000003
2014-03-12,1.6476,5.1089,-3.4613000000000005
2014-03-13,4.8514,5.172,-0.3205999999999998
2014-03-14,6.7054,3.972,2.7334
2014-03-17,4.5166,4.267,0.24960000000000004
2014-03-18,3.757,4.7854,-1.0284
2014-03-19,4.2061,2.163,2.0431000000000004
2014-03-20,3.6459,2.7619,0.8840000000000003
2014-03-21,1.7461,6.3085,-4.5624
2014-03-24,7.3008,5.2011,2.0996999999999995
2014-03-25,4.7929,4.6073,0.1856
2014-03-26,3.31,4.5349,-1.2249000000000003
2014-03-27,5.2313,5.2397,-0.008399999999999963
2014-03-28,2.5592,1.0789,1.4803000000000002
2014-03-31,3.6709,3.0903,0.5806
2014-04-01,2.6602,7.0569,-4.396699999999999
2014-04-02,3.085,6.6072,-3.5221999999999998
2014-04-03,3.1764,4.6743,-1.4978999999999996
2014-04-04,4.7777,0.6458,4.1319
2014-04-07,4.6919,2.9355,1.7564000000000002
2014-04-08,6.3834,6.3438,0.03960000000000008
2014-04-09,8.6782,4.2676,4.4106000000000005
2014-04-10,4.065,4.4443,-0.37929999999999975
2014-04-11,4.4059,5.0603,-0.6543999999999999
2014-04-14,4.3252,6.524,-2.1988000000000003
2014-04-15,4.6771,6.4351,-1.758
2014-04-16,4.0483,5.599,-1.5507
2014-04-17,1.8139,5.1624,-3.3484999999999996
2014-04-18,1.7363,6.3193,-4.583
2014-04-21,4.5873,5.0206,-0.4333
2014-04-22,6.1754,4.6086,1.5667999999999997
2014-04-23,4.7753,4.922,-0.14670000000000005
2014-04-24,6.3957,5.696,0.6997
2014-04-25,6.3192,4.1764,2.1428000000000003
2014-04-28,4.4234,4.0251,0.3982999999999999
2014-04-29,2.9506,3.6822,-0.7315999999999998
2014-04-30,3.8237,3.5732,0.25050000000000017
2014-05-01,5.241,4.1591,1.0819
2014-05-02,0.68,4.3282,-3.6481999999999997
2014-05-05,6.7581,4.1371,2.6209999999999996
2014-05-06,7.3075,4.6243,2.6832000000000003
2014-05-07,2.8387,2.2589,0.5797999999999996
2014-05-08,3.6279,6.4966,-2.8687
2014-05-09,5.5027,2.6775,2.8251999999999997
2014-05-12,6.0779,3.3691,2.7087999999999997
2014-05-13,3.3557,4.6781,-1.3223999999999996
2014-05-14,5.0826,2.6944,2.3882000000000003
2014-05-15,4.7259,1.2766,3.4493
2014-05-16,4.5972,2.9737,1.6235
2014-05-19,6.9508,6.0734,0.8773999999999997
2014-05-20,5.1472,4.2087,0.9384999999999994
2014-05-21,2.9373,5.2577,-2.3204
2014-05-22,5.4197,3.3346,2.0850999999999997
2014-05-23,4.1097,2.3725,1.7372
2014-05-26,5.2222,5.6638,-0.4416000000000002
2014-05-27,5.4634,4.9319,0.5315000000000003
2014-05-28,2.7803,2.6605,0.11980000000000013
2014-05-29,1.6604,4.6129,-2.9524999999999997
2014-05-30,4.5539,3.9366,0.6172999999999997
2014-06-02,5.2389,2.8023,2.4366000000000003
2014-06-03,4.7787,2.1451,2.6336
2014-06-04,6.4392,3.2915,3.1476999999999995
2014-06-05,4.8731,3.0646,1.8085
2014-06-06,3.3357,2.3526,0.9831000000000003
2014-06-09,4.5364,6.8354,-2.2989999999999995
2014-06-10,4.9607,4.9628,-0.0020999999999995467
2014-06-11,6.1189,4.7972,1.3216999999999999
2014-06-12,2.3149,7.138,-4.8231
2014-06-13,5.8689,5.7325,0.13640000000000008
2014-06-16,6.7131,5.689,1.0240999999999998
2014-06-17,7.0147,3.8582,3.1565000000000003
2014-06-18,4.8961,3.3117,1.5843999999999996
2014-06-19,3.7493,3.9739,-0.22460000000000013
2014-06-20,4.6095,5.688,-1.0785
2014-06-23,3.8116,5.1363,-1.3247000000000004
2014-06-24,2.9346,5.2553,-2.3207
2014-06-25,4.2263,4.3772,-0.15090000000000003
2014-06-26,4.1775,6.2707,-2.0931999999999995
2014-06-27,5.6706,6.5305,-0.8598999999999997
2014-06-30,3.3907,6.6004,-3.2096999999999998
2014-07-01,4.9141,2.5009,2.4132000000000002
2014-07-02,3.5234,3.5145,0.00890000000000013
2014-07-03,4.3485,4.4594,-0.1109
2014-07-04,3.032,3.1827,-0.15070000000000006
2014-07-07,3.2856,6.1374,-2.8518000000000003
2014-07-08,5.2882,5.1026,0.1856
2014-07-09,6.0947,5.7455,0.34919999999999973
2014-07-10,4.8121,4.5646,0.2474999999999996
2014-07-11,4.188,5.9356,-1.7476000000000003
2014-07-14,5.2033,4.4191,0.7841999999999993
2014-07-15,4.365,2.034,2.3310000000000004
2014-07-16,5.2762,1.756,3.5202
2014-07-17,4.5711,3.8498,0.7213000000000003
2014-07-18,5.4801,3.5823,1.8978000000000002
2014-07-21,6.2918,5.397,0.8948
2014-07-22,4.8531,4.123,0.7301000000000002
2014-07-23,2.7472,3.7283,-0.9811000000000001
2014-07-24,5.4563,5.8648,-0.4085000000000001
2014-07-25,5.0028,3.1729,1.8298999999999999
2014-07-28,3.9243,4.3765,-0.45219999999999994
2014-07-29,5.6765,3.6976,1.9788999999999999
2014-07-30,5.309,3.5638,1.7452
2014-07-31,6.1305,5.5809,0.5495999999999999
2014-08-01,5.8289,5.6493,0.17959999999999976
2014-08-04,4.906,3.8609,1.0450999999999997
2014-08-05,4.5338,2.7271,1.8067000000000002
2014-08-06,4.2689,6.6166,-2.3476999999999997
2014-08-07,6.858,4.219,2.6389999999999993
2014-08-08,5.293,-0.4417,5.7347
2014-08-11,4.8651,5.3187,-0.4535999999999998
2014-08-12,2.6639,4.5289,-1.8650000000000002
2014-08-13,7.2962,5.8615,1.4346999999999994
2014-08-14,6.472,3.8975,2.5745000000000005
2014-08-15,6.1887,4.522,1.6666999999999996
2014-08-18,5.1496,3.2991,1.8505000000000003
2014-08-19,3.2428,3.6756,-0.4328000000000003
2014-08-20,5.9347,4.5498,1.3849
2014-08-21,6.1762,3.7889,2.3872999999999998
2014-08-22,4.4182,4.6937,-0.2755000000000001
2014-08-25,3.5242,6.5932,-3.0690000000000004
2014-08-26,5.8919,3.6093,2.2825999999999995
2014-08-27,4.5342,3.1833,1.3509000000000002
2014-08-28,3.8766,3.7248,0.1517999999999997
2014-08-29,3.8958,5.5161,-1.6202999999999999
2014-09-01,4.8537,3.0035,1.8502
2014-09-02,3.9482,4.1843,-0.23610000000000042
2014-09-03,2.1244,2.0945,0.029900000000000038
2014-09-04,2.3854,3.4006,-1.0151999999999997
2014-09-05,2.5637,0.552,2.0117
2014-09-08,6.622,5.1639,1.4581
2014-09-09,7.4441,3.7331,3.711
2014-09-10,3.5785,5.1831,-1.6045999999999996
2014-09-11,3.5358,3.3763,0.15949999999999998
2014-09-12,2.1318,3.981,-1.8491999999999997
2014-09-15,7.2745,3.6221,3.6523999999999996
2014-09-16,7.3963,6.3304,1.0659
2014-09-17,4.3574,2.8059,1.5515000000000003
2014-09-18,4.5126,5.7972,-1.2846000000000002
2014-09-19,4.8733,1.8651,3.0082000000000004
2014-09-22,4.5908,5.449,-0.8582000000000001
2014-09-23,3.2964,6.4625,-3.1661
2014-09-24,6.5132,6.1326,0.38060000000000027
2014-09-25,4.7832,1.7875,2.9957
2014-09-26,5.9162,3.952,1.9642
2014-09-29,4.8447,6.1732,-1.3285
2014-09-30,6.2469,5.7076,0.5392999999999999
2014-10-01,5.3088,5.7356,-0.42680000000000007
2014-10-02,3.0296,7.204,-4.1744
2014-10-03,5.6712,3.3095,2.3617
2014-10-06,4.2915,2.0114,2.2801
2014-10-07,2.4372,4.1606,-1.7233999999999998
2014-10-08,3.4661,3.1027,0.36339999999999995
2014-10-09,4.1374,3.9816,0.1558000000000006
2014-10-10,2.8874,1.8397,1.0477
2014-10-13,3.2149,6.4058,-3.1909
2014-10-14,4.0897,5.7175,-1.6278000000000006
2014-10-15,3.0853,8.6455,-5.5602
2014-10-16,2.8631,0.7138,2.1493
2014-10-17,4.0817,5.4273,-1.3456000000000001
2014-10-20,7.1999,6.8746,0.32530000000000037
2014-10-21,8.0978,4.1333,3.9644999999999992
2014-10-22,4.0753,3.9872,0.08810000000000029
2014-10-23,4.627,3.21,1.4169999999999998
2014-10-24,3.3885,5.9601,-2.5715999999999997
2014-10-27,6.7607,5.2823,1.4783999999999997
2014-10-28,5.1791,2.5009,2.6782
2014-10-29,7.291,3.9524,3.3386000000000005
2014-10-30,2.3964,5.5126,-3.1162
2014-10-31,3.5845,1.6342,1.9502999999999997
2014-11-03,3.4191,3.735,-0.31590000000000007
2014-11-04,4.0059,2.8438,1.1620999999999997
2014-11-05,3.624,3.8503,-0.22629999999999972
2014-11-06,5.0871,3.64,1.4471000000000003
2014-11-07,5.9676,6.2695,-0.30189999999999984
2014-11-10,2.8987,4.7782,-1.8795000000000002
2014-11-11,5.8523,2.3588,3.4934999999999996
2014-11-12,5.8466,3.7388,2.1077999999999997
2014-11-13,3.1234,3.2831,-0.15969999999999995
2014-11-14,4.8905,5.0708,-0.1802999999999999
2014-11-17,3.6674,4.1,-0.43259999999999943
2014-11-18,3.4415,6.5447,-3.1031999999999997
2014-11-19,4.9008,4.6084,0.29240000000000066
2014-11-20,3.5116,5.4186,-1.9069999999999996
2014-11-21,2.3029,4.1314,-1.8285
2014-11-24,5.6817,4.8333,0.8483999999999998
2014-11-25,3.5377,4.8437,-1.306
2014-11-26,1.9552,4.6495,-2.6942999999999997
2014-11-27,1.6367,2.7863,-1.1496000000000002
2014-11-28,4.4525,4.3089,0.14359999999999928
2014-12-01,2.2989,3.345,-1.0461
2014-12-02,4.976,6.6786,-1.7026000000000003
2014-12-03,3.1989,7.6984,-4.4995
2014-12-04,6.7166,5.418,1.2985999999999995
2014-12-05,2.6154,3.9939,-1.3784999999999998
2014-12-08,3.6732,3.8025,-0.1293000000000002
2014-12-09,3.1733,3.0798,0.0934999999999997
2014-12-10,4.0539,4.7529,-0.6990000000000007
2014-12-11,5.5999,5.0937,0.5061999999999998
2014-12-12,4.6866,5.4203,-0.7336999999999998
2014-12-15,3.1478,2.2526,0.8952
2014-12-16,4.5296,3.8833,0.6463000000000001
2014-12-17,4.5986,5.4678,-0.8692000000000002
2014-12-18,4.8115,4.5931,0.21839999999999993
2014-12-19,5.4257,3.1572,2.2685
2014-12-22,4.0209,5.0244,-1.0034999999999998
2014-12-23,4.6715,2.8285,1.843
2014-12-24,6.4155,3.1145,3.3009999999999997
2014-12-25,4.7311,4.8906,-0.15950000000000042
2014-12-26,5.2629,0.878,4.3849
2014-12-29,5.6847,3.2594,2.4253000000000005
2014-12-30,4.1412,4.1277,0.013500000000000512
2014-12-31,5.6067,4.6715,0.9352
2015-01-01,2.0807,5.6675,-3.5868
2015-01-02,4.3089,2.4195,1.8894000000000002
2015-01-05,7.1122,4.7652,2.3469999999999995
2015-01-06,3.7949,6.1972,-2.4022999999999994
2015-01-07,2.4009,7.1606,-4.7597
2015-01-08,5.5063,4.618,0.8883000000000001
2015-01-09,4.4515,4.9279,-0.47639999999999993
2015-01-12,6.5231,5.5081,1.0150000000000006
2015-01-13,2.9791,3.9226,-0.9435000000000002
2015-01-14,2.2468,4.7683,-2.5215
2015-01-15,5.777,4.4593,1.3177000000000003
2015-01-16,5.2311,6.7178,-1.4867000000000008
2015-01-19,4.4588,4.9477,-0.4889000000000001
2015-01-20,4.0716,2.8609,1.2107
2015-01-21,5.5631,2.2149,3.3482000000000003
2015-01-22,6.936,3.2355,3.7005
2015-01-23,3.157,3.4785,-0.3214999999999999
2015-01-26,4.9161,2.5345,2.3816
2015-01-27,3.9716,4.6829,-0.7113
2015-01-28,5.0686,3.6486,1.42
2015-01-29,4.2058,2.5852,1.6206
2015-01-30,5.0815,2.687,2.3945000000000003
2015-02-02,5.8665,6.1456,-0.2790999999999997
2015-02-03,2.2472,2.1947,0.05249999999999977
2015-02-04,3.2853,4.4551,-1.1698
2015-02-05,3.9778,4.5416,-0.5638000000000001
2015-02-06,3.0306,4.7892,-1.7586
2015-02-09,4.6652,1.3969,3.2682999999999995
2015-02-10,4.8,4.4499,0.3500999999999994
2015-02-11,7.0929,4.8105,2.2824
2015-02-12,7.1158,3.9242,3.1916
2015-02-13,4.6047,3.3168,1.2879
2015-02-16,6.3233,4.5431,1.7801999999999998
2015-02-17,4.9769,3.4712,1.5056999999999996
2015-02-18,4.7292,7.4815,-2.7523
2015-02-19,2.5001,4.4718,-1.9716999999999998
2015-02-20,2.7634,2.8061,-0.04269999999999996
2015-02-23,5.697,5.0561,0.6409000000000002
2015-02-24,5.4796,3.2519,2.2276999999999996
2015-02-25,1.3054,2.6972,-1.3918000000000001
2015-02-26,4.0107,3.6307,0.3799999999999999
2015-02-27,5.0804,3.2192,1.8612000000000002
2015-03-02,5.5852,4.9727,0.6125000000000007
2015-03-03,4.4249,5.2148,-0.7899000000000003
2015-03-04,3.8776,5.3574,-1.4798
2015-03-05,6.8861,4.0372,2.8488999999999995
2015-03-06,2.4679,6.0628,-3.5949
2015-03-09,4.4659,7.3474,-2.8815
2015-03-10,2.7489,3.1988,-0.44989999999999997
2015-03-11,4.6218,5.3417,-0.7199
2015-03-12,4.3048,3.7488,0.556
2015-03-13,4.9663,5.8201,-0.8537999999999997
2015-03-16,4.8975,4.198,0.6994999999999996
2015-03-17,2.4849,4.6883,-2.2034
2015-03-18,4.4015,4.4884,-0.08689999999999998
2015-03-19,4.7923,2.8551,1.9371999999999998
2015-03-20,3.8553,2.4412,1.4141000000000004
2015-03-23,4.8796,6.3017,-1.4221000000000004
2015-03-24,4.1052,5.055,-0.9497999999999998
2015-03-25,5.2849,3.8364,1.4485000000000006
2015-03-26,3.1245,5.1729,-2.0484000000000004
2015-03-27,7.4478,4.9199,2.5279
2015-03-30,6.2432,4.1078,2.1353999999999997
2015-03-31,3.6412,6.3726,-2.7314000000000003
2015-04-01,4.8558,2.6514,2.2044
2015-04-02,4.4408,5.3146,-0.8738000000000001
2015-04-03,6.0873,5.9469,0.14039999999999964
2015-04-06,4.84,2.8888,1.9512
2015-04-07,4.3901,3.9576,0.43250000000000055
2015-04-08,6.2551,7.6326,-1.3775000000000004
2015-04-09,1.565,0.9943,0.5707
2015-04-10,6.6653,3.0474,3.6179
2015-04-13,3.832,3.4816,0.35040000000000004
2015-04-14,3.1806,2.3669,0.8137000000000003
2015-04-15,6.9729,3.0907,3.8822
2015-04-16,2.6037,4.2003,-1.5966000000000005
2015-04-17,7.0591,5.2296,1.8295000000000003
2015-04-20,6.197,3.4351,2.7619000000000002
2015-04-21,5.1958,7.2789,-2.0831
2015-04-22,0.8384,3.3271,-2.4887
2015-04-23,4.713,4.456,0.2569999999999997
2015-04-24,5.2734,4.4275,0.8458999999999994
2015-04-27,4.2936,1.12,3.1735999999999995
2015-04-28,3.6055,5.6315,-2.026
2015-04-29,4.7337,5.4634,-0.7297000000000002
2015-04-30,6.5861,3.9534,2.6327000000000003
2015-05-01,5.9724,4.1495,1.8229000000000006
2015-05-04,5.6286,2.836,2.7925999999999997
2015-05-05,8.2969,3.0754,5.221500000000001
2015-05-06,1.6337,3.7996,-2.1658999999999997
2015-05-07,3.7425,5.4043,-1.6618
2015-05-08,5.4425,3.3331,2.1094
2015-05-11,4.123,5.9807,-1.8576999999999995
2015-05-12,4.3815,7.3408,-2.9593
2015-05-13,3.4806,2.6479,0.8327
2015-05-14,5.4298,4.4802,0.9496000000000002
2015-05-15,1.9498,2.8956,-0.9458
2015-05-18,8.0246,7.0559,0.9686999999999992
2015-05-19,7.9063,1.7102,6.1960999999999995
2015-05-20,6.0371,4.1437,1.8933999999999997
2015-05-21,5.2185,3.6172,1.6012999999999997
2015-05-22,3.5338,5.4664,-1.9326000000000003
2015-05-25,3.2013,5.4144,-2.2131
2015-05-26,4.4415,0.9583,3.4831999999999996
2015-05-27,5.1314,2.1417,2.9897
2015-05-28,3.5779,4.8571,-1.2792
2015-05-29,5.3246,1.4815,3.8431
2015-06-01,5.2001,4.6595,0.5405999999999995
2015-06-02,5.4171,2.9399,2.4771999999999994
2015-06-03,4.7268,6.4108,-1.6840000000000002
2015-06-04,4.5897,2.0975,2.4921999999999995
2015-06-05,4.0341,2.3299,1.7041999999999997
2015-06-08,6.6973,3.9715,2.7258000000000004
2015-06-09,4.5085,4.276,0.23249999999999993
2015-06-10,3.8554,3.9628,-0.10740000000000016
2015-06-11,6.0423,4.4487,1.5936000000000003
2015-06-12,5.7923,1.5602,4.2321
2015-06-15,5.1098,4.5084,0.6013999999999999
2015-06-16,3.731,2.7631,0.9678999999999998
2015-06-17,6.3226,5.3611,0.9615
2015-06-18,2.9044,4.6196,-1.7152000000000003
2015-06-19,4.2134,3.7781,0.43530000000000024
2015-06-22,5.2128,4.2642,0.9485999999999999
2015-06-23,3.0167,2.2141,0.8026
2015-06-24,5.8935,4.6268,1.2667000000000002
2015-06-25,6.7357,5.2953,1.4403999999999995
2015-06-26,5.3064,2.9477,2.3587
2015-06-29,4.4211,5.7221,-1.3010000000000002
2015-06-30,3.5939,5.5071,-1.9132000000000002
2015-07-01,3.2727,3.8778,-0.6051000000000002
2015-07-02,4.716,4.6211,0.09489999999999998
2015-07-03,1.5797,1.3406,0.2391000000000001
2015-07-06,5.6922,4.0031,1.6890999999999998
2015-07-07,3.4025,3.9114,-0.5089000000000001
2015-07-08,3.8229,6.413,-2.5901
2015-07-09,3.8258,1.1781,2.6477000000000004
2015-07-10,3.9357,4.0467,-0.11100000000000021
2015-07-13,2.2438,1.9892,0.2545999999999997
2015-07-14,5.6358,3.2275,2.4082999999999997
2015-07-15,3.1603,3.2736,-0.11330000000000018
2015-07-16,2.4918,5.0915,-2.5997
2015-07-17,2.1763,2.5011,-0.3248000000000002
2015-07-20,3.9435,2.8824,1.0610999999999997
2015-07-21,4.1426,2.329,1.8135999999999997
2015-07-22,4.6469,6.4341,-1.7872000000000003
2015-07-23,6.1648,4.3244,1.8403999999999998
2015-07-24,3.6047,3.8999,-0.29520000000000035
2015-07-27,3.1902,5.2979,-2.1077000000000004
2015-07-28,3.1947,8.0522,-4.857499999999999
2015-07-29,4.4998,3.4468,1.0529999999999995
2015-07-30,5.6667,3.1225,2.5441999999999996
2015-07-31,5.4523,6.0495,-0.5972
2015-08-03,2.7544,3.8074,-1.053
2015-08-04,1.8935,4.8272,-2.9337000000000004
2015-08-05,6.1656,3.0115,3.1541000000000006
2015-08-06,6.6417,5.5749,1.0667999999999997
2015-08-07,3.5822,3.2959,0.2862999999999998
2015-08-10,3.5079,2.88,0.6278999999999999
2015-08-11,5.3692,4.4569,0.9123000000000001
2015-08-12,3.8342,3.7233,0.1109
2015-08-13,3.658,4.5598,-0.9018000000000002
2015-08-14,3.3598,4.1521,-0.7923
2015-08-17,5.1151,6.7992,-1.6841
2015-08-18,4.2803,3.6786,0.6017000000000006
2015-08-19,3.0556,5.0362,-1.9806
2015-08-20,6.1201,1.66,4.4601
2015-08-21,6.7636,6.365,0.39860000000000007
2015-08-24,4.9077,4.92,-0.012299999999999756
2015-08-25,4.4483,3.7343,0.7139999999999995
2015-08-26,1.8492,6.0988,-4.2496
2015-08-27,5.4027,2.0253,3.3774
2015-08-28,3.8054,5.6394,-1.834
2015-08-31,3.8856,6.7696,-2.8839999999999995
2015-09-01,5.7041,4.275,1.4291
2015-09-02,2.0486,2.6718,-0.6232000000000002
2015-09-03,1.8658,3.043,-1.1772000000000002
2015-09-04,3.435,5.5161,-2.0810999999999997
2015-09-07,2.7823,5.2742,-2.4919000000000002
2015-09-08,6.7735,5.4312,1.3423000000000007
2015-09-09,7.0023,2.5627,4.4396
2015-09-10,3.939,2.8384,1.1006
2015-09-11,4.796,6.1956,-1.3995999999999995
2015-09-14,4.5287,6.817,-2.2883000000000004
2015-09-15,7.4541,5.7774,1.6767000000000003
2015-09-16,4.1744,3.8157,0.35870000000000024
2015-09-17,2.6847,3.7593,-1.0746000000000002
2015-09-18,3.7675,4.2287,-0.46119999999999983
2015-09-21,3.6476,5.7525,-2.1049
2015-09-22,6.277,3.7756,2.5014000000000003
2015-09-23,7.5031,4.2399,3.2632000000000003
2015-09-24,4.9905,3.2541,1.7363999999999997
2015-09-25,5.4685,2.5958,2.8726999999999996
2015-09-28,3.0021,5.0009,-1.9987999999999997
2015-09-29,6.1907,6.4837,-0.29300000000000015
2015-09-30,3.3415,6.9896,-3.6481000000000003
2015-10-01,6.285,4.7986,1.4863999999999997
2015-10-02,2.1018,3.2072,-1.1054
2015-10-05,8.5643,5.3487,3.2155999999999993
2015-10-06,6.04,4.7532,1.2868000000000004
2015-10-07,4.3155,1.3171,2.9984
2015-10-08,2.3903,2.1514,0.23889999999999967
2015-10-09,1.9769,2.7746,-0.7976999999999999
2015-10-12,7.0494,3.7304,3.3190000000000004
2015-10-13,4.942,5.4291,-0.48709999999999987
2015-10-14,7.1068,5.1238,1.9829999999999997
2015-10-15,4.124,3.6013,0.5226999999999995
2015-10-16,5.89,3.8002,2.0898
2015-10-19,3.4995,2.9734,0.5261
2015-10-20,3.8153,4.9124,-1.0970999999999997
2015-10-21,4.4278,4.1942,0.23360000000000003
2015-10-22,4.0994,7.2794,-3.1799999999999997
2015-10-23,3.2483,3.4828,-0.23450000000000015
2015-10-26,5.6564,4.7473,0.9090999999999996
2015-10-27,6.6323,4.6635,1.9687999999999999
2015-10-28,3.5436,3.1616,0.3820000000000001
2015-10-29,3.0659,6.5468,-3.4809
2015-10-30,4.5303,4.3277,0.20260000000000034
2015-11-02,3.4048,4.7849,-1.3801000000000005
2015-11-03,4.9321,2.5875,2.3446000000000002
2015-11-04,4.7511,4.1943,0.5568
2015-11-05,4.8194,1.3146,3.5048
2015-11-06,4.6126,1.5996,3.013
2015-11-09,4.1534,5.3705,-1.2170999999999994
2015-11-10,4.2134,3.7128,0.5005999999999999
2015-11-11,4.9969,4.4675,0.5293999999999999
2015-11-12,3.3679,6.2857,-2.9178
2015-11-13,3.8619,3.985,-0.12309999999999999
2015-11-16,6.0264,5.2531,0.7732999999999999
2015-11-17,4.3444,4.2554,0.08900000000000041
2015-11-18,1.5568,9.8803,-8.3235
2015-11-19,3.3003,3.4151,-0.11479999999999979
2015-11-20,4.7473,2.9381,1.8092000000000001
2015-11-23,1.4141,6.8431,-5.429
2015-11-24,3.2576,6.0417,-2.7840999999999996
2015-11-25,3.3085,3.7546,-0.44609999999999994
2015-11-26,5.4169,3.1417,2.2752
2015-11-27,4.8037,3.1117,1.6920000000000002
2015-11-30,5.5565,5.9109,-0.35440000000000005
2015-12-01,2.3305,3.2079,-0.8774000000000002
2015-12-02,3.1385,3.1421,-0.0036000000000000476
2015-12-03,3.1859,2.5112,0.6747000000000001
2015-12-04,3.349,3.9598,-0.6107999999999998
2015-12-07,1.8458,6.9451,-5.0992999999999995
2015-12-08,6.3184,1.4022,4.9162
2015-12-09,5.054,9.9641,-4.9101
2015-12-10,7.0687,5.6631,1.4055999999999997
2015-12-11,3.9118,6.2729,-2.3611
2015-12-14,0.9935,2.2693,-1.2757999999999998
2015-12-15,1.987,4.2952,-2.3082000000000003
2015-12-16,5.4323,6.7031,-1.2708000000000004
2015-12-17,4.8161,4.3889,0.4272
2015-12-18,5.7724,6.6151,-0.8426999999999998
2015-12-21,2.5866,5.4586,-2.872
2015-12-22,4.1065,5.3118,-1.2053000000000003
2015-12-23,5.5726,3.862,1.7106000000000003
2015-12-24,2.1975,2.9627,-0.7652000000000001
2015-12-25,4.2535,2.5806,1.6728999999999998
2015-12-28,7.6561,1.7109,5.9452
2015-12-29,5.2626,1.8059,3.4566999999999997
2015-12-30,3.8313,3.4378,0.39349999999999996
2015-12-31,5.3727,2.9091,2.4636
2016-01-01,6.6642,6.638,0.026200000000000223
2016-01-04,3.3555,0.8197,2.5358
2016-01-05,4.3417,4.2934,0.04830000000000023
2016-01-06,4.5083,4.7904,-0.2820999999999998
2016-01-07,3.8263,3.568,0.25829999999999975
2016-01-08,5.9611,5.9554,0.005700000000000038
2016-01-11,4.7013,4.8526,-0.1513
2016-01-12,4.9932,7.6282,-2.635
2016-01-13,4.7514,3.6769,1.0745000000000005
2016-01-14,3.2915,1.7606,1.5309000000000001
2016-01-15,5.3998,3.9694,1.4304000000000001
2016-01-18,5.2212,3.7585,1.4626999999999994
2016-01-19,4.9514,3.8881,1.0632999999999995
2016-01-20,4.5691,5.7043,-1.1352000000000002
2016-01-21,5.8026,2.8648,2.9378
2016-01-22,4.0575,3.5063,0.5512000000000001
2016-01-25,6.705,3.1304,3.5746
2016-01-26,2.7482,3.2549,-0.5066999999999999
2016-01-27,1.5072,4.7272,-3.2199999999999998
2016-01-28,1.3137,5.0571,-3.7434000000000003
2016-01-29,1.602,3.0836,-1.4816
2016-02-01,6.0378,6.2906,-0.2528000000000006
2016-02-02,3.5653,2.624,0.9413
2016-02-03,2.7362,4.2148,-1.4786000000000001
2016-02-04,4.8346,3.6326,1.202
2016-02-05,1.5993,2.8795,-1.2802000000000002
2016-02-08,3.9391,6.0477,-2.1086
2016-02-09,4.1805,4.035,0.14550000000000018
2016-02-10,5.6563,6.737,-1.0807000000000002
2016-02-11,2.3611,0.5543,1.8068
2016-02-12,4.8577,5.0201,-0.16239999999999988
2016-02-15,2.6831,6.155,-3.4719
2016-02-16,5.0358,4.1116,0.9241999999999999
2016-02-17,6.4463,5.4151,1.0312000000000001
2016-02-18,3.6274,5.0307,-1.4033000000000002
2016-02-19,1.4038,4.6305,-3.2266999999999997
2016-02-22,7.8656,6.4167,1.4489
2016-02-23,4.4026,4.0904,0.3121999999999998
2016-02-24,5.2666,4.458,0.8086000000000002
2016-02-25,8.0089,3.6413,4.3676
2016-02-26,2.9982,2.976,0.02220000000000022
2016-02-29,4.8104,4.8175,-0.007100000000000328
2016-03-01,3.6591,3.2385,0.42059999999999986
2016-03-02,4.9505,4.2137,0.7367999999999997
2016-03-03,4.7072,4.6449,0.062300000000000466
2016-03-04,6.2821,6.7078,-0.42569999999999997
2016-03-07,6.5266,2.725,3.8016
2016-03-08,3.8487,3.9955,-0.14679999999999982
2016-03-09,2.5813,3.9431,-1.3617999999999997
2016-03-10,5.4619,4.9159,0.5460000000000003
2016-03-11,2.9946,5.1966,-2.202
2016-03-14,3.0618,5.1602,-2.0984
2016-03-15,4.5422,3.9708,0.5714000000000001
2016-03-16,3.7697,3.7201,0.049599999999999866
2016-03-17,4.0288,1.0885,2.9403000000000006
2016-03-18,5.8924,5.958,-0.06559999999999988
2016-03-21,4.7412,3.9856,0.7556000000000003
2016-03-22,5.1048,4.3056,0.7991999999999999
2016-03-23,3.0212,2.1964,0.8247999999999998
2016-03-24,4.1026,6.9745,-2.8719
2016-03-25,6.9077,3.0675,3.8402000000000003
2016-03-28,5.1136,4.4363,0.6772999999999998
2016-03-29,4.5462,6.3252,-1.779
2016-03-30,7.5099,1.6032,5.9067
2016-03-31,6.1192,4.3999,1.7193000000000005
2016-04-01,4.8834,0.0528,4.8306
2016-04-04,2.8299,3.4408,-0.6109
2016-04-05,3.3446,6.1514,-2.8068
2016-04-06,5.3009,7.3442,-2.0432999999999995
2016-04-07,5.0018,2.9444,2.0574000000000003
2016-04-08,5.7456,4.4756,1.2699999999999996
2016-04-11,3.6113,3.6301,-0.01880000000000015
2016-04-12,6.1532,4.0668,2.0864000000000003
2016-04-13,3.0786,5.3949,-2.3163
2016-04-14,1.3559,2.1792,-0.8232999999999997
2016-04-15,5.8375,1.5296,4.3079
2016-04-18,4.2421,3.2451,0.9969999999999999
2016-04-19,4.1849,5.3751,-1.1902
2016-04-20,2.6694,4.2809,-1.6115
2016-04-21,3.1356,1.8873,1.2483000000000002
2016-04-22,3.8822,2.6252,1.2570000000000001
2016-04-25,5.5272,5.7839,-0.2567000000000004
2016-04-26,4.3446,3.5176,0.827
2016-04-27,5.3481,2.8758,2.4722999999999997
2016-04-28,4.9282,3.6888,1.2394000000000003
2016-04-29,4.9831,1.903,3.0801000000000003
2016-05-02,4.2297,5.0455,-0.8157999999999994
2016-05-03,3.7066,5.1806,-1.4740000000000002
2016-05-04,4.231,2.8538,1.3771999999999998
2016-05-05,1.8332,4.8077,-2.9745
2016-05-06,6.736,4.8183,1.9177
2016-05-09,4.739,2.1647,2.5743
2016-05-10,2.4842,5.8326,-3.3484000000000003
2016-05-11,5.1484,5.371,-0.2226000000000008
2016-05-12,4.4972,2.0854,2.4118000000000004
2016-05-13,6.3067,4.0001,2.3066000000000004
2016-05-16,6.2024,6.596,-0.39360000000000017
2016-05-17,4.7167,4.1191,0.5975999999999999
2016-05-18,0.7043,4.5427,-3.8384
2016-05-19,3.3333,7.1991,-3.8657999999999997
2016-05-20,5.8335,3.774,2.0595
2016-05-23,3.0073,5.011,-2.0037000000000003
2016-05-24,5.4115,3.4288,1.9827000000000004
2016-05-25,3.401,4.8764,-1.4754000000000005
2016-05-26,4.2094,5.1936,-0.9842000000000004
2016-05-27,3.7487,5.7042,-1.9555000000000002
2016-05-30,3.6344,4.7792,-1.1448000000000005
2016-05-31,4.3603,3.7951,0.5651999999999995
2016-06-01,6.3643,6.8557,-0.4913999999999996
2016-06-02,5.5763,6.033,-0.45670000000000055
2016-06-03,3.4539,5.1735,-1.7195999999999998
2016-06-06,3.0294,2.5666,0.46279999999999966
2016-06-07,3.9444,3.246,0.6983999999999999
2016-06-08,3.2754,0.583,2.6924
2016-06-09,4.4837,4.6191,-0.13540000000000063
2016-06-10,5.4489,4.7244,0.7244999999999999
2016-06-13,5.02,4.6136,0.40639999999999965
2016-06-14,0.0523,2.8956,-2.8433
2016-06-15,5.0828,1.4911,3.5916999999999994
2016-06-16,5.4103,3.5178,1.8925000000000005
2016-06-17,5.7682,4.2316,1.5366
2016-06-20,5.8419,4.9083,0.9336000000000002
2016-06-21,5.1878,4.1632,1.0246000000000004
2016-06-22,4.8631,4.5835,0.2796000000000003
2016-06-23,5.6213,1.9367,3.6845999999999997
2016-06-24,3.0995,6.1212,-3.0217
2016-06-27,6.0422,3.1094,2.9328000000000003
2016-06-28,3.6092,5.0532,-1.4440000000000004
2016-06-29,4.4039,6.1705,-1.7665999999999995
2016-06-30,4.5205,4.669,-0.1484999999999994
2016-07-01,5.0432,4.5137,0.5294999999999996
2016-07-04,4.4042,1.2716,3.1326
2016-07-05,7.3567,6.0123,1.3444000000000003
2016-07-06,0.279,3.4682,-3.1892
2016-07-07,3.342,1.8993,1.4427
2016-07-08,4.0257,1.8375,2.1881999999999997
2016-07-11,5.1989,2.4081,2.7908
2016-07-12,2.8357,6.289,-3.4532999999999996
2016-07-13,6.2838,6.0319,0.2519
2016-07-14,5.7159,3.3879,2.3280000000000003
2016-07-15,4.4002,6.0716,-1.6714000000000002
2016-07-18,5.227,5.3413,-0.11430000000000007
2016-07-19,3.9641,3.5155,0.44860000000000033
2016-07-20,3.9262,2.141,1.7852000000000001
2016-07-21,1.23,2.5242,-1.2942
2016-07-22,3.4342,4.5681,-1.1339000000000001
2016-07-25,6.8089,1.5402,5.268700000000001
2016-07-26,3.1768,2.9705,0.20630000000000015
2016-07-27,4.8418,4.8484,-0.006599999999999717
2016-07-28,4.6698,6.7765,-2.1067
2016-07-29,4.8514,4.069,0.7824
2016-08-01,5.1815,3.668,1.5134999999999996
2016-08-02,4.0463,3.3493,0.6969999999999996
2016-08-03,4.6619,3.4344,1.2275
2016-08-04,4.584,2.7557,1.8282999999999996
2016-08-05,5.8747,3.5285,2.3461999999999996
2016-08-08,2.8891,2.4591,0.43000000000000016
2016-08-09,3.6867,3.3519,0.3348
2016-08-10,2.9038,5.9436,-3.0398
2016-08-11,4.5166,2.4773,2.0393000000000003
2016-08-12,4.0157,8.3277,-4.312
2016-08-15,6.214,1.5143,4.6997
2016-08-16,0.8637,4.6875,-3.8238
2016-08-17,2.9845,1.9283,1.0562000000000002
2016-08-18,6.3848,3.9292,2.4556000000000004
2016-08-19,1.0148,2.0845,-1.0696999999999999
2016-08-22,2.3908,1.796,0.5948
2016-08-23,4.6103,4.8144,-0.2041000000000004
2016-08-24,4.0895,5.2936,-1.2040999999999995
2016-08-25,4.0139,3.7333,0.28059999999999974
2016-08-26,6.337,2.2598,4.0771999999999995
2016-08-29,5.5135,3.3719,2.1415999999999995
2016-08-30,4.185,3.2129,0.9720999999999997
2016-08-31,6.7219,6.1192,0.6026999999999996
2016-09-01,4.2957,4.4512,-0.15549999999999997
2016-09-02,3.7,2.5882,1.1118000000000001
2016-09-05,1.6227,6.7615,-5.1388
2016-09-06,6.8688,3.6681,3.2007000000000003
2016-09-07,5.1208,4.3515,0.7693000000000003
2016-09-08,6.8143,5.4281,1.3862000000000005
2016-09-09,3.0123,5.5455,-2.5331999999999995
2016-09-12,3.1165,3.3281,-0.21160000000000023
2016-09-13,5.0848,4.4325,0.6523000000000003
2016-09-14,-0.2413,5.0248,-5.2661
2016-09-15,2.9005,4.5942,-1.6936999999999998
2016-09-16,3.3996,2.6849,0.7147000000000001
2016-09-19,1.9605,4.4048,-2.4443
2016-09-20,8.5429,5.4459,3.0969999999999995
2016-09-21,3.1353,7.8361,-4.7008
2016-09-22,2.5767,2.8994,-0.32269999999999976
2016-09-23,3.8058,4.6182,-0.8123999999999998
2016-09-26,4.1899,5.3712,-1.1813000000000002
2016-09-27,1.8582,4.2306,-2.3724
2016-09-28,4.2736,6.5587,-2.2851
2016-09-29,5.866,3.3176,2.5483999999999996
2016-09-30,6.2432,5.218,1.0252
2016-10-03,5.2263,4.7191,0.5072000000000001
2016-10-04,4.9765,3.6216,1.3548999999999998
2016-10-05,5.1875,2.9657,2.2218
2016-10-06,5.3376,1.3482,3.9894
2016-10-07,4.5017,4.6746,-0.17290000000000028
2016-10-10,4.6566,3.6222,1.0344000000000002
2016-10-11,6.307,4.6324,1.6746000000000008
2016-10-12,3.8683,5.5314,-1.6630999999999996
2016-10-13,4.9068,4.7714,0.13539999999999974
2016-10-14,5.0485,5.6089,-0.5604000000000005
2016-10-17,4.3402,5.0832,-0.7429999999999994
2016-10-18,5.6447,4.3509,1.2938
2016-10-19,6.028,5.5655,0.46249999999999947
2016-10-20,4.4518,1.77,2.6818000000000004
2016-10-21,4.2496,1.5868,2.6628
2016-10-24,3.3297,2.7567,0.573
2016-10-25,3.0012,7.4236,-4.4224000000000006
2016-10-26,5.2003,4.8022,0.39810000000000034
2016-10-27,6.3305,5.3097,1.0207999999999995
2016-10-28,2.1344,3.7255,-1.5911
2016-10-31,3.6464,6.452,-2.8056
2016-11-01,4.6443,2.7135,1.9308000000000005
2016-11-02,7.2029,3.4626,3.7402999999999995
2016-11-03,2.7908,4.8271,-2.0362999999999998
2016-11-04,4.803,5.4927,-0.6897000000000002
2016-11-07,5.0646,4.5698,0.4948000000000006
2016-11-08,5.4236,5.3745,0.049100000000000144
2016-11-09,1.5525,5.0778,-3.5252999999999997
2016-11-10,5.1082,4.5241,0.5841000000000003
2016-11-11,6.0757,2.8258,3.2499000000000002
2016-11-14,1.798,4.5994,-2.8014
2016-11-15,5.1028,5.8691,-0.7663000000000002
2016-11-16,5.7325,4.3306,1.4019000000000004
2016-11-17,5.0549,5.1961,-0.14120000000000044
2016-11-18,2.3195,3.4517,-1.1322
2016-11-21,4.3804,3.3128,1.0675999999999997
2016-11-22,6.0144,4.3794,1.6349999999999998
2016-11-23,2.942,3.7791,-0.8371
2016-11-24,5.4899,3.1047,2.3851999999999998
2016-11-25,3.7936,7.2719,-3.4782999999999995
2016-11-28,8.5855,2.5672,6.0183
2016-11-29,4.927,7.1614,-2.234400000000001
2016-11-30,2.785,3.1257,-0.3407
2016-12-01,5.3703,3.2774,2.0929
2016-12-02,2.4899,3.0729,-0.5830000000000002
2016-12-05,5.4395,5.9301,-0.4906000000000006
2016-12-06,3.407,3.7932,-0.3862000000000001
2016-12-07,5.0468,2.1105,2.9363
2016-12-08,3.5885,3.6552,-0.06669999999999998
2016-12-09,6.5959,5.8104,0.7855000000000008
2016-12-12,5.9173,4.8325,1.0848000000000004
2016-12-13,5.155,2.0329,3.1221
2016-12-14,5.3758,2.4416,2.9341999999999997
2016-12-15,3.3892,1.6738,1.7154000000000003
2016-12-16,7.1405,4.2002,2.9403000000000006
2016-12-19,3.8972,3.1711,0.7261000000000002
2016-12-20,3.4179,5.5321,-2.1142
2016-12-21,2.6204,3.7393,-1.1189
2016-12-22,6.6295,2.2477,4.3818
2016-12-23,4.3178,3.3911,0.9267000000000003
2016-12-26,7.0112,2.9944,4.0168
2016-12-27,6.9888,6.7071,0.2817000000000007
2016-12-28,4.0436,2.3711,1.6724999999999994
2016-12-29,3.8557,3.8221,0.033600000000000296
2016-12-30,4.3041,5.0508,-0.7466999999999997
2017-01-02,2.7163,3.6014,-0.8851
2017-01-03,6.3264,3.2389,3.0874999999999995
2017-01-04,5.7862,0.5826,5.2036
2017-01-05,8.0829,4.6316,3.4513000000000007
2017-01-06,6.8441,4.499,2.3451000000000004
2017-01-09,3.7666,4.0371,-0.27049999999999974
2017-01-10,6.2735,6.3851,-0.11160000000000014
2017-01-11,2.6613,4.5734,-1.9121000000000001
2017-01-12,4.0297,5.3367,-1.3070000000000004
2017-01-13,2.9975,4.2226,-1.2250999999999999
2017-01-16,4.1634,4.1338,0.029600000000000293
2017-01-17,3.0298,2.6665,0.36329999999999973
2017-01-18,3.9263,6.505,-2.5787
2017-01-19,4.2398,1.0807,3.1590999999999996
2017-01-20,6.095,1.7917,4.3033
2017-01-23,7.5518,3.1606,4.3911999999999995
2017-01-24,5.3871,5.2452,0.14190000000000058
2017-01-25,0.7611,0.6679,0.09319999999999995
2017-01-26,4.579,8.0188,-3.439800000000001
2017-01-27,4.9923,4.4171,0.5752000000000006
2017-01-30,3.5412,4.5254,-0.9842000000000004
2017-01-31,1.846,3.8294,-1.9834
2017-02-01,3.3581,3.4716,-0.11350000000000016
2017-02-02,4.4217,1.78,2.6417
2017-02-03,4.3953,2.8017,1.5936
2017-02-06,4.645,5.664,-1.0190000000000001
2017-02-07,5.9645,4.5646,1.3998999999999997
2017-02-08,5.8151,3.8327,1.9824000000000002
2017-02-09,2.7797,3.5971,-0.8174000000000001
2017-02-10,6.1052,2.3394,3.7658
2017-02-13,4.5069,4.9272,-0.4203000000000001
2017-02-14,5.6366,4.1674,1.4691999999999998
2017-02-15,6.9836,5.6139,1.3697
2017-02-16,4.3928,5.1106,-0.7177999999999995
2017-02-17,2.8683,5.5089,-2.6405999999999996
2017-02-20,3.7308,4.0973,-0.3664999999999998
2017-02-21,4.2606,6.1363,-1.8757000000000001
2017-02-22,4.3049,5.9235,-1.6185999999999998
2017-02-23,6.2138,3.0425,3.1713
2017-02-24,1.2119,3.6664,-2.4545
2017-02-27,6.2362,6.3311,-0.09489999999999998
2017-02-28,2.1794,3.8575,-1.6781000000000001
2017-03-01,2.8969,5.4873,-2.5904000000000003
2017-03-02,4.9464,4.9702,-0.023800000000000487
2017-03-03,2.3634,4.0766,-1.7132
2017-03-06,3.5335,2.5573,0.9762
2017-03-07,3.6049,7.3059,-3.701
2017-03-08,3.3281,4.6799,-1.3518
2017-03-09,2.7839,4.2192,-1.4352999999999998
2017-03-10,5.6523,5.984,-0.33169999999999966
2017-03-13,3.9035,2.9754,0.9281000000000001
2017-03-14,6.6717,5.4314,1.2403000000000004
2017-03-15,6.5667,3.7111,2.8556
2017-03-16,5.8467,5.7902,0.05650000000000066
2017-03-17,3.7011,2.424,1.2771
2017-03-20,4.2799,2.6411,1.6387999999999998
2017-03-21,3.8365,4.0666,-0.2301000000000002
2017-03-22,4.6145,6.068,-1.4535
2017-03-23,2.5508,4.0367,-1.4858999999999996
2017-03-24,4.805,3.2379,1.5671
2017-03-27,5.2715,4.9249,0.3465999999999996
2017-03-28,4.2851,2.6021,1.6829999999999998
2017-03-29,3.6949,5.1102,-1.4152999999999998
2017-03-30,9.5385,5.1444,4.394100000000001
2017-03-31,3.2999,4.0955,-0.7956000000000003
2017-04-03,4.5041,5.3479,-0.8437999999999999
2017-04-04,5.2163,2.5132,2.7031000000000005
2017-04-05,3.9833,2.2333,1.75
2017-04-06,4.8039,5.3432,-0.5393000000000008
2017-04-07,4.6646,6.4129,-1.7482999999999995
2017-04-10,2.4241,3.2013,-0.7771999999999997
2017-04-11,4.5191,2.7028,1.8163
2017-04-12,6.5534,3.7108,2.8426
2017-04-13,3.1195,2.504,0.6154999999999999
2017-04-14,3.0948,2.9266,0.16820000000000013
2017-04-17,6.6299,4.9941,1.6357999999999997
2017-04-18,4.9739,7.3535,-2.3796
2017-04-19,2.512,0.6857,1.8263
2017-04-20,3.1363,6.1608,-3.0245
2017-04-21,3.0408,3.4525,-0.4117000000000002
2017-04-24,2.8071,6.3398,-3.5327
2017-04-25,6.0454,2.3182,3.7272
2017-04-26,7.9871,3.2023,4.7848
2017-04-27,4.7559,4.253,0.5028999999999995
2017-04-28,3.2479,3.0454,0.20250000000000012
2017-05-01,4.7402,5.4409,-0.7007000000000003
2017-05-02,2.8008,1.8116,0.9892000000000001
2017-05-03,2.1525,5.9703,-3.8178
2017-05-04,5.2928,2.8951,2.3977
2017-05-05,6.0834,6.8095,-0.7260999999999997
2017-05-08,3.2477,2.7807,0.4670000000000001
2017-05-09,3.7886,3.6299,0.15870000000000006
2017-05-10,2.989,3.1314,-0.1424000000000003
2017-05-11,4.0186,1.9417,2.0769
2017-05-12,4.1458,1.7833,2.3625000000000003
2017-05-15,5.6689,6.1093,-0.44040000000000035
2017-05-16,4.481,1.442,3.0389999999999997
2017-05-17,5.703,7.0442,-1.3411999999999997
2017-05-18,5.0598,5.416,-0.3562000000000003
2017-05-19,3.5354,7.1203,-3.5849
2017-05-22,1.8835,6.2824,-4.3989
2017-05-23,5.2859,3.357,1.9288999999999996
2017-05-24,2.8311,3.0052,-0.1740999999999997
2017-05-25,4.1956,3.4897,0.7058999999999997
2017-05-26,4.4896,4.2476,0.242
2017-05-29,3.6235,5.3579,-1.7344
2017-05-30,2.907,4.9825,-2.0755
2017-05-31,4.6412,6.0928,-1.4516
2017-06-01,2.955,3.5559,-0.6008999999999998
2017-06-02,3.9715,1.8337,2.1377999999999995
2017-06-05,4.9693,2.4974,2.4718999999999998
2017-06-06,5.1618,7.1842,-2.0223999999999993
2017-06-07,6.3702,5.473,0.8971999999999998
2017-06-08,5.4006,4.1945,1.2061000000000002
2017-06-09,6.6067,4.9515,1.6551999999999998
2017-06-12,6.1577,3.0287,3.129
2017-06-13,6.1454,5.7663,0.3791000000000002
2017-06-14,4.8499,7.2404,-2.3905000000000003
2017-06-15,2.5475,5.931,-3.3835
2017-06-16,3.7545,2.2209,1.5336000000000003
2017-06-19,5.8276,2.4827,3.3449000000000004
2017-06-20,6.5605,5.415,1.1455000000000002
2017-06-21,4.3034,3.1131,1.1902999999999997
2017-06-22,3.6304,2.051,1.5793999999999997
2017-06-23,5.596,6.6978,-1.1018
2017-06-26,4.9633,3.4479,1.5154
2017-06-27,2.7861,6.1083,-3.3222
2017-06-28,4.1025,2.4888,1.6137000000000001
2017-06-29,3.1129,6.2331,-3.1202000000000005
2017-06-30,8.5906,3.0745,5.5161
2017-07-03,2.9866,3.7042,-0.7176
2017-07-04,3.7219,1.6653,2.0566000000000004
2017-07-05,3.9017,4.6718,-0.7701000000000002
2017-07-06,5.9954,5.7894,0.2060000000000004
2017-07-07,2.6478,5.3649,-2.7170999999999994
2017-07-10,6.521,1.5495,4.9715
2017-07-11,5.3405,2.5495,2.7909999999999995
2017-07-12,2.8252,5.6222,-2.797
2017-07-13,5.2033,2.1201,3.0831999999999997
2017-07-14,5.9978,4.4449,1.5529000000000002
2017-07-17,4.4345,7.3387,-2.9042000000000003
2017-07-18,7.4189,5.6408,1.7781000000000002
2017-07-19,3.3372,5.432,-2.0948
2017-07-20,4.6716,5.0887,-0.41710000000000047
2017-07-21,3.1617,4.1669,-1.0051999999999999
2017-07-24,3.9455,2.7308,1.2147000000000001
2017-07-25,6.5026,2.2718,4.2308
2017-07-26,5.1594,3.8563,1.3030999999999997
2017-07-27,5.1092,3.6258,1.4834000000000005
2017-07-28,5.6211,5.5446,0.07650000000000023
2017-07-31,5.2192,5.6031,-0.3839000000000006
2017-08-01,3.2324,6.771,-3.5385999999999997
2017-08-02,1.8872,6.9511,-5.0639
2017-08-03,4.2092,5.3292,-1.12
2017-08-04,6.303,2.2282,4.0748
2017-08-07,3.8005,4.4535,-0.653
2017-08-08,0.2716,4.1707,-3.8991000000000002
2017-08-09,5.1706,2.6409,2.5297000000000005
2017-08-10,4.7017,3.5252,1.1764999999999999
2017-08-11,3.8896,5.8088,-1.9191999999999996
2017-08-14,3.9543,2.6016,1.3527
2017-08-15,5.0517,4.1964,0.8553000000000006
2017-08-16,6.0117,4.0791,1.9325999999999999
2017-08-17,4.931,0.8097,4.1213
2017-08-18,4.2761,6.9652,-2.6891000000000007
2017-08-21,7.4524,3.8049,3.6475
2017-08-22,4.5905,5.4491,-0.8586
2017-08-23,5.628,4.9505,0.6775000000000002
2017-08-24,2.9971,5.1931,-2.196
2017-08-25,4.632,2.0923,2.5397
2017-08-28,4.0618,5.7011,-1.6393000000000004
2017-08-29,2.9921,5.6787,-2.6866
2017-08-30,3.2409,4.9324,-1.6915000000000004
2017-08-31,4.3911,2.8744,1.5166999999999997
2017-09-01,4.6342,3.4905,1.1437
2017-09-04,3.6102,2.5497,1.0604999999999998
2017-09-05,4.5978,6.7764,-2.1785999999999994
2017-09-06,2.878,3.6016,-0.7235999999999998
2017-09-07,4.4891,4.247,0.24209999999999976
2017-09-08,6.8467,5.6075,1.2392000000000003
2017-09-11,4.9624,3.3505,1.6118999999999999
2017-09-12,6.5333,0.4609,6.0724
2017-09-13,1.5414,2.1988,-0.6573999999999998
2017-09-14,5.3358,2.6929,2.6429
2017-09-15,3.8615,6.6193,-2.7578
2017-09-18,3.0625,3.9724,-0.9098999999999999
2017-09-19,2.6472,3.2486,-0.6013999999999999
2017-09-20,0.3411,4.0699,-3.7287999999999997
2017-09-21,2.8728,4.3404,-1.4676
2017-09-22,5.4622,4.7181,0.7441000000000004
2017-09-25,6.0374,3.5513,2.4861
2017-09-26,6.7514,5.3782,1.3732000000000006
2017-09-27,4.171,5.5861,-1.4150999999999998
2017-09-28,6.0085,3.3328,2.6756999999999995
2017-09-29,2.4864,3.0542,-0.5677999999999996
2017-10-02,2.8621,6.3469,-3.4848
2017-10-03,3.2652,2.8448,0.4203999999999999
2017-10-04,6.2528,5.4432,0.8095999999999997
2017-10-05,5.8018,3.7139,2.0879
2017-10-06,5.2399,3.2914,1.9484999999999997
2017-10-09,4.4771,3.7997,0.6774
2017-10-10,3.4033,5.8102,-2.4069
2017-10-11,3.4963,2.2523,1.2440000000000002
2017-10-12,8.0054,2.4286,5.5768
2017-10-13,5.0507,2.5634,2.4873
2017-10-16,2.1633,3.5565,-1.3932000000000002
2017-10-17,3.0583,7.0906,-4.0323
2017-10-18,4.6517,4.4332,0.2184999999999997
2017-10-19,3.8549,5.4051,-1.5501999999999998
2017-10-20,6.907,3.9139,2.9931
2017-10-23,6.7543,4.3485,2.4058
2017-10-24,3.4582,4.7714,-1.3131999999999997
2017-10-25,4.1234,5.0806,-0.9571999999999994
2017-10-26,4.8442,4.3382,0.5060000000000002
2017-10-27,3.5042,3.698,-0.19379999999999997
2017-10-30,4.7113,7.0452,-2.3339000000000008
2017-10-31,2.5442,5.2094,-2.6651999999999996
2017-11-01,6.0167,2.1193,3.8974
2017-11-02,5.7165,3.093,2.6235
2017-11-03,5.6846,3.1149,2.5696999999999997
2017-11-06,6.8468,6.3042,0.5426000000000002
2017-11-07,2.9889,2.7954,0.19350000000000023
2017-11-08,3.3267,5.447,-2.1203
2017-11-09,6.7855,4.7524,2.0331
2017-11-10,5.4773,4.8405,0.6368
2017-11-13,4.8971,3.9153,0.9818000000000002
2017-11-14,4.9789,4.5988,0.38010000000000055
2017-11-15,2.2935,1.9915,0.3019999999999998
2017-11-16,2.6204,2.083,0.5373999999999999
2017-11-17,1.7567,4.5861,-2.8294
2017-11-20,4.2729,3.9989,0.274
2017-11-21,7.7377,5.4792,2.2585000000000006
2017-11-22,4.6813,4.8088,-0.1274999999999995
2017-11-23,3.8384,1.8768,1.9616
2017-11-24,3.1481,3.5471,-0.399
2017-11-27,5.6109,5.1765,0.4344000000000001
2017-11-28,4.8427,4.2408,0.6018999999999997
2017-11-29,4.0749,3.4475,0.6274000000000006
2017-11-30,3.1531,4.1522,-0.9990999999999999
2017-12-01,4.3684,6.166,-1.7976
2017-12-04,3.9361,2.4033,1.5328
2017-12-05,4.7619,2.0421,2.7197999999999998
2017-12-06,4.1278,4.2557,-0.12790000000000035
2017-12-07,3.5557,5.5655,-2.0098000000000003
2017-12-08,5.0679,4.7384,0.32949999999999946
2017-12-11,4.3492,3.833,0.5161999999999995
2017-12-12,6.2908,2.6223,3.6685
2017-12-13,6.6229,1.7454,4.8774999999999995
2017-12-14,5.3272,0.7572,4.57
2017-12-15,5.034,3.0084,2.0256
2017-12-18,3.0435,4.8514,-1.8079
2017-12-19,3.0434,2.6418,0.4016000000000002
2017-12-20,7.4221,5.1229,2.299200000000001
2017-12-21,2.1505,2.8692,-0.7187000000000001
2017-12-22,3.3791,4.0836,-0.7044999999999995
2017-12-25,5.4169,5.3462,0.07070000000000043
2017-12-26,5.2389,2.0561,3.1828000000000003
2017-12-27,3.8874,6.0241,-2.1367
2017-12-28,4.2614,1.0879,3.1734999999999998
2017-12-29,4.6842,2.5573,2.1268999999999996
2018-01-01,2.7146,5.5806,-2.8659999999999997
2018-01-02,5.5303,3.7247,1.8056000000000005
2018-01-03,5.9735,3.8085,2.1649999999999996
2018-01-04,2.3147,1.7701,0.5446000000000002
2018-01-05,4.5701,4.3714,0.19869999999999965
2018-01-08,4.6195,4.7608,-0.14129999999999932
2018-01-09,6.6536,3.9589,2.6947
2018-01-10,5.5127,4.469,1.0436999999999994
2018-01-11,3.9568,3.4623,0.49449999999999994
2018-01-12,4.3064,3.5554,0.7509999999999999
2018-01-15,3.9852,5.1354,-1.1502
2018-01-16,4.7842,2.6091,2.1751
2018-01-17,3.063,4.0832,-1.0201999999999996
2018-01-18,5.4348,2.605,2.8298
2018-01-19,3.8857,2.8333,1.0524
2018-01-22,4.308,5.9997,-1.6917
2018-01-23,5.707,3.4281,2.2788999999999997
2018-01-24,4.4857,3.34,1.1456999999999997
2018-01-25,3.5873,1.4416,2.1456999999999997
2018-01-26,5.9242,3.5874,2.3367999999999998
2018-01-29,2.8775,4.4846,-1.6071000000000004
2018-01-30,2.7795,4.1089,-1.3294000000000001
2018-01-31,5.387,4.7355,0.6514999999999995
2018-02-01,5.2631,5.151,0.11209999999999987
2018-02-02,7.9103,4.0461,3.8642000000000003
2018-02-05,5.8067,4.8491,0.9576000000000002
2018-02-06,5.3613,4.9095,0.45179999999999954
2018-02-07,5.3755,7.0267,-1.6512000000000002
2018-02-08,2.0919,6.8327,-4.7408
2018-02-09,3.8521,3.4916,0.36050000000000004
2018-02-12,0.8054,4.7193,-3.9138999999999995
2018-02-13,4.5529,4.6365,-0.08359999999999967
2018-02-14,2.013,3.736,-1.7230000000000003
2018-02-15,3.4836,3.2247,0.25890000000000013
2018-02-16,3.4203,2.4955,0.9248000000000003
2018-02-19,6.2063,3.2657,2.9406
2018-02-20,2.1329,2.5871,-0.45420000000000016
2018-02-21,3.9724,4.6814,-0.7090000000000001
2018-02-22,4.2057,2.7954,1.4103000000000003
2018-02-23,3.9486,1.5483,2.4002999999999997
2018-02-26,4.7005,2.0323,2.6681999999999997
2018-02-27,6.8709,5.4183,1.4525999999999994
2018-02-28,3.5682,1.8938,1.6744
2018-03-01,4.5161,4.0032,0.5129000000000001
2018-03-02,3.5965,5.0969,-1.5004
2018-03-05,2.3955,4.4132,-2.0176999999999996
2018-03-06,6.2488,3.7661,2.4827000000000004
2018-03-07,4.8859,4.0701,0.8158000000000003
2018-03-08,4.37,3.6585,0.7115
2018-03-09,6.0685,4.8011,1.2674000000000003
2018-03-12,3.8983,1.7913,2.107
2018-03-13,5.5877,2.4417,3.146
2018-03-14,2.9743,3.2877,-0.3134000000000001
2018-03-15,10.2664,1.5457,8.7207
2018-03-16,3.1182,2.6043,0.5139
2018-03-19,6.1575,6.6602,-0.5026999999999999
2018-03-20,2.6945,2.8621,-0.16759999999999975
2018-03-21,5.5316,4.9716,0.5600000000000005
2018-03-22,5.5723,1.2747,4.2976
2018-03-23,4.1613,5.611,-1.4497
2018-03-26,2.3574,4.3667,-2.0092999999999996
2018-03-27,5.19,3.2395,1.9505000000000003
2018-03-28,5.5173,5.5237,-0.006400000000000183
2018-03-29,5.9905,3.0926,2.8979
2018-03-30,3.0381,3.7096,-0.6715
2018-04-02,4.0245,2.7979,1.2266
2018-04-03,3.0841,3.9927,-0.9086000000000003
2018-04-04,3.3426,3.0666,0.2759999999999998
2018-04-05,4.1994,4.2989,-0.09949999999999992
2018-04-06,2.6964,7.8989,-5.202500000000001
2018-04-09,1.0488,4.7243,-3.6755000000000004
2018-04-10,5.7881,4.1827,1.6054000000000004
2018-04-11,7.7376,5.3629,2.3747
2018-04-12,5.0382,5.8216,-0.7834000000000003
2018-04-13,0.2346,5.2476,-5.013
2018-04-16,4.9965,3.6,1.3965
2018-04-17,7.1903,5.267,1.9232999999999993
2018-04-18,3.0157,4.1824,-1.1667000000000005
2018-04-19,5.1845,4.9023,0.28219999999999956
2018-04-20,5.1909,1.1371,4.0538
2018-04-23,4.2197,3.4804,0.7392999999999996
2018-04-24,4.4659,3.481,0.9849000000000006
2018-04-25,2.4845,4.2745,-1.7899999999999996
2018-04-26,3.9811,5.6292,-1.6481
2018-04-27,1.8961,3.9788,-2.0827
2018-04-30,1.8318,3.4744,-1.6426
2018-05-01,5.4671,2.0905,3.3766000000000003
2018-05-02,5.6222,3.5866,2.0356000000000005
2018-05-03,6.0207,2.3917,3.6289999999999996
2018-05-04,2.9196,4.3219,-1.4023000000000003
2018-05-07,4.7187,2.779,1.9397000000000002
2018-05-08,2.8784,5.0487,-2.1703
2018-05-09,6.0717,4.3059,1.7657999999999996
2018-05-10,5.0576,4.4233,0.6342999999999996
2018-05-11,4.8598,4.0274,0.8323999999999998
2018-05-14,5.7547,4.1768,1.5778999999999996
2018-05-15,4.8641,3.8514,1.0126999999999997
2018-05-16,2.8744,6.8546,-3.9801999999999995
2018-05-17,3.0456,4.6473,-1.6017000000000006
2018-05-18,5.7754,2.7262,3.0492000000000004
2018-05-21,3.5693,3.8455,-0.2761999999999998
2018-05-22,4.5152,2.3933,2.1219
2018-05-23,6.7589,3.902,2.8568999999999996
2018-05-24,4.4089,6.4745,-2.0656
2018-05-25,4.5038,3.9124,0.5914000000000001
2018-05-28,4.1321,3.9313,0.20080000000000053
2018-05-29,5.3019,2.7376,2.5643
2018-05-30,4.7737,4.2164,0.5572999999999997
2018-05-31,5.4849,4.0417,1.4432
2018-06-01,6.9147,4.8165,2.0982000000000003
2018-06-04,5.2697,4.5084,0.7613000000000003
2018-06-05,4.4373,2.3262,2.1110999999999995
2018-06-06,4.8338,4.1784,0.6554000000000002
2018-06-07,4.3253,5.9082,-1.5828999999999995
2018-06-08,6.6211,2.9514,3.6697
2018-06-11,3.8751,3.8599,0.015200000000000102
2018-06-12,4.1108,6.275,-2.1642
2018-06-13,5.6807,4.9467,0.734
2018-06-14,2.7308,3.8294,-1.0986000000000002
2018-06-15,5.742,1.8357,3.9063
2018-06-18,2.0866,2.602,-0.5154000000000001
2018-06-19,5.3047,4.6911,0.6136000000000008
2018-06-20,3.685,3.2125,0.47250000000000014
2018-06-21,6.235,2.516,3.7190000000000003
2018-06-22,3.3181,4.7837,-1.4655999999999998
2018-06-25,1.4319,1.6602,-0.22829999999999995
2018-06-26,4.5273,4.2832,0.24410000000000043
2018-06-27,4.2352,4.1746,0.06059999999999999
2018-06-28,4.4356,4.9903,-0.5547000000000004
2018-06-29,2.0105,5.3249,-3.3144000000000005
2018-07-02,4.798,6.145,-1.3469999999999995
2018-07-03,5.6187,4.6349,0.9837999999999996
2018-07-04,3.7094,2.1835,1.5259
2018-07-05,6.2142,3.1506,3.0636
2018-07-06,4.4369,3.069,1.3678999999999997
2018-07-09,4.1763,3.5259,0.6504000000000003
2018-07-10,4.3429,2.5251,1.8178
2018-07-11,4.7091,5.4958,-0.7866999999999997
2018-07-12,8.1974,4.2118,3.9856
2018-07-13,4.1523,2.2988,1.8535000000000004
2018-07-16,4.7052,3.866,0.8391999999999995
2018-07-17,4.212,3.4492,0.7627999999999999
2018-07-18,5.552,1.3792,4.1728
2018-07-19,6.9974,3.5962,3.4012
2018-07-20,5.5348,4.9561,0.5786999999999995
2018-07-23,3.5824,5.4829,-1.9005
2018-07-24,5.9002,5.9093,-0.009100000000000108
2018-07-25,3.1713,3.5987,-0.4274
2018-07-26,5.9272,3.9001,2.0271
2018-07-27,3.4542,3.9256,-0.47140000000000004
2018-07-30,3.8043,6.1235,-2.3192
2018-07-31,3.0959,2.2994,0.7965
2018-08-01,5.0605,4.4493,0.6112000000000002
2018-08-02,6.124,3.724,2.3999999999999995
2018-08-03,4.8194,4.2668,0.5526
2018-08-06,2.1209,3.6486,-1.5277000000000003
2018-08-07,4.9972,7.1733,-2.1761
2018-08-08,3.5406,5.2766,-1.7360000000000002
2018-08-09,4.726,3.1856,1.5404
2018-08-10,4.5856,2.2413,2.3443000000000005
2018-08-13,6.8953,6.5194,0.3758999999999997
2018-08-14,6.0645,3.5006,2.5639
2018-08-15,4.0233,2.6572,1.3660999999999999
2018-08-16,5.1653,2.8408,2.3245
2018-08-17,3.6675,5.3819,-1.7144
2018-08-20,2.5761,4.1349,-1.5588000000000002
2018-08-21,2.8738,5.4643,-2.5904999999999996
2018-08-22,3.9315,0.9864,2.9451
2018-08-23,4.3235,4.2279,0.09560000000000013
2018-08-24,5.3585,5.1695,0.18900000000000006
2018-08-27,4.5073,3.8858,0.6214999999999997
2018-08-28,5.7134,3.3077,2.4057
2018-08-29,4.1271,3.8533,0.2738000000000005
2018-08-30,3.365,5.5995,-2.2344999999999997
2018-08-31,4.7633,4.0405,0.7228000000000003
2018-09-03,4.9388,6.2205,-1.2817000000000007
2018-09-04,4.0393,5.659,-1.6197
2018-09-05,3.0337,3.7632,-0.7294999999999998
2018-09-06,4.0934,3.5839,0.5095000000000001
2018-09-07,3.9252,3.3836,0.5415999999999999
2018-09-10,4.4735,5.2612,-0.7877000000000001
2018-09-11,2.7417,7.7886,-5.0469
2018-09-12,4.7082,4.4758,0.23240000000000016
2018-09-13,3.1751,5.3453,-2.1702
2018-09-14,4.7472,5.4235,-0.6762999999999995
2018-09-17,4.0089,4.9075,-0.8986000000000001
2018-09-18,3.484,4.6204,-1.1364
2018-09-19,6.3034,2.4627,3.8407
2018-09-20,5.0609,5.8761,-0.8151999999999999
2018-09-21,2.909,3.3143,-0.4053
2018-09-24,5.4063,5.4795,-0.07319999999999993
2018-09-25,7.0574,5.0018,2.0556
2018-09-26,5.5104,4.115,1.3953999999999995
2018-09-27,2.8015,3.6506,-0.8491
2018-09-28,4.0719,4.6162,-0.5442999999999998
2018-10-01,6.6135,3.3839,3.2296
2018-10-02,6.3429,2.8953,3.4476
2018-10-03,7.0336,4.58,2.4536
2018-10-04,3.4736,5.603,-2.1294
2018-10-05,1.6026,1.8227,-0.22009999999999996
2018-10-08,3.0354,2.7484,0.2869999999999999
2018-10-09,3.5888,5.0551,-1.4663000000000004
2018-10-10,8.218,5.2318,2.9862
2018-10-11,1.2827,4.9088,-3.6261
2018-10-12,2.0592,5.8246,-3.7654
2018-10-15,2.5732,3.2393,-0.6661000000000001
2018-10-16,1.9066,5.6936,-3.787
2018-10-17,6.8572,2.0837,4.7735
2018-10-18,5.5378,6.2992,-0.7614000000000001
2018-10-19,4.3272,3.2325,1.0947000000000005
2018-10-22,5.7705,4.7952,0.9752999999999998
2018-10-23,2.8018,5.3863,-2.5845000000000002
2018-10-24,3.1936,6.84,-3.6464
2018-10-25,9.0202,3.6441,5.376100000000001
2018-10-26,4.2158,3.957,0.2587999999999999
2018-10-29,1.8843,4.7739,-2.8896
2018-10-30,4.6258,3.7407,0.8851
2018-10-31,1.3436,5.3804,-4.0367999999999995
2018-11-01,8.1314,5.8932,2.238199999999999
2018-11-02,5.1422,5.9474,-0.8052000000000001
2018-11-05,7.2368,5.6205,1.6162999999999998
2018-11-06,3.5162,5.1181,-1.6019
2018-11-07,4.7787,5.7024,-0.9237000000000002
2018-11-08,5.6049,4.3869,1.218
2018-11-09,3.4909,5.2135,-1.7226
2018-11-12,2.1535,1.0063,1.1472000000000002
2018-11-13,5.219,2.3572,2.8618
2018-11-14,5.1091,4.6149,0.4942000000000002
2018-11-15,4.4583,4.3369,0.1214000000000004
2018-11-16,5.8281,5.7362,0.09189999999999987
2018-11-19,3.6921,4.6795,-0.9874
2018-11-20,3.3184,5.5923,-2.2739
2018-11-21,6.5641,2.3601,4.204
2018-11-22,1.935,4.5159,-2.5809
2018-11-23,4.3243,5.25,-0.9257
2018-11-26,5.4096,3.1267,2.2829
2018-11-27,4.4667,5.092,-0.6252999999999993
2018-11-28,7.522,6.2288,1.2932000000000006
2018-11-29,6.2783,4.2669,2.0114
2018-11-30,5.6317,7.7972,-2.1654999999999998
2018-12-03,4.6087,5.2552,-0.6465000000000005
2018-12-04,6.4088,3.1198,3.289
2018-12-05,5.7909,3.5288,2.2620999999999998
2018-12-06,3.923,1.9628,1.9602
2018-12-07,4.5131,2.9707,1.5423999999999998
2018-12-10,3.4139,2.5678,0.8460999999999999
2018-12-11,6.2937,4.9107,1.383
2018-12-12,3.7515,5.1113,-1.3598
2018-12-13,3.4896,4.1528,-0.6632000000000002
2018-12-14,5.4907,2.4864,3.0043
2018-12-17,5.5827,5.3686,0.21410000000000018
2018-12-18,2.9446,2.6212,0.3233999999999999
2018-12-19,6.8456,6.54,0.3056000000000001
2018-12-20,5.091,4.5317,0.5593000000000004
2018-12-21,3.3846,4.7453,-1.3607000000000005
2018-12-24,3.827,4.0306,-0.20359999999999978
2018-12-25,4.8038,5.5259,-0.7221000000000002
2018-12-26,1.7209,1.8592,-0.13829999999999987
2018-12-27,6.9491,5.1299,1.8191999999999995
2018-12-28,5.7977,2.6611,3.1366
2018-12-31,3.847,3.6706,0.1764000000000001
2019-01-01,5.7924,5.5963,0.1960999999999995
2019-01-02,3.8099,6.175,-2.3651
2019-01-03,3.6833,6.4488,-2.7655000000000003
2019-01-04,3.4456,2.2505,1.1951
2019-01-07,1.7036,4.005,-2.3014
2019-01-08,3.6124,5.4179,-1.8055000000000003
2019-01-09,6.9941,0.8477,6.146400000000001
2019-01-10,5.5672,3.9446,1.6225999999999998
2019-01-11,5.7121,7.5496,-1.8374999999999995
2019-01-14,5.9936,3.4269,2.5667
2019-01-15,1.682,3.7914,-2.1094
2019-01-16,3.3094,1.993,1.3164
2019-01-17,5.3323,5.0798,0.2525000000000004
2019-01-18,7.8028,1.5559,6.2469
2019-01-21,4.4007,5.5226,-1.1219000000000001
2019-01-22,6.154,3.3111,2.8428999999999998
2019-01-23,5.8674,4.6698,1.1975999999999996
2019-01-24,7.7021,4.9728,2.7292999999999994
2019-01-25,3.9665,5.8933,-1.9268
2019-01-28,6.4468,3.3777,3.0690999999999997
2019-01-29,3.1429,4.8428,-1.6999000000000004
2019-01-30,1.6783,3.4243,-1.7460000000000002
2019-01-31,4.7331,5.3725,-0.6393999999999993
2019-02-01,4.4723,6.0892,-1.6169000000000002
2019-02-04,4.8687,4.5677,0.30099999999999927
2019-02-05,6.3873,3.3052,3.0820999999999996
2019-02-06,3.1976,3.2967,-0.09909999999999997
2019-02-07,4.3831,8.0124,-3.6292999999999997
2019-02-08,5.9042,3.8884,2.0158000000000005
2019-02-11,3.3535,3.2198,0.1336999999999997
2019-02-12,6.2437,3.0324,3.2112999999999996
2019-02-13,4.2376,1.5187,2.7188999999999997
2019-02-14,7.0384,5.6105,1.4279000000000002
2019-02-15,7.1682,3.1942,3.9739999999999998
2019-02-18,7.6969,5.8358,1.8611000000000004
2019-02-19,4.0345,4.5005,-0.4659999999999993
2019-02-20,2.3716,4.3772,-2.0056000000000003
2019-02-21,2.5857,3.3558,-0.7700999999999998
2019-02-22,5.6146,1.6697,3.9449000000000005
2019-02-25,3.0906,3.2599,-0.16930000000000023
2019-02-26,4.0898,5.3836,-1.2938
2019-02-27,3.6114,4.1301,-0.5186999999999995
2019-02-28,6.8986,2.6027,4.2959
2019-03-01,6.8749,1.9084,4.9665
2019-03-04,2.2274,5.4334,-3.206
2019-03-05,4.443,5.48,-1.0370000000000008
2019-03-06,4.7561,3.0446,1.7115
2019-03-07,2.0646,4.6128,-2.5482
2019-03-08,4.124,4.6307,-0.5067000000000004
2019-03-11,5.7707,3.6689,2.1018
2019-03-12,7.1234,4.7145,2.4089
2019-03-13,4.6305,4.5178,0.11269999999999936
2019-03-14,2.4352,5.7602,-3.325
2019-03-15,3.1497,3.1075,0.04220000000000024
2019-03-18,4.1004,4.0689,0.03149999999999942
2019-03-19,2.669,2.0145,0.6545000000000001
2019-03-20,3.6205,2.8988,0.7216999999999998
2019-03-21,2.3317,4.4527,-2.121
2019-03-22,4.8253,2.9765,1.8488000000000002
2019-03-25,3.3233,5.5092,-2.1858999999999997
2019-03-26,4.1235,6.9792,-2.8556999999999997
2019-03-27,3.6459,1.9532,1.6927
2019-03-28,6.2782,4.4412,1.8369999999999997
2019-03-29,5.224,2.4918,2.7322
2019-04-01,4.0617,4.6273,-0.5655999999999999
2019-04-02,7.7575,2.3677,5.3898
2019-04-03,4.5756,3.924,0.6515999999999997
2019-04-04,4.8084,5.5024,-0.694
2019-04-05,2.6375,0.1272,2.5103
2019-04-08,3.7054,3.4472,0.2582
2019-04-09,4.446,4.8107,-0.3647
2019-04-10,6.6353,4.9222,1.7130999999999998
2019-04-11,3.986,4.2704,-0.2844000000000002
2019-04-12,4.1866,4.6404,-0.4537999999999993
2019-04-15,6.3644,6.1505,0.21389999999999976
2019-04-16,5.282,3.7847,1.4973
2019-04-17,2.4484,4.4077,-1.9593000000000003
2019-04-18,7.202,3.3776,3.8244
2019-04-19,5.5543,6.3053,-0.7510000000000003
2019-04-22,3.6367,1.7454,1.8912999999999998
2019-04-23,6.4519,2.5865,3.8654
2019-04-24,3.5717,3.9008,-0.32909999999999995
2019-04-25,1.9241,2.6654,-0.7413000000000001
2019-04-26,4.3448,6.7287,-2.3838999999999997
2019-04-29,5.5591,6.5241,-0.9649999999999999
2019-04-30,3.326,3.4244,-0.09839999999999982
2019-05-01,3.8445,6.6239,-2.7794
2019-05-02,7.2458,5.8048,1.4409999999999998
2019-05-03,4.4604,5.3801,-0.9196999999999997
2019-05-06,4.7827,2.8064,1.9763000000000002
2019-05-07,4.2617,2.2737,1.9880000000000004
2019-05-08,5.524,4.3015,1.2225000000000001
2019-05-09,4.8737,2.51,2.3637000000000006
2019-05-10,4.986,3.4188,1.5671999999999997
2019-05-13,7.3085,3.5496,3.7589000000000006
2019-05-14,3.8102,4.321,-0.5107999999999997
2019-05-15,3.9214,6.4481,-2.5267
2019-05-16,3.7511,3.7629,-0.011800000000000033
2019-05-17,7.7228,3.7949,3.9279
2019-05-20,6.348,3.9298,2.4181999999999997
2019-05-21,5.0678,5.7376,-0.6697999999999995
2019-05-22,4.4478,3.9442,0.5036
2019-05-23,6.2196,6.0482,0.17140000000000022
2019-05-24,3.9453,3.4112,0.5341
2019-05-27,3.0381,3.9813,-0.9432
2019-05-28,6.0546,2.4804,3.5742
2019-05-29,3.7318,4.317,-0.5852000000000004
2019-05-30,2.4752,3.5359,-1.0606999999999998
2019-05-31,7.7076,4.6763,3.0313
2019-06-03,4.3102,5.7589,-1.4486999999999997
2019-06-04,1.73,4.3535,-2.6235000000000004
2019-06-05,3.042,4.6519,-1.6099000000000006
2019-06-06,6.7356,1.9368,4.7988
2019-06-07,3.6712,2.3275,1.3436999999999997
2019-06-10,5.4547,1.8842,3.5705
2019-06-11,5.0822,3.938,1.1442
2019-06-12,3.6777,4.2965,-0.6187999999999998
2019-06-13,4.1234,0.7018,3.4216
2019-06-14,5.0249,5.8595,-0.8346
2019-06-17,3.6593,2.9098,0.7494999999999998
2019-06-18,4.5909,1.4767,3.1142000000000003
2019-06-19,5.5303,3.5359,1.9944000000000006
2019-06-20,5.3634,4.8866,0.4768000000000008
2019-06-21,5.9122,4.3886,1.5236
2019-06-24,7.647,5.5667,2.0803000000000003
2019-06-25,5.1335,4.4386,0.6948999999999996
2019-06-26,5.5282,4.2362,1.2919999999999998
2019-06-27,6.664,3.6755,2.9884999999999997
2019-06-28,5.8297,6.3709,-0.5411999999999999
2019-07-01,3.36,6.1988,-2.8388000000000004
2019-07-02,0.886,3.8288,-2.9428
2019-07-03,4.118,5.2168,-1.0987999999999998
2019-07-04,2.5428,5.7386,-3.1957999999999998
2019-07-05,2.2286,5.6745,-3.4459
2019-07-08,5.1438,2.8992,2.2445999999999997
2019-07-09,3.9984,3.2708,0.7276000000000002
2019-07-10,3.6149,3.2591,0.3557999999999999
2019-07-11,2.7424,1.7191,1.0232999999999999
2019-07-12,5.9914,5.04,0.9513999999999996
2019-07-15,6.1501,3.1661,2.984
2019-07-16,6.0697,5.3431,0.7266000000000004
2019-07-17,4.7542,5.0027,-0.24849999999999994
2019-07-18,5.9436,4.3853,1.5583
2019-07-19,5.7067,4.49,1.2166999999999994
2019-07-22,7.3381,5.2933,2.0447999999999995
2019-07-23,1.2575,5.663,-4.4055
2019-07-24,2.9507,4.7495,-1.7988000000000004
2019-07-25,5.0389,7.1221,-2.0831999999999997
2019-07-26,6.1082,6.2414,-0.13319999999999954
2019-07-29,5.4504,4.7869,0.6635
2019-07-30,2.7248,2.2606,0.46419999999999995
2019-07-31,3.2564,7.226,-3.9696
2019-08-01,2.5733,4.3205,-1.7471999999999999
2019-08-02,5.5036,1.8504,3.6531999999999996
2019-08-05,2.9345,5.6624,-2.7279
2019-08-06,5.1745,3.6674,1.5070999999999999
2019-08-07,3.9245,2.1404,1.7841
2019-08-08,5.9424,5.7207,0.22170000000000023
2019-08-09,4.7263,2.8059,1.9204000000000003
2019-08-12,3.4859,3.0826,0.4033000000000002
2019-08-13,6.2013,2.3205,3.8808
2019-08-14,2.1432,3.2793,-1.1360999999999999
2019-08-15,4.3263,2.4523,1.8739999999999997
2019-08-16,2.4487,1.7198,0.7289000000000001
2019-08-19,4.867,4.4494,0.4176000000000002
2019-08-20,2.1023,3.9516,-1.8493
2019-08-21,5.6246,3.1421,2.4825
2019-08-22,3.6977,4.8458,-1.1480999999999995
2019-08-23,4.1063,4.8818,-0.7755000000000001
2019-08-26,2.8053,5.618,-2.8127000000000004
2019-08-27,3.8653,5.1211,-1.2558000000000002
2019-08-28,5.2229,3.5955,1.6274000000000002
2019-08-29,5.5885,3.3107,2.2777999999999996
2019-08-30,4.6829,3.731,0.9519000000000002
2019-09-02,4.5606,4.5433,0.01729999999999965
2019-09-03,6.8681,4.024,2.8441
2019-09-04,4.4161,2.5031,1.9130000000000003
2019-09-05,2.7574,2.9703,-0.21289999999999987
2019-09-06,4.2703,3.1714,1.0988999999999995
2019-09-09,4.5851,1.4943,3.0907999999999998
2019-09-10,4.761,4.3096,0.45140000000000047
2019-09-11,4.4388,5.2633,-0.8245000000000005
2019-09-12,1.885,4.9406,-3.0556
2019-09-13,4.8632,0.7307,4.1325
2019-09-16,1.7433,1.9496,-0.20629999999999993
2019-09-17,7.4971,2.8578,4.6392999999999995
2019-09-18,3.8444,4.2105,-0.36609999999999987
2019-09-19,5.5901,5.8477,-0.25760000000000005
2019-09-20,4.6395,6.1026,-1.4630999999999998
2019-09-23,4.9349,4.2005,0.7343999999999999
2019-09-24,5.7909,6.3431,-0.5522
2019-09-25,3.991,4.2815,-0.2905000000000002
2019-09-26,5.0888,4.6819,0.40690000000000026
2019-09-27,4.0151,7.1203,-3.1052
2019-09-30,6.6484,5.7344,0.9139999999999997
2019-10-01,2.3347,4.209,-1.8742999999999994
2019-10-02,3.7749,5.0377,-1.2628
2019-10-03,2.8666,1.6725,1.1941
2019-10-04,3.4676,3.3375,0.1301000000000001
2019-10-07,2.1377,3.8361,-1.6984
2019-10-08,2.8195,4.8689,-2.0494
2019-10-09,6.0413,3.6056,2.4356999999999998
2019-10-10,7.9042,1.6907,6.2135
2019-10-11,4.2877,2.1917,2.096
2019-10-14,4.8463,2.3612,2.4851
2019-10-15,6.8895,3.2521,3.6374
2019-10-16,3.0392,5.2629,-2.2237
2019-10-17,7.1137,5.2977,1.8159999999999998
2019-10-18,3.878,5.8963,-2.0183
2019-10-21,1.207,5.7139,-4.5069
2019-10-22,6.7359,1.8269,4.909
2019-10-23,3.4114,6.3552,-2.9438
2019-10-24,3.2181,3.5856,-0.3674999999999997
2019-10-25,5.0198,2.729,2.2908
2019-10-28,3.6703,5.419,-1.7486999999999995
2019-10-29,5.4924,3.5887,1.9037000000000002
2019-10-30,3.788,3.7838,0.0041999999999999815
2019-10-31,4.9157,5.2388,-0.32310000000000016
2019-11-01,5.6902,2.4301,3.2601
2019-11-04,2.9352,4.8079,-1.8727
2019-11-05,6.4039,3.2367,3.1672000000000002
2019-11-06,2.9473,4.6032,-1.6559000000000004
2019-11-07,4.3684,2.7293,1.6391000000000004
2019-11-08,4.2092,5.2207,-1.0114999999999998
2019-11-11,6.2925,4.6675,1.625
2019-11-12,5.7865,5.8733,-0.08680000000000021
2019-11-13,5.5002,3.067,2.4332000000000003
2019-11-14,5.7843,6.6901,-0.9058000000000002
2019-11-15,7.3009,4.4168,2.8841
2019-11-18,6.0748,3.8592,2.2156
2019-11-19,1.5557,3.7034,-2.1476999999999995
2019-11-20,6.4268,4.8706,1.5562000000000005
2019-11-21,5.2789,4.6385,0.6404000000000005
2019-11-22,5.3254,5.292,0.03340000000000032
2019-11-25,7.0332,5.0209,2.0122999999999998
2019-11-26,3.302,4.0015,-0.6995
2019-11-27,7.0924,3.6976,3.3947999999999996
2019-11-28,4.7034,4.0142,0.6892000000000005
2019-11-29,2.5476,5.6974,-3.1498
2019-12-02,1.7651,4.9375,-3.1724
2019-12-03,5.6082,2.7253,2.8829000000000002
2019-12-04,5.8413,4.6069,1.2344
2019-12-05,2.7756,4.1879,-1.4123
2019-12-06,5.2838,5.6155,-0.33169999999999966
2019-12-09,7.315,2.0055,5.3095
2019-12-10,4.156,5.396,-1.2400000000000002
2019-12-11,4.2577,3.9473,0.3104
2019-12-12,5.5298,5.9767,-0.4469000000000003
2019-12-13,4.5052,2.8687,1.6365000000000003
2019-12-16,7.0102,3.6868,3.3234000000000004
2019-12-17,5.3783,5.7735,-0.3952
2019-12-18,3.2465,4.1449,-0.8983999999999996
2019-12-19,4.987,2.4136,2.5734
2019-12-20,4.0686,4.7877,-0.7191000000000001
2019-12-23,1.9874,4.3231,-2.3357
2019-12-24,5.4406,4.3478,1.0927999999999995
2019-12-25,3.2149,4.9584,-1.7435
2019-12-26,3.1377,2.7266,0.41110000000000024
2019-12-27,4.91,4.5958,0.3142000000000005
2019-12-30,3.8325,5.8294,-1.9968999999999997
2019-12-31,4.9847,3.7802,1.2045000000000003
2020-01-01,4.0225,4.0142,0.008300000000000196
2020-01-02,4.8814,4.3541,0.5273000000000003
2020-01-03,3.6873,3.8189,-0.13160000000000016
2020-01-06,5.8669,2.7278,3.1391000000000004
2020-01-07,1.3672,3.5207,-2.1535
2020-01-08,5.3517,3.5196,1.8321
2020-01-09,4.3407,4.3228,0.017900000000000027
2020-01-10,4.1762,6.2479,-2.0717
2020-01-13,1.9648,4.3668,-2.4019999999999992
2020-01-14,6.0436,4.6493,1.3942999999999994
2020-01-15,3.7811,3.9383,-0.1572
2020-01-16,5.4869,2.0272,3.4597
2020-01-17,4.5129,5.5464,-1.0335
2020-01-20,2.7091,5.0937,-2.3846000000000003
2020-01-21,6.9572,-0.2794,7.2366
2020-01-22,3.4678,1.7676,1.7002
2020-01-23,1.9879,1.5731,0.41480000000000006
2020-01-24,4.2262,5.3621,-1.1358999999999995
2020-01-27,4.56,4.2609,0.29909999999999926
2020-01-28,5.424,1.778,3.6460000000000004
2020-01-29,3.9206,3.832,0.08860000000000001
2020-01-30,6.2107,5.6412,0.5694999999999997
2020-01-31,5.165,3.5046,1.6604
2020-02-03,4.4896,5.4643,-0.9746999999999995
2020-02-04,2.7199,5.5563,-2.8364000000000003
2020-02-05,4.5397,3.9667,0.573
2020-02-06,3.3187,5.3609,-2.0422
2020-02-07,4.1928,4.8501,-0.6573000000000002
2020-02-10,4.7545,5.0374,-0.2828999999999997
2020-02-11,5.0556,4.9214,0.13419999999999987
2020-02-12,6.2749,4.6778,1.5970999999999993
2020-02-13,3.1233,6.4923,-3.369
2020-02-14,2.457,5.0939,-2.6369
2020-02-17,4.6358,2.7488,1.8869999999999996
2020-02-18,5.9386,4.8498,1.0888
2020-02-19,2.1717,2.9937,-0.8220000000000001
2020-02-20,3.4067,5.2764,-1.8697
2020-02-21,5.1247,3.0238,2.1008999999999998
2020-02-24,1.4607,3.4854,-2.0246999999999997
2020-02-25,5.5413,3.1429,2.3983999999999996
2020-02-26,5.3412,6.4796,-1.1383999999999999
2020-02-27,4.6686,6.5828,-1.9142000000000001
2020-02-28,4.3757,1.9534,2.4223
2020-03-02,6.4998,6.5048,-0.005000000000000782
2020-03-03,4.3225,5.3417,-1.0192000000000005
2020-03-04,6.1893,1.9937,4.195600000000001
2020-03-05,5.6829,4.085,1.5979
2020-03-06,7.4733,5.135,2.3383000000000003
2020-03-09,5.1487,2.4002,2.7485
2020-03-10,2.9924,5.9042,-2.9118000000000004
2020-03-11,4.3746,4.1078,0.2667999999999999
2020-03-12,3.6423,4.366,-0.7236999999999996
2020-03-13,5.1616,8.2074,-3.0458
2020-03-16,5.6224,4.6813,0.9410999999999996
2020-03-17,6.8891,3.6817,3.2074
2020-03-18,5.7734,5.3436,0.4297999999999993
2020-03-19,2.696,6.0505,-3.3545000000000003
2020-03-20,3.1808,6.2193,-3.0384999999999995
2020-03-23,6.0093,7.0351,-1.0258000000000003
2020-03-24,4.5775,4.317,0.2604999999999995
2020-03-25,4.6182,4.9302,-0.3120000000000003
2020-03-26,5.6265,3.5898,2.0367
2020-03-27,7.7117,1.6018,6.1099000000000006
2020-03-30,4.4571,2.4835,1.9735999999999998
2020-03-31,4.9681,2.1208,2.8472999999999997
2020-04-01,4.2161,4.4428,-0.22670000000000012
2020-04-02,5.3278,2.4207,2.9071
2020-04-03,5.3437,5.7934,-0.4497
2020-04-06,4.9628,5.2255,-0.2627000000000006
2020-04-07,6.1687,5.1817,0.9870000000000001
2020-04-08,4.0783,5.3243,-1.2460000000000004
2020-04-09,6.5746,3.1424,3.4322000000000004
2020-04-10,4.4554,2.9231,1.5323000000000002
2020-04-13,1.2171,4.1799,-2.9627999999999997
2020-04-14,5.1675,4.9075,0.2600000000000007
2020-04-15,6.2058,6.2574,-0.051599999999999646
2020-04-16,2.7537,3.5778,-0.8241
2020-04-17,1.813,0.0754,1.7376
2020-04-20,1.419,6.0818,-4.662800000000001
2020-04-21,4.2372,0.9837,3.2535
2020-04-22,4.9625,3.7555,1.2070000000000003
2020-04-23,3.9195,1.7602,2.1593
2020-04-24,5.5307,4.7695,0.7612000000000005
2020-04-27,5.1148,3.859,1.2557999999999998
2020-04-28,4.8335,5.2802,-0.4466999999999999
2020-04-29,6.0978,2.3791,3.7187
2020-04-30,4.5738,0.7085,3.8653000000000004
2020-05-01,3.2766,3.6828,-0.4061999999999997
2020-05-04,6.6287,5.3602,1.2685000000000004
2020-05-05,3.3011,3.8252,-0.5241000000000002
2020-05-06,5.6746,4.9469,0.7276999999999996
2020-05-07,3.8396,4.2742,-0.43460000000000054
2020-05-08,3.8257,3.0892,0.7364999999999999
2020-05-11,5.8769,2.7747,3.1022
2020-05-12,2.6363,5.3751,-2.7388
2020-05-13,3.0935,3.5944,-0.5008999999999997
2020-05-14,3.6549,3.3756,0.2793000000000001
2020-05-15,5.3108,3.8893,1.4215000000000004
2020-05-18,5.2555,3.4425,1.8129999999999997
2020-05-19,2.9932,4.8655,-1.8723
2020-05-20,6.6045,5.7814,0.8231000000000002
2020-05-21,4.6532,5.7729,-1.1197
2020-05-22,5.1492,2.6655,2.4837000000000002
2020-05-25,6.1295,2.6916,3.4379
2020-05-26,4.1816,3.4149,0.7667000000000006
2020-05-27,3.5791,1.4767,2.1024000000000003
2020-05-28,5.4707,3.4424,2.0282999999999998
2020-05-29,4.8983,3.7214,1.1768999999999998
2020-06-01,5.7303,5.0932,0.6370999999999993
2020-06-02,4.5358,4.9323,-0.39649999999999963
2020-06-03,5.7411,5.3067,0.4344000000000001
2020-06-04,6.0273,3.7151,2.3122000000000003
2020-06-05,3.5292,4.6427,-1.1134999999999997
2020-06-08,4.4217,4.9666,-0.5448999999999993
2020-06-09,3.965,6.0297,-2.0647
2020-06-10,6.2664,4.0866,2.1798
2020-06-11,5.2663,3.5155,1.7508000000000004
2020-06-12,5.8323,2.6652,3.1671
2020-06-15,4.9832,5.1941,-0.21089999999999964
2020-06-16,1.7219,5.2287,-3.5068
2020-06-17,3.8378,4.6659,-0.8280999999999996
2020-06-18,4.0763,4.4469,-0.3706000000000005
2020-06-19,2.9607,3.1881,-0.22739999999999982
2020-06-22,5.1822,3.1091,2.0730999999999997
2020-06-23,4.172,3.2011,0.9708999999999999
2020-06-24,3.1403,2.8874,0.2528999999999999
2020-06-25,4.2196,3.0456,1.174
2020-06-26,3.8964,3.7093,0.18710000000000004
2020-06-29,3.5641,6.2521,-2.6880000000000006
2020-06-30,4.7593,5.8773,-1.1180000000000003
2020-07-01,1.7788,3.4926,-1.7138
2020-07-02,5.2384,2.7935,2.4449000000000005
2020-07-03,6.1416,7.0425,-0.9009
2020-07-06,4.5359,2.3226,2.2133
2020-07-07,4.4944,2.0012,2.4932
2020-07-08,4.2898,5.4426,-1.1528
2020-07-09,4.3291,4.7005,-0.3713999999999995
2020-07-10,5.2477,3.1068,2.1409000000000002
2020-07-13,4.262,3.645,0.6169999999999995
2020-07-14,7.3548,4.2385,3.1163
2020-07-15,4.634,3.6002,1.0338000000000003
2020-07-16,6.7819,4.2849,2.497
2020-07-17,3.031,4.9457,-1.9147000000000003
2020-07-20,7.8186,3.3263,4.4923
2020-07-21,4.7978,6.0871,-1.2893000000000008
2020-07-22,5.6471,3.6083,2.0388
2020-07-23,2.6846,3.7382,-1.0535999999999999
2020-07-24,5.5121,4.7798,0.7323000000000004
2020-07-27,4.3397,4.0736,0.2660999999999998
2020-07-28,2.3751,4.5016,-2.1264999999999996
2020-07-29,3.5338,5.4944,-1.9606
2020-07-30,7.4424,4.7487,2.6936999999999998
2020-07-31,3.4782,3.9673,-0.48909999999999965
2020-08-03,3.4845,3.5333,-0.048799999999999955
2020-08-04,3.7889,2.8759,0.9129999999999998
2020-08-05,4.345,5.1982,-0.8532000000000002
2020-08-06,1.5464,4.0922,-2.5458
2020-08-07,3.8142,3.2509,0.5632999999999999
2020-08-10,7.9669,4.3554,3.6114999999999995
2020-08-11,3.7168,3.6435,0.07330000000000014
2020-08-12,3.7061,4.7008,-0.9946999999999999
2020-08-13,6.3055,4.1935,2.112
2020-08-14,6.515,2.378,4.137
2020-08-17,5.031,4.931,0.09999999999999964
2020-08-18,6.2305,4.4853,1.7452000000000005
2020-08-19,3.2831,4.2002,-0.9170999999999996
2020-08-20,4.081,7.2146,-3.1335999999999995
2020-08-21,3.844,3.6142,0.2298
2020-08-24,5.4808,4.5873,0.8935000000000004
2020-08-25,4.8724,1.3618,3.5106
2020-08-26,3.0154,5.3212,-2.3058
2020-08-27,5.8987,3.3171,2.5816
2020-08-28,2.6697,3.495,-0.8252999999999999
2020-08-31,6.0376,0.9623,5.0753
2020-09-01,3.5079,5.5536,-2.0457000000000005
2020-09-02,3.0764,2.1781,0.8982999999999999
2020-09-03,6.2253,3.3807,2.8446
2020-09-04,5.152,1.1166,4.0354
2020-09-07,5.8963,3.2651,2.6312
2020-09-08,5.3065,5.1697,0.13680000000000003
2020-09-09,7.3076,5.8941,1.4135
2020-09-10,3.6482,5.0442,-1.396
2020-09-11,3.8128,5.0704,-1.2576
2020-09-14,4.3588,5.6776,-1.3188000000000004
2020-09-15,3.3375,2.7605,0.577
2020-09-16,1.086,1.3985,-0.3125
2020-09-17,2.1141,4.8017,-2.6876
2020-09-18,5.9083,3.5212,2.3870999999999998
2020-09-21,3.5241,3.4073,0.11679999999999957
2020-09-22,5.3562,4.3865,0.9697000000000005
2020-09-23,5.4707,5.0774,0.3933
2020-09-24,3.9908,4.9655,-0.9746999999999995
2020-09-25,3.5976,1.5847,2.0129
2020-09-28,5.477,1.6037,3.8733000000000004
2020-09-29,5.5802,5.3638,0.21639999999999926
2020-09-30,3.3703,5.194,-1.8237
2020-10-01,5.9549,4.5444,1.4104999999999999
2020-10-02,6.5035,3.3501,3.1534
2020-10-05,4.092,2.9331,1.1588999999999996
2020-10-06,4.9141,4.2483,0.6658
2020-10-07,2.7131,4.4543,-1.7412
2020-10-08,4.144,5.6504,-1.5064000000000002
2020-10-09,5.919,6.161,-0.242
2020-10-12,4.5657,1.7043,2.8613999999999997
2020-10-13,4.5268,6.5599,-2.0331
2020-10-14,6.9387,3.6472,3.2914999999999996
2020-10-15,4.633,5.9503,-1.3173000000000004
2020-10-16,7.7302,1.9851,5.7451
2020-10-19,4.5973,5.3334,-0.7361000000000004
2020-10-20,5.0234,3.1491,1.8742999999999999
2020-10-21,1.5945,2.9282,-1.3336999999999999
2020-10-22,7.1042,2.9301,4.174099999999999
2020-10-23,2.3127,2.7009,-0.3881999999999999
2020-10-26,6.2726,4.6899,1.5827
2020-10-27,3.7158,5.4207,-1.7048999999999999
2020-10-28,4.0715,4.4406,-0.36909999999999954
2020-10-29,3.9222,3.6847,0.23750000000000027
2020-10-30,5.5203,1.9083,3.6119999999999997
2020-11-02,4.3524,3.0981,1.2543000000000002
2020-11-03,3.5889,3.9982,-0.4093
2020-11-04,5.4259,3.2259,2.2
2020-11-05,3.4701,4.9415,-1.4713999999999996
2020-11-06,4.4401,2.8988,1.5413000000000001
2020-11-09,4.0408,3.8144,0.22639999999999993
2020-11-10,5.4767,3.319,2.1577
2020-11-11,5.9368,3.8774,2.0593999999999997
2020-11-12,2.9747,5.9681,-2.9934
2020-11-13,5.2562,1.0614,4.1948
2020-11-16,4.0512,4.7236,-0.6724000000000006
2020-11-17,2.889,2.3149,0.5740999999999996
2020-11-18,6.5458,3.3547,3.1911
2020-11-19,6.3599,4.5338,1.8260999999999994
2020-11-20,5.5927,3.4772,2.1155
2020-11-23,5.7301,1.3169,4.4132
2020-11-24,6.3308,1.9655,4.3652999999999995
2020-11-25,4.2769,3.7828,0.4941000000000004
2020-11-26,4.8615,3.511,1.3505000000000003
2020-11-27,3.3762,5.1211,-1.7449000000000003
2020-11-30,5.9496,6.0087,-0.05909999999999993
2020-12-01,5.0308,6.0119,-0.9810999999999996
2020-12-02,3.4938,3.7658,-0.27200000000000024
2020-12-03,6.2946,4.7926,1.5019999999999998
2020-12-04,5.1996,5.0018,0.19779999999999998
2020-12-07,4.0741,3.1752,0.8988999999999998
2020-12-08,5.6604,5.0148,0.6456
2020-12-09,3.0757,3.2037,-0.1280000000000001
2020-12-10,3.0597,4.3699,-1.3102000000000005
2020-12-11,5.0185,3.3073,1.7112000000000003
2020-12-14,3.9635,5.4808,-1.5173000000000005
2020-12-15,4.9521,5.7661,-0.8140000000000001
2020-12-16,3.0712,4.0023,-0.9310999999999998
2020-12-17,2.939,2.8346,0.10440000000000005
2020-12-18,5.6887,5.3381,0.3506
2020-12-21,3.3081,4.065,-0.7569000000000004
2020-12-22,4.0478,4.0476,0.00019999999999953388
2020-12-23,4.313,3.8642,0.44879999999999987
2020-12-24,3.9452,4.5582,-0.6130000000000004
2020-12-25,6.1903,5.4124,0.7778999999999998
2020-12-28,4.4792,4.2939,0.1852999999999998
2020-12-29,2.1962,4.2526,-2.0564
2020-12-30,5.922,1.39,4.532
2020-12-31,6.2227,6.022,0.20069999999999943
2021-01-01,4.1707,2.8494,1.3213
2021-01-04,4.1778,4.7138,-0.5359999999999996
2021-01-05,2.883,3.3222,-0.43920000000000003
2021-01-06,7.594,3.5844,4.009600000000001
2021-01-07,6.9891,6.5439,0.4451999999999998
2021-01-08,1.9279,4.7665,-2.8385999999999996
2021-01-11,6.404,4.2627,2.1413
2021-01-12,2.2801,4.395,-2.1148999999999996
2021-01-13,5.5288,5.2557,0.27310000000000034
2021-01-14,4.9857,2.3008,2.6848999999999994
2021-01-15,4.7806,4.4502,0.3304
2021-01-18,2.7495,1.9079,0.8415999999999999
2021-01-19,3.8607,4.9812,-1.1205000000000003
2021-01-20,4.7734,3.4079,1.3654999999999995
2021-01-21,1.9,4.5796,-2.6796
2021-01-22,4.1372,3.6922,0.44499999999999984
2021-01-25,6.874,3.1245,3.7495
2021-01-26,5.091,4.4979,0.5931000000000006
2021-01-27,3.4896,4.5243,-1.0347000000000004
2021-01-28,3.158,4.5415,-1.3835000000000002
2021-01-29,2.7878,2.1377,0.6500999999999997
2021-02-01,3.0113,6.3891,-3.3778
2021-02-02,4.0293,7.4446,-3.4153000000000002
2021-02-03,2.7581,4.3323,-1.5741999999999998
2021-02-04,2.8789,4.4698,-1.5909000000000004
2021-02-05,5.8791,3.739,2.1401000000000003
2021-02-08,3.7748,4.9099,-1.1351000000000004
2021-02-09,5.0578,4.1132,0.9446000000000003
2021-02-10,6.6515,3.579,3.0725000000000002
2021-02-11,6.6887,4.5362,2.1525
2021-02-12,5.1834,4.6885,0.49489999999999945
2021-02-15,5.7971,3.9662,1.8309000000000002
2021-02-16,3.0381,2.1252,0.9129
2021-02-17,4.0628,5.5453,-1.4825
2021-02-18,5.2825,4.3853,0.8971999999999998
2021-02-19,3.8802,3.3547,0.5255000000000001
2021-02-22,5.934,0.3131,5.6209
2021-02-23,4.5679,6.0843,-1.5164
2021-02-24,3.4661,4.3939,-0.9278000000000004
2021-02-25,6.0792,5.1741,0.9051
2021-02-26,4.3988,2.9006,1.4981999999999998
2021-03-01,3.0845,7.0747,-3.9902
2021-03-02,3.2349,1.1011,2.1338
2021-03-03,5.5014,3.5652,1.9362000000000004
2021-03-04,7.547,3.9743,3.5726999999999998
2021-03-05,5.8422,5.4527,0.38949999999999996
2021-03-08,6.1645,3.9084,2.2561000000000004
2021-03-09,1.4523,4.3571,-2.9048
2021-03-10,3.6029,5.6466,-2.0437000000000003
2021-03-11,7.4531,5.6333,1.8197999999999999
2021-03-12,2.4176,5.5352,-3.1175999999999995
2021-03-15,4.7079,-0.8555,5.563400000000001
2021-03-16,-1.3024,4.7449,-6.0473
2021-03-17,3.0187,6.6899,-3.6712
2021-03-18,6.7983,6.8973,-0.0990000000000002
2021-03-19,1.5946,4.1586,-2.564
2021-03-22,3.0923,6.0572,-2.9649
2021-03-23,4.5221,5.3944,-0.8723000000000001
2021-03-24,3.661,6.9602,-3.2992000000000004
2021-03-25,4.7411,2.7808,1.9603000000000002
2021-03-26,3.5551,2.8252,0.7298999999999998
2021-03-29,5.8788,1.1554,4.7234
2021-03-30,3.9999,3.8958,0.10409999999999986
2021-03-31,3.6189,3.6203,-0.0013999999999998458
2021-04-01,4.4551,5.2273,-0.7721999999999998
2021-04-02,7.7511,6.8149,0.9362000000000004
2021-04-05,5.6221,4.7611,0.8609999999999998
2021-04-06,3.8532,4.9683,-1.1151
2021-04-07,4.5743,6.0254,-1.4511000000000003
2021-04-08,1.796,4.5202,-2.7241999999999997
2021-04-09,6.0288,5.2771,0.7517000000000005
2021-04-12,4.4023,1.0431,3.3592000000000004
2021-04-13,3.4765,2.2995,1.177
2021-04-14,8.7477,4.4475,4.3002
2021-04-15,5.929,4.5053,1.4237000000000002
2021-04-16,3.1295,7.029,-3.8994999999999997
2021-04-19,4.177,4.7465,-0.5695000000000006
2021-04-20,3.5994,5.114,-1.5145999999999997
2021-04-21,4.9969,5.0772,-0.08030000000000026
2021-04-22,4.6422,3.2927,1.3495
2021-04-23,5.609,5.8804,-0.27139999999999986
2021-04-26,5.4726,4.8897,0.5828999999999995
2021-04-27,3.1168,3.5402,-0.4234
2021-04-28,4.2652,3.3236,0.9416000000000002
2021-04-29,6.4857,3.5271,2.9585999999999997
2021-04-30,3.7782,5.519,-1.7408000000000001
2021-05-03,3.5958,6.4532,-2.8573999999999997
2021-05-04,4.9344,3.7581,1.1763
2021-05-05,5.0145,1.8322,3.1822999999999997
2021-05-06,6.4991,5.4992,0.9999000000000002
2021-05-07,5.496,2.6666,2.8294000000000006
2021-05-10,3.9582,3.3321,0.6261000000000001
2021-05-11,4.7908,4.2108,0.5800000000000001
2021-05-12,4.8509,7.6847,-2.8338
2021-05-13,7.1034,5.5597,1.5436999999999994
2021-05-14,4.806,3.6927,1.1133000000000002
2021-05-17,3.2193,3.3962,-0.17689999999999984
2021-05-18,3.4049,3.0628,0.34209999999999985
2021-05-19,4.0487,3.4236,0.6251000000000002
2021-05-20,5.2315,4.6007,0.6307999999999998
2021-05-21,5.3758,5.1485,0.2272999999999996
2021-05-24,2.3943,2.4705,-0.07620000000000005
2021-05-25,5.3324,4.8834,0.44899999999999984
2021-05-26,4.0207,5.1081,-1.0874000000000006
2021-05-27,4.6727,2.7044,1.9682999999999997
2021-05-28,6.6615,5.0681,1.5934
2021-05-31,5.6423,5.8054,-0.16310000000000002
2021-06-01,4.4988,2.872,1.6268000000000002
2021-06-02,4.6505,3.56,1.0905
2021-06-03,5.6671,4.7682,0.8988999999999994
2021-06-04,4.7102,6.3092,-1.5989999999999993
2021-06-07,4.0464,3.5144,0.532
2021-06-08,3.8398,3.9396,-0.09980000000000011
2021-06-09,4.5855,3.691,0.8944999999999999
2021-06-10,3.5325,3.7576,-0.22509999999999986
2021-06-11,5.5983,4.4905,1.1078000000000001
2021-06-14,4.8052,4.4824,0.3228
2021-06-15,5.8753,5.9399,-0.06459999999999955
2021-06-16,7.9102,2.6577,5.2524999999999995
2021-06-17,5.0664,3.4319,1.6344999999999996
2021-06-18,4.6627,2.4731,2.1896
2021-06-21,4.0622,3.6802,0.3819999999999997
2021-06-22,5.2039,1.8287,3.3752
2021-06-23,3.0777,3.8958,-0.8180999999999998
2021-06-24,3.7105,3.5523,0.15820000000000034
2021-06-25,4.5962,2.7882,1.8079999999999998
2021-06-28,4.44,2.4451,1.9949000000000003
2021-06-29,3.8157,5.1143,-1.2986
2021-06-30,3.9009,6.3544,-2.4535
2021-07-01,5.9943,6.1543,-0.16000000000000014
2021-07-02,3.5984,2.5368,1.0615999999999999
2021-07-05,4.7782,3.4803,1.2978999999999998
2021-07-06,5.7119,1.7096,4.0023
2021-07-07,4.4698,2.6917,1.7781000000000002
2021-07-08,3.1942,3.9911,-0.7968999999999999
2021-07-09,3.3194,3.6555,-0.33610000000000007
2021-07-12,1.1392,2.4006,-1.2613999999999999
2021-07-13,3.8352,4.9721,-1.1369000000000002
2021-07-14,4.8589,4.2712,0.5876999999999999
2021-07-15,4.8319,3.3119,1.52
2021-07-16,4.448,3.696,0.7520000000000002
2021-07-19,3.0561,3.1242,-0.06810000000000027
2021-07-20,1.8888,2.2903,-0.40149999999999975
2021-07-21,6.3229,3.377,2.9459
2021-07-22,3.6945,3.9332,-0.2386999999999997
2021-07-23,5.1211,2.6216,2.4995000000000003
2021-07-26,4.2215,7.5265,-3.3050000000000006
2021-07-27,6.9194,5.4104,1.5090000000000003
2021-07-28,5.1997,6.142,-0.9423000000000004
2021-07-29,4.003,3.2289,0.7741000000000002
2021-07-30,2.8315,5.1096,-2.2781000000000002
2021-08-02,5.5285,1.7229,3.8056
2021-08-03,4.1134,3.0902,1.0232000000000006
2021-08-04,6.7297,6.1691,0.5606
2021-08-05,8.1549,5.5824,2.5725
2021-08-06,5.9865,1.8966,4.0899
2021-08-09,4.3568,5.2526,-0.8958000000000004
2021-08-10,4.1252,6.8669,-2.7417
2021-08-11,4.8397,3.7871,1.0525999999999995
2021-08-12,3.8391,2.9917,0.8474000000000004
2021-08-13,3.9318,4.0044,-0.07260000000000044
2021-08-16,5.2548,-0.3051,5.559900000000001
2021-08-17,5.59,4.5183,1.0716999999999999
2021-08-18,5.5768,4.2719,1.3049000000000008
2021-08-19,3.532,5.4076,-1.8756000000000004
2021-08-20,5.2196,3.4593,1.7603
2021-08-23,5.55,3.4125,2.1374999999999997
2021-08-24,3.8891,5.8477,-1.9585999999999997
2021-08-25,5.3777,2.9319,2.4457999999999998
2021-08-26,3.7397,4.63,-0.8902999999999999
2021-08-27,4.049,6.6464,-2.5973999999999995
2021-08-30,3.8716,3.207,0.6646000000000001
2021-08-31,1.9126,4.4614,-2.5488
2021-09-01,4.6971,4.1012,0.5958999999999994
2021-09-02,5.9652,5.4882,0.4770000000000003
2021-09-03,3.6306,5.8133,-2.1827
2021-09-06,2.6342,4.7618,-2.1276
2021-09-07,2.9696,2.5174,0.45219999999999994
2021-09-08,5.1897,5.4084,-0.21870000000000012
2021-09-09,3.1097,6.2202,-3.1105
2021-09-10,3.2376,6.2094,-2.9717999999999996
2021-09-13,5.1325,6.215,-1.0824999999999996
2021-09-14,3.0186,1.93,1.0886000000000002
2021-09-15,3.7549,5.6239,-1.8689999999999998
2021-09-16,2.1848,4.5045,-2.3197
2021-09-17,5.2323,3.6619,1.5704000000000002
2021-09-20,3.3349,6.0196,-2.6846999999999994
2021-09-21,6.5655,5.5564,1.0091
2021-09-22,5.46,5.0168,0.44320000000000004
2021-09-23,3.0374,2.5357,0.5017
2021-09-24,4.1117,4.524,-0.4123000000000001
2021-09-27,4.1491,4.1734,-0.02430000000000021
2021-09-28,3.9882,3.6813,0.3069000000000002
2021-09-29,4.27,4.1247,0.14529999999999976
2021-09-30,3.9828,5.1976,-1.2148000000000003
2021-10-01,3.2319,1.5765,1.6554
2021-10-04,3.8385,3.9384,-0.09990000000000032
2021-10-05,3.7577,4.9965,-1.2388000000000003
2021-10-06,3.9223,5.0496,-1.1273
2021-10-07,4.5765,4.8867,-0.31020000000000003
2021-10-08,3.7983,3.5734,0.22489999999999988
2021-10-11,5.1264,2.3052,2.8212
2021-10-12,3.5072,4.4305,-0.9233000000000002
2021-10-13,4.4831,3.248,1.2351
2021-10-14,5.2723,3.8765,1.3958000000000004
2021-10-15,6.1649,5.8047,0.36019999999999985
2021-10-18,3.625,4.4833,-0.8582999999999998
2021-10-19,6.6963,4.5809,2.1154
2021-10-20,6.6086,4.7173,1.8913000000000002
2021-10-21,2.9078,6.8477,-3.9398999999999997
2021-10-22,5.6928,4.8835,0.8093000000000004
2021-10-25,3.8761,5.5156,-1.6395
2021-10-26,5.6168,6.227,-0.6102000000000007
2021-10-27,1.9563,2.2986,-0.34230000000000005
2021-10-28,2.0818,3.85,-1.7682000000000002
2021-10-29,3.589,3.8839,-0.29490000000000016
2021-11-01,4.0894,3.6968,0.3926000000000003
2021-11-02,5.8471,3.2484,2.5987
2021-11-03,2.8497,4.4194,-1.5697000000000005
2021-11-04,3.3313,4.8975,-1.5661999999999998
2021-11-05,7.44,6.8713,0.5687000000000006
2021-11-08,5.9327,6.018,-0.08530000000000015
2021-11-09,5.5856,4.0532,1.5324
2021-11-10,3.5695,1.3014,2.2681000000000004
2021-11-11,3.5501,2.928,0.6221000000000001
2021-11-12,2.8783,3.5443,-0.6659999999999999
2021-11-15,6.2325,6.519,-0.2865000000000002
2021-11-16,5.999,4.4314,1.5675999999999997
2021-11-17,3.4401,2.9003,0.5398000000000001
2021-11-18,3.807,3.9227,-0.11569999999999991
2021-11-19,3.1117,6.081,-2.9693000000000005
2021-11-22,5.3902,4.6135,0.7767
2021-11-23,5.4575,3.7807,1.6767999999999996
2021-11-24,4.549,6.8473,-2.2982999999999993
2021-11-25,6.4069,3.1934,3.2135000000000002
2021-11-26,5.2756,3.3268,1.9487999999999999
2021-11-29,5.3571,4.5558,0.8013000000000003
2021-11-30,4.4183,4.6553,-0.2370000000000001
2021-12-01,2.6996,8.0749,-5.375299999999999
2021-12-02,4.835,1.9344,2.9006
2021-12-03,4.2579,5.5077,-1.2497999999999996
2021-12-06,4.2193,3.7327,0.4865999999999997
2021-12-07,2.8208,5.2122,-2.3914
2021-12-08,2.6297,4.8155,-2.1858
2021-12-09,3.3273,5.9909,-2.6635999999999997
2021-12-10,5.2825,5.3343,-0.05180000000000007
2021-12-13,3.3523,1.7413,1.611
2021-12-14,2.4323,5.0968,-2.6645
2021-12-15,2.6814,4.9714,-2.29
2021-12-16,4.5386,4.9065,-0.36790000000000056
2021-12-17,4.2243,3.8781,0.3462000000000005
2021-12-20,5.9556,5.9006,0.054999999999999716
2021-12-21,3.5043,6.7471,-3.2427999999999995
2021-12-22,5.3111,2.8381,2.473
2021-12-23,2.0669,3.9688,-1.9019
2021-12-24,1.7039,5.9284,-4.2245
2021-12-27,4.0266,2.8904,1.1362
2021-12-28,4.5126,3.5316,0.9809999999999999
2021-12-29,4.8349,4.8646,-0.02970000000000006
2021-12-30,3.5416,2.1334,1.4082
2021-12-31,5.0833,2.987,2.0963000000000003
2022-01-03,3.7611,1.9038,1.8573
2022-01-04,5.0669,3.7526,1.3143000000000002
2022-01-05,5.1443,3.1405,2.0038000000000005
2022-01-06,4.2251,5.4355,-1.2104
2022-01-07,4.6882,5.2502,-0.5620000000000003
2022-01-10,5.3554,2.525,2.8304000000000005
2022-01-11,3.9191,4.134,-0.21490000000000054
2022-01-12,1.3051,3.8192,-2.5141
2022-01-13,4.3727,6.9619,-2.5892
2022-01-14,5.7721,2.9056,2.8665
2022-01-17,5.3355,7.1269,-1.7914000000000003
2022-01-18,2.6719,4.1391,-1.4672
2022-01-19,4.1271,5.3171,-1.1899999999999995
2022-01-20,3.7298,3.743,-0.013199999999999878
2022-01-21,5.3404,4.509,0.8313999999999995
2022-01-24,5.2023,2.2211,2.9812000000000003
2022-01-25,6.9567,3.3537,3.6029999999999998
2022-01-26,2.973,3.4444,-0.47140000000000004
2022-01-27,3.3159,3.0265,0.2894000000000001
2022-01-28,6.2059,4.9135,1.2923999999999998
2022-01-31,3.4605,8.1389,-4.6784
2022-02-01,3.9573,3.8054,0.15189999999999992
2022-02-02,3.8606,3.9556,-0.0950000000000002
2022-02-03,6.6261,1.4832,5.1429
2022-02-04,6.3498,5.9775,0.3723000000000001
2022-02-07,4.7271,1.942,2.7851
2022-02-08,3.4393,5.2636,-1.8243000000000005
2022-02-09,1.5543,4.6222,-3.0679000000000003
2022-02-10,2.8295,3.1172,-0.28770000000000007
2022-02-11,3.9259,2.6587,1.2671999999999999
2022-02-14,5.115,1.1404,3.9746
2022-02-15,2.56,3.5134,-0.9533999999999998
2022-02-16,3.9968,5.565,-1.5682000000000005
2022-02-17,4.0365,5.2699,-1.2333999999999996
2022-02-18,5.8189,4.9342,0.8847000000000005
2022-02-21,5.2881,5.8808,-0.5926999999999998
2022-02-22,5.5453,6.1183,-0.5729999999999995
2022-02-23,5.1722,4.8073,0.36490000000000045
2022-02-24,3.0584,1.9247,1.1336999999999997
2022-02-25,7.7769,4.2836,3.4933000000000005
2022-02-28,1.5844,5.6187,-4.0343
2022-03-01,4.8499,3.1838,1.6660999999999997
2022-03-02,2.6432,3.0407,-0.39749999999999996
2022-03-03,5.1693,1.3863,3.7829999999999995
2022-03-04,3.1286,4.7175,-1.5889000000000002
2022-03-07,2.921,2.2493,0.6717
2022-03-08,3.6634,2.6802,0.9832000000000001
2022-03-09,3.3039,4.2188,-0.9148999999999998
2022-03-10,3.8224,6.8018,-2.9794
2022-03-11,2.214,4.139,-1.9250000000000003
2022-03-14,6.748,1.1161,5.6319
2022-03-15,3.9058,2.8356,1.0702000000000003
2022-03-16,6.0882,5.5177,0.5705
2022-03-17,3.8034,2.9854,0.8180000000000001
2022-03-18,4.779,4.0814,0.6975999999999996
2022-03-21,6.0731,5.1514,0.9217000000000004
2022-03-22,5.893,3.3377,2.5553
2022-03-23,4.3084,4.8082,-0.49980000000000047
2022-03-24,6.2838,3.2984,2.9854000000000003
2022-03-25,1.9763,1.6241,0.35219999999999985
2022-03-28,3.8992,5.1034,-1.2041999999999997
2022-03-29,4.5157,2.5428,1.9728999999999997
2022-03-30,6.5278,4.9771,1.5507
2022-03-31,3.3452,5.2043,-1.8590999999999998
2022-04-01,4.2652,4.5791,-0.3139000000000003
2022-04-04,3.3219,6.6157,-3.2938000000000005
2022-04-05,7.5708,5.6339,1.9369000000000005
2022-04-06,6.7396,5.2115,1.5281000000000002
2022-04-07,3.6147,1.7766,1.8381
2022-04-08,0.7379,6.2115,-5.4736
2022-04-11,2.9022,4.1122,-1.2099999999999995
2022-04-12,6.4971,1.8172,4.6799
2022-04-13,4.9763,5.5869,-0.6105999999999998
2022-04-14,6.085,5.1099,0.9751000000000003
2022-04-15,2.2847,5.6863,-3.4016
2022-04-18,3.6746,3.2915,0.3830999999999998
2022-04-19,4.8568,4.6387,0.21809999999999974
2022-04-20,1.6492,6.9015,-5.2523
2022-04-21,5.184,5.2686,-0.08460000000000001
2022-04-22,6.7184,3.9165,2.8019
2022-04-25,4.241,6.4719,-2.2309
2022-04-26,3.8939,5.3033,-1.4094000000000002
2022-04-27,5.8565,3.8036,2.0528999999999997
2022-04-28,6.6217,6.8699,-0.24820000000000064
2022-04-29,4.6182,4.579,0.039200000000000124
2022-05-02,4.3629,3.5143,0.8485999999999998
2022-05-03,3.626,3.4577,0.1682999999999999
2022-05-04,3.636,4.9568,-1.3208000000000002
2022-05-05,3.6256,2.82,0.8056000000000001
2022-05-06,3.1808,4.0912,-0.9103999999999997
2022-05-09,2.6486,4.2353,-1.5866999999999996
2022-05-10,7.8175,3.6986,4.1189
2022-05-11,3.5189,3.0356,0.48329999999999984
2022-05-12,7.5633,4.6966,2.8667
2022-05-13,9.9189,3.2033,6.7156
2022-05-16,6.8044,4.9601,1.8443000000000005
2022-05-17,1.596,3.5655,-1.9695
2022-05-18,1.2569,5.7139,-4.457
2022-05-19,6.2134,4.5521,1.6612999999999998
2022-05-20,6.5073,3.2276,3.2797
2022-05-23,3.9567,2.8312,1.1255000000000002
2022-05-24,5.0387,3.1743,1.8644000000000003
2022-05-25,5.0643,5.3783,-0.31400000000000006
2022-05-26,3.9073,2.494,1.4133
2022-05-27,6.1719,5.0218,1.1501000000000001
2022-05-30,4.5273,6.4319,-1.9045999999999994
2022-05-31,3.1222,2.4867,0.6355
2022-06-01,4.5655,4.6434,-0.07789999999999964
2022-06-02,6.7126,3.4743,3.2383
2022-06-03,4.3242,5.5484,-1.2241999999999997
2022-06-06,4.4725,1.8444,2.6281
2022-06-07,2.9134,7.2583,-4.3449
2022-06-08,5.9208,5.084,0.8368000000000002
2022-06-09,3.7953,2.5823,1.213
2022-06-10,4.8631,2.3305,2.5326000000000004
2022-06-13,4.3228,2.3986,1.9242
2022-06-14,2.7209,5.1542,-2.4333000000000005
2022-06-15,5.1869,5.1718,0.015099999999999447
2022-06-16,3.8333,3.7906,0.04269999999999996
2022-06-17,5.3427,5.6634,-0.32070000000000043
2022-06-20,3.5922,4.8297,-1.2374999999999998
2022-06-21,4.1431,4.2402,-0.09710000000000019
2022-06-22,1.1185,1.7386,-0.6200999999999999
2022-06-23,4.6131,5.8396,-1.2264999999999997
2022-06-24,4.1406,4.2772,-0.1365999999999996
2022-06-27,4.4944,2.5233,1.9710999999999999
2022-06-28,3.9361,3.2632,0.6729000000000003
2022-06-29,1.7016,2.9461,-1.2445
2022-06-30,1.665,5.2101,-3.5450999999999997
2022-07-01,7.893,4.0893,3.8037
2022-07-04,3.6546,4.293,-0.6384000000000003
2022-07-05,4.3126,4.0277,0.2848999999999995
2022-07-06,4.355,6.0838,-1.7287999999999997
2022-07-07,6.6634,3.613,3.0504000000000002
2022-07-08,4.4458,0.5193,3.9265000000000003
2022-07-11,5.6789,3.2338,2.4450999999999996
2022-07-12,5.9458,5.1305,0.8153000000000006
2022-07-13,4.1307,3.4081,0.7225999999999999
2022-07-14,3.347,4.6721,-1.3251000000000004
2022-07-15,4.1831,2.8797,1.3033999999999994
2022-07-18,4.9124,5.8051,-0.8927000000000005
2022-07-19,3.0251,6.1607,-3.1356
2022-07-20,3.0,5.91,-2.91
2022-07-21,7.6996,7.7193,-0.019699999999999385
2022-07-22,4.278,4.1517,0.12629999999999963
2022-07-25,5.845,4.5406,1.3043999999999993
2022-07-26,6.0983,2.8848,3.2135000000000002
2022-07-27,4.6056,2.8651,1.7405
2022-07-28,2.6985,4.2304,-1.5319000000000003
2022-07-29,5.4846,2.7583,2.7263
2022-08-01,5.0779,4.3996,0.6782999999999992
2022-08-02,7.3376,3.916,3.4216
2022-08-03,3.022,4.2019,-1.1799000000000004
2022-08-04,4.7239,2.8821,1.8418000000000005
2022-08-05,2.5597,3.9576,-1.3979
2022-08-08,2.6447,7.6425,-4.9978
2022-08-09,5.7028,3.6346,2.0682
2022-08-10,6.235,3.4113,2.8237
2022-08-11,3.4169,5.2342,-1.8173000000000004
2022-08-12,5.6961,3.8917,1.8044000000000002
2022-08-15,2.7209,3.5498,-0.8289
2022-08-16,4.7518,5.968,-1.2161999999999997
2022-08-17,2.562,5.6413,-3.0793000000000004
2022-08-18,3.8523,3.714,0.1383000000000001
2022-08-19,2.6462,3.8213,-1.1751
2022-08-22,5.6471,5.1085,0.5385999999999997
2022-08-23,3.8136,3.4618,0.3517999999999999
2022-08-24,2.4281,2.6514,-0.22330000000000005
2022-08-25,5.631,1.4119,4.2191
2022-08-26,4.6132,3.1446,1.4686
2022-08-29,4.3908,4.6163,-0.22550000000000026
2022-08-30,2.9553,4.0276,-1.0722999999999998
2022-08-31,7.3804,1.7768,5.6036
2022-09-01,6.812,2.6577,4.1543
2022-09-02,3.5014,3.7072,-0.20579999999999998
2022-09-05,3.1756,2.7694,0.4062000000000001
2022-09-06,5.117,5.7981,-0.6810999999999998
2022-09-07,2.4278,3.2993,-0.8715000000000002
2022-09-08,3.459,6.5499,-3.0909
2022-09-09,6.1716,3.0128,3.1588
2022-09-12,5.3626,3.934,1.4285999999999994
2022-09-13,4.3485,5.6976,-1.3491000000000009
2022-09-14,4.2669,2.5588,1.7080999999999995
2022-09-15,4.3977,5.6714,-1.2736999999999998
2022-09-16,6.941,1.5643,5.3767
2022-09-19,4.6636,5.6206,-0.9569999999999999
2022-09-20,2.7894,2.807,-0.017599999999999838
2022-09-21,3.5199,4.2045,-0.6846000000000005
2022-09-22,4.9675,2.722,2.2455000000000003
2022-09-23,5.2276,2.8006,2.4269999999999996
2022-09-26,8.2839,4.1046,4.1793
2022-09-27,4.4367,3.8903,0.5464000000000002
2022-09-28,7.92,5.8725,2.0475000000000003
2022-09-29,4.1375,4.6805,-0.5430000000000001
2022-09-30,4.0337,2.2504,1.7832999999999997
2022-10-03,3.0479,4.465,-1.4171
2022-10-04,6.7453,1.9252,4.8201
2022-10-05,5.5825,6.4469,-0.8644000000000007
2022-10-06,3.4305,1.7991,1.6314
2022-10-07,6.4391,4.2297,2.2093999999999996
2022-10-10,3.8621,4.7812,-0.9191000000000003
2022-10-11,4.0671,3.4422,0.6248999999999998
2022-10-12,2.5521,3.8918,-1.3397000000000001
2022-10-13,2.9486,3.4347,-0.4861
2022-10-14,5.6908,4.7333,0.9575000000000005
2022-10-17,5.8622,5.1945,0.6677
2022-10-18,4.6411,7.0582,-2.4171000000000005
2022-10-19,7.0754,5.5456,1.5297999999999998
2022-10-20,5.165,2.5329,2.6321
2022-10-21,4.2913,3.7356,0.5556999999999999
2022-10-24,4.2382,4.9737,-0.7355
2022-10-25,3.9605,3.6133,0.34719999999999995
2022-10-26,6.37,2.9602,3.4098
2022-10-27,4.3477,3.5894,0.7582999999999998
2022-10-28,6.8964,4.3354,2.561
2022-10-31,3.9941,5.3384,-1.3443
2022-11-01,3.3491,3.4934,-0.14429999999999987
2022-11-02,4.4695,4.8755,-0.4059999999999997
2022-11-03,2.4899,6.4896,-3.9997000000000003
2022-11-04,4.6248,1.4942,3.1305999999999994
2022-11-07,3.2409,4.2956,-1.0547000000000004
2022-11-08,3.9549,2.8089,1.146
2022-11-09,3.1815,4.3082,-1.1267
2022-11-10,4.4816,4.8519,-0.3702999999999994
2022-11-11,3.5969,4.7511,-1.1542
2022-11-14,7.0912,3.0109,4.080299999999999
2022-11-15,6.2611,5.3784,0.8826999999999998
2022-11-16,2.2204,4.3126,-2.0921999999999996
2022-11-17,2.7209,6.493,-3.7721000000000005
2022-11-18,1.4263,4.5981,-3.1717999999999997
2022-11-21,4.6098,3.2886,1.3211999999999997
2022-11-22,2.2157,4.9809,-2.7652
2022-11-23,3.86,5.6708,-1.8108
2022-11-24,2.6221,5.5524,-2.9302999999999995
2022-11-25,4.1883,4.0689,0.11939999999999973
2022-11-28,4.0904,5.1603,-1.0699000000000005
2022-11-29,6.0077,4.3521,1.6555999999999997
2022-11-30,5.9991,5.6473,0.3517999999999999
2022-12-01,4.3988,3.9161,0.48269999999999946
2022-12-02,5.4137,4.5834,0.8303000000000003
2022-12-05,2.1572,3.8203,-1.6631
2022-12-06,4.3289,2.3562,1.9727000000000001
2022-12-07,4.2282,4.7189,-0.49069999999999947
2022-12-08,4.5506,5.0651,-0.5145
2022-12-09,6.255,6.513,-0.258
2022-12-12,3.4294,4.9763,-1.5469000000000004
2022-12-13,5.8982,4.9423,0.9558999999999997
2022-12-14,4.1875,5.31,-1.1224999999999996
2022-12-15,3.9083,2.6012,1.3071000000000002
2022-12-16,5.9881,6.3597,-0.37159999999999993
2022-12-19,4.3769,2.1164,2.2605
2022-12-20,4.6714,6.1151,-1.4436999999999998
2022-12-21,2.8931,1.8135,1.0796000000000001
2022-12-22,5.7209,1.6069,4.114000000000001
2022-12-23,3.1396,4.2594,-1.1198000000000001
2022-12-26,5.6384,3.4422,2.1961999999999997
2022-12-27,3.411,3.8824,-0.47140000000000004
2022-12-28,5.8186,5.0517,0.7668999999999997
2022-12-29,2.2454,4.2331,-1.9877000000000002
2022-12-30,6.1901,2.9772,3.2129000000000003
2023-01-02,6.5771,2.6872,3.8899
2023-01-03,4.5853,5.961,-1.3757000000000001
2023-01-04,4.3652,1.9006,2.4646
2023-01-05,6.7872,4.3511,2.4361000000000006
2023-01-06,4.2827,3.7479,0.5348000000000002
2023-01-09,3.8354,4.7786,-0.9432
2023-01-10,5.1727,1.4464,3.7263
2023-01-11,4.7967,5.3745,-0.5777999999999999
2023-01-12,1.6533,3.9274,-2.2741
2023-01-13,4.7761,4.2042,0.5718999999999994
2023-01-16,2.2954,4.4042,-2.1088000000000005
2023-01-17,6.9807,3.3934,3.5872999999999995
2023-01-18,3.3707,6.8836,-3.5129000000000006
2023-01-19,2.9139,3.3981,-0.48419999999999996
2023-01-20,6.4723,-0.2692,6.741499999999999
2023-01-23,5.7241,0.9741,4.75
2023-01-24,5.6681,6.277,-0.6089000000000002
2023-01-25,3.7986,4.5089,-0.7102999999999997
2023-01-26,3.6416,4.5744,-0.9327999999999999
2023-01-27,3.9233,5.5898,-1.6665000000000005
2023-01-30,4.7854,5.3388,-0.5533999999999999
2023-01-31,4.5209,3.9683,0.5526
2023-02-01,2.1041,1.4444,0.6597
2023-02-02,5.5181,3.9142,1.6038999999999994
2023-02-03,5.6564,6.6365,-0.9801000000000002
2023-02-06,3.8298,6.4605,-2.6306999999999996
2023-02-07,7.5384,3.5556,3.9828
2023-02-08,4.2899,3.2912,0.9987000000000004
2023-02-09,3.0936,2.9307,0.16290000000000004
2023-02-10,1.2955,4.6943,-3.3988
2023-02-13,3.482,2.5176,0.9644000000000004
2023-02-14,5.5157,6.7391,-1.2233999999999998
2023-02-15,4.1626,2.9907,1.1719000000000004
2023-02-16,2.7025,3.8961,-1.1936
2023-02-17,5.3448,5.7204,-0.3755999999999995
2023-02-20,2.9599,5.9446,-2.9847
2023-02-21,2.61,1.6318,0.9782
2023-02-22,4.2091,5.1701,-0.9609999999999994
2023-02-23,0.9505,5.6597,-4.7092
2023-02-24,6.5127,3.9224,2.5902999999999996
2023-02-27,3.5591,4.2441,-0.6850000000000005
2023-02-28,4.393,6.161,-1.7679999999999998
2023-03-01,1.3401,4.685,-3.3448999999999995
2023-03-02,5.4905,6.5589,-1.0684000000000005
2023-03-03,2.5443,5.4539,-2.9096
2023-03-06,4.5948,5.4382,-0.8433999999999999
2023-03-07,2.3105,6.4473,-4.1368
2023-03-08,3.167,5.16,-1.9930000000000003
2023-03-09,6.227,3.8687,2.3583000000000003
2023-03-10,4.0102,3.4405,0.5697000000000001
2023-03-13,2.5294,2.3618,0.16759999999999975
2023-03-14,4.895,5.0747,-0.17970000000000041
2023-03-15,7.3445,5.8891,1.4554
2023-03-16,7.8559,1.1071,6.7488
2023-03-17,7.3598,4.7473,2.6125
2023-03-20,6.3702,5.8414,0.5287999999999995
2023-03-21,5.9189,4.3474,1.5714999999999995
2023-03-22,4.8068,2.8414,1.9653999999999998
2023-03-23,1.6646,2.7543,-1.0897000000000001
2023-03-24,5.4116,5.3388,0.07279999999999998
2023-03-27,3.2714,8.1156,-4.844200000000001
2023-03-28,3.1413,3.6424,-0.5010999999999997
2023-03-29,3.9043,5.9358,-2.0315000000000003
2023-03-30,6.3398,2.1949,4.1449
2023-03-31,4.6243,1.7728,2.8514999999999997
2023-04-03,5.943,4.2147,1.7283
2023-04-04,6.3228,3.929,2.3938
2023-04-05,5.7478,6.9263,-1.1785000000000005
2023-04-06,2.1945,4.326,-2.1314999999999995
2023-04-07,4.9966,3.977,1.0196
2023-04-10,3.8977,4.8943,-0.9966000000000004
2023-04-11,5.3121,4.6186,0.6935000000000002
2023-04-12,5.8614,3.7492,2.1121999999999996
2023-04-13,3.1902,4.9325,-1.7423000000000002
2023-04-14,7.739,7.7439,-0.0049000000000001265
2023-04-17,7.0255,3.8173,3.2082
2023-04-18,3.7226,4.0144,-0.2918000000000003
2023-04-19,4.2997,4.5492,-0.24950000000000028
2023-04-20,4.6746,4.9688,-0.2942
2023-04-21,5.0635,5.0187,0.044800000000000395
2023-04-24,2.1936,4.2098,-2.0162000000000004
2023-04-25,3.7002,3.6533,0.04689999999999994
2023-04-26,3.8232,4.8471,-1.0239000000000003
2023-04-27,6.3501,5.4379,0.9122000000000003
2023-04-28,4.4859,2.8854,1.6004999999999998
2023-05-01,3.8688,2.5702,1.2986
2023-05-02,4.8258,4.2359,0.5899000000000001
2023-05-03,5.7207,1.0514,4.6693
2023-05-04,3.8236,2.5167,1.3068999999999997
2023-05-05,4.9382,6.454,-1.5157999999999996
2023-05-08,4.3439,2.2578,2.0860999999999996
2023-05-09,3.5046,3.07,0.4346000000000001
2023-05-10,2.4294,4.4025,-1.9731
2023-05-11,2.7079,1.8479,0.8599999999999999
2023-05-12,2.6125,5.4338,-2.8213
2023-05-15,5.084,3.6754,1.4085999999999999
2023-05-16,4.3116,3.76,0.5516000000000005
2023-05-17,4.9464,3.1622,1.7841999999999998
2023-05-18,3.6556,3.1067,0.5489000000000002
2023-05-19,4.318,5.1753,-0.8573000000000004
2023-05-22,4.4145,3.5119,0.9026000000000005
2023-05-23,2.4588,2.4013,0.05750000000000011
2023-05-24,2.2204,6.2755,-4.0550999999999995
2023-05-25,3.0345,3.7791,-0.7446000000000002
2023-05-26,4.8411,3.0387,1.8024
2023-05-29,3.4336,2.8723,0.5613000000000001
2023-05-30,3.6806,2.1246,1.556
2023-05-31,5.7532,1.9599,3.7932999999999995
2023-06-01,4.3762,4.9028,-0.5266000000000002
2023-06-02,1.861,3.9407,-2.0797
2023-06-05,7.4843,3.7686,3.7157
2023-06-06,7.0626,4.2528,2.8098
2023-06-07,3.6476,3.8379,-0.1902999999999997
2023-06-08,5.1847,3.3423,1.8424000000000005
2023-06-09,5.0007,2.6376,2.3631
2023-06-12,3.6362,2.452,1.1842000000000001
2023-06-13,8.3972,2.5189,5.878299999999999
2023-06-14,3.7859,4.7409,-0.9550000000000001
2023-06-15,5.2847,2.6596,2.6250999999999998
2023-06-16,5.6946,4.2335,1.4611
2023-06-19,4.5226,5.8569,-1.3343000000000007
2023-06-20,5.192,1.8376,3.3544
2023-06-21,2.6274,8.0849,-5.4575
2023-06-22,4.0091,3.9382,0.07089999999999996
2023-06-23,5.941,5.2186,0.7223999999999995
2023-06-26,1.5536,4.9125,-3.3588999999999993
2023-06-27,4.5443,3.3726,1.1717
2023-06-28,5.7523,5.1772,0.5751
2023-06-29,4.5274,3.3515,1.1759
2023-06-30,5.255,4.0952,1.1597999999999997
2023-07-03,4.0595,5.2072,-1.1477000000000004
2023-07-04,3.9129,3.0441,0.8688000000000002
2023-07-05,2.9898,2.2028,0.7869999999999999
2023-07-06,2.7571,2.6889,0.06820000000000004
2023-07-07,4.1915,4.2545,-0.06300000000000061
2023-07-10,2.686,5.7689,-3.0829000000000004
2023-07-11,4.6199,2.1043,2.5156000000000005
2023-07-12,5.6261,5.8971,-0.2709999999999999
2023-07-13,6.3313,3.2272,3.1041
2023-07-14,6.6323,4.6903,1.9420000000000002
2023-07-17,5.6804,3.6854,1.9949999999999997
2023-07-18,5.031,1.4524,3.5786
2023-07-19,5.5573,4.6755,0.8817999999999993
2023-07-20,1.7155,6.4394,-4.7239
2023-07-21,8.0444,7.1723,0.8720999999999997
2023-07-24,2.5382,2.799,-0.26080000000000014
2023-07-25,5.6834,6.5052,-0.8218000000000005
2023-07-26,2.5667,2.5877,-0.020999999999999908
2023-07-27,6.2729,4.9498,1.3231000000000002
2023-07-28,6.3244,4.6274,1.697
2023-07-31,4.4069,3.709,0.6979000000000002
2023-08-01,6.1846,5.2608,0.9238
2023-08-02,6.1028,5.0003,1.1025
2023-08-03,5.5591,5.5057,0.05339999999999989
2023-08-04,4.0818,4.859,-0.7771999999999997
2023-08-07,4.8254,7.4694,-2.644
2023-08-08,5.1104,3.0877,2.0227000000000004
2023-08-09,4.1026,5.9938,-1.8912000000000004
2023-08-10,2.7298,4.8444,-2.1146000000000003
2023-08-11,3.3043,4.2044,-0.9000999999999997
2023-08-14,3.3492,6.5398,-3.1905999999999994
2023-08-15,4.3112,4.302,0.009200000000000763
2023-08-16,4.7313,6.8374,-2.1060999999999996
2023-08-17,5.6094,5.7108,-0.10139999999999993
2023-08-18,4.594,4.1472,0.44680000000000053
2023-08-21,5.7033,4.1241,1.5791999999999993
2023-08-22,4.1666,1.8161,2.3505
2023-08-23,3.4037,1.7203,1.6834000000000002
2023-08-24,2.2445,1.9366,0.30789999999999984
2023-08-25,5.0603,5.7535,-0.6932
2023-08-28,5.4407,4.6008,0.8399000000000001
2023-08-29,5.3394,5.1682,0.17120000000000068
2023-08-30,2.2631,5.256,-2.9929
2023-08-31,6.1971,4.6371,1.5599999999999996
2023-09-01,6.0627,5.0872,0.9755000000000003
2023-09-04,7.0726,6.7971,0.2755000000000001
2023-09-05,5.8257,4.9741,0.8516000000000004
2023-09-06,5.1279,2.4641,2.6638
2023-09-07,5.2477,3.9818,1.2659000000000002
2023-09-08,6.6051,4.3084,2.2967000000000004
2023-09-11,5.8892,2.1881,3.7011
2023-09-12,3.4891,1.9798,1.5093
2023-09-13,4.4432,4.5494,-0.1062000000000003
2023-09-14,6.7853,2.2804,4.5049
2023-09-15,4.9801,3.5321,1.4480000000000004
2023-09-18,2.371,5.4097,-3.0387
2023-09-19,4.1515,5.0487,-0.8971999999999998
2023-09-20,3.5929,1.3766,2.2163000000000004
2023-09-21,3.8338,4.4722,-0.6383999999999999
2023-09-22,4.7776,1.6327,3.1449
2023-09-25,7.1469,3.8985,3.2483999999999997
2023-09-26,6.5577,3.9059,2.6517999999999997
2023-09-27,4.5665,5.0675,-0.5010000000000003
2023-09-28,3.6588,2.1787,1.4800999999999997
2023-09-29,5.7343,6.209,-0.47469999999999946
2023-10-02,6.2578,1.6591,4.598699999999999
2023-10-03,3.4672,4.1426,-0.6753999999999998
2023-10-04,5.0955,4.15,0.9455
2023-10-05,4.683,2.3771,2.3059
2023-10-06,5.0722,4.5242,0.5479999999999992
2023-10-09,5.7959,4.1367,1.6591999999999993
2023-10-10,1.9159,3.5639,-1.648
2023-10-11,6.4608,4.5503,1.9104999999999999
2023-10-12,3.8888,3.9638,-0.07500000000000018
2023-10-13,4.6967,2.4043,2.2923999999999998
2023-10-16,4.009,6.1309,-2.1218999999999992
2023-10-17,4.4726,4.5084,-0.035800000000000054
2023-10-18,2.8712,5.7935,-2.9223
2023-10-19,3.1561,3.6216,-0.4655
2023-10-20,5.3348,3.7781,1.5567000000000006
2023-10-23,4.3621,3.3418,1.0202999999999998
2023-10-24,5.272,3.1544,2.1176000000000004
2023-10-25,3.8323,2.6836,1.1486999999999998
2023-10-26,3.1865,3.4948,-0.3083
2023-10-27,6.2866,5.2347,1.0518999999999998
2023-10-30,3.5316,3.3155,0.21609999999999996
2023-10-31,5.5779,2.9256,2.6522999999999994
2023-11-01,6.6791,4.8878,1.7912999999999997
2023-11-02,2.872,6.3711,-3.4991000000000003
2023-11-03,2.7879,2.8087,-0.02079999999999993
2023-11-06,6.4839,3.1839,3.3000000000000003
2023-11-07,4.6454,6.4851,-1.8396999999999997
2023-11-08,4.0219,5.1822,-1.1603000000000003
2023-11-09,5.191,4.1459,1.0450999999999997
2023-11-10,7.3076,6.6589,0.6486999999999998
2023-11-13,3.7429,5.7149,-1.972
2023-11-14,4.2832,4.9005,-0.6173000000000002
2023-11-15,3.4303,2.8203,0.6099999999999999
2023-11-16,3.7612,6.8033,-3.0421
2023-11-17,4.3285,2.6941,1.6343999999999999
2023-11-20,3.1485,3.6802,-0.5317000000000003
2023-11-21,7.4357,4.6684,2.7672999999999996
2023-11-22,5.7784,5.2419,0.5365000000000002
2023-11-23,4.0451,2.5356,1.5094999999999996
2023-11-24,4.2667,4.3698,-0.10309999999999953
2023-11-27,6.6895,4.5388,2.1506999999999996
2023-11-28,5.7202,1.573,4.1472
2023-11-29,1.6207,2.9931,-1.3724
2023-11-30,3.8235,4.4028,-0.5792999999999999
2023-12-01,3.532,4.0725,-0.5404999999999998
2023-12-04,5.9291,4.8833,1.0457999999999998
2023-12-05,4.0096,5.9593,-1.9497
2023-12-06,5.7544,1.3998,4.3546000000000005
2023-12-07,5.7718,4.3517,1.4200999999999997
2023-12-08,4.2933,5.5722,-1.2788999999999993
2023-12-11,5.2548,5.8377,-0.5828999999999995
2023-12-12,5.2639,4.7466,0.5172999999999996
2023-12-13,5.832,4.184,1.6479999999999997
2023-12-14,3.5327,3.9085,-0.3757999999999999
2023-12-15,4.4451,4.6839,-0.23880000000000035
2023-12-18,4.7556,5.9188,-1.1631999999999998
2023-12-19,4.5423,5.9115,-1.3692000000000002
2023-12-20,3.6647,1.7602,1.9044999999999999
2023-12-21,4.539,3.491,1.0479999999999996
2023-12-22,3.4995,3.077,0.4224999999999999
2023-12-25,4.1059,2.2209,1.8850000000000002
2023-12-26,4.3544,3.9342,0.4201999999999999
2023-12-27,6.4714,1.2998,5.1716
2023-12-28,3.9305,1.6744,2.2561
2023-12-29,3.4308,1.8906,1.5402
2024-01-01,3.5984,5.7654,-2.167
2024-01-02,5.096,5.7946,-0.6985999999999999
2024-01-03,4.6397,1.7571,2.8826
2024-01-04,6.5791,5.1901,1.3890000000000002
2024-01-05,4.5632,3.7409,0.8223000000000003
2024-01-08,5.8258,5.9275,-0.10170000000000012
2024-01-09,3.5195,5.7197,-2.2001999999999997
2024-01-10,5.7723,3.4135,2.3588000000000005
2024-01-11,4.1371,2.429,1.7081000000000004
2024-01-12,4.3245,5.4754,-1.1509
2024-01-15,2.5752,3.1794,-0.6041999999999996
2024-01-16,2.6802,5.2817,-2.6014999999999997
2024-01-17,2.9068,6.3762,-3.4694
2024-01-18,3.476,4.2053,-0.7293000000000003
2024-01-19,4.5176,4.427,0.09060000000000024
2024-01-22,5.5357,5.6611,-0.12539999999999996
2024-01-23,5.9412,4.3819,1.5593000000000004
2024-01-24,3.3433,2.9472,0.3961000000000001
2024-01-25,2.8836,4.3849,-1.5013
2024-01-26,4.9123,7.6356,-2.7233
2024-01-29,2.1143,4.3927,-2.2783999999999995
2024-01-30,3.4264,5.1245,-1.6981000000000002
2024-01-31,5.5165,3.9288,1.5877
2024-02-01,4.9992,3.0073,1.9919000000000002
2024-02-02,2.0351,3.8327,-1.7976
2024-02-05,5.4752,3.6465,1.8287
2024-02-06,5.6495,2.2277,3.4217999999999997
2024-02-07,3.5014,4.4856,-0.9842
2024-02-08,0.4706,3.7384,-3.2678
2024-02-09,5.7498,1.8161,3.9336999999999995
2024-02-12,1.943,4.3429,-2.3999
2024-02-13,6.0736,3.3076,2.766
2024-02-14,6.0595,2.1602,3.8992999999999998
2024-02-15,3.7421,5.8311,-2.089
2024-02-16,6.578,3.2623,3.3157
2024-02-19,2.7684,3.7401,-0.9716999999999998
2024-02-20,3.1702,3.6359,-0.4657
2024-02-21,5.1925,3.4118,1.7807
2024-02-22,1.836,3.3947,-1.5586999999999998
2024-02-23,4.0279,1.4108,2.6170999999999998
2024-02-26,5.1601,5.814,-0.6539000000000001
2024-02-27,8.3658,3.5263,4.8395
2024-02-28,6.9702,5.7913,1.1789000000000005
2024-02-29,4.3365,3.9236,0.41290000000000004
2024-03-01,3.2367,3.8574,-0.6207000000000003
2024-03-04,6.319,7.4959,-1.1768999999999998
2024-03-05,6.2136,4.0168,2.1967999999999996
2024-03-06,4.4785,2.4956,1.9829000000000003
2024-03-07,3.7647,2.4218,1.3428999999999998
2024-03-08,6.0289,4.2466,1.7823000000000002
2024-03-11,3.9266,5.3534,-1.4267999999999996
2024-03-12,3.9891,3.6839,0.30520000000000014
2024-03-13,3.1096,2.9996,0.10999999999999988
2024-03-14,5.2961,4.5022,0.7938999999999998
2024-03-15,1.6741,4.5767,-2.9025999999999996
2024-03-18,7.3773,3.0837,4.2936
2024-03-19,1.1798,4.4501,-3.2702999999999998
2024-03-20,6.5646,1.5637,5.000900000000001
2024-03-21,2.9569,4.4296,-1.4726999999999997
2024-03-22,6.3617,4.071,2.2907
2024-03-25,2.7074,3.5183,-0.8109000000000002
2024-03-26,6.5514,3.8709,2.6805000000000003
2024-03-27,2.2333,0.4191,1.8141999999999998
2024-03-28,2.7458,3.7128,-0.9670000000000001
2024-03-29,4.0783,2.6844,1.3938999999999995
2024-04-01,3.4756,3.5106,-0.03500000000000014
2024-04-02,3.9167,4.4786,-0.5619000000000001
2024-04-03,6.6338,5.2764,1.3574000000000002
2024-04-04,5.0316,2.1978,2.8338
2024-04-05,7.2381,4.4948,2.7433000000000005
2024-04-08,5.3219,4.9266,0.39530000000000065
2024-04-09,4.1446,4.2828,-0.13820000000000032
2024-04-10,3.4199,5.6332,-2.2133000000000003
2024-04-11,5.2655,3.8409,1.4246000000000003
2024-04-12,5.1108,4.6057,0.5051000000000005
2024-04-15,8.3938,4.478,3.915800000000001
2024-04-16,3.4648,3.9658,-0.5010000000000003
2024-04-17,2.5333,2.1397,0.39360000000000017
2024-04-18,2.1916,2.9877,-0.7960999999999996
2024-04-19,6.6793,5.7561,0.9231999999999996
2024-04-22,5.8051,5.4039,0.4012000000000002
2024-04-23,3.9705,4.577,-0.6065
2024-04-24,4.4464,5.0327,-0.5863000000000005
2024-04-25,4.5792,5.0754,-0.4962
2024-04-26,4.0301,4.3648,-0.3346999999999998
2024-04-29,2.2192,5.2316,-3.0124000000000004
2024-04-30,4.7384,4.1654,0.5730000000000004
2024-05-01,3.1545,1.5506,1.6039
2024-05-02,6.1099,4.3924,1.7174999999999994
2024-05-03,2.0171,5.627,-3.6098999999999997
2024-05-06,6.8844,3.729,3.1554
2024-05-07,3.2931,4.0159,-0.7228000000000003
2024-05-08,7.6998,6.9185,0.7812999999999999
2024-05-09,3.9974,4.5995,-0.6021000000000001
2024-05-10,4.5,3.6983,0.8016999999999999
2024-05-13,6.391,1.8256,4.5654
2024-05-14,4.708,4.0227,0.6852999999999998
2024-05-15,3.584,2.7181,0.8658999999999999
2024-05-16,2.0808,3.8402,-1.7593999999999999
2024-05-17,5.1811,3.8394,1.3417
2024-05-20,3.734,7.0935,-3.3594999999999997
2024-05-21,5.9793,2.684,3.2953
2024-05-22,5.3079,1.7724,3.5355
2024-05-23,3.2153,6.2862,-3.0709
2024-05-24,3.7228,3.4871,0.23570000000000002
2024-05-27,3.914,3.5906,0.32340000000000035
2024-05-28,4.7782,2.0601,2.7181
2024-05-29,4.617,6.3968,-1.7797999999999998
2024-05-30,3.9824,5.6286,-1.6461999999999994
2024-05-31,4.0426,6.0153,-1.9726999999999997
2024-06-03,5.6458,4.9131,0.7327000000000004
2024-06-04,4.6975,5.4292,-0.7317
2024-06-05,7.1597,3.363,3.7967
2024-06-06,3.9437,5.8079,-1.8641999999999999
2024-06-07,5.822,3.4161,2.4059
2024-06-10,5.207,5.0253,0.1817000000000002
2024-06-11,3.9294,3.2536,0.6757999999999997
2024-06-12,4.6341,4.1678,0.4663000000000004
2024-06-13,4.9071,5.9094,-1.0023
2024-06-14,5.4308,5.7299,-0.29910000000000014
2024-06-17,2.9879,5.7461,-2.7582000000000004
2024-06-18,6.0931,4.0576,2.0355
2024-06-19,4.6768,3.3107,1.3660999999999999
2024-06-20,3.8386,6.3689,-2.5303
2024-06-21,7.046,2.6347,4.411300000000001
2024-06-24,3.7222,6.0523,-2.3301
2024-06-25,4.9447,3.4332,1.5115000000000003
2024-06-26,3.5271,7.3419,-3.8148
2024-06-27,5.3047,2.9286,2.3761000000000005
2024-06-28,3.9549,2.6775,1.2773999999999996
2024-07-01,1.9184,3.8236,-1.9051999999999998
2024-07-02,4.6723,2.9061,1.7662
2024-07-03,3.9175,3.5526,0.3649
2024-07-04,4.5647,5.6714,-1.1067
2024-07-05,4.9843,3.0434,1.9409
2024-07-08,2.2854,1.0043,1.2811000000000001
2024-07-09,6.745,4.7908,1.9542000000000002
2024-07-10,5.5582,7.4252,-1.867
2024-07-11,3.3816,2.3836,0.9980000000000002
2024-07-12,5.5821,2.0441,3.538
2024-07-15,1.1826,3.377,-2.1944
2024-07-16,3.3412,5.8136,-2.4724
2024-07-17,2.6798,0.8241,1.8557000000000001
2024-07-18,6.8104,4.765,2.0454
2024-07-19,2.2544,2.9055,-0.6511
2024-07-22,5.6715,6.5598,-0.8883000000000001
2024-07-23,5.8116,4.8276,0.984
2024-07-24,1.7276,4.0494,-2.3218000000000005
2024-07-25,3.6891,2.227,1.4621
2024-07-26,5.2898,3.1683,2.1214999999999997
2024-07-29,3.4158,4.9022,-1.4863999999999997
2024-07-30,4.172,4.9136,-0.7416
2024-07-31,5.674,5.4612,0.21280000000000054
2024-08-01,2.504,2.8354,-0.3313999999999999
2024-08-02,5.3447,6.1974,-0.8527000000000005
2024-08-05,3.9159,4.641,-0.7250999999999999
2024-08-06,2.9543,3.5252,-0.5709
2024-08-07,3.6208,3.6379,-0.017100000000000115
2024-08-08,1.9264,3.7262,-1.7998
2024-08-09,7.3499,3.65,3.6999
2024-08-12,2.7946,3.688,-0.8934000000000002
2024-08-13,4.1493,3.8165,0.3328000000000002
2024-08-14,1.0475,2.2542,-1.2066999999999999
2024-08-15,4.3791,4.696,-0.3168999999999995
2024-08-16,5.7284,3.7657,1.9627
2024-08-19,1.646,5.314,-3.668
2024-08-20,5.0438,6.6053,-1.5614999999999997
2024-08-21,3.4791,3.8882,-0.4091
2024-08-22,7.2339,5.9678,1.2660999999999998
2024-08-23,7.0448,3.3235,3.7213000000000003
2024-08-26,5.2766,0.9046,4.372
2024-08-27,3.9255,3.0592,0.8662999999999998
2024-08-28,5.8826,2.0139,3.8687
2024-08-29,4.0634,4.6855,-0.6221000000000005
2024-08-30,6.1956,4.0864,2.1091999999999995
2024-09-02,5.6357,7.3625,-1.7268
2024-09-03,5.0832,4.0184,1.0648
2024-09-04,3.4558,4.6901,-1.2343000000000002
2024-09-05,6.4851,4.4552,2.0299000000000005
2024-09-06,5.4308,4.6631,0.7676999999999996
2024-09-09,4.6193,5.4218,-0.8025000000000002
2024-09-10,1.7888,1.6061,0.18269999999999986
2024-09-11,7.4569,5.9083,1.5486000000000004
2024-09-12,2.796,6.4348,-3.6388000000000003
2024-09-13,8.1633,4.529,3.6342999999999996
2024-09-16,5.0064,2.7998,2.2066000000000003
2024-09-17,3.7976,3.9234,-0.1257999999999999
2024-09-18,7.0012,2.1681,4.8331
2024-09-19,6.3145,2.7079,3.6066
2024-09-20,4.2015,6.534,-2.3324999999999996
2024-09-23,2.9865,3.155,-0.16849999999999987
2024-09-24,4.2609,0.8771,3.3838000000000004
2024-09-25,4.363,5.508,-1.1449999999999996
2024-09-26,4.0228,2.8837,1.1391
2024-09-27,3.1956,2.5221,0.6735000000000002
2024-09-30,5.8505,5.8187,0.031800000000000495
2024-10-01,5.3528,1.4604,3.8924000000000003
2024-10-02,7.3374,6.2216,1.1158000000000001
2024-10-03,5.7351,4.1523,1.5827999999999998
2024-10-04,6.0812,3.6032,2.4779999999999998
2024-10-07,6.7822,4.48,2.302199999999999
2024-10-08,5.3547,5.0007,0.3540000000000001
2024-10-09,2.3776,4.4949,-2.1173
2024-10-10,5.6855,6.0704,-0.3849
2024-10-11,5.3198,5.0379,0.28190000000000026
2024-10-14,5.1999,6.2991,-1.0991999999999997
2024-10-15,3.0168,3.6504,-0.6335999999999999
2024-10-16,1.3613,3.0426,-1.6813000000000002
2024-10-17,7.214,2.4268,4.7872
2024-10-18,3.6951,3.7751,-0.08000000000000007
2024-10-21,5.2645,3.5686,1.6959
2024-10-22,4.5244,4.838,-0.3136000000000001
2024-10-23,3.6013,4.9981,-1.3967999999999998
2024-10-24,2.5992,6.6972,-4.097999999999999
2024-10-25,4.8407,2.8727,1.968
2024-10-28,5.025,5.9341,-0.9090999999999996
2024-10-29,4.5042,3.8804,0.6238000000000001
2024-10-30,1.8436,3.904,-2.0604
2024-10-31,7.0501,2.549,4.501099999999999
2024-11-01,4.7295,4.5509,0.17859999999999943
2024-11-04,5.5674,3.175,2.3924000000000003
2024-11-05,3.8528,1.9059,1.9468999999999999
2024-11-06,5.0881,3.0604,2.0277
2024-11-07,3.6039,1.1608,2.4431
2024-11-08,3.4968,1.6041,1.8926999999999998
2024-11-11,4.6511,3.3178,1.3332999999999995
2024-11-12,1.3044,3.7519,-2.4475
2024-11-13,4.3992,7.0836,-2.6843999999999992
2024-11-14,4.3379,3.8529,0.4850000000000003
2024-11-15,0.6213,2.8449,-2.2236000000000002
2024-11-18,4.217,4.2233,-0.006300000000000416
2024-11-19,2.7945,3.7522,-0.9577
2024-11-20,3.6533,4.9748,-1.3215
2024-11-21,4.3987,2.967,1.4316999999999998
2024-11-22,3.0561,3.3892,-0.3331000000000004
2024-11-25,5.0254,1.651,3.3744000000000005
2024-11-26,4.3593,3.1394,1.2199
2024-11-27,2.9086,3.8554,-0.9468000000000001
2024-11-28,3.8677,4.075,-0.20730000000000004
2024-11-29,7.8763,1.2194,6.656899999999999
2024-12-02,5.0219,4.4091,0.6128
2024-12-03,3.985,3.0158,0.9691999999999998
2024-12-04,4.9712,1.9311,3.0401
2024-12-05,3.1558,2.838,0.3178000000000001
2024-12-06,5.1249,3.4071,1.7178000000000004
2024-12-09,5.8333,4.8083,1.0250000000000004
2024-12-10,4.8211,3.0514,1.7697000000000003
2024-12-11,2.8424,4.7171,-1.8747000000000003
2024-12-12,3.1814,4.8868,-1.7054
2024-12-13,5.255,3.254,2.001
2024-12-16,5.3624,5.8579,-0.49549999999999983
2024-12-17,5.7204,2.4606,3.2598
2024-12-18,6.125,1.6282,4.4968
2024-12-19,4.9752,6.1042,-1.1289999999999996
2024-12-20,5.8096,4.1239,1.6856999999999998
2024-12-23,4.3383,3.0769,1.2614
2024-12-24,3.1447,5.216,-2.0713000000000004
2024-12-25,4.4582,4.2547,0.20350000000000001
2024-12-26,1.7914,6.2863,-4.4948999999999995
2024-12-27,2.0987,3.6882,-1.5895000000000001
2024-12-30,3.828,4.2234,-0.3954
2024-12-31,3.7728,5.1285,-1.3556999999999997
2025-01-01,3.6198,4.3671,-0.7472999999999996
2025-01-02,2.4258,4.5088,-2.0829999999999997
2025-01-03,3.7855,4.1438,-0.35829999999999984
2025-01-06,2.506,2.5556,-0.04960000000000031
2025-01-07,8.5334,3.9182,4.6152
2025-01-08,5.8179,4.0816,1.7363
2025-01-09,6.3581,0.794,5.5641
2025-01-10,4.0452,2.5495,1.4957000000000003
2025-01-13,4.0159,6.6949,-2.6789999999999994
2025-01-14,3.6253,5.8385,-2.2131999999999996
2025-01-15,3.829,6.1275,-2.2985
2025-01-16,3.1837,4.004,-0.8202999999999996
2025-01-17,4.1886,2.8734,1.3152
2025-01-20,5.6381,2.6819,2.9561999999999995
2025-01-21,2.314,4.6795,-2.3655
2025-01-22,2.7687,4.5205,-1.7518000000000002
2025-01-23,3.0413,2.3996,0.6417000000000002
2025-01-24,4.7292,6.1699,-1.4407000000000005
2025-01-27,5.7475,5.5246,0.2228999999999992
2025-01-28,6.2817,3.8702,2.4114999999999998
2025-01-29,3.5711,4.2053,-0.6342000000000003
2025-01-30,2.9662,3.6326,-0.6663999999999999
2025-01-31,2.9683,4.0956,-1.1273
2025-02-03,4.2862,2.6333,1.6528999999999998
2025-02-04,4.854,5.1797,-0.3257000000000003
2025-02-05,4.7351,4.082,0.6531000000000002
2025-02-06,7.1075,4.9384,2.1691000000000003
2025-02-07,3.7474,2.7794,0.968
2025-02-10,4.8485,2.974,1.8744999999999994
2025-02-11,4.9401,6.5902,-1.6501000000000001
2025-02-12,3.6655,2.8233,0.8422000000000001
2025-02-13,5.8897,5.2724,0.6173000000000002
2025-02-14,3.5871,1.8597,1.7274
2025-02-17,3.5183,4.6251,-1.1067999999999998
2025-02-18,4.4676,4.8082,-0.34060000000000024
2025-02-19,3.7446,6.5089,-2.7642999999999995
2025-02-20,3.6698,6.8942,-3.2243999999999997
2025-02-21,4.2192,4.3115,-0.09229999999999983
2025-02-24,3.8162,3.0685,0.7477
2025-02-25,6.4242,4.5056,1.9185999999999996
2025-02-26,4.1172,5.1442,-1.0269999999999992
2025-02-27,3.1957,2.3537,0.8420000000000001
2025-02-28,6.8739,2.0417,4.8322
2025-03-03,3.882,3.6053,0.27669999999999995
2025-03-04,3.1671,4.1707,-1.0036
2025-03-05,4.9483,5.8621,-0.9138000000000002
2025-03-06,4.1859,2.4769,1.709
2025-03-07,6.0763,3.8686,2.2077
2025-03-10,5.9038,-1.4825,7.3863
2025-03-11,8.826,5.6948,3.1312000000000006
2025-03-12,6.336,4.852,1.484
2025-03-13,5.1242,5.0708,0.05339999999999989
2025-03-14,2.4719,3.7383,-1.2664
2025-03-17,1.9995,4.4177,-2.4181999999999997
2025-03-18,4.1256,3.2692,0.8564000000000003
2025-03-19,5.9272,3.4841,2.4431
2025-03-20,2.2862,5.2058,-2.9196
2025-03-21,5.2658,4.6644,0.6013999999999999
2025-03-24,7.704,5.969,1.7349999999999994
2025-03-25,6.291,4.2294,2.0616000000000003
2025-03-26,2.9545,4.2845,-1.3300000000000005
2025-03-27,5.0345,4.7623,0.27220000000000066
2025-03-28,4.6804,4.926,-0.24560000000000048
2025-03-31,3.2444,3.8493,-0.6048999999999998
2025-04-01,5.002,3.5098,1.4922
2025-04-02,2.438,3.8304,-1.3923999999999999
2025-04-03,4.2072,3.6152,0.5920000000000001
2025-04-04,6.3633,3.665,2.6982999999999997
2025-04-07,5.7293,2.9477,2.7816
2025-04-08,2.1634,3.185,-1.0215999999999998
2025-04-09,3.3271,5.152,-1.8249
2025-04-10,5.0838,1.9912,3.0926
2025-04-11,3.1861,6.3401,-3.1539999999999995
2025-04-14,4.3106,5.47,-1.1593999999999998
2025-04-15,4.5116,6.0008,-1.4892000000000003
2025-04-16,3.4497,5.4974,-2.0477
2025-04-17,3.2933,4.2823,-0.9890000000000003
2025-04-18,4.7792,7.8171,-3.0378999999999996
2025-04-21,3.7929,3.976,-0.18310000000000004
2025-04-22,4.3673,6.6676,-2.3003
2025-04-23,4.7037,6.0345,-1.3308
2025-04-24,5.5137,4.6035,0.9101999999999997
2025-04-25,2.8461,3.0268,-0.1807000000000003
2025-04-28,2.6605,2.1388,0.5217
2025-04-29,5.754,2.2836,3.4703999999999997
2025-04-30,6.2582,3.3757,2.8825000000000003
2025-05-01,7.076,4.5905,2.4855
2025-05-02,3.717,4.5415,-0.8245
2025-05-05,2.3524,5.1471,-2.7947
2025-05-06,5.5889,4.992,0.5968999999999998
2025-05-07,0.4096,4.9487,-4.5390999999999995
2025-05-08,5.6207,3.7456,1.8751000000000002
2025-05-09,2.4475,2.7943,-0.3468
2025-05-12,5.0071,3.9795,1.0276000000000005
2025-05-13,3.7161,5.3125,-1.5964
2025-05-14,5.9357,5.6826,0.2530999999999999
2025-05-15,6.671,3.4318,3.2392000000000003
2025-05-16,5.1293,3.0216,2.1077
2025-05-19,1.9351,5.6771,-3.742
2025-05-20,2.5332,4.5075,-1.9743000000000004
2025-05-21,4.8741,4.137,0.7371000000000008
2025-05-22,5.3123,3.7197,1.5925999999999996
2025-05-23,6.5357,1.236,5.2997000000000005
2025-05-26,1.8018,3.1384,-1.3365999999999998
2025-05-27,4.6065,5.3543,-0.7478000000000007
2025-05-28,4.1591,4.1383,0.020799999999999486
2025-05-29,3.8007,4.8182,-1.0175
2025-05-30,5.7917,4.9261,0.8655999999999997
