date,Close_TGA
2000-01-03,103083.0
2000-01-04,273232.0
2000-01-05,273924.0
2000-01-06,753832.0
2000-01-07,169054.0
2000-01-10,701630.0
2000-01-11,526309.0
2000-01-12,459764.0
2000-01-13,592761.0
2000-01-14,163249.0
2000-01-17,527982.0
2000-01-18,713035.0
2000-01-19,733980.0
2000-01-20,397680.0
2000-01-21,635371.0
2000-01-24,658837.0
2000-01-25,415024.0
2000-01-26,566129.0
2000-01-27,590755.0
2000-01-28,830799.0
2000-01-31,710345.0
2000-02-01,342259.0
2000-02-02,444749.0
2000-02-03,694846.0
2000-02-04,598654.0
2000-02-07,561084.0
2000-02-08,564100.0
2000-02-09,359656.0
2000-02-10,279215.0
2000-02-11,462445.0
2000-02-14,509236.0
2000-02-15,551878.0
2000-02-16,300246.0
2000-02-17,637544.0
2000-02-18,319242.0
2000-02-21,352502.0
2000-02-22,351247.0
2000-02-23,339280.0
2000-02-24,405316.0
2000-02-25,588390.0
2000-02-28,71164.0
2000-02-29,549854.0
2000-03-01,412019.0
2000-03-02,382395.0
2000-03-03,378259.0
2000-03-06,185279.0
2000-03-07,147624.0
2000-03-08,469276.0
2000-03-09,589602.0
2000-03-10,554356.0
2000-03-13,160025.0
2000-03-14,-13046.0
2000-03-15,228691.0
2000-03-16,615863.0
2000-03-17,584112.0
2000-03-20,555046.0
2000-03-21,730579.0
2000-03-22,577358.0
2000-03-23,802123.0
2000-03-24,291216.0
2000-03-27,529735.0
2000-03-28,437035.0
2000-03-29,210342.0
2000-03-30,537880.0
2000-03-31,481851.0
2000-04-03,199834.0
2000-04-04,352854.0
2000-04-05,372421.0
2000-04-06,481744.0
2000-04-07,746788.0
2000-04-10,591692.0
2000-04-11,612194.0
2000-04-12,391485.0
2000-04-13,529923.0
2000-04-14,376229.0
2000-04-17,667658.0
2000-04-18,242787.0
2000-04-19,321680.0
2000-04-20,1091234.0
2000-04-21,388508.0
2000-04-24,502340.0
2000-04-25,400476.0
2000-04-26,703241.0
2000-04-27,843022.0
2000-04-28,64947.0
2000-05-01,919503.0
2000-05-02,685614.0
2000-05-03,718381.0
2000-05-04,461368.0
2000-05-05,404596.0
2000-05-08,733408.0
2000-05-09,214117.0
2000-05-10,333075.0
2000-05-11,311516.0
2000-05-12,412672.0
2000-05-15,596042.0
2000-05-16,294858.0
2000-05-17,738253.0
2000-05-18,518947.0
2000-05-19,671536.0
2000-05-22,628893.0
2000-05-23,678330.0
2000-05-24,507580.0
2000-05-25,377946.0
2000-05-26,532770.0
2000-05-29,204105.0
2000-05-30,340523.0
2000-05-31,295427.0
2000-06-01,716891.0
2000-06-02,430218.0
2000-06-05,216756.0
2000-06-06,439687.0
2000-06-07,836209.0
2000-06-08,462699.0
2000-06-09,466276.0
2000-06-12,584672.0
2000-06-13,790546.0
2000-06-14,856194.0
2000-06-15,520731.0
2000-06-16,731560.0
2000-06-19,552331.0
2000-06-20,324046.0
2000-06-21,666356.0
2000-06-22,233593.0
2000-06-23,688588.0
2000-06-26,385246.0
2000-06-27,756962.0
2000-06-28,330497.0
2000-06-29,469677.0
2000-06-30,566093.0
2000-07-03,602762.0
2000-07-04,221736.0
2000-07-05,334532.0
2000-07-06,389936.0
2000-07-07,255068.0
2000-07-10,84902.0
2000-07-11,866118.0
2000-07-12,634390.0
2000-07-13,386195.0
2000-07-14,251057.0
2000-07-17,482860.0
2000-07-18,583882.0
2000-07-19,577499.0
2000-07-20,449542.0
2000-07-21,371276.0
2000-07-24,368509.0
2000-07-25,317406.0
2000-07-26,935257.0
2000-07-27,442243.0
2000-07-28,699782.0
2000-07-31,672428.0
2000-08-01,531080.0
2000-08-02,619342.0
2000-08-03,546332.0
2000-08-04,204257.0
2000-08-07,617697.0
2000-08-08,352970.0
2000-08-09,136285.0
2000-08-10,380808.0
2000-08-11,354202.0
2000-08-14,-138040.0
2000-08-15,310954.0
2000-08-16,611143.0
2000-08-17,392063.0
2000-08-18,579614.0
2000-08-21,469569.0
2000-08-22,653779.0
2000-08-23,231736.0
2000-08-24,454474.0
2000-08-25,344929.0
2000-08-28,258624.0
2000-08-29,327550.0
2000-08-30,616399.0
2000-08-31,593991.0
2000-09-01,526950.0
2000-09-04,682937.0
2000-09-05,357538.0
2000-09-06,503050.0
2000-09-07,468942.0
2000-09-08,451952.0
2000-09-11,169104.0
2000-09-12,481937.0
2000-09-13,903838.0
2000-09-14,443659.0
2000-09-15,741619.0
2000-09-18,653941.0
2000-09-19,224743.0
2000-09-20,416357.0
2000-09-21,300556.0
2000-09-22,500146.0
2000-09-25,797431.0
2000-09-26,295450.0
2000-09-27,188345.0
2000-09-28,476449.0
2000-09-29,262274.0
2000-10-02,443372.0
2000-10-03,450960.0
2000-10-04,451042.0
2000-10-05,414470.0
2000-10-06,531424.0
2000-10-09,586421.0
2000-10-10,774205.0
2000-10-11,653792.0
2000-10-12,677029.0
2000-10-13,516429.0
2000-10-16,308534.0
2000-10-17,401664.0
2000-10-18,500933.0
2000-10-19,371940.0
2000-10-20,220555.0
2000-10-23,184861.0
2000-10-24,358389.0
2000-10-25,698309.0
2000-10-26,782511.0
2000-10-27,607477.0
2000-10-30,444168.0
2000-10-31,770395.0
2000-11-01,811991.0
2000-11-02,507772.0
2000-11-03,615408.0
2000-11-06,419289.0
2000-11-07,118317.0
2000-11-08,423335.0
2000-11-09,243160.0
2000-11-10,587897.0
2000-11-13,651883.0
2000-11-14,464370.0
2000-11-15,190851.0
2000-11-16,581778.0
2000-11-17,638241.0
2000-11-20,444410.0
2000-11-21,498551.0
2000-11-22,799926.0
2000-11-23,581779.0
2000-11-24,158763.0
2000-11-27,546204.0
2000-11-28,329927.0
2000-11-29,487017.0
2000-11-30,-34441.0
2000-12-01,867023.0
2000-12-04,576344.0
2000-12-05,152869.0
2000-12-06,482249.0
2000-12-07,580883.0
2000-12-08,443013.0
2000-12-11,756923.0
2000-12-12,333318.0
2000-12-13,557726.0
2000-12-14,497781.0
2000-12-15,702150.0
2000-12-18,462185.0
2000-12-19,757595.0
2000-12-20,59729.0
2000-12-21,232158.0
2000-12-22,360670.0
2000-12-25,537158.0
2000-12-26,802893.0
2000-12-27,947539.0
2000-12-28,358123.0
2000-12-29,645255.0
2001-01-01,335931.0
2001-01-02,713582.0
2001-01-03,568242.0
2001-01-04,599962.0
2001-01-05,695022.0
2001-01-08,869998.0
2001-01-09,438632.0
2001-01-10,553113.0
2001-01-11,625058.0
2001-01-12,54556.0
2001-01-15,692055.0
2001-01-16,624716.0
2001-01-17,330618.0
2001-01-18,407754.0
2001-01-19,472304.0
2001-01-22,23959.0
2001-01-23,574959.0
2001-01-24,466183.0
2001-01-25,814278.0
2001-01-26,808979.0
2001-01-29,338175.0
2001-01-30,783466.0
2001-01-31,618843.0
2001-02-01,567213.0
2001-02-02,447478.0
2001-02-05,964560.0
2001-02-06,330512.0
2001-02-07,583049.0
2001-02-08,461134.0
2001-02-09,548785.0
2001-02-12,807114.0
2001-02-13,412522.0
2001-02-14,607129.0
2001-02-15,1054510.0
2001-02-16,539956.0
2001-02-19,317830.0
2001-02-20,545966.0
2001-02-21,963331.0
2001-02-22,329730.0
2001-02-23,560434.0
2001-02-26,619737.0
2001-02-27,509698.0
2001-02-28,578600.0
2001-03-01,660317.0
2001-03-02,656022.0
2001-03-05,459475.0
2001-03-06,533480.0
2001-03-07,624554.0
2001-03-08,541168.0
2001-03-09,306933.0
2001-03-12,438852.0
2001-03-13,741508.0
2001-03-14,280307.0
2001-03-15,443009.0
2001-03-16,338198.0
2001-03-19,665505.0
2001-03-20,624176.0
2001-03-21,700531.0
2001-03-22,31352.0
2001-03-23,315078.0
2001-03-26,616478.0
2001-03-27,451395.0
2001-03-28,542872.0
2001-03-29,227012.0
2001-03-30,629158.0
2001-04-02,418076.0
2001-04-03,118985.0
2001-04-04,287282.0
2001-04-05,508375.0
2001-04-06,912892.0
2001-04-09,414411.0
2001-04-10,616082.0
2001-04-11,281243.0
2001-04-12,554847.0
2001-04-13,535320.0
2001-04-16,456693.0
2001-04-17,507108.0
2001-04-18,89772.0
2001-04-19,580856.0
2001-04-20,623422.0
2001-04-23,307095.0
2001-04-24,176220.0
2001-04-25,569252.0
2001-04-26,538391.0
2001-04-27,604420.0
2001-04-30,680122.0
2001-05-01,-37865.0
2001-05-02,337090.0
2001-05-03,618192.0
2001-05-04,505246.0
2001-05-07,389369.0
2001-05-08,710894.0
2001-05-09,260441.0
2001-05-10,355189.0
2001-05-11,428531.0
2001-05-14,510999.0
2001-05-15,442140.0
2001-05-16,396681.0
2001-05-17,439365.0
2001-05-18,205998.0
2001-05-21,707571.0
2001-05-22,484003.0
2001-05-23,265961.0
2001-05-24,408560.0
2001-05-25,359439.0
2001-05-28,543748.0
2001-05-29,482092.0
2001-05-30,567582.0
2001-05-31,50258.0
2001-06-01,773948.0
2001-06-04,550341.0
2001-06-05,753944.0
2001-06-06,869808.0
2001-06-07,499874.0
2001-06-08,509562.0
2001-06-11,355574.0
2001-06-12,909076.0
2001-06-13,657525.0
2001-06-14,868518.0
2001-06-15,549129.0
2001-06-18,514483.0
2001-06-19,615951.0
2001-06-20,569495.0
2001-06-21,745306.0
2001-06-22,367454.0
2001-06-25,272663.0
2001-06-26,560364.0
2001-06-27,479410.0
2001-06-28,394219.0
2001-06-29,519556.0
2001-07-02,290983.0
2001-07-03,816138.0
2001-07-04,551776.0
2001-07-05,829848.0
2001-07-06,632661.0
2001-07-09,375297.0
2001-07-10,129274.0
2001-07-11,633635.0
2001-07-12,625303.0
2001-07-13,608977.0
2001-07-16,13113.0
2001-07-17,334464.0
2001-07-18,465062.0
2001-07-19,403109.0
2001-07-20,655294.0
2001-07-23,579561.0
2001-07-24,109582.0
2001-07-25,512458.0
2001-07-26,651866.0
2001-07-27,622314.0
2001-07-30,388179.0
2001-07-31,335674.0
2001-08-01,484066.0
2001-08-02,196753.0
2001-08-03,378974.0
2001-08-06,609857.0
2001-08-07,248694.0
2001-08-08,270459.0
2001-08-09,436870.0
2001-08-10,672692.0
2001-08-13,641419.0
2001-08-14,478511.0
2001-08-15,477364.0
2001-08-16,681887.0
2001-08-17,-38482.0
2001-08-20,416495.0
2001-08-21,397411.0
2001-08-22,447076.0
2001-08-23,252162.0
2001-08-24,638295.0
2001-08-27,354053.0
2001-08-28,434447.0
2001-08-29,206139.0
2001-08-30,564815.0
2001-08-31,717300.0
2001-09-03,94830.0
2001-09-04,594926.0
2001-09-05,535707.0
2001-09-06,773675.0
2001-09-07,186195.0
2001-09-10,270842.0
2001-09-11,552033.0
2001-09-12,721380.0
2001-09-13,551430.0
2001-09-14,692535.0
2001-09-17,339410.0
2001-09-18,805694.0
2001-09-19,393291.0
2001-09-20,598532.0
2001-09-21,160580.0
2001-09-24,970699.0
2001-09-25,672181.0
2001-09-26,325673.0
2001-09-27,767166.0
2001-09-28,679832.0
2001-10-01,590631.0
2001-10-02,394542.0
2001-10-03,294374.0
2001-10-04,304599.0
2001-10-05,572994.0
2001-10-08,1056196.0
2001-10-09,259029.0
2001-10-10,887299.0
2001-10-11,472652.0
2001-10-12,476721.0
2001-10-15,426536.0
2001-10-16,780483.0
2001-10-17,563230.0
2001-10-18,543065.0
2001-10-19,373886.0
2001-10-22,454695.0
2001-10-23,720559.0
2001-10-24,527748.0
2001-10-25,594374.0
2001-10-26,554060.0
2001-10-29,414996.0
2001-10-30,657810.0
2001-10-31,621617.0
2001-11-01,445357.0
2001-11-02,638831.0
2001-11-05,685554.0
2001-11-06,228257.0
2001-11-07,559607.0
2001-11-08,397384.0
2001-11-09,473757.0
2001-11-12,603937.0
2001-11-13,304273.0
2001-11-14,245631.0
2001-11-15,268197.0
2001-11-16,724192.0
2001-11-19,389803.0
2001-11-20,343133.0
2001-11-21,363239.0
2001-11-22,206634.0
2001-11-23,220529.0
2001-11-26,468836.0
2001-11-27,497877.0
2001-11-28,312372.0
2001-11-29,353840.0
2001-11-30,414138.0
2001-12-03,453713.0
2001-12-04,803132.0
2001-12-05,778582.0
2001-12-06,580641.0
2001-12-07,329961.0
2001-12-10,430181.0
2001-12-11,460814.0
2001-12-12,575147.0
2001-12-13,443619.0
2001-12-14,678347.0
2001-12-17,889726.0
2001-12-18,352175.0
2001-12-19,462713.0
2001-12-20,561555.0
2001-12-21,366262.0
2001-12-24,501639.0
2001-12-25,663498.0
2001-12-26,745926.0
2001-12-27,870103.0
2001-12-28,503227.0
2001-12-31,368908.0
2002-01-01,570746.0
2002-01-02,328116.0
2002-01-03,545944.0
2002-01-04,738377.0
2002-01-07,394436.0
2002-01-08,374840.0
2002-01-09,678013.0
2002-01-10,627592.0
2002-01-11,640722.0
2002-01-14,398857.0
2002-01-15,431751.0
2002-01-16,642586.0
2002-01-17,525778.0
2002-01-18,462495.0
2002-01-21,326224.0
2002-01-22,134966.0
2002-01-23,620449.0
2002-01-24,726583.0
2002-01-25,290401.0
2002-01-28,584834.0
2002-01-29,819733.0
2002-01-30,731720.0
2002-01-31,470281.0
2002-02-01,483058.0
2002-02-04,464149.0
2002-02-05,567539.0
2002-02-06,296276.0
2002-02-07,310731.0
2002-02-08,648563.0
2002-02-11,614125.0
2002-02-12,788031.0
2002-02-13,764202.0
2002-02-14,724931.0
2002-02-15,428120.0
2002-02-18,496093.0
2002-02-19,418436.0
2002-02-20,717807.0
2002-02-21,666517.0
2002-02-22,426823.0
2002-02-25,445166.0
2002-02-26,674991.0
2002-02-27,451557.0
2002-02-28,354282.0
2002-03-01,620075.0
2002-03-04,689895.0
2002-03-05,877898.0
2002-03-06,413231.0
2002-03-07,-48432.0
2002-03-08,245732.0
2002-03-11,604792.0
2002-03-12,660294.0
2002-03-13,232446.0
2002-03-14,250605.0
2002-03-15,397281.0
2002-03-18,134647.0
2002-03-19,426720.0
2002-03-20,666580.0
2002-03-21,68508.0
2002-03-22,200907.0
2002-03-25,804914.0
2002-03-26,747444.0
2002-03-27,465789.0
2002-03-28,378178.0
2002-03-29,193636.0
2002-04-01,469047.0
2002-04-02,377028.0
2002-04-03,856497.0
2002-04-04,329674.0
2002-04-05,966040.0
2002-04-08,424629.0
2002-04-09,215460.0
2002-04-10,701575.0
2002-04-11,617074.0
2002-04-12,509304.0
2002-04-15,418841.0
2002-04-16,318461.0
2002-04-17,455425.0
2002-04-18,144623.0
2002-04-19,443870.0
2002-04-22,570690.0
2002-04-23,396052.0
2002-04-24,393623.0
2002-04-25,291852.0
2002-04-26,410441.0
2002-04-29,233731.0
2002-04-30,581601.0
2002-05-01,807910.0
2002-05-02,288084.0
2002-05-03,441983.0
2002-05-06,413160.0
2002-05-07,420550.0
2002-05-08,593513.0
2002-05-09,-52537.0
2002-05-10,626134.0
2002-05-13,674620.0
2002-05-14,364482.0
2002-05-15,711775.0
2002-05-16,531095.0
2002-05-17,632407.0
2002-05-20,413902.0
2002-05-21,514617.0
2002-05-22,645342.0
2002-05-23,342602.0
2002-05-24,680728.0
2002-05-27,444155.0
2002-05-28,69885.0
2002-05-29,333030.0
2002-05-30,182203.0
2002-05-31,527586.0
2002-06-03,210575.0
2002-06-04,671800.0
2002-06-05,701170.0
2002-06-06,309900.0
2002-06-07,111479.0
2002-06-10,446030.0
2002-06-11,568059.0
2002-06-12,686980.0
2002-06-13,607163.0
2002-06-14,423906.0
2002-06-17,228428.0
2002-06-18,255778.0
2002-06-19,180778.0
2002-06-20,405865.0
2002-06-21,698703.0
2002-06-24,239021.0
2002-06-25,550912.0
2002-06-26,408188.0
2002-06-27,436193.0
2002-06-28,738802.0
2002-07-01,341010.0
2002-07-02,574794.0
2002-07-03,573798.0
2002-07-04,670531.0
2002-07-05,437053.0
2002-07-08,294408.0
2002-07-09,964170.0
2002-07-10,581521.0
2002-07-11,238224.0
2002-07-12,829100.0
2002-07-15,639511.0
2002-07-16,712420.0
2002-07-17,458123.0
2002-07-18,356599.0
2002-07-19,548923.0
2002-07-22,324524.0
2002-07-23,664427.0
2002-07-24,448313.0
2002-07-25,530501.0
2002-07-26,267773.0
2002-07-29,535676.0
2002-07-30,329068.0
2002-07-31,442152.0
2002-08-01,830673.0
2002-08-02,265722.0
2002-08-05,678497.0
2002-08-06,576595.0
2002-08-07,729548.0
2002-08-08,347699.0
2002-08-09,470658.0
2002-08-12,413769.0
2002-08-13,597132.0
2002-08-14,185759.0
2002-08-15,632224.0
2002-08-16,604453.0
2002-08-19,611983.0
2002-08-20,328367.0
2002-08-21,120499.0
2002-08-22,580177.0
2002-08-23,697905.0
2002-08-26,423476.0
2002-08-27,340747.0
2002-08-28,267434.0
2002-08-29,513297.0
2002-08-30,299920.0
2002-09-02,571861.0
2002-09-03,483696.0
2002-09-04,323686.0
2002-09-05,747747.0
2002-09-06,-2619.0
2002-09-09,581594.0
2002-09-10,99220.0
2002-09-11,408809.0
2002-09-12,340661.0
2002-09-13,730967.0
2002-09-16,471372.0
2002-09-17,535356.0
2002-09-18,638894.0
2002-09-19,256690.0
2002-09-20,557746.0
2002-09-23,505649.0
2002-09-24,436910.0
2002-09-25,637642.0
2002-09-26,466011.0
2002-09-27,422751.0
2002-09-30,603960.0
2002-10-01,402484.0
2002-10-02,151020.0
2002-10-03,606983.0
2002-10-04,430075.0
2002-10-07,614110.0
2002-10-08,376877.0
2002-10-09,418828.0
2002-10-10,1127285.0
2002-10-11,278749.0
2002-10-14,683592.0
2002-10-15,663058.0
2002-10-16,137545.0
2002-10-17,460362.0
2002-10-18,321341.0
2002-10-21,338486.0
2002-10-22,499591.0
2002-10-23,541538.0
2002-10-24,210898.0
2002-10-25,412794.0
2002-10-28,551614.0
2002-10-29,214444.0
2002-10-30,653467.0
2002-10-31,565418.0
2002-11-01,523788.0
2002-11-04,611283.0
2002-11-05,437121.0
2002-11-06,465437.0
2002-11-07,335476.0
2002-11-08,403266.0
2002-11-11,288125.0
2002-11-12,552304.0
2002-11-13,537211.0
2002-11-14,488880.0
2002-11-15,533236.0
2002-11-18,578747.0
2002-11-19,655609.0
2002-11-20,1261103.0
2002-11-21,719845.0
2002-11-22,144959.0
2002-11-25,339601.0
2002-11-26,531952.0
2002-11-27,487957.0
2002-11-28,333786.0
2002-11-29,456642.0
2002-12-02,675174.0
2002-12-03,369616.0
2002-12-04,410240.0
2002-12-05,580906.0
2002-12-06,719410.0
2002-12-09,726062.0
2002-12-10,651414.0
2002-12-11,304955.0
2002-12-12,667453.0
2002-12-13,303141.0
2002-12-16,561468.0
2002-12-17,609492.0
2002-12-18,606904.0
2002-12-19,578614.0
2002-12-20,635099.0
2002-12-23,507342.0
2002-12-24,378658.0
2002-12-25,795941.0
2002-12-26,519133.0
2002-12-27,272232.0
2002-12-30,682603.0
2002-12-31,647043.0
2003-01-01,-205246.0
2003-01-02,1227982.0
2003-01-03,335156.0
2003-01-06,395202.0
2003-01-07,310715.0
2003-01-08,737390.0
2003-01-09,322000.0
2003-01-10,485277.0
2003-01-13,848521.0
2003-01-14,546332.0
2003-01-15,647934.0
2003-01-16,573823.0
2003-01-17,625860.0
2003-01-20,53814.0
2003-01-21,411958.0
2003-01-22,435542.0
2003-01-23,626652.0
2003-01-24,715056.0
2003-01-27,381639.0
2003-01-28,455483.0
2003-01-29,564347.0
2003-01-30,670300.0
2003-01-31,157419.0
2003-02-03,169058.0
2003-02-04,439191.0
2003-02-05,528974.0
2003-02-06,570401.0
2003-02-07,729097.0
2003-02-10,658090.0
2003-02-11,-11008.0
2003-02-12,340207.0
2003-02-13,957359.0
2003-02-14,314616.0
2003-02-17,636096.0
2003-02-18,609157.0
2003-02-19,476537.0
2003-02-20,334608.0
2003-02-21,302212.0
2003-02-24,370471.0
2003-02-25,583603.0
2003-02-26,639129.0
2003-02-27,475052.0
2003-02-28,486778.0
2003-03-03,255499.0
2003-03-04,796307.0
2003-03-05,740114.0
2003-03-06,506196.0
2003-03-07,130704.0
2003-03-10,579912.0
2003-03-11,571456.0
2003-03-12,211203.0
2003-03-13,687264.0
2003-03-14,358376.0
2003-03-17,586840.0
2003-03-18,363837.0
2003-03-19,304539.0
2003-03-20,430943.0
2003-03-21,541729.0
2003-03-24,447010.0
2003-03-25,224750.0
2003-03-26,696251.0
2003-03-27,527664.0
2003-03-28,330659.0
2003-03-31,683061.0
2003-04-01,947224.0
2003-04-02,532484.0
2003-04-03,750800.0
2003-04-04,374405.0
2003-04-07,700167.0
2003-04-08,285467.0
2003-04-09,784382.0
2003-04-10,566467.0
2003-04-11,416109.0
2003-04-14,435280.0
2003-04-15,710194.0
2003-04-16,741407.0
2003-04-17,866828.0
2003-04-18,146871.0
2003-04-21,597169.0
2003-04-22,191401.0
2003-04-23,339404.0
2003-04-24,793603.0
2003-04-25,385508.0
2003-04-28,656547.0
2003-04-29,398374.0
2003-04-30,614826.0
2003-05-01,794527.0
2003-05-02,439965.0
2003-05-05,421780.0
2003-05-06,406446.0
2003-05-07,436227.0
2003-05-08,494735.0
2003-05-09,277134.0
2003-05-12,589759.0
2003-05-13,347697.0
2003-05-14,501002.0
2003-05-15,370276.0
2003-05-16,475830.0
2003-05-19,897258.0
2003-05-20,342573.0
2003-05-21,464620.0
2003-05-22,548034.0
2003-05-23,594121.0
2003-05-26,537574.0
2003-05-27,246677.0
2003-05-28,363787.0
2003-05-29,343934.0
2003-05-30,381579.0
2003-06-02,735272.0
2003-06-03,984175.0
2003-06-04,617625.0
2003-06-05,547931.0
2003-06-06,345506.0
2003-06-09,681071.0
2003-06-10,654280.0
2003-06-11,564868.0
2003-06-12,411227.0
2003-06-13,632195.0
2003-06-16,221871.0
2003-06-17,167445.0
2003-06-18,203193.0
2003-06-19,352683.0
2003-06-20,205339.0
2003-06-23,170280.0
2003-06-24,864993.0
2003-06-25,526358.0
2003-06-26,357654.0
2003-06-27,257505.0
2003-06-30,575598.0
2003-07-01,302445.0
2003-07-02,913702.0
2003-07-03,537253.0
2003-07-04,651129.0
2003-07-07,660530.0
2003-07-08,627811.0
2003-07-09,389564.0
2003-07-10,556349.0
2003-07-11,819460.0
2003-07-14,366394.0
2003-07-15,292740.0
2003-07-16,336460.0
2003-07-17,200249.0
2003-07-18,369664.0
2003-07-21,265761.0
2003-07-22,451089.0
2003-07-23,467618.0
2003-07-24,258217.0
2003-07-25,623656.0
2003-07-28,274660.0
2003-07-29,498336.0
2003-07-30,599672.0
2003-07-31,440534.0
2003-08-01,465955.0
2003-08-04,619600.0
2003-08-05,580531.0
2003-08-06,334719.0
2003-08-07,803575.0
2003-08-08,684815.0
2003-08-11,394092.0
2003-08-12,767656.0
2003-08-13,801322.0
2003-08-14,417610.0
2003-08-15,233771.0
2003-08-18,622524.0
2003-08-19,715537.0
2003-08-20,608041.0
2003-08-21,638399.0
2003-08-22,751215.0
2003-08-25,499568.0
2003-08-26,520869.0
2003-08-27,414825.0
2003-08-28,490410.0
2003-08-29,490288.0
2003-09-01,423484.0
2003-09-02,348064.0
2003-09-03,347748.0
2003-09-04,602813.0
2003-09-05,362059.0
2003-09-08,324364.0
2003-09-09,545260.0
2003-09-10,503372.0
2003-09-11,-130245.0
2003-09-12,963099.0
2003-09-15,302470.0
2003-09-16,629910.0
2003-09-17,483836.0
2003-09-18,505685.0
2003-09-19,666723.0
2003-09-22,690598.0
2003-09-23,482790.0
2003-09-24,785548.0
2003-09-25,617055.0
2003-09-26,880740.0
2003-09-29,562693.0
2003-09-30,647113.0
2003-10-01,472371.0
2003-10-02,396042.0
2003-10-03,345764.0
2003-10-06,468652.0
2003-10-07,629718.0
2003-10-08,367663.0
2003-10-09,305439.0
2003-10-10,463028.0
2003-10-13,534513.0
2003-10-14,330279.0
2003-10-15,807002.0
2003-10-16,833818.0
2003-10-17,497757.0
2003-10-20,500875.0
2003-10-21,1056078.0
2003-10-22,482223.0
2003-10-23,350562.0
2003-10-24,558127.0
2003-10-27,357555.0
2003-10-28,494204.0
2003-10-29,397596.0
2003-10-30,378888.0
2003-10-31,338496.0
2003-11-03,190904.0
2003-11-04,384232.0
2003-11-05,259067.0
2003-11-06,382980.0
2003-11-07,381375.0
2003-11-10,602641.0
2003-11-11,425500.0
2003-11-12,596825.0
2003-11-13,340572.0
2003-11-14,759810.0
2003-11-17,619759.0
2003-11-18,556712.0
2003-11-19,570001.0
2003-11-20,399031.0
2003-11-21,724686.0
2003-11-24,483688.0
2003-11-25,448572.0
2003-11-26,151040.0
2003-11-27,937906.0
2003-11-28,465015.0
2003-12-01,244418.0
2003-12-02,727784.0
2003-12-03,739037.0
2003-12-04,106090.0
2003-12-05,919392.0
2003-12-08,339699.0
2003-12-09,512585.0
2003-12-10,411554.0
2003-12-11,1063573.0
2003-12-12,634535.0
2003-12-15,411272.0
2003-12-16,765527.0
2003-12-17,426784.0
2003-12-18,428491.0
2003-12-19,513319.0
2003-12-22,521309.0
2003-12-23,377232.0
2003-12-24,397386.0
2003-12-25,204468.0
2003-12-26,436412.0
2003-12-29,831672.0
2003-12-30,618518.0
2003-12-31,491216.0
2004-01-01,194293.0
2004-01-02,268853.0
2004-01-05,760660.0
2004-01-06,644103.0
2004-01-07,723392.0
2004-01-08,683099.0
2004-01-09,-11448.0
2004-01-12,658961.0
2004-01-13,650408.0
2004-01-14,464803.0
2004-01-15,523147.0
2004-01-16,379152.0
2004-01-19,765768.0
2004-01-20,703582.0
2004-01-21,693172.0
2004-01-22,829004.0
2004-01-23,1017810.0
2004-01-26,1061433.0
2004-01-27,603970.0
2004-01-28,647145.0
2004-01-29,7374.0
2004-01-30,359107.0
2004-02-02,455559.0
2004-02-03,639771.0
2004-02-04,673758.0
2004-02-05,433018.0
2004-02-06,431613.0
2004-02-09,470168.0
2004-02-10,407196.0
2004-02-11,465894.0
2004-02-12,444546.0
2004-02-13,396876.0
2004-02-16,534398.0
2004-02-17,233143.0
2004-02-18,231081.0
2004-02-19,585897.0
2004-02-20,366036.0
2004-02-23,279483.0
2004-02-24,496814.0
2004-02-25,715151.0
2004-02-26,656967.0
2004-02-27,677313.0
2004-03-01,254933.0
2004-03-02,195818.0
2004-03-03,741518.0
2004-03-04,564880.0
2004-03-05,728013.0
2004-03-08,247393.0
2004-03-09,557971.0
2004-03-10,277212.0
2004-03-11,556127.0
2004-03-12,502098.0
2004-03-15,160454.0
2004-03-16,417710.0
2004-03-17,559389.0
2004-03-18,546855.0
2004-03-19,536262.0
2004-03-22,290310.0
2004-03-23,557898.0
2004-03-24,123553.0
2004-03-25,597994.0
2004-03-26,488305.0
2004-03-29,531590.0
2004-03-30,713372.0
2004-03-31,935326.0
2004-04-01,495724.0
2004-04-02,297028.0
2004-04-05,345747.0
2004-04-06,353097.0
2004-04-07,248443.0
2004-04-08,598425.0
2004-04-09,579837.0
2004-04-12,826917.0
2004-04-13,594229.0
2004-04-14,520183.0
2004-04-15,287412.0
2004-04-16,689185.0
2004-04-19,830484.0
2004-04-20,550374.0
2004-04-21,413930.0
2004-04-22,941611.0
2004-04-23,370686.0
2004-04-26,526878.0
2004-04-27,639854.0
2004-04-28,594603.0
2004-04-29,360401.0
2004-04-30,506415.0
2004-05-03,340809.0
2004-05-04,395463.0
2004-05-05,505622.0
2004-05-06,657400.0
2004-05-07,361506.0
2004-05-10,661696.0
2004-05-11,379079.0
2004-05-12,494886.0
2004-05-13,711066.0
2004-05-14,655465.0
2004-05-17,394395.0
2004-05-18,742129.0
2004-05-19,261015.0
2004-05-20,571296.0
2004-05-21,672057.0
2004-05-24,473588.0
2004-05-25,573455.0
2004-05-26,492431.0
2004-05-27,333953.0
2004-05-28,598694.0
2004-05-31,512393.0
2004-06-01,467012.0
2004-06-02,405253.0
2004-06-03,520378.0
2004-06-04,162509.0
2004-06-07,645838.0
2004-06-08,335895.0
2004-06-09,377086.0
2004-06-10,805921.0
2004-06-11,886410.0
2004-06-14,657522.0
2004-06-15,311526.0
2004-06-16,223154.0
2004-06-17,620737.0
2004-06-18,565197.0
2004-06-21,222052.0
2004-06-22,429332.0
2004-06-23,499987.0
2004-06-24,511680.0
2004-06-25,239243.0
2004-06-28,337963.0
2004-06-29,749654.0
2004-06-30,602344.0
2004-07-01,315000.0
2004-07-02,120778.0
2004-07-05,896133.0
2004-07-06,640686.0
2004-07-07,756679.0
2004-07-08,467312.0
2004-07-09,246172.0
2004-07-12,746816.0
2004-07-13,160094.0
2004-07-14,396843.0
2004-07-15,811056.0
2004-07-16,480272.0
2004-07-19,472942.0
2004-07-20,588095.0
2004-07-21,635993.0
2004-07-22,366756.0
2004-07-23,61659.0
2004-07-26,867550.0
2004-07-27,565016.0
2004-07-28,757860.0
2004-07-29,581029.0
2004-07-30,308682.0
2004-08-02,862860.0
2004-08-03,723427.0
2004-08-04,685619.0
2004-08-05,408514.0
2004-08-06,180407.0
2004-08-09,439305.0
2004-08-10,709604.0
2004-08-11,-28120.0
2004-08-12,421592.0
2004-08-13,297538.0
2004-08-16,410002.0
2004-08-17,560260.0
2004-08-18,801104.0
2004-08-19,-68196.0
2004-08-20,829773.0
2004-08-23,588987.0
2004-08-24,475709.0
2004-08-25,493334.0
2004-08-26,591668.0
2004-08-27,687864.0
2004-08-30,596182.0
2004-08-31,663856.0
2004-09-01,372195.0
2004-09-02,418668.0
2004-09-03,440462.0
2004-09-06,820935.0
2004-09-07,523357.0
2004-09-08,401382.0
2004-09-09,575138.0
2004-09-10,295325.0
2004-09-13,666790.0
2004-09-14,506565.0
2004-09-15,474799.0
2004-09-16,450152.0
2004-09-17,469857.0
2004-09-20,592574.0
2004-09-21,715681.0
2004-09-22,765262.0
2004-09-23,589808.0
2004-09-24,581061.0
2004-09-27,389340.0
2004-09-28,645761.0
2004-09-29,722614.0
2004-09-30,269960.0
2004-10-01,405169.0
2004-10-04,441326.0
2004-10-05,444130.0
2004-10-06,417717.0
2004-10-07,723749.0
2004-10-08,731947.0
2004-10-11,163866.0
2004-10-12,664280.0
2004-10-13,237918.0
2004-10-14,946939.0
2004-10-15,493400.0
2004-10-18,313751.0
2004-10-19,765642.0
2004-10-20,815002.0
2004-10-21,439765.0
2004-10-22,385582.0
2004-10-25,178398.0
2004-10-26,302640.0
2004-10-27,358343.0
2004-10-28,393545.0
2004-10-29,455744.0
2004-11-01,250113.0
2004-11-02,632359.0
2004-11-03,372054.0
2004-11-04,346347.0
2004-11-05,685154.0
2004-11-08,652217.0
2004-11-09,325625.0
2004-11-10,464027.0
2004-11-11,427309.0
2004-11-12,418323.0
2004-11-15,616071.0
2004-11-16,421523.0
2004-11-17,347010.0
2004-11-18,257784.0
2004-11-19,448090.0
2004-11-22,490049.0
2004-11-23,299291.0
2004-11-24,837570.0
2004-11-25,402331.0
2004-11-26,739723.0
2004-11-29,241343.0
2004-11-30,380925.0
2004-12-01,595705.0
2004-12-02,655136.0
2004-12-03,490690.0
2004-12-06,412192.0
2004-12-07,645628.0
2004-12-08,371521.0
2004-12-09,436824.0
2004-12-10,319774.0
2004-12-13,686088.0
2004-12-14,516566.0
2004-12-15,416724.0
2004-12-16,375719.0
2004-12-17,644747.0
2004-12-20,594131.0
2004-12-21,522914.0
2004-12-22,357384.0
2004-12-23,387670.0
2004-12-24,308451.0
2004-12-27,1048091.0
2004-12-28,471651.0
2004-12-29,290498.0
2004-12-30,563375.0
2004-12-31,114993.0
2005-01-03,817916.0
2005-01-04,628465.0
2005-01-05,525619.0
2005-01-06,464821.0
2005-01-07,355158.0
2005-01-10,55875.0
2005-01-11,289345.0
2005-01-12,618808.0
2005-01-13,879661.0
2005-01-14,307868.0
2005-01-17,379175.0
2005-01-18,281901.0
2005-01-19,143440.0
2005-01-20,610789.0
2005-01-21,389293.0
2005-01-24,134957.0
2005-01-25,790472.0
2005-01-26,635108.0
2005-01-27,473994.0
2005-01-28,262373.0
2005-01-31,496401.0
2005-02-01,642689.0
2005-02-02,560541.0
2005-02-03,319892.0
2005-02-04,563709.0
2005-02-07,515346.0
2005-02-08,925268.0
2005-02-09,588059.0
2005-02-10,665152.0
2005-02-11,737314.0
2005-02-14,438598.0
2005-02-15,909300.0
2005-02-16,620074.0
2005-02-17,187513.0
2005-02-18,472661.0
2005-02-21,183847.0
2005-02-22,65912.0
2005-02-23,732927.0
2005-02-24,608164.0
2005-02-25,928118.0
2005-02-28,603522.0
2005-03-01,255548.0
2005-03-02,477692.0
2005-03-03,276384.0
2005-03-04,651198.0
2005-03-07,756579.0
2005-03-08,248702.0
2005-03-09,158019.0
2005-03-10,676134.0
2005-03-11,115225.0
2005-03-14,118302.0
2005-03-15,429892.0
2005-03-16,569193.0
2005-03-17,499638.0
2005-03-18,250649.0
2005-03-21,199132.0
2005-03-22,39831.0
2005-03-23,889039.0
2005-03-24,625012.0
2005-03-25,633037.0
2005-03-28,482199.0
2005-03-29,431848.0
2005-03-30,709547.0
2005-03-31,515518.0
2005-04-01,581088.0
2005-04-04,429996.0
2005-04-05,528977.0
2005-04-06,461147.0
2005-04-07,347895.0
2005-04-08,412972.0
2005-04-11,328823.0
2005-04-12,234265.0
2005-04-13,441225.0
2005-04-14,672582.0
2005-04-15,92930.0
2005-04-18,523418.0
2005-04-19,219618.0
2005-04-20,570290.0
2005-04-21,282273.0
2005-04-22,806234.0
2005-04-25,333724.0
2005-04-26,745122.0
2005-04-27,705764.0
2005-04-28,728297.0
2005-04-29,494889.0
2005-05-02,201389.0
2005-05-03,426172.0
2005-05-04,453188.0
2005-05-05,588322.0
2005-05-06,303396.0
2005-05-09,618998.0
2005-05-10,677757.0
2005-05-11,741839.0
2005-05-12,598439.0
2005-05-13,352743.0
2005-05-16,568139.0
2005-05-17,296720.0
2005-05-18,559867.0
2005-05-19,625667.0
2005-05-20,565532.0
2005-05-23,616128.0
2005-05-24,413452.0
2005-05-25,651040.0
2005-05-26,619141.0
2005-05-27,883131.0
2005-05-30,745233.0
2005-05-31,163123.0
2005-06-01,474247.0
2005-06-02,351587.0
2005-06-03,489976.0
2005-06-06,895498.0
2005-06-07,495645.0
2005-06-08,386609.0
2005-06-09,641806.0
2005-06-10,538066.0
2005-06-13,306842.0
2005-06-14,368019.0
2005-06-15,761396.0
2005-06-16,391448.0
2005-06-17,904021.0
2005-06-20,613973.0
2005-06-21,327939.0
2005-06-22,674555.0
2005-06-23,424078.0
2005-06-24,470229.0
2005-06-27,245895.0
2005-06-28,565834.0
2005-06-29,512358.0
2005-06-30,201488.0
2005-07-01,264116.0
2005-07-04,472890.0
2005-07-05,365069.0
2005-07-06,569838.0
2005-07-07,450054.0
2005-07-08,603597.0
2005-07-11,660351.0
2005-07-12,719457.0
2005-07-13,656639.0
2005-07-14,474213.0
2005-07-15,465186.0
2005-07-18,791526.0
2005-07-19,454301.0
2005-07-20,748150.0
2005-07-21,506145.0
2005-07-22,414265.0
2005-07-25,606805.0
2005-07-26,417501.0
2005-07-27,599398.0
2005-07-28,499390.0
2005-07-29,857990.0
2005-08-01,278209.0
2005-08-02,713983.0
2005-08-03,787386.0
2005-08-04,790513.0
2005-08-05,660810.0
2005-08-08,572101.0
2005-08-09,808562.0
2005-08-10,347424.0
2005-08-11,538119.0
2005-08-12,817759.0
2005-08-15,318894.0
2005-08-16,353442.0
2005-08-17,179872.0
2005-08-18,418316.0
2005-08-19,449967.0
2005-08-22,280543.0
2005-08-23,247244.0
2005-08-24,631432.0
2005-08-25,1039472.0
2005-08-26,130743.0
2005-08-29,7593.0
2005-08-30,945577.0
2005-08-31,647282.0
2005-09-01,565006.0
2005-09-02,539203.0
2005-09-05,505025.0
2005-09-06,784349.0
2005-09-07,507345.0
2005-09-08,88790.0
2005-09-09,493370.0
2005-09-12,382186.0
2005-09-13,432086.0
2005-09-14,323506.0
2005-09-15,437596.0
2005-09-16,356239.0
2005-09-19,390638.0
2005-09-20,755147.0
2005-09-21,290950.0
2005-09-22,436655.0
2005-09-23,461629.0
2005-09-26,593153.0
2005-09-27,496284.0
2005-09-28,425908.0
2005-09-29,299809.0
2005-09-30,213099.0
2005-10-03,692887.0
2005-10-04,542199.0
2005-10-05,695849.0
2005-10-06,562533.0
2005-10-07,268235.0
2005-10-10,593975.0
2005-10-11,540398.0
2005-10-12,458856.0
2005-10-13,238550.0
2005-10-14,300555.0
2005-10-17,335073.0
2005-10-18,641055.0
2005-10-19,506686.0
2005-10-20,859089.0
2005-10-21,617324.0
2005-10-24,748916.0
2005-10-25,882770.0
2005-10-26,-43614.0
2005-10-27,400451.0
2005-10-28,270991.0
2005-10-31,468699.0
2005-11-01,-17852.0
2005-11-02,662832.0
2005-11-03,502878.0
2005-11-04,795275.0
2005-11-07,690801.0
2005-11-08,616031.0
2005-11-09,425721.0
2005-11-10,583117.0
2005-11-11,465562.0
2005-11-14,500025.0
2005-11-15,173309.0
2005-11-16,681247.0
2005-11-17,513526.0
2005-11-18,235074.0
2005-11-21,494631.0
2005-11-22,592190.0
2005-11-23,277959.0
2005-11-24,541106.0
2005-11-25,211369.0
2005-11-28,211055.0
2005-11-29,237673.0
2005-11-30,505565.0
2005-12-01,400089.0
2005-12-02,515139.0
2005-12-05,669368.0
2005-12-06,255241.0
2005-12-07,674151.0
2005-12-08,219790.0
2005-12-09,772309.0
2005-12-12,893116.0
2005-12-13,628156.0
2005-12-14,475961.0
2005-12-15,465862.0
2005-12-16,470407.0
2005-12-19,887320.0
2005-12-20,243869.0
2005-12-21,756921.0
2005-12-22,290946.0
2005-12-23,729609.0
2005-12-26,610692.0
2005-12-27,494071.0
2005-12-28,279433.0
2005-12-29,590779.0
2005-12-30,404844.0
2006-01-02,393431.0
2006-01-03,797431.0
2006-01-04,378427.0
2006-01-05,455368.0
2006-01-06,386239.0
2006-01-09,315244.0
2006-01-10,798641.0
2006-01-11,294965.0
2006-01-12,531879.0
2006-01-13,497141.0
2006-01-16,459789.0
2006-01-17,399165.0
2006-01-18,601038.0
2006-01-19,530146.0
2006-01-20,821375.0
2006-01-23,-56049.0
2006-01-24,547837.0
2006-01-25,111253.0
2006-01-26,495155.0
2006-01-27,291644.0
2006-01-30,379028.0
2006-01-31,499356.0
2006-02-01,893279.0
2006-02-02,334244.0
2006-02-03,678700.0
2006-02-06,691052.0
2006-02-07,560364.0
2006-02-08,73938.0
2006-02-09,367574.0
2006-02-10,500533.0
2006-02-13,826296.0
2006-02-14,151966.0
2006-02-15,621429.0
2006-02-16,519953.0
2006-02-17,535719.0
2006-02-20,556369.0
2006-02-21,695231.0
2006-02-22,690749.0
2006-02-23,506901.0
2006-02-24,446030.0
2006-02-27,660030.0
2006-02-28,423815.0
2006-03-01,396848.0
2006-03-02,647228.0
2006-03-03,630802.0
2006-03-06,716838.0
2006-03-07,944730.0
2006-03-08,537816.0
2006-03-09,309310.0
2006-03-10,706932.0
2006-03-13,842410.0
2006-03-14,352178.0
2006-03-15,317729.0
2006-03-16,65084.0
2006-03-17,333121.0
2006-03-20,717731.0
2006-03-21,489614.0
2006-03-22,411743.0
2006-03-23,1031423.0
2006-03-24,595071.0
2006-03-27,405914.0
2006-03-28,727156.0
2006-03-29,725678.0
2006-03-30,642274.0
2006-03-31,502125.0
2006-04-03,173335.0
2006-04-04,364437.0
2006-04-05,288139.0
2006-04-06,1029454.0
2006-04-07,704812.0
2006-04-10,437845.0
2006-04-11,382373.0
2006-04-12,319923.0
2006-04-13,439437.0
2006-04-14,365254.0
2006-04-17,380488.0
2006-04-18,441458.0
2006-04-19,979190.0
2006-04-20,751862.0
2006-04-21,764905.0
2006-04-24,815919.0
2006-04-25,309054.0
2006-04-26,632672.0
2006-04-27,425898.0
2006-04-28,365427.0
2006-05-01,513872.0
2006-05-02,368674.0
2006-05-03,902875.0
2006-05-04,518710.0
2006-05-05,616009.0
2006-05-08,318664.0
2006-05-09,270580.0
2006-05-10,590989.0
2006-05-11,682872.0
2006-05-12,660418.0
2006-05-15,494805.0
2006-05-16,322766.0
2006-05-17,451838.0
2006-05-18,338829.0
2006-05-19,499194.0
2006-05-22,418177.0
2006-05-23,413168.0
2006-05-24,581125.0
2006-05-25,575612.0
2006-05-26,809763.0
2006-05-29,671593.0
2006-05-30,452453.0
2006-05-31,243267.0
2006-06-01,393539.0
2006-06-02,399893.0
2006-06-05,206660.0
2006-06-06,308003.0
2006-06-07,596399.0
2006-06-08,567024.0
2006-06-09,763251.0
2006-06-12,212634.0
2006-06-13,257953.0
2006-06-14,459056.0
2006-06-15,201111.0
2006-06-16,442947.0
2006-06-19,508291.0
2006-06-20,505833.0
2006-06-21,334538.0
2006-06-22,332499.0
2006-06-23,404885.0
2006-06-26,175186.0
2006-06-27,288827.0
2006-06-28,287722.0
2006-06-29,580155.0
2006-06-30,291426.0
2006-07-03,720102.0
2006-07-04,571396.0
2006-07-05,789161.0
2006-07-06,912860.0
2006-07-07,223564.0
2006-07-10,197007.0
2006-07-11,143761.0
2006-07-12,77082.0
2006-07-13,433852.0
2006-07-14,237127.0
2006-07-17,474106.0
2006-07-18,435157.0
2006-07-19,588919.0
2006-07-20,364932.0
2006-07-21,366653.0
2006-07-24,433705.0
2006-07-25,361098.0
2006-07-26,885809.0
2006-07-27,585763.0
2006-07-28,305099.0
2006-07-31,560270.0
2006-08-01,419808.0
2006-08-02,517470.0
2006-08-03,217106.0
2006-08-04,513303.0
2006-08-07,365983.0
2006-08-08,631842.0
2006-08-09,607512.0
2006-08-10,452204.0
2006-08-11,528331.0
2006-08-14,593642.0
2006-08-15,283527.0
2006-08-16,733108.0
2006-08-17,593569.0
2006-08-18,466010.0
2006-08-21,694740.0
2006-08-22,289540.0
2006-08-23,327872.0
2006-08-24,600172.0
2006-08-25,439870.0
2006-08-28,205912.0
2006-08-29,629205.0
2006-08-30,455243.0
2006-08-31,936363.0
2006-09-01,765627.0
2006-09-04,-24177.0
2006-09-05,665674.0
2006-09-06,279754.0
2006-09-07,476169.0
2006-09-08,653991.0
2006-09-11,205030.0
2006-09-12,450210.0
2006-09-13,358394.0
2006-09-14,81113.0
2006-09-15,470509.0
2006-09-18,515822.0
2006-09-19,348800.0
2006-09-20,298451.0
2006-09-21,430158.0
2006-09-22,403064.0
2006-09-25,757712.0
2006-09-26,678033.0
2006-09-27,415134.0
2006-09-28,635896.0
2006-09-29,712552.0
2006-10-02,163668.0
2006-10-03,457426.0
2006-10-04,536657.0
2006-10-05,504456.0
2006-10-06,502986.0
2006-10-09,869041.0
2006-10-10,205704.0
2006-10-11,-165919.0
2006-10-12,670028.0
2006-10-13,775637.0
2006-10-16,596108.0
2006-10-17,674160.0
2006-10-18,576796.0
2006-10-19,451856.0
2006-10-20,325845.0
2006-10-23,467014.0
2006-10-24,150875.0
2006-10-25,915129.0
2006-10-26,445949.0
2006-10-27,619785.0
2006-10-30,492019.0
2006-10-31,364817.0
2006-11-01,718311.0
2006-11-02,637176.0
2006-11-03,685370.0
2006-11-06,408507.0
2006-11-07,503803.0
2006-11-08,825326.0
2006-11-09,390413.0
2006-11-10,700404.0
2006-11-13,854218.0
2006-11-14,636462.0
2006-11-15,542678.0
2006-11-16,560255.0
2006-11-17,545103.0
2006-11-20,343968.0
2006-11-21,225195.0
2006-11-22,395335.0
2006-11-23,523805.0
2006-11-24,457810.0
2006-11-27,324025.0
2006-11-28,688254.0
2006-11-29,513194.0
2006-11-30,428718.0
2006-12-01,524114.0
2006-12-04,784851.0
2006-12-05,415608.0
2006-12-06,590873.0
2006-12-07,257156.0
2006-12-08,316534.0
2006-12-11,243734.0
2006-12-12,362829.0
2006-12-13,621350.0
2006-12-14,431213.0
2006-12-15,505413.0
2006-12-18,189021.0
2006-12-19,554259.0
2006-12-20,332303.0
2006-12-21,466271.0
2006-12-22,311046.0
2006-12-25,470136.0
2006-12-26,608003.0
2006-12-27,594239.0
2006-12-28,124512.0
2006-12-29,544521.0
2007-01-01,59232.0
2007-01-02,360579.0
2007-01-03,520677.0
2007-01-04,586231.0
2007-01-05,663290.0
2007-01-08,582438.0
2007-01-09,803033.0
2007-01-10,623885.0
2007-01-11,73216.0
2007-01-12,39157.0
2007-01-15,390314.0
2007-01-16,861959.0
2007-01-17,532587.0
2007-01-18,311969.0
2007-01-19,423263.0
2007-01-22,331900.0
2007-01-23,595171.0
2007-01-24,484200.0
2007-01-25,597906.0
2007-01-26,249720.0
2007-01-29,255834.0
2007-01-30,483065.0
2007-01-31,512853.0
2007-02-01,249239.0
2007-02-02,139244.0
2007-02-05,579694.0
2007-02-06,694402.0
2007-02-07,546703.0
2007-02-08,584098.0
2007-02-09,702250.0
2007-02-12,165988.0
2007-02-13,491869.0
2007-02-14,282773.0
2007-02-15,725403.0
2007-02-16,347823.0
2007-02-19,719708.0
2007-02-20,779983.0
2007-02-21,193097.0
2007-02-22,247091.0
2007-02-23,377498.0
2007-02-26,642061.0
2007-02-27,223333.0
2007-02-28,303713.0
2007-03-01,488143.0
2007-03-02,640902.0
2007-03-05,568988.0
2007-03-06,473916.0
2007-03-07,377547.0
2007-03-08,663523.0
2007-03-09,409862.0
2007-03-12,860894.0
2007-03-13,509287.0
2007-03-14,386122.0
2007-03-15,210172.0
2007-03-16,611093.0
2007-03-19,329459.0
2007-03-20,430904.0
2007-03-21,713074.0
2007-03-22,457841.0
2007-03-23,763340.0
2007-03-26,111965.0
2007-03-27,871197.0
2007-03-28,311337.0
2007-03-29,587783.0
2007-03-30,396324.0
2007-04-02,607854.0
2007-04-03,687650.0
2007-04-04,825862.0
2007-04-05,777601.0
2007-04-06,528984.0
2007-04-09,801691.0
2007-04-10,517869.0
2007-04-11,630131.0
2007-04-12,439659.0
2007-04-13,768595.0
2007-04-16,491619.0
2007-04-17,759432.0
2007-04-18,361628.0
2007-04-19,46055.0
2007-04-20,420897.0
2007-04-23,202403.0
2007-04-24,245238.0
2007-04-25,725806.0
2007-04-26,452604.0
2007-04-27,802580.0
2007-04-30,488848.0
2007-05-01,755830.0
2007-05-02,578405.0
2007-05-03,133486.0
2007-05-04,409233.0
2007-05-07,425765.0
2007-05-08,956096.0
2007-05-09,520599.0
2007-05-10,603136.0
2007-05-11,525521.0
2007-05-14,454510.0
2007-05-15,553579.0
2007-05-16,324833.0
2007-05-17,611539.0
2007-05-18,466134.0
2007-05-21,699981.0
2007-05-22,646956.0
2007-05-23,607820.0
2007-05-24,487318.0
2007-05-25,703029.0
2007-05-28,366339.0
2007-05-29,867825.0
2007-05-30,291770.0
2007-05-31,279265.0
2007-06-01,218403.0
2007-06-04,307227.0
2007-06-05,570970.0
2007-06-06,213533.0
2007-06-07,830366.0
2007-06-08,100235.0
2007-06-11,299013.0
2007-06-12,67543.0
2007-06-13,427723.0
2007-06-14,235874.0
2007-06-15,128766.0
2007-06-18,623853.0
2007-06-19,535029.0
2007-06-20,474610.0
2007-06-21,446150.0
2007-06-22,286495.0
2007-06-25,546887.0
2007-06-26,690834.0
2007-06-27,596926.0
2007-06-28,488436.0
2007-06-29,695841.0
2007-07-02,379742.0
2007-07-03,215474.0
2007-07-04,299590.0
2007-07-05,876473.0
2007-07-06,631397.0
2007-07-09,758107.0
2007-07-10,637637.0
2007-07-11,447093.0
2007-07-12,796202.0
2007-07-13,356342.0
2007-07-16,647939.0
2007-07-17,729830.0
2007-07-18,512100.0
2007-07-19,490218.0
2007-07-20,570420.0
2007-07-23,450854.0
2007-07-24,421515.0
2007-07-25,690077.0
2007-07-26,396995.0
2007-07-27,256245.0
2007-07-30,418377.0
2007-07-31,733687.0
2007-08-01,463786.0
2007-08-02,624445.0
2007-08-03,386480.0
2007-08-06,585645.0
2007-08-07,157750.0
2007-08-08,680643.0
2007-08-09,594682.0
2007-08-10,320555.0
2007-08-13,363339.0
2007-08-14,398591.0
2007-08-15,256215.0
2007-08-16,716770.0
2007-08-17,484752.0
2007-08-20,462934.0
2007-08-21,657191.0
2007-08-22,350736.0
2007-08-23,222816.0
2007-08-24,688754.0
2007-08-27,522783.0
2007-08-28,400254.0
2007-08-29,492828.0
2007-08-30,118335.0
2007-08-31,415079.0
2007-09-03,538611.0
2007-09-04,450602.0
2007-09-05,567519.0
2007-09-06,491776.0
2007-09-07,561627.0
2007-09-10,668160.0
2007-09-11,799651.0
2007-09-12,291284.0
2007-09-13,473963.0
2007-09-14,568271.0
2007-09-17,495172.0
2007-09-18,551212.0
2007-09-19,579482.0
2007-09-20,493467.0
2007-09-21,254931.0
2007-09-24,459232.0
2007-09-25,413642.0
2007-09-26,428714.0
2007-09-27,224108.0
2007-09-28,782080.0
2007-10-01,701408.0
2007-10-02,440855.0
2007-10-03,655148.0
2007-10-04,629528.0
2007-10-05,756180.0
2007-10-08,347365.0
2007-10-09,66107.0
2007-10-10,493455.0
2007-10-11,275655.0
2007-10-12,521484.0
2007-10-15,543798.0
2007-10-16,215474.0
2007-10-17,347715.0
2007-10-18,43326.0
2007-10-19,98178.0
2007-10-22,706282.0
2007-10-23,620696.0
2007-10-24,434008.0
2007-10-25,388482.0
2007-10-26,448562.0
2007-10-29,546715.0
2007-10-30,240416.0
2007-10-31,461190.0
2007-11-01,506684.0
2007-11-02,614889.0
2007-11-05,651660.0
2007-11-06,837857.0
2007-11-07,963.0
2007-11-08,334295.0
2007-11-09,512905.0
2007-11-12,315598.0
2007-11-13,660693.0
2007-11-14,317924.0
2007-11-15,566684.0
2007-11-16,706395.0
2007-11-19,633779.0
2007-11-20,61914.0
2007-11-21,447276.0
2007-11-22,563093.0
2007-11-23,559484.0
2007-11-26,849460.0
2007-11-27,584539.0
2007-11-28,627651.0
2007-11-29,366908.0
2007-11-30,62148.0
2007-12-03,132664.0
2007-12-04,576738.0
2007-12-05,837594.0
2007-12-06,676792.0
2007-12-07,-8788.0
2007-12-10,-121742.0
2007-12-11,1035366.0
2007-12-12,715865.0
2007-12-13,488989.0
2007-12-14,185638.0
2007-12-17,197299.0
2007-12-18,402605.0
2007-12-19,339290.0
2007-12-20,290924.0
2007-12-21,906955.0
2007-12-24,567283.0
2007-12-25,454459.0
2007-12-26,600245.0
2007-12-27,542452.0
2007-12-28,166710.0
2007-12-31,602007.0
2008-01-01,379987.0
2008-01-02,278682.0
2008-01-03,444582.0
2008-01-04,684260.0
2008-01-07,810224.0
2008-01-08,715776.0
2008-01-09,242542.0
2008-01-10,354725.0
2008-01-11,306401.0
2008-01-14,536028.0
2008-01-15,314204.0
2008-01-16,554621.0
2008-01-17,196555.0
2008-01-18,312456.0
2008-01-21,964824.0
2008-01-22,266509.0
2008-01-23,717721.0
2008-01-24,433535.0
2008-01-25,470251.0
2008-01-28,626833.0
2008-01-29,779881.0
2008-01-30,149379.0
2008-01-31,609292.0
2008-02-01,312880.0
2008-02-04,531951.0
2008-02-05,681137.0
2008-02-06,742813.0
2008-02-07,552715.0
2008-02-08,789203.0
2008-02-11,719110.0
2008-02-12,607647.0
2008-02-13,396797.0
2008-02-14,486812.0
2008-02-15,376989.0
2008-02-18,426576.0
2008-02-19,434713.0
2008-02-20,431616.0
2008-02-21,657877.0
2008-02-22,632617.0
2008-02-25,793674.0
2008-02-26,524030.0
2008-02-27,597260.0
2008-02-28,1087480.0
2008-02-29,496379.0
2008-03-03,435530.0
2008-03-04,628380.0
2008-03-05,758225.0
2008-03-06,312223.0
2008-03-07,360869.0
2008-03-10,948688.0
2008-03-11,310635.0
2008-03-12,584555.0
2008-03-13,429903.0
2008-03-14,231053.0
2008-03-17,471464.0
2008-03-18,772267.0
2008-03-19,881846.0
2008-03-20,529369.0
2008-03-21,-26707.0
2008-03-24,474837.0
2008-03-25,549357.0
2008-03-26,616227.0
2008-03-27,633862.0
2008-03-28,517832.0
2008-03-31,451227.0
2008-04-01,289664.0
2008-04-02,297105.0
2008-04-03,621297.0
2008-04-04,418541.0
2008-04-07,521079.0
2008-04-08,238958.0
2008-04-09,288700.0
2008-04-10,922230.0
2008-04-11,449857.0
2008-04-14,485489.0
2008-04-15,619015.0
2008-04-16,245362.0
2008-04-17,357131.0
2008-04-18,398906.0
2008-04-21,740000.0
2008-04-22,255032.0
2008-04-23,479843.0
2008-04-24,621986.0
2008-04-25,435937.0
2008-04-28,531579.0
2008-04-29,768848.0
2008-04-30,658663.0
2008-05-01,823917.0
2008-05-02,643964.0
2008-05-05,817935.0
2008-05-06,503685.0
2008-05-07,581691.0
2008-05-08,665717.0
2008-05-09,573870.0
2008-05-12,491592.0
2008-05-13,343382.0
2008-05-14,619986.0
2008-05-15,370898.0
2008-05-16,314882.0
2008-05-19,336787.0
2008-05-20,938304.0
2008-05-21,341833.0
2008-05-22,511858.0
2008-05-23,254356.0
2008-05-26,847829.0
2008-05-27,688942.0
2008-05-28,504596.0
2008-05-29,425975.0
2008-05-30,676365.0
2008-06-02,400205.0
2008-06-03,42846.0
2008-06-04,535238.0
2008-06-05,496265.0
2008-06-06,259087.0
2008-06-09,316481.0
2008-06-10,971943.0
2008-06-11,709070.0
2008-06-12,648104.0
2008-06-13,598767.0
2008-06-16,502836.0
2008-06-17,484050.0
2008-06-18,394997.0
2008-06-19,521189.0
2008-06-20,645074.0
2008-06-23,504081.0
2008-06-24,786278.0
2008-06-25,511471.0
2008-06-26,444857.0
2008-06-27,410210.0
2008-06-30,988455.0
2008-07-01,457106.0
2008-07-02,763924.0
2008-07-03,898518.0
2008-07-04,521381.0
2008-07-07,526242.0
2008-07-08,449175.0
2008-07-09,285222.0
2008-07-10,470152.0
2008-07-11,476488.0
2008-07-14,265411.0
2008-07-15,451628.0
2008-07-16,638366.0
2008-07-17,833987.0
2008-07-18,679606.0
2008-07-21,548438.0
2008-07-22,811097.0
2008-07-23,278798.0
2008-07-24,524180.0
2008-07-25,642539.0
2008-07-28,724572.0
2008-07-29,813428.0
2008-07-30,96737.0
2008-07-31,381346.0
2008-08-01,720014.0
2008-08-04,817209.0
2008-08-05,364662.0
2008-08-06,410910.0
2008-08-07,392143.0
2008-08-08,817145.0
2008-08-11,809629.0
2008-08-12,255053.0
2008-08-13,794125.0
2008-08-14,344888.0
2008-08-15,592190.0
2008-08-18,797763.0
2008-08-19,587713.0
2008-08-20,462987.0
2008-08-21,415595.0
2008-08-22,605283.0
2008-08-25,609354.0
2008-08-26,383958.0
2008-08-27,688340.0
2008-08-28,650412.0
2008-08-29,645432.0
2008-09-01,161408.0
2008-09-02,669646.0
2008-09-03,674680.0
2008-09-04,630272.0
2008-09-05,623427.0
2008-09-08,726241.0
2008-09-09,526182.0
2008-09-10,272516.0
2008-09-11,572478.0
2008-09-12,437853.0
2008-09-15,505441.0
2008-09-16,233704.0
2008-09-17,217651.0
2008-09-18,458659.0
2008-09-19,805128.0
2008-09-22,848577.0
2008-09-23,439492.0
2008-09-24,386083.0
2008-09-25,952878.0
2008-09-26,618493.0
2008-09-29,803278.0
2008-09-30,560589.0
2008-10-01,653867.0
2008-10-02,830700.0
2008-10-03,555580.0
2008-10-06,532020.0
2008-10-07,387577.0
2008-10-08,646953.0
2008-10-09,771040.0
2008-10-10,600018.0
2008-10-13,523346.0
2008-10-14,359114.0
2008-10-15,407348.0
2008-10-16,473367.0
2008-10-17,504140.0
2008-10-20,136042.0
2008-10-21,575208.0
2008-10-22,405217.0
2008-10-23,509642.0
2008-10-24,282262.0
2008-10-27,760268.0
2008-10-28,424619.0
2008-10-29,547429.0
2008-10-30,533088.0
2008-10-31,750433.0
2008-11-03,459893.0
2008-11-04,649821.0
2008-11-05,534796.0
2008-11-06,556888.0
2008-11-07,576995.0
2008-11-10,559716.0
2008-11-11,429329.0
2008-11-12,439451.0
2008-11-13,723592.0
2008-11-14,643302.0
2008-11-17,730104.0
2008-11-18,375035.0
2008-11-19,340692.0
2008-11-20,527878.0
2008-11-21,550447.0
2008-11-24,483788.0
2008-11-25,97903.0
2008-11-26,615493.0
2008-11-27,276393.0
2008-11-28,356888.0
2008-12-01,630853.0
2008-12-02,428299.0
2008-12-03,293305.0
2008-12-04,685022.0
2008-12-05,858375.0
2008-12-08,238922.0
2008-12-09,214212.0
2008-12-10,464960.0
2008-12-11,404577.0
2008-12-12,832642.0
2008-12-15,286203.0
2008-12-16,501558.0
2008-12-17,505333.0
2008-12-18,603078.0
2008-12-19,266234.0
2008-12-22,374454.0
2008-12-23,370477.0
2008-12-24,293026.0
2008-12-25,283586.0
2008-12-26,532278.0
2008-12-29,519512.0
2008-12-30,694862.0
2008-12-31,338286.0
2009-01-01,558336.0
2009-01-02,529042.0
2009-01-05,617375.0
2009-01-06,522459.0
2009-01-07,234958.0
2009-01-08,819345.0
2009-01-09,662203.0
2009-01-12,516721.0
2009-01-13,415278.0
2009-01-14,523121.0
2009-01-15,370546.0
2009-01-16,210799.0
2009-01-19,342218.0
2009-01-20,235733.0
2009-01-21,362996.0
2009-01-22,716897.0
2009-01-23,768793.0
2009-01-26,456360.0
2009-01-27,588295.0
2009-01-28,188094.0
2009-01-29,641774.0
2009-01-30,587667.0
2009-02-02,285954.0
2009-02-03,962575.0
2009-02-04,179397.0
2009-02-05,342085.0
2009-02-06,497854.0
2009-02-09,606784.0
2009-02-10,416864.0
2009-02-11,688029.0
2009-02-12,552583.0
2009-02-13,450724.0
2009-02-16,323110.0
2009-02-17,322450.0
2009-02-18,428591.0
2009-02-19,534180.0
2009-02-20,655489.0
2009-02-23,1056206.0
2009-02-24,128140.0
2009-02-25,441198.0
2009-02-26,424743.0
2009-02-27,412476.0
2009-03-02,428152.0
2009-03-03,844955.0
2009-03-04,627045.0
2009-03-05,449780.0
2009-03-06,550464.0
2009-03-09,531170.0
2009-03-10,357528.0
2009-03-11,553278.0
2009-03-12,704101.0
2009-03-13,623621.0
2009-03-16,517472.0
2009-03-17,409356.0
2009-03-18,574731.0
2009-03-19,400371.0
2009-03-20,780460.0
2009-03-23,612428.0
2009-03-24,373126.0
2009-03-25,215203.0
2009-03-26,364475.0
2009-03-27,706082.0
2009-03-30,629134.0
2009-03-31,629860.0
2009-04-01,374552.0
2009-04-02,706844.0
2009-04-03,333862.0
2009-04-06,408221.0
2009-04-07,623941.0
2009-04-08,379772.0
2009-04-09,555162.0
2009-04-10,420359.0
2009-04-13,593991.0
2009-04-14,485670.0
2009-04-15,305770.0
2009-04-16,291245.0
2009-04-17,308651.0
2009-04-20,661776.0
2009-04-21,341337.0
2009-04-22,158340.0
2009-04-23,603930.0
2009-04-24,525147.0
2009-04-27,765741.0
2009-04-28,617184.0
2009-04-29,590640.0
2009-04-30,667274.0
2009-05-01,516549.0
2009-05-04,380746.0
2009-05-05,583567.0
2009-05-06,491930.0
2009-05-07,538359.0
2009-05-08,453717.0
2009-05-11,494679.0
2009-05-12,326268.0
2009-05-13,420256.0
2009-05-14,836491.0
2009-05-15,689778.0
2009-05-18,524863.0
2009-05-19,457917.0
2009-05-20,296217.0
2009-05-21,546231.0
2009-05-22,674543.0
2009-05-25,511724.0
2009-05-26,208338.0
2009-05-27,349458.0
2009-05-28,381413.0
2009-05-29,553947.0
2009-06-01,465009.0
2009-06-02,599882.0
2009-06-03,629785.0
2009-06-04,351506.0
2009-06-05,442876.0
2009-06-08,329289.0
2009-06-09,368373.0
2009-06-10,553505.0
2009-06-11,578292.0
2009-06-12,364274.0
2009-06-15,356399.0
2009-06-16,514619.0
2009-06-17,579494.0
2009-06-18,20315.0
2009-06-19,232087.0
2009-06-22,455489.0
2009-06-23,511069.0
2009-06-24,318266.0
2009-06-25,83742.0
2009-06-26,519296.0
2009-06-29,540314.0
2009-06-30,595959.0
2009-07-01,541944.0
2009-07-02,305767.0
2009-07-03,84988.0
2009-07-06,686754.0
2009-07-07,923885.0
2009-07-08,672565.0
2009-07-09,653516.0
2009-07-10,659106.0
2009-07-13,310209.0
2009-07-14,354123.0
2009-07-15,793731.0
2009-07-16,384461.0
2009-07-17,588350.0
2009-07-20,591375.0
2009-07-21,399737.0
2009-07-22,242592.0
2009-07-23,545303.0
2009-07-24,720906.0
2009-07-27,642797.0
2009-07-28,529383.0
2009-07-29,590391.0
2009-07-30,588458.0
2009-07-31,147529.0
2009-08-03,696828.0
2009-08-04,402019.0
2009-08-05,629193.0
2009-08-06,316057.0
2009-08-07,641947.0
2009-08-10,54612.0
2009-08-11,380883.0
2009-08-12,638553.0
2009-08-13,304654.0
2009-08-14,205325.0
2009-08-17,590942.0
2009-08-18,646501.0
2009-08-19,435101.0
2009-08-20,735141.0
2009-08-21,572568.0
2009-08-24,417878.0
2009-08-25,427919.0
2009-08-26,569921.0
2009-08-27,378957.0
2009-08-28,253541.0
2009-08-31,240207.0
2009-09-01,445986.0
2009-09-02,512217.0
2009-09-03,487267.0
2009-09-04,724706.0
2009-09-07,327834.0
2009-09-08,623938.0
2009-09-09,526015.0
2009-09-10,350179.0
2009-09-11,71316.0
2009-09-14,550630.0
2009-09-15,338033.0
2009-09-16,542918.0
2009-09-17,607485.0
2009-09-18,1033176.0
2009-09-21,481583.0
2009-09-22,508471.0
2009-09-23,866696.0
2009-09-24,277634.0
2009-09-25,461915.0
2009-09-28,964502.0
2009-09-29,788893.0
2009-09-30,313721.0
2009-10-01,364368.0
2009-10-02,438179.0
2009-10-05,406484.0
2009-10-06,420594.0
2009-10-07,564148.0
2009-10-08,692147.0
2009-10-09,486174.0
2009-10-12,518123.0
2009-10-13,381835.0
2009-10-14,605573.0
2009-10-15,725558.0
2009-10-16,618791.0
2009-10-19,744602.0
2009-10-20,331653.0
2009-10-21,580389.0
2009-10-22,707840.0
2009-10-23,616739.0
2009-10-26,770644.0
2009-10-27,350059.0
2009-10-28,535717.0
2009-10-29,508893.0
2009-10-30,421091.0
2009-11-02,506641.0
2009-11-03,519128.0
2009-11-04,299490.0
2009-11-05,145697.0
2009-11-06,668023.0
2009-11-09,737547.0
2009-11-10,446020.0
2009-11-11,694970.0
2009-11-12,630178.0
2009-11-13,601648.0
2009-11-16,362476.0
2009-11-17,395718.0
2009-11-18,588615.0
2009-11-19,784227.0
2009-11-20,647459.0
2009-11-23,650856.0
2009-11-24,654413.0
2009-11-25,286112.0
2009-11-26,349189.0
2009-11-27,679331.0
2009-11-30,674825.0
2009-12-01,583515.0
2009-12-02,424173.0
2009-12-03,118382.0
2009-12-04,527904.0
2009-12-07,658508.0
2009-12-08,601666.0
2009-12-09,552352.0
2009-12-10,746082.0
2009-12-11,488919.0
2009-12-14,411052.0
2009-12-15,632506.0
2009-12-16,515386.0
2009-12-17,507269.0
2009-12-18,509105.0
2009-12-21,468998.0
2009-12-22,419959.0
2009-12-23,766429.0
2009-12-24,568324.0
2009-12-25,467933.0
2009-12-28,753978.0
2009-12-29,392348.0
2009-12-30,934143.0
2009-12-31,248129.0
2010-01-01,449987.0
2010-01-04,119071.0
2010-01-05,480007.0
2010-01-06,550560.0
2010-01-07,-1961.0
2010-01-08,865644.0
2010-01-11,315225.0
2010-01-12,486440.0
2010-01-13,587430.0
2010-01-14,512669.0
2010-01-15,630554.0
2010-01-18,468757.0
2010-01-19,619789.0
2010-01-20,395294.0
2010-01-21,215024.0
2010-01-22,146408.0
2010-01-25,604757.0
2010-01-26,1038390.0
2010-01-27,954757.0
2010-01-28,348199.0
2010-01-29,650092.0
2010-02-01,352853.0
2010-02-02,751513.0
2010-02-03,825897.0
2010-02-04,331666.0
2010-02-05,458392.0
2010-02-08,457004.0
2010-02-09,315964.0
2010-02-10,525035.0
2010-02-11,599430.0
2010-02-12,391086.0
2010-02-15,317651.0
2010-02-16,352690.0
2010-02-17,480823.0
2010-02-18,668854.0
2010-02-19,335470.0
2010-02-22,506911.0
2010-02-23,549679.0
2010-02-24,198949.0
2010-02-25,498691.0
2010-02-26,478197.0
2010-03-01,666069.0
2010-03-02,828246.0
2010-03-03,393140.0
2010-03-04,369605.0
2010-03-05,669556.0
2010-03-08,839195.0
2010-03-09,580441.0
2010-03-10,355736.0
2010-03-11,525407.0
2010-03-12,496650.0
2010-03-15,103356.0
2010-03-16,488550.0
2010-03-17,1011496.0
2010-03-18,36578.0
2010-03-19,225597.0
2010-03-22,683121.0
2010-03-23,639325.0
2010-03-24,596977.0
2010-03-25,534225.0
2010-03-26,397064.0
2010-03-29,416568.0
2010-03-30,696010.0
2010-03-31,273497.0
2010-04-01,82250.0
2010-04-02,596887.0
2010-04-05,663115.0
2010-04-06,419201.0
2010-04-07,359080.0
2010-04-08,549654.0
2010-04-09,364670.0
2010-04-12,315529.0
2010-04-13,280184.0
2010-04-14,331162.0
2010-04-15,398459.0
2010-04-16,700337.0
2010-04-19,293697.0
2010-04-20,253815.0
2010-04-21,604408.0
2010-04-22,171223.0
2010-04-23,574928.0
2010-04-26,498846.0
2010-04-27,496038.0
2010-04-28,465164.0
2010-04-29,803218.0
2010-04-30,352739.0
2010-05-03,316257.0
2010-05-04,626696.0
2010-05-05,401874.0
2010-05-06,548601.0
2010-05-07,494502.0
2010-05-10,380295.0
2010-05-11,337346.0
2010-05-12,395907.0
2010-05-13,375905.0
2010-05-14,483485.0
2010-05-17,616417.0
2010-05-18,158496.0
2010-05-19,700993.0
2010-05-20,479860.0
2010-05-21,435243.0
2010-05-24,106615.0
2010-05-25,914987.0
2010-05-26,742533.0
2010-05-27,500220.0
2010-05-28,628922.0
2010-05-31,507674.0
2010-06-01,752506.0
2010-06-02,569847.0
2010-06-03,332964.0
2010-06-04,370541.0
2010-06-07,421438.0
2010-06-08,667453.0
2010-06-09,458846.0
2010-06-10,644772.0
2010-06-11,820389.0
2010-06-14,450858.0
2010-06-15,740191.0
2010-06-16,359288.0
2010-06-17,466365.0
2010-06-18,603730.0
2010-06-21,501843.0
2010-06-22,503268.0
2010-06-23,204023.0
2010-06-24,390121.0
2010-06-25,849574.0
2010-06-28,558650.0
2010-06-29,415536.0
2010-06-30,556060.0
2010-07-01,423965.0
2010-07-02,719616.0
2010-07-05,227210.0
2010-07-06,365536.0
2010-07-07,395964.0
2010-07-08,319828.0
2010-07-09,469410.0
2010-07-12,464714.0
2010-07-13,554019.0
2010-07-14,375029.0
2010-07-15,784198.0
2010-07-16,621439.0
2010-07-19,180015.0
2010-07-20,410405.0
2010-07-21,365380.0
2010-07-22,684813.0
2010-07-23,814094.0
2010-07-26,221253.0
2010-07-27,601342.0
2010-07-28,537648.0
2010-07-29,799691.0
2010-07-30,208897.0
2010-08-02,257479.0
2010-08-03,714364.0
2010-08-04,317584.0
2010-08-05,537649.0
2010-08-06,435152.0
2010-08-09,529857.0
2010-08-10,233235.0
2010-08-11,640124.0
2010-08-12,263950.0
2010-08-13,789765.0
2010-08-16,134291.0
2010-08-17,514168.0
2010-08-18,430574.0
2010-08-19,380852.0
2010-08-20,558520.0
2010-08-23,160554.0
2010-08-24,374051.0
2010-08-25,435546.0
2010-08-26,603727.0
2010-08-27,272492.0
2010-08-30,270610.0
2010-08-31,110658.0
2010-09-01,19789.0
2010-09-02,231704.0
2010-09-03,495544.0
2010-09-06,614187.0
2010-09-07,419018.0
2010-09-08,489976.0
2010-09-09,622833.0
2010-09-10,377470.0
2010-09-13,341457.0
2010-09-14,363097.0
2010-09-15,47279.0
2010-09-16,499848.0
2010-09-17,283417.0
2010-09-20,443946.0
2010-09-21,573926.0
2010-09-22,447766.0
2010-09-23,406225.0
2010-09-24,399791.0
2010-09-27,888895.0
2010-09-28,765097.0
2010-09-29,856812.0
2010-09-30,710827.0
2010-10-01,538342.0
2010-10-04,729577.0
2010-10-05,305473.0
2010-10-06,497556.0
2010-10-07,471441.0
2010-10-08,446805.0
2010-10-11,731545.0
2010-10-12,745274.0
2010-10-13,841053.0
2010-10-14,428882.0
2010-10-15,471911.0
2010-10-18,557803.0
2010-10-19,653809.0
2010-10-20,419315.0
2010-10-21,989116.0
2010-10-22,762510.0
2010-10-25,358009.0
2010-10-26,328856.0
2010-10-27,368347.0
2010-10-28,34814.0
2010-10-29,599690.0
2010-11-01,583410.0
2010-11-02,290648.0
2010-11-03,604427.0
2010-11-04,347449.0
2010-11-05,306224.0
2010-11-08,730099.0
2010-11-09,686792.0
2010-11-10,167864.0
2010-11-11,574566.0
2010-11-12,210963.0
2010-11-15,828396.0
2010-11-16,596739.0
2010-11-17,654119.0
2010-11-18,460394.0
2010-11-19,449201.0
2010-11-22,281810.0
2010-11-23,433961.0
2010-11-24,963409.0
2010-11-25,341974.0
2010-11-26,564395.0
2010-11-29,348501.0
2010-11-30,930687.0
2010-12-01,590900.0
2010-12-02,1068797.0
2010-12-03,492684.0
2010-12-06,375715.0
2010-12-07,639506.0
2010-12-08,563177.0
2010-12-09,687771.0
2010-12-10,502502.0
2010-12-13,627340.0
2010-12-14,426286.0
2010-12-15,748321.0
2010-12-16,355123.0
2010-12-17,239126.0
2010-12-20,305908.0
2010-12-21,518747.0
2010-12-22,761871.0
2010-12-23,235940.0
2010-12-24,813332.0
2010-12-27,591218.0
2010-12-28,728958.0
2010-12-29,794591.0
2010-12-30,570853.0
2010-12-31,486543.0
2011-01-03,373080.0
2011-01-04,721247.0
2011-01-05,443081.0
2011-01-06,151227.0
2011-01-07,517939.0
2011-01-10,589506.0
2011-01-11,865062.0
2011-01-12,401434.0
2011-01-13,623709.0
2011-01-14,543824.0
2011-01-17,535307.0
2011-01-18,230892.0
2011-01-19,377129.0
2011-01-20,511921.0
2011-01-21,499907.0
2011-01-24,487966.0
2011-01-25,737817.0
2011-01-26,499221.0
2011-01-27,684344.0
2011-01-28,782346.0
2011-01-31,239429.0
2011-02-01,476616.0
2011-02-02,585325.0
2011-02-03,618151.0
2011-02-04,646620.0
2011-02-07,257333.0
2011-02-08,266493.0
2011-02-09,597127.0
2011-02-10,542354.0
2011-02-11,521618.0
2011-02-14,417914.0
2011-02-15,603140.0
2011-02-16,714547.0
2011-02-17,486287.0
2011-02-18,313360.0
2011-02-21,329903.0
2011-02-22,393782.0
2011-02-23,538247.0
2011-02-24,434494.0
2011-02-25,475261.0
2011-02-28,459411.0
2011-03-01,635026.0
2011-03-02,268964.0
2011-03-03,550130.0
2011-03-04,775395.0
2011-03-07,416386.0
2011-03-08,417985.0
2011-03-09,849833.0
2011-03-10,871813.0
2011-03-11,523917.0
2011-03-14,205712.0
2011-03-15,612267.0
2011-03-16,312926.0
2011-03-17,568097.0
2011-03-18,759561.0
2011-03-21,369563.0
2011-03-22,367073.0
2011-03-23,467066.0
2011-03-24,292691.0
2011-03-25,450404.0
2011-03-28,391722.0
2011-03-29,740258.0
2011-03-30,501216.0
2011-03-31,729941.0
2011-04-01,722460.0
2011-04-04,725960.0
2011-04-05,409535.0
2011-04-06,820768.0
2011-04-07,436740.0
2011-04-08,342337.0
2011-04-11,655953.0
2011-04-12,603867.0
2011-04-13,993036.0
2011-04-14,-1470.0
2011-04-15,673005.0
2011-04-18,541229.0
2011-04-19,524459.0
2011-04-20,464635.0
2011-04-21,443390.0
2011-04-22,457431.0
2011-04-25,402032.0
2011-04-26,479966.0
2011-04-27,385528.0
2011-04-28,491775.0
2011-04-29,646157.0
2011-05-02,677395.0
2011-05-03,827431.0
2011-05-04,735170.0
2011-05-05,681319.0
2011-05-06,450958.0
2011-05-09,748480.0
2011-05-10,458790.0
2011-05-11,543427.0
2011-05-12,478207.0
2011-05-13,298196.0
2011-05-16,294200.0
2011-05-17,680857.0
2011-05-18,989039.0
2011-05-19,487902.0
2011-05-20,622432.0
2011-05-23,610273.0
2011-05-24,700636.0
2011-05-25,503330.0
2011-05-26,270887.0
2011-05-27,523758.0
2011-05-30,534926.0
2011-05-31,629425.0
2011-06-01,545032.0
2011-06-02,393728.0
2011-06-03,719968.0
2011-06-06,397667.0
2011-06-07,627253.0
2011-06-08,549799.0
2011-06-09,544840.0
2011-06-10,552070.0
2011-06-13,274185.0
2011-06-14,783502.0
2011-06-15,617764.0
2011-06-16,544024.0
2011-06-17,248720.0
2011-06-20,881334.0
2011-06-21,674650.0
2011-06-22,277000.0
2011-06-23,658121.0
2011-06-24,215237.0
2011-06-27,352700.0
2011-06-28,405257.0
2011-06-29,583830.0
2011-06-30,621057.0
2011-07-01,708025.0
2011-07-04,461409.0
2011-07-05,803324.0
2011-07-06,363400.0
2011-07-07,923550.0
2011-07-08,524395.0
2011-07-11,510552.0
2011-07-12,444396.0
2011-07-13,364579.0
2011-07-14,502814.0
2011-07-15,415280.0
2011-07-18,321565.0
2011-07-19,340861.0
2011-07-20,448587.0
2011-07-21,161694.0
2011-07-22,658959.0
2011-07-25,424954.0
2011-07-26,763482.0
2011-07-27,606976.0
2011-07-28,396327.0
2011-07-29,529694.0
2011-08-01,622608.0
2011-08-02,546561.0
2011-08-03,477285.0
2011-08-04,399228.0
2011-08-05,309857.0
2011-08-08,410257.0
2011-08-09,583236.0
2011-08-10,881126.0
2011-08-11,775952.0
2011-08-12,549401.0
2011-08-15,237685.0
2011-08-16,880496.0
2011-08-17,615475.0
2011-08-18,541803.0
2011-08-19,401625.0
2011-08-22,552743.0
2011-08-23,362107.0
2011-08-24,723841.0
2011-08-25,659863.0
2011-08-26,277065.0
2011-08-29,755382.0
2011-08-30,852904.0
2011-08-31,298097.0
2011-09-01,228423.0
2011-09-02,624905.0
2011-09-05,392205.0
2011-09-06,212673.0
2011-09-07,220206.0
2011-09-08,936296.0
2011-09-09,116231.0
2011-09-12,475490.0
2011-09-13,308809.0
2011-09-14,958779.0
2011-09-15,363403.0
2011-09-16,518719.0
2011-09-19,364009.0
2011-09-20,210522.0
2011-09-21,445888.0
2011-09-22,812786.0
2011-09-23,757290.0
2011-09-26,-1146.0
2011-09-27,539681.0
2011-09-28,483259.0
2011-09-29,554510.0
2011-09-30,556530.0
2011-10-03,377164.0
2011-10-04,821266.0
2011-10-05,776568.0
2011-10-06,350832.0
2011-10-07,493100.0
2011-10-10,482674.0
2011-10-11,591123.0
2011-10-12,700658.0
2011-10-13,790890.0
2011-10-14,334631.0
2011-10-17,741990.0
2011-10-18,560378.0
2011-10-19,528783.0
2011-10-20,622504.0
2011-10-21,644194.0
2011-10-24,638542.0
2011-10-25,432184.0
2011-10-26,666438.0
2011-10-27,765822.0
2011-10-28,579580.0
2011-10-31,551317.0
2011-11-01,476868.0
2011-11-02,631976.0
2011-11-03,998389.0
2011-11-04,572339.0
2011-11-07,437259.0
2011-11-08,468599.0
2011-11-09,800028.0
2011-11-10,526617.0
2011-11-11,428460.0
2011-11-14,786250.0
2011-11-15,486592.0
2011-11-16,257416.0
2011-11-17,544787.0
2011-11-18,569238.0
2011-11-21,557000.0
2011-11-22,344608.0
2011-11-23,474857.0
2011-11-24,423323.0
2011-11-25,422694.0
2011-11-28,692598.0
2011-11-29,349812.0
2011-11-30,490450.0
2011-12-01,637823.0
2011-12-02,493112.0
2011-12-05,355926.0
2011-12-06,176525.0
2011-12-07,631632.0
2011-12-08,399048.0
2011-12-09,214341.0
2011-12-12,748301.0
2011-12-13,426365.0
2011-12-14,317069.0
2011-12-15,462250.0
2011-12-16,578765.0
2011-12-19,528474.0
2011-12-20,464209.0
2011-12-21,425457.0
2011-12-22,916212.0
2011-12-23,527312.0
2011-12-26,261036.0
2011-12-27,278357.0
2011-12-28,498776.0
2011-12-29,443540.0
2011-12-30,149363.0
2012-01-02,415589.0
2012-01-03,706295.0
2012-01-04,732554.0
2012-01-05,571384.0
2012-01-06,771121.0
2012-01-09,-2413.0
2012-01-10,910223.0
2012-01-11,426589.0
2012-01-12,727730.0
2012-01-13,753134.0
2012-01-16,604989.0
2012-01-17,1092093.0
2012-01-18,345048.0
2012-01-19,476966.0
2012-01-20,415928.0
2012-01-23,573991.0
2012-01-24,609039.0
2012-01-25,498985.0
2012-01-26,410006.0
2012-01-27,315549.0
2012-01-30,352671.0
2012-01-31,426014.0
2012-02-01,308607.0
2012-02-02,488326.0
2012-02-03,144870.0
2012-02-06,254075.0
2012-02-07,279966.0
2012-02-08,347614.0
2012-02-09,771355.0
2012-02-10,516662.0
2012-02-13,588250.0
2012-02-14,375600.0
2012-02-15,576648.0
2012-02-16,127260.0
2012-02-17,212038.0
2012-02-20,530980.0
2012-02-21,646387.0
2012-02-22,187357.0
2012-02-23,486419.0
2012-02-24,889040.0
2012-02-27,813130.0
2012-02-28,519352.0
2012-02-29,489386.0
2012-03-01,621039.0
2012-03-02,353062.0
2012-03-05,466042.0
2012-03-06,331078.0
2012-03-07,127100.0
2012-03-08,641388.0
2012-03-09,273040.0
2012-03-12,706605.0
2012-03-13,381350.0
2012-03-14,732125.0
2012-03-15,658890.0
2012-03-16,877519.0
2012-03-19,392327.0
2012-03-20,335432.0
2012-03-21,423657.0
2012-03-22,769547.0
2012-03-23,724150.0
2012-03-26,212194.0
2012-03-27,387318.0
2012-03-28,263183.0
2012-03-29,663864.0
2012-03-30,603402.0
2012-04-02,593268.0
2012-04-03,219118.0
2012-04-04,408910.0
2012-04-05,429070.0
2012-04-06,438736.0
2012-04-09,803184.0
2012-04-10,587150.0
2012-04-11,570539.0
2012-04-12,606417.0
2012-04-13,564414.0
2012-04-16,538046.0
2012-04-17,559904.0
2012-04-18,89586.0
2012-04-19,294512.0
2012-04-20,428859.0
2012-04-23,551789.0
2012-04-24,726556.0
2012-04-25,463624.0
2012-04-26,637854.0
2012-04-27,584367.0
2012-04-30,339971.0
2012-05-01,552959.0
2012-05-02,362259.0
2012-05-03,558395.0
2012-05-04,498528.0
2012-05-07,1033350.0
2012-05-08,401684.0
2012-05-09,112980.0
2012-05-10,954641.0
2012-05-11,537436.0
2012-05-14,797027.0
2012-05-15,297921.0
2012-05-16,380246.0
2012-05-17,415318.0
2012-05-18,529925.0
2012-05-21,522529.0
2012-05-22,507319.0
2012-05-23,280048.0
2012-05-24,261166.0
2012-05-25,588833.0
2012-05-28,448111.0
2012-05-29,139678.0
2012-05-30,542863.0
2012-05-31,490608.0
2012-06-01,576419.0
2012-06-04,655635.0
2012-06-05,232470.0
2012-06-06,257847.0
2012-06-07,408937.0
2012-06-08,393334.0
2012-06-11,526410.0
2012-06-12,697388.0
2012-06-13,486122.0
2012-06-14,482756.0
2012-06-15,355910.0
2012-06-18,574068.0
2012-06-19,695850.0
2012-06-20,309150.0
2012-06-21,480625.0
2012-06-22,499437.0
2012-06-25,913961.0
2012-06-26,402015.0
2012-06-27,568132.0
2012-06-28,416485.0
2012-06-29,500743.0
2012-07-02,450392.0
2012-07-03,421573.0
2012-07-04,608382.0
2012-07-05,559218.0
2012-07-06,531252.0
2012-07-09,707510.0
2012-07-10,214830.0
2012-07-11,318006.0
2012-07-12,450481.0
2012-07-13,529285.0
2012-07-16,644730.0
2012-07-17,171590.0
2012-07-18,301268.0
2012-07-19,429532.0
2012-07-20,324205.0
2012-07-23,535090.0
2012-07-24,652513.0
2012-07-25,585666.0
2012-07-26,363339.0
2012-07-27,361327.0
2012-07-30,393074.0
2012-07-31,400307.0
2012-08-01,350738.0
2012-08-02,588465.0
2012-08-03,501939.0
2012-08-06,497930.0
2012-08-07,272673.0
2012-08-08,540373.0
2012-08-09,654836.0
2012-08-10,435462.0
2012-08-13,561205.0
2012-08-14,615119.0
2012-08-15,896971.0
2012-08-16,-46325.0
2012-08-17,430188.0
2012-08-20,633154.0
2012-08-21,348933.0
2012-08-22,371202.0
2012-08-23,751131.0
2012-08-24,730986.0
2012-08-27,224060.0
2012-08-28,886286.0
2012-08-29,670000.0
2012-08-30,508720.0
2012-08-31,352484.0
2012-09-03,491345.0
2012-09-04,553483.0
2012-09-05,545268.0
2012-09-06,620968.0
2012-09-07,626270.0
2012-09-10,285785.0
2012-09-11,706049.0
2012-09-12,412690.0
2012-09-13,514399.0
2012-09-14,77059.0
2012-09-17,768807.0
2012-09-18,490193.0
2012-09-19,882560.0
2012-09-20,422395.0
2012-09-21,500246.0
2012-09-24,317506.0
2012-09-25,541657.0
2012-09-26,439418.0
2012-09-27,411015.0
2012-09-28,659341.0
2012-10-01,359047.0
2012-10-02,373014.0
2012-10-03,61554.0
2012-10-04,570866.0
2012-10-05,670497.0
2012-10-08,530165.0
2012-10-09,687512.0
2012-10-10,195786.0
2012-10-11,910857.0
2012-10-12,372323.0
2012-10-15,935688.0
2012-10-16,569434.0
2012-10-17,522871.0
2012-10-18,586658.0
2012-10-19,451920.0
2012-10-22,583521.0
2012-10-23,614136.0
2012-10-24,363686.0
2012-10-25,560959.0
2012-10-26,458927.0
2012-10-29,583232.0
2012-10-30,610990.0
2012-10-31,562317.0
2012-11-01,638187.0
2012-11-02,355189.0
2012-11-05,617701.0
2012-11-06,531762.0
2012-11-07,312502.0
2012-11-08,418944.0
2012-11-09,596979.0
2012-11-12,212690.0
2012-11-13,590848.0
2012-11-14,276198.0
2012-11-15,810177.0
2012-11-16,297086.0
2012-11-19,830393.0
2012-11-20,621390.0
2012-11-21,726067.0
2012-11-22,402894.0
2012-11-23,519438.0
2012-11-26,932368.0
2012-11-27,514026.0
2012-11-28,611946.0
2012-11-29,272628.0
2012-11-30,-16348.0
2012-12-03,629456.0
2012-12-04,855972.0
2012-12-05,312756.0
2012-12-06,280048.0
2012-12-07,653439.0
2012-12-10,328942.0
2012-12-11,556955.0
2012-12-12,413078.0
2012-12-13,303522.0
2012-12-14,450586.0
2012-12-17,417483.0
2012-12-18,579998.0
2012-12-19,348280.0
2012-12-20,310790.0
2012-12-21,517788.0
2012-12-24,861133.0
2012-12-25,929610.0
2012-12-26,809935.0
2012-12-27,29254.0
2012-12-28,485295.0
2012-12-31,352196.0
2013-01-01,628821.0
2013-01-02,581914.0
2013-01-03,603271.0
2013-01-04,397985.0
2013-01-07,457575.0
2013-01-08,632136.0
2013-01-09,805336.0
2013-01-10,352931.0
2013-01-11,267884.0
2013-01-14,535990.0
2013-01-15,673790.0
2013-01-16,450707.0
2013-01-17,98977.0
2013-01-18,284504.0
2013-01-21,538880.0
2013-01-22,180671.0
2013-01-23,504545.0
2013-01-24,603738.0
2013-01-25,323756.0
2013-01-28,671046.0
2013-01-29,110961.0
2013-01-30,762762.0
2013-01-31,410781.0
2013-02-01,829593.0
2013-02-04,723723.0
2013-02-05,292108.0
2013-02-06,162667.0
2013-02-07,580439.0
2013-02-08,324349.0
2013-02-11,482604.0
2013-02-12,420984.0
2013-02-13,337446.0
2013-02-14,482476.0
2013-02-15,485919.0
2013-02-18,452984.0
2013-02-19,599583.0
2013-02-20,430137.0
2013-02-21,330009.0
2013-02-22,665858.0
2013-02-25,326915.0
2013-02-26,725823.0
2013-02-27,42873.0
2013-02-28,874596.0
2013-03-01,793442.0
2013-03-04,727690.0
2013-03-05,596366.0
2013-03-06,619703.0
2013-03-07,485976.0
2013-03-08,634188.0
2013-03-11,518861.0
2013-03-12,723392.0
2013-03-13,773469.0
2013-03-14,274441.0
2013-03-15,845133.0
2013-03-18,842291.0
2013-03-19,486155.0
2013-03-20,430070.0
2013-03-21,419391.0
2013-03-22,737206.0
2013-03-25,324992.0
2013-03-26,528037.0
2013-03-27,736638.0
2013-03-28,472692.0
2013-03-29,844953.0
2013-04-01,308118.0
2013-04-02,237730.0
2013-04-03,702151.0
2013-04-04,68031.0
2013-04-05,471801.0
2013-04-08,328999.0
2013-04-09,375520.0
2013-04-10,520251.0
2013-04-11,529496.0
2013-04-12,551275.0
2013-04-15,425194.0
2013-04-16,463750.0
2013-04-17,314604.0
2013-04-18,506400.0
2013-04-19,407426.0
2013-04-22,329110.0
2013-04-23,740707.0
2013-04-24,627023.0
2013-04-25,381685.0
2013-04-26,703158.0
2013-04-29,475283.0
2013-04-30,486227.0
2013-05-01,356003.0
2013-05-02,524483.0
2013-05-03,384492.0
2013-05-06,582567.0
2013-05-07,318788.0
2013-05-08,374380.0
2013-05-09,788369.0
2013-05-10,503111.0
2013-05-13,578449.0
2013-05-14,283242.0
2013-05-15,483649.0
2013-05-16,701942.0
2013-05-17,680416.0
2013-05-20,686138.0
2013-05-21,442252.0
2013-05-22,734642.0
2013-05-23,562144.0
2013-05-24,686363.0
2013-05-27,590976.0
2013-05-28,674476.0
2013-05-29,343148.0
2013-05-30,381400.0
2013-05-31,643900.0
2013-06-03,308671.0
2013-06-04,508739.0
2013-06-05,539774.0
2013-06-06,704319.0
2013-06-07,487960.0
2013-06-10,474424.0
2013-06-11,171708.0
2013-06-12,523707.0
2013-06-13,590717.0
2013-06-14,480399.0
2013-06-17,736331.0
2013-06-18,767989.0
2013-06-19,361342.0
2013-06-20,632021.0
2013-06-21,449545.0
2013-06-24,295715.0
2013-06-25,481726.0
2013-06-26,428672.0
2013-06-27,471576.0
2013-06-28,654943.0
2013-07-01,531267.0
2013-07-02,581509.0
2013-07-03,491080.0
2013-07-04,599637.0
2013-07-05,471685.0
2013-07-08,716534.0
2013-07-09,450074.0
2013-07-10,607819.0
2013-07-11,544813.0
2013-07-12,657151.0
2013-07-15,550079.0
2013-07-16,351058.0
2013-07-17,486875.0
2013-07-18,385357.0
2013-07-19,628947.0
2013-07-22,348196.0
2013-07-23,347979.0
2013-07-24,579336.0
2013-07-25,506383.0
2013-07-26,198160.0
2013-07-29,487282.0
2013-07-30,785806.0
2013-07-31,460107.0
2013-08-01,855071.0
2013-08-02,344035.0
2013-08-05,239181.0
2013-08-06,382998.0
2013-08-07,449117.0
2013-08-08,536183.0
2013-08-09,678271.0
2013-08-12,277121.0
2013-08-13,261709.0
2013-08-14,680772.0
2013-08-15,290732.0
2013-08-16,739967.0
2013-08-19,655767.0
2013-08-20,492260.0
2013-08-21,528194.0
2013-08-22,251232.0
2013-08-23,537061.0
2013-08-26,755852.0
2013-08-27,599017.0
2013-08-28,351309.0
2013-08-29,503706.0
2013-08-30,504480.0
2013-09-02,767808.0
2013-09-03,459619.0
2013-09-04,399916.0
2013-09-05,460316.0
2013-09-06,592294.0
2013-09-09,299840.0
2013-09-10,374566.0
2013-09-11,598186.0
2013-09-12,502375.0
2013-09-13,476075.0
2013-09-16,275528.0
2013-09-17,526609.0
2013-09-18,671865.0
2013-09-19,519092.0
2013-09-20,464293.0
2013-09-23,656881.0
2013-09-24,873888.0
2013-09-25,383294.0
2013-09-26,499098.0
2013-09-27,711220.0
2013-09-30,620941.0
2013-10-01,555183.0
2013-10-02,519339.0
2013-10-03,677694.0
2013-10-04,877766.0
2013-10-07,-104170.0
2013-10-08,205714.0
2013-10-09,581803.0
2013-10-10,721728.0
2013-10-11,590531.0
2013-10-14,461353.0
2013-10-15,565592.0
2013-10-16,464083.0
2013-10-17,609177.0
2013-10-18,881626.0
2013-10-21,663682.0
2013-10-22,462633.0
2013-10-23,160786.0
2013-10-24,433064.0
2013-10-25,590607.0
2013-10-28,763207.0
2013-10-29,308144.0
2013-10-30,860010.0
2013-10-31,791994.0
2013-11-01,566872.0
2013-11-04,781020.0
2013-11-05,304297.0
2013-11-06,242722.0
2013-11-07,705480.0
2013-11-08,266335.0
2013-11-11,472686.0
2013-11-12,454880.0
2013-11-13,661476.0
2013-11-14,490832.0
2013-11-15,349409.0
2013-11-18,556560.0
2013-11-19,568711.0
2013-11-20,589321.0
2013-11-21,469935.0
2013-11-22,413740.0
2013-11-25,253621.0
2013-11-26,588997.0
2013-11-27,462721.0
2013-11-28,398325.0
2013-11-29,368746.0
2013-12-02,823396.0
2013-12-03,630270.0
2013-12-04,416403.0
2013-12-05,589865.0
2013-12-06,490678.0
2013-12-09,835506.0
2013-12-10,567591.0
2013-12-11,392216.0
2013-12-12,564708.0
2013-12-13,708406.0
2013-12-16,747458.0
2013-12-17,484497.0
2013-12-18,293251.0
2013-12-19,418464.0
2013-12-20,649107.0
2013-12-23,165112.0
2013-12-24,421982.0
2013-12-25,641019.0
2013-12-26,628961.0
2013-12-27,517204.0
2013-12-30,639815.0
2013-12-31,561008.0
2014-01-01,600832.0
2014-01-02,428929.0
2014-01-03,344984.0
2014-01-06,989645.0
2014-01-07,442204.0
2014-01-08,208589.0
2014-01-09,364058.0
2014-01-10,11609.0
2014-01-13,238188.0
2014-01-14,345103.0
2014-01-15,6398.0
2014-01-16,556624.0
2014-01-17,650560.0
2014-01-20,559961.0
2014-01-21,914891.0
2014-01-22,807741.0
2014-01-23,646759.0
2014-01-24,747842.0
2014-01-27,709190.0
2014-01-28,507222.0
2014-01-29,318009.0
2014-01-30,519345.0
2014-01-31,-14454.0
2014-02-03,615740.0
2014-02-04,271106.0
2014-02-05,1118779.0
2014-02-06,539333.0
2014-02-07,448320.0
2014-02-10,758226.0
2014-02-11,588601.0
2014-02-12,466868.0
2014-02-13,321736.0
2014-02-14,483021.0
2014-02-17,515271.0
2014-02-18,821797.0
2014-02-19,355326.0
2014-02-20,500517.0
2014-02-21,420516.0
2014-02-24,621252.0
2014-02-25,484427.0
2014-02-26,497995.0
2014-02-27,507313.0
2014-02-28,418485.0
2014-03-03,660669.0
2014-03-04,252230.0
2014-03-05,399097.0
2014-03-06,405802.0
2014-03-07,572776.0
2014-03-10,632155.0
2014-03-11,510783.0
2014-03-12,396383.0
2014-03-13,645901.0
2014-03-14,813667.0
2014-03-17,315041.0
2014-03-18,598107.0
2014-03-19,296292.0
2014-03-20,735661.0
2014-03-21,681949.0
2014-03-24,299489.0
2014-03-25,648440.0
2014-03-26,885567.0
2014-03-27,344649.0
2014-03-28,537797.0
2014-03-31,604484.0
2014-04-01,976592.0
2014-04-02,674738.0
2014-04-03,459206.0
2014-04-04,907085.0
2014-04-07,110628.0
2014-04-08,328858.0
2014-04-09,262477.0
2014-04-10,589689.0
2014-04-11,394636.0
2014-04-14,786582.0
2014-04-15,256244.0
2014-04-16,648518.0
2014-04-17,472938.0
2014-04-18,306062.0
2014-04-21,372171.0
2014-04-22,486327.0
2014-04-23,830619.0
2014-04-24,299291.0
2014-04-25,398428.0
2014-04-28,555685.0
2014-04-29,1153787.0
2014-04-30,481144.0
2014-05-01,290261.0
2014-05-02,700718.0
2014-05-05,405252.0
2014-05-06,59604.0
2014-05-07,518521.0
2014-05-08,536056.0
2014-05-09,339434.0
2014-05-12,816123.0
2014-05-13,354259.0
2014-05-14,433103.0
2014-05-15,401280.0
2014-05-16,505422.0
2014-05-19,661607.0
2014-05-20,353303.0
2014-05-21,680265.0
2014-05-22,546165.0
2014-05-23,470765.0
2014-05-26,407032.0
2014-05-27,888291.0
2014-05-28,612993.0
2014-05-29,666616.0
2014-05-30,631581.0
2014-06-02,844752.0
2014-06-03,796540.0
2014-06-04,617585.0
2014-06-05,582558.0
2014-06-06,170090.0
2014-06-09,407288.0
2014-06-10,141522.0
2014-06-11,538046.0
2014-06-12,253971.0
2014-06-13,627536.0
2014-06-16,378371.0
2014-06-17,290056.0
2014-06-18,614688.0
2014-06-19,695436.0
2014-06-20,480938.0
2014-06-23,664569.0
2014-06-24,493071.0
2014-06-25,464308.0
2014-06-26,561907.0
2014-06-27,447342.0
2014-06-30,406883.0
2014-07-01,478658.0
2014-07-02,380724.0
2014-07-03,630703.0
2014-07-04,331500.0
2014-07-07,708310.0
2014-07-08,539296.0
2014-07-09,446343.0
2014-07-10,-6117.0
2014-07-11,813252.0
2014-07-14,481249.0
2014-07-15,421323.0
2014-07-16,725851.0
2014-07-17,325866.0
2014-07-18,616121.0
2014-07-21,372289.0
2014-07-22,345841.0
2014-07-23,695179.0
2014-07-24,527905.0
2014-07-25,489552.0
2014-07-28,660158.0
2014-07-29,122790.0
2014-07-30,47312.0
2014-07-31,745681.0
2014-08-01,715621.0
2014-08-04,246340.0
2014-08-05,592695.0
2014-08-06,494060.0
2014-08-07,833968.0
2014-08-08,732672.0
2014-08-11,376745.0
2014-08-12,416297.0
2014-08-13,505264.0
2014-08-14,519831.0
2014-08-15,343997.0
2014-08-18,555405.0
2014-08-19,430897.0
2014-08-20,344598.0
2014-08-21,315867.0
2014-08-22,302186.0
2014-08-25,356374.0
2014-08-26,273743.0
2014-08-27,462106.0
2014-08-28,488754.0
2014-08-29,475228.0
2014-09-01,411975.0
2014-09-02,198383.0
2014-09-03,311441.0
2014-09-04,463677.0
2014-09-05,298000.0
2014-09-08,469445.0
2014-09-09,188058.0
2014-09-10,548773.0
2014-09-11,601010.0
2014-09-12,604882.0
2014-09-15,320231.0
2014-09-16,302776.0
2014-09-17,508960.0
2014-09-18,637569.0
2014-09-19,494574.0
2014-09-22,211236.0
2014-09-23,407413.0
2014-09-24,378401.0
2014-09-25,720273.0
2014-09-26,573615.0
2014-09-29,641764.0
2014-09-30,342939.0
2014-10-01,545135.0
2014-10-02,325839.0
2014-10-03,484925.0
2014-10-06,272893.0
2014-10-07,466464.0
2014-10-08,544219.0
2014-10-09,339740.0
2014-10-10,497236.0
2014-10-13,775138.0
2014-10-14,522970.0
2014-10-15,386489.0
2014-10-16,582509.0
2014-10-17,656979.0
2014-10-20,82978.0
2014-10-21,373763.0
2014-10-22,505093.0
2014-10-23,776011.0
2014-10-24,877337.0
2014-10-27,726609.0
2014-10-28,658439.0
2014-10-29,409617.0
2014-10-30,594058.0
2014-10-31,444161.0
2014-11-03,587960.0
2014-11-04,561505.0
2014-11-05,583554.0
2014-11-06,501135.0
2014-11-07,605781.0
2014-11-10,408633.0
2014-11-11,56647.0
2014-11-12,670303.0
2014-11-13,163326.0
2014-11-14,189141.0
2014-11-17,318886.0
2014-11-18,144799.0
2014-11-19,439882.0
2014-11-20,433079.0
2014-11-21,579232.0
2014-11-24,554075.0
2014-11-25,334538.0
2014-11-26,404137.0
2014-11-27,546708.0
2014-11-28,693028.0
2014-12-01,791445.0
2014-12-02,192756.0
2014-12-03,220023.0
2014-12-04,441387.0
2014-12-05,584856.0
2014-12-08,647546.0
2014-12-09,281869.0
2014-12-10,405904.0
2014-12-11,190058.0
2014-12-12,754256.0
2014-12-15,572994.0
2014-12-16,627939.0
2014-12-17,165556.0
2014-12-18,334034.0
2014-12-19,127703.0
2014-12-22,667655.0
2014-12-23,512801.0
2014-12-24,422483.0
2014-12-25,442788.0
2014-12-26,593557.0
2014-12-29,329060.0
2014-12-30,891056.0
2014-12-31,12693.0
2015-01-01,738672.0
2015-01-02,533008.0
2015-01-05,477015.0
2015-01-06,271026.0
2015-01-07,683167.0
2015-01-08,338827.0
2015-01-09,521975.0
2015-01-12,355379.0
2015-01-13,316281.0
2015-01-14,492988.0
2015-01-15,316108.0
2015-01-16,486729.0
2015-01-19,509393.0
2015-01-20,535591.0
2015-01-21,196487.0
2015-01-22,363224.0
2015-01-23,354060.0
2015-01-26,765762.0
2015-01-27,539542.0
2015-01-28,209311.0
2015-01-29,400434.0
2015-01-30,471119.0
2015-02-02,475906.0
2015-02-03,866264.0
2015-02-04,655157.0
2015-02-05,700300.0
2015-02-06,917378.0
2015-02-09,482099.0
2015-02-10,257519.0
2015-02-11,465311.0
2015-02-12,592530.0
2015-02-13,580486.0
2015-02-16,402450.0
2015-02-17,627342.0
2015-02-18,354553.0
2015-02-19,479241.0
2015-02-20,-23900.0
2015-02-23,430378.0
2015-02-24,-74339.0
2015-02-25,428388.0
2015-02-26,526991.0
2015-02-27,697002.0
2015-03-02,504533.0
2015-03-03,264448.0
2015-03-04,513211.0
2015-03-05,278526.0
2015-03-06,564132.0
2015-03-09,333209.0
2015-03-10,547521.0
2015-03-11,266837.0
2015-03-12,623385.0
2015-03-13,595808.0
2015-03-16,528328.0
2015-03-17,682853.0
2015-03-18,534923.0
2015-03-19,261819.0
2015-03-20,662382.0
2015-03-23,554390.0
2015-03-24,748577.0
2015-03-25,522559.0
2015-03-26,706216.0
2015-03-27,316748.0
2015-03-30,306712.0
2015-03-31,344379.0
2015-04-01,263905.0
2015-04-02,694850.0
2015-04-03,193248.0
2015-04-06,791014.0
2015-04-07,638280.0
2015-04-08,541432.0
2015-04-09,536720.0
2015-04-10,502210.0
2015-04-13,219443.0
2015-04-14,689580.0
2015-04-15,668121.0
2015-04-16,644319.0
2015-04-17,595480.0
2015-04-20,335764.0
2015-04-21,839950.0
2015-04-22,776641.0
2015-04-23,478918.0
2015-04-24,420296.0
2015-04-27,733481.0
2015-04-28,611875.0
2015-04-29,556726.0
2015-04-30,579518.0
2015-05-01,374554.0
2015-05-04,373649.0
2015-05-05,28422.0
2015-05-06,448571.0
2015-05-07,824008.0
2015-05-08,332630.0
2015-05-11,477518.0
2015-05-12,521968.0
2015-05-13,328199.0
2015-05-14,239826.0
2015-05-15,479199.0
2015-05-18,751851.0
2015-05-19,782744.0
2015-05-20,435149.0
2015-05-21,868733.0
2015-05-22,478119.0
2015-05-25,474649.0
2015-05-26,551030.0
2015-05-27,804169.0
2015-05-28,368390.0
2015-05-29,618916.0
2015-06-01,551911.0
2015-06-02,231331.0
2015-06-03,459204.0
2015-06-04,492120.0
2015-06-05,242927.0
2015-06-08,741680.0
2015-06-09,283998.0
2015-06-10,366018.0
2015-06-11,771318.0
2015-06-12,278574.0
2015-06-15,64452.0
2015-06-16,679833.0
2015-06-17,269531.0
2015-06-18,543123.0
2015-06-19,620506.0
2015-06-22,610359.0
2015-06-23,673853.0
2015-06-24,433324.0
2015-06-25,635902.0
2015-06-26,648264.0
2015-06-29,622220.0
2015-06-30,275948.0
2015-07-01,999027.0
2015-07-02,539454.0
2015-07-03,302410.0
2015-07-06,706768.0
2015-07-07,432063.0
2015-07-08,617570.0
2015-07-09,431872.0
2015-07-10,819651.0
2015-07-13,552485.0
2015-07-14,562764.0
2015-07-15,586231.0
2015-07-16,759462.0
2015-07-17,449281.0
2015-07-20,296429.0
2015-07-21,695578.0
2015-07-22,410952.0
2015-07-23,724930.0
2015-07-24,506376.0
2015-07-27,346250.0
2015-07-28,471551.0
2015-07-29,732728.0
2015-07-30,415442.0
2015-07-31,344193.0
2015-08-03,510022.0
2015-08-04,235848.0
2015-08-05,556820.0
2015-08-06,288180.0
2015-08-07,379032.0
2015-08-10,503563.0
2015-08-11,508316.0
2015-08-12,427461.0
2015-08-13,506507.0
2015-08-14,701109.0
2015-08-17,284365.0
2015-08-18,260581.0
2015-08-19,372332.0
2015-08-20,539059.0
2015-08-21,489938.0
2015-08-24,361806.0
2015-08-25,744779.0
2015-08-26,471938.0
2015-08-27,690661.0
2015-08-28,576441.0
2015-08-31,336448.0
2015-09-01,307859.0
2015-09-02,536079.0
2015-09-03,375479.0
2015-09-04,404726.0
2015-09-07,737906.0
2015-09-08,392128.0
2015-09-09,634233.0
2015-09-10,279311.0
2015-09-11,395719.0
2015-09-14,140749.0
2015-09-15,463066.0
2015-09-16,778525.0
2015-09-17,560877.0
2015-09-18,318839.0
2015-09-21,902007.0
2015-09-22,414674.0
2015-09-23,279716.0
2015-09-24,655942.0
2015-09-25,510721.0
2015-09-28,713890.0
2015-09-29,813569.0
2015-09-30,290620.0
2015-10-01,433962.0
2015-10-02,392445.0
2015-10-05,636156.0
2015-10-06,76744.0
2015-10-07,146694.0
2015-10-08,542926.0
2015-10-09,956118.0
2015-10-12,472660.0
2015-10-13,552442.0
2015-10-14,607494.0
2015-10-15,506486.0
2015-10-16,623340.0
2015-10-19,556137.0
2015-10-20,351353.0
2015-10-21,650504.0
2015-10-22,425487.0
2015-10-23,204169.0
2015-10-26,374228.0
2015-10-27,424104.0
2015-10-28,561561.0
2015-10-29,185762.0
2015-10-30,347434.0
2015-11-02,552015.0
2015-11-03,626615.0
2015-11-04,421088.0
2015-11-05,707516.0
2015-11-06,383674.0
2015-11-09,671496.0
2015-11-10,425275.0
2015-11-11,625756.0
2015-11-12,773335.0
2015-11-13,138904.0
2015-11-16,376359.0
2015-11-17,553894.0
2015-11-18,364649.0
2015-11-19,379824.0
2015-11-20,506627.0
2015-11-23,743589.0
2015-11-24,490212.0
2015-11-25,636917.0
2015-11-26,746858.0
2015-11-27,518509.0
2015-11-30,739172.0
2015-12-01,496568.0
2015-12-02,484710.0
2015-12-03,456498.0
2015-12-04,820562.0
2015-12-07,222720.0
2015-12-08,211851.0
2015-12-09,421709.0
2015-12-10,385116.0
2015-12-11,634045.0
2015-12-14,466010.0
2015-12-15,445556.0
2015-12-16,576151.0
2015-12-17,588360.0
2015-12-18,425877.0
2015-12-21,513424.0
2015-12-22,492689.0
2015-12-23,516053.0
2015-12-24,453053.0
2015-12-25,744108.0
2015-12-28,52919.0
2015-12-29,440714.0
2015-12-30,426167.0
2015-12-31,587755.0
2016-01-01,668125.0
2016-01-04,352429.0
2016-01-05,723885.0
2016-01-06,528855.0
2016-01-07,392361.0
2016-01-08,508501.0
2016-01-11,525855.0
2016-01-12,363046.0
2016-01-13,958292.0
2016-01-14,572683.0
2016-01-15,411060.0
2016-01-18,817505.0
2016-01-19,698068.0
2016-01-20,518106.0
2016-01-21,527589.0
2016-01-22,563782.0
2016-01-25,659068.0
2016-01-26,427992.0
2016-01-27,568944.0
2016-01-28,619188.0
2016-01-29,421526.0
2016-02-01,343505.0
2016-02-02,329362.0
2016-02-03,502275.0
2016-02-04,386071.0
2016-02-05,596706.0
2016-02-08,741820.0
2016-02-09,511546.0
2016-02-10,295009.0
2016-02-11,506367.0
2016-02-12,378991.0
2016-02-15,529088.0
2016-02-16,238941.0
2016-02-17,472261.0
2016-02-18,386229.0
2016-02-19,828237.0
2016-02-22,522836.0
2016-02-23,317913.0
2016-02-24,421385.0
2016-02-25,368266.0
2016-02-26,588068.0
2016-02-29,563459.0
2016-03-01,313152.0
2016-03-02,-59318.0
2016-03-03,381086.0
2016-03-04,688329.0
2016-03-07,530036.0
2016-03-08,624452.0
2016-03-09,423812.0
2016-03-10,494820.0
2016-03-11,460378.0
2016-03-14,293243.0
2016-03-15,483518.0
2016-03-16,386853.0
2016-03-17,370825.0
2016-03-18,86173.0
2016-03-21,480090.0
2016-03-22,646727.0
2016-03-23,665648.0
2016-03-24,416739.0
2016-03-25,250490.0
2016-03-28,300672.0
2016-03-29,830132.0
2016-03-30,557044.0
2016-03-31,243313.0
2016-04-01,554649.0
2016-04-04,503634.0
2016-04-05,402520.0
2016-04-06,309183.0
2016-04-07,583368.0
2016-04-08,402024.0
2016-04-11,399611.0
2016-04-12,657236.0
2016-04-13,611212.0
2016-04-14,288650.0
2016-04-15,290286.0
2016-04-18,510582.0
2016-04-19,466203.0
2016-04-20,316286.0
2016-04-21,438959.0
2016-04-22,399742.0
2016-04-25,410692.0
2016-04-26,575632.0
2016-04-27,696290.0
2016-04-28,421784.0
2016-04-29,247173.0
2016-05-02,466641.0
2016-05-03,686650.0
2016-05-04,829426.0
2016-05-05,271154.0
2016-05-06,604442.0
2016-05-09,624049.0
2016-05-10,460499.0
2016-05-11,764954.0
2016-05-12,371331.0
2016-05-13,614289.0
2016-05-16,578690.0
2016-05-17,560817.0
2016-05-18,695510.0
2016-05-19,318273.0
2016-05-20,649746.0
2016-05-23,300419.0
2016-05-24,249609.0
2016-05-25,481299.0
2016-05-26,833106.0
2016-05-27,454695.0
2016-05-30,561166.0
2016-05-31,384844.0
2016-06-01,519094.0
2016-06-02,516176.0
2016-06-03,280741.0
2016-06-06,477216.0
2016-06-07,367996.0
2016-06-08,917273.0
2016-06-09,249764.0
2016-06-10,345909.0
2016-06-13,576426.0
2016-06-14,125823.0
2016-06-15,189604.0
2016-06-16,863474.0
2016-06-17,588559.0
2016-06-20,624568.0
2016-06-21,476462.0
2016-06-22,990110.0
2016-06-23,345050.0
2016-06-24,271535.0
2016-06-27,621036.0
2016-06-28,276358.0
2016-06-29,304741.0
2016-06-30,640064.0
2016-07-01,609273.0
2016-07-04,620297.0
2016-07-05,360633.0
2016-07-06,612295.0
2016-07-07,173055.0
2016-07-08,815315.0
2016-07-11,348700.0
2016-07-12,456980.0
2016-07-13,407857.0
2016-07-14,594689.0
2016-07-15,608381.0
2016-07-18,253225.0
2016-07-19,171994.0
2016-07-20,462782.0
2016-07-21,245732.0
2016-07-22,440852.0
2016-07-25,428350.0
2016-07-26,525619.0
2016-07-27,859247.0
2016-07-28,488277.0
2016-07-29,452229.0
2016-08-01,557738.0
2016-08-02,816453.0
2016-08-03,392439.0
2016-08-04,664902.0
2016-08-05,341097.0
2016-08-08,433053.0
2016-08-09,286574.0
2016-08-10,387982.0
2016-08-11,476836.0
2016-08-12,516484.0
2016-08-15,764604.0
2016-08-16,537608.0
2016-08-17,487052.0
2016-08-18,391985.0
2016-08-19,675774.0
2016-08-22,540714.0
2016-08-23,611517.0
2016-08-24,328078.0
2016-08-25,440585.0
2016-08-26,508188.0
2016-08-29,321737.0
2016-08-30,1052407.0
2016-08-31,466502.0
2016-09-01,624543.0
2016-09-02,436935.0
2016-09-05,297550.0
2016-09-06,1030256.0
2016-09-07,581209.0
2016-09-08,773465.0
2016-09-09,468432.0
2016-09-12,372651.0
2016-09-13,742532.0
2016-09-14,363452.0
2016-09-15,118261.0
2016-09-16,535569.0
2016-09-19,194147.0
2016-09-20,486238.0
2016-09-21,668517.0
2016-09-22,320099.0
2016-09-23,401818.0
2016-09-26,367694.0
2016-09-27,470326.0
2016-09-28,202954.0
2016-09-29,574189.0
2016-09-30,512113.0
2016-10-03,437756.0
2016-10-04,409105.0
2016-10-05,630737.0
2016-10-06,531910.0
2016-10-07,281671.0
2016-10-10,616883.0
2016-10-11,574105.0
2016-10-12,438372.0
2016-10-13,380073.0
2016-10-14,664118.0
2016-10-17,619711.0
2016-10-18,873359.0
2016-10-19,329679.0
2016-10-20,483992.0
2016-10-21,534043.0
2016-10-24,911719.0
2016-10-25,917629.0
2016-10-26,595056.0
2016-10-27,555817.0
2016-10-28,370580.0
2016-10-31,547306.0
2016-11-01,225925.0
2016-11-02,525245.0
2016-11-03,589097.0
2016-11-04,668741.0
2016-11-07,477441.0
2016-11-08,584356.0
2016-11-09,311183.0
2016-11-10,607715.0
2016-11-11,321118.0
2016-11-14,284040.0
2016-11-15,520138.0
2016-11-16,534055.0
2016-11-17,556206.0
2016-11-18,296360.0
2016-11-21,584396.0
2016-11-22,668250.0
2016-11-23,301248.0
2016-11-24,808043.0
2016-11-25,307544.0
2016-11-28,514057.0
2016-11-29,566970.0
2016-11-30,536725.0
2016-12-01,510586.0
2016-12-02,568347.0
2016-12-05,506134.0
2016-12-06,576612.0
2016-12-07,299991.0
2016-12-08,149658.0
2016-12-09,627656.0
2016-12-12,566997.0
2016-12-13,588659.0
2016-12-14,581925.0
2016-12-15,190515.0
2016-12-16,235511.0
2016-12-19,240669.0
2016-12-20,639587.0
2016-12-21,437748.0
2016-12-22,591008.0
2016-12-23,322895.0
2016-12-26,740748.0
2016-12-27,573187.0
2016-12-28,379727.0
2016-12-29,350562.0
2016-12-30,298552.0
2017-01-02,580804.0
2017-01-03,454359.0
2017-01-04,617539.0
2017-01-05,593404.0
2017-01-06,871110.0
2017-01-09,218327.0
2017-01-10,119366.0
2017-01-11,583441.0
2017-01-12,34753.0
2017-01-13,505283.0
2017-01-16,742177.0
2017-01-17,779293.0
2017-01-18,870987.0
2017-01-19,664778.0
2017-01-20,554981.0
2017-01-23,457700.0
2017-01-24,530764.0
2017-01-25,714891.0
2017-01-26,396411.0
2017-01-27,643987.0
2017-01-30,398952.0
2017-01-31,310024.0
2017-02-01,502472.0
2017-02-02,203564.0
2017-02-03,510217.0
2017-02-06,756150.0
2017-02-07,407977.0
2017-02-08,601818.0
2017-02-09,834831.0
2017-02-10,357298.0
2017-02-13,629033.0
2017-02-14,627607.0
2017-02-15,574458.0
2017-02-16,539238.0
2017-02-17,648630.0
2017-02-20,338601.0
2017-02-21,-73611.0
2017-02-22,345559.0
2017-02-23,607311.0
2017-02-24,457007.0
2017-02-27,706093.0
2017-02-28,558486.0
2017-03-01,393413.0
2017-03-02,742813.0
2017-03-03,592312.0
2017-03-06,675732.0
2017-03-07,459575.0
2017-03-08,735762.0
2017-03-09,730222.0
2017-03-10,555026.0
2017-03-13,545253.0
2017-03-14,654503.0
2017-03-15,454694.0
2017-03-16,704417.0
2017-03-17,858867.0
2017-03-20,409272.0
2017-03-21,565499.0
2017-03-22,382084.0
2017-03-23,512198.0
2017-03-24,674005.0
2017-03-27,480643.0
2017-03-28,167697.0
2017-03-29,391591.0
2017-03-30,278430.0
2017-03-31,606518.0
2017-04-03,526337.0
2017-04-04,360070.0
2017-04-05,701950.0
2017-04-06,369724.0
2017-04-07,274231.0
2017-04-10,748939.0
2017-04-11,565912.0
2017-04-12,102976.0
2017-04-13,502516.0
2017-04-14,546161.0
2017-04-17,364555.0
2017-04-18,580173.0
2017-04-19,393327.0
2017-04-20,608180.0
2017-04-21,395278.0
2017-04-24,626303.0
2017-04-25,180911.0
2017-04-26,617648.0
2017-04-27,657768.0
2017-04-28,270090.0
2017-05-01,570344.0
2017-05-02,712928.0
2017-05-03,433490.0
2017-05-04,665632.0
2017-05-05,427932.0
2017-05-08,562685.0
2017-05-09,789559.0
2017-05-10,475605.0
2017-05-11,545991.0
2017-05-12,573797.0
2017-05-15,461426.0
2017-05-16,939793.0
2017-05-17,651421.0
2017-05-18,214737.0
2017-05-19,343443.0
2017-05-22,523820.0
2017-05-23,479213.0
2017-05-24,154583.0
2017-05-25,899122.0
2017-05-26,551683.0
2017-05-29,603149.0
2017-05-30,230181.0
2017-05-31,689691.0
2017-06-01,375012.0
2017-06-02,790804.0
2017-06-05,474313.0
2017-06-06,515507.0
2017-06-07,91357.0
2017-06-08,454059.0
2017-06-09,340765.0
2017-06-12,244214.0
2017-06-13,714793.0
2017-06-14,860775.0
2017-06-15,149628.0
2017-06-16,616334.0
2017-06-19,572118.0
2017-06-20,785837.0
2017-06-21,539716.0
2017-06-22,466157.0
2017-06-23,499105.0
2017-06-26,112518.0
2017-06-27,684475.0
2017-06-28,649167.0
2017-06-29,543927.0
2017-06-30,518342.0
2017-07-03,805038.0
2017-07-04,292638.0
2017-07-05,705835.0
2017-07-06,-11883.0
2017-07-07,832462.0
2017-07-10,252658.0
2017-07-11,588840.0
2017-07-12,1019309.0
2017-07-13,809536.0
2017-07-14,601062.0
2017-07-17,313083.0
2017-07-18,433991.0
2017-07-19,591553.0
2017-07-20,450408.0
2017-07-21,499348.0
2017-07-24,251802.0
2017-07-25,436081.0
2017-07-26,1043398.0
2017-07-27,927831.0
2017-07-28,680152.0
2017-07-31,502522.0
2017-08-01,238986.0
2017-08-02,490426.0
2017-08-03,576158.0
2017-08-04,562799.0
2017-08-07,387926.0
2017-08-08,853064.0
2017-08-09,508208.0
2017-08-10,244694.0
2017-08-11,160120.0
2017-08-14,851379.0
2017-08-15,448939.0
2017-08-16,291443.0
2017-08-17,500049.0
2017-08-18,565410.0
2017-08-21,327720.0
2017-08-22,353822.0
2017-08-23,132896.0
2017-08-24,557957.0
2017-08-25,236707.0
2017-08-28,513355.0
2017-08-29,316904.0
2017-08-30,300655.0
2017-08-31,644670.0
2017-09-01,371638.0
2017-09-04,290409.0
2017-09-05,209022.0
2017-09-06,94464.0
2017-09-07,428876.0
2017-09-08,497209.0
2017-09-11,408144.0
2017-09-12,734155.0
2017-09-13,424352.0
2017-09-14,353783.0
2017-09-15,550006.0
2017-09-18,681290.0
2017-09-19,477942.0
2017-09-20,960433.0
2017-09-21,478801.0
2017-09-22,469046.0
2017-09-25,183687.0
2017-09-26,513345.0
2017-09-27,584531.0
2017-09-28,390097.0
2017-09-29,394468.0
2017-10-02,635245.0
2017-10-03,442948.0
2017-10-04,524537.0
2017-10-05,73925.0
2017-10-06,499073.0
2017-10-09,565527.0
2017-10-10,711135.0
2017-10-11,217630.0
2017-10-12,247397.0
2017-10-13,307410.0
2017-10-16,613645.0
2017-10-17,273549.0
2017-10-18,183317.0
2017-10-19,308898.0
2017-10-20,566103.0
2017-10-23,597038.0
2017-10-24,812875.0
2017-10-25,503268.0
2017-10-26,346281.0
2017-10-27,615071.0
2017-10-30,473194.0
2017-10-31,472365.0
2017-11-01,460324.0
2017-11-02,531904.0
2017-11-03,545433.0
2017-11-06,225466.0
2017-11-07,417708.0
2017-11-08,530066.0
2017-11-09,457210.0
2017-11-10,405901.0
2017-11-13,533153.0
2017-11-14,496932.0
2017-11-15,409477.0
2017-11-16,627247.0
2017-11-17,585007.0
2017-11-20,645104.0
2017-11-21,618580.0
2017-11-22,793356.0
2017-11-23,489310.0
2017-11-24,643327.0
2017-11-27,566352.0
2017-11-28,446786.0
2017-11-29,483885.0
2017-11-30,303087.0
2017-12-01,241517.0
2017-12-04,146271.0
2017-12-05,534477.0
2017-12-06,260673.0
2017-12-07,887918.0
2017-12-08,498507.0
2017-12-11,288930.0
2017-12-12,781837.0
2017-12-13,235357.0
2017-12-14,705250.0
2017-12-15,457654.0
2017-12-18,725606.0
2017-12-19,709425.0
2017-12-20,360816.0
2017-12-21,750733.0
2017-12-22,230680.0
2017-12-25,361997.0
2017-12-26,635328.0
2017-12-27,135567.0
2017-12-28,514257.0
2017-12-29,165636.0
2018-01-01,482715.0
2018-01-02,702954.0
2018-01-03,463457.0
2018-01-04,345492.0
2018-01-05,387406.0
2018-01-08,478546.0
2018-01-09,580459.0
2018-01-10,1029166.0
2018-01-11,369428.0
2018-01-12,290858.0
2018-01-15,498290.0
2018-01-16,548770.0
2018-01-17,728671.0
2018-01-18,-135281.0
2018-01-19,389910.0
2018-01-22,617301.0
2018-01-23,84379.0
2018-01-24,68094.0
2018-01-25,543025.0
2018-01-26,464251.0
2018-01-29,489063.0
2018-01-30,544792.0
2018-01-31,463834.0
2018-02-01,446396.0
2018-02-02,732485.0
2018-02-05,123655.0
2018-02-06,375074.0
2018-02-07,416842.0
2018-02-08,417121.0
2018-02-09,299269.0
2018-02-12,731727.0
2018-02-13,396928.0
2018-02-14,401466.0
2018-02-15,521564.0
2018-02-16,854470.0
2018-02-19,524687.0
2018-02-20,440727.0
2018-02-21,550425.0
2018-02-22,638359.0
2018-02-23,918982.0
2018-02-26,343371.0
2018-02-27,482536.0
2018-02-28,378779.0
2018-03-01,329697.0
2018-03-02,689699.0
2018-03-05,285773.0
2018-03-06,663014.0
2018-03-07,664883.0
2018-03-08,623982.0
2018-03-09,617251.0
2018-03-12,506750.0
2018-03-13,564151.0
2018-03-14,715399.0
2018-03-15,594026.0
2018-03-16,579255.0
2018-03-19,693479.0
2018-03-20,537636.0
2018-03-21,504629.0
2018-03-22,736963.0
2018-03-23,341837.0
2018-03-26,507912.0
2018-03-27,501638.0
2018-03-28,675400.0
2018-03-29,378527.0
2018-03-30,236972.0
2018-04-02,667076.0
2018-04-03,674383.0
2018-04-04,309423.0
2018-04-05,514435.0
2018-04-06,378390.0
2018-04-09,624641.0
2018-04-10,451659.0
2018-04-11,741961.0
2018-04-12,988703.0
2018-04-13,728866.0
2018-04-16,570800.0
2018-04-17,469142.0
2018-04-18,662361.0
2018-04-19,73679.0
2018-04-20,644475.0
2018-04-23,716736.0
2018-04-24,538974.0
2018-04-25,644452.0
2018-04-26,745362.0
2018-04-27,660748.0
2018-04-30,491471.0
2018-05-01,404004.0
2018-05-02,401464.0
2018-05-03,285936.0
2018-05-04,648146.0
2018-05-07,732410.0
2018-05-08,461118.0
2018-05-09,461238.0
2018-05-10,464797.0
2018-05-11,437911.0
2018-05-14,124718.0
2018-05-15,345312.0
2018-05-16,174905.0
2018-05-17,492092.0
2018-05-18,198115.0
2018-05-21,699561.0
2018-05-22,987872.0
2018-05-23,383762.0
2018-05-24,442964.0
2018-05-25,510994.0
2018-05-28,550205.0
2018-05-29,248108.0
2018-05-30,121254.0
2018-05-31,719516.0
2018-06-01,687631.0
2018-06-04,683094.0
2018-06-05,524248.0
2018-06-06,477600.0
2018-06-07,668894.0
2018-06-08,737709.0
2018-06-11,216712.0
2018-06-12,652304.0
2018-06-13,482833.0
2018-06-14,186395.0
2018-06-15,544557.0
2018-06-18,495152.0
2018-06-19,703690.0
2018-06-20,727569.0
2018-06-21,753476.0
2018-06-22,64584.0
2018-06-25,746403.0
2018-06-26,558497.0
2018-06-27,834168.0
2018-06-28,320868.0
2018-06-29,946828.0
2018-07-02,491733.0
2018-07-03,292392.0
2018-07-04,554173.0
2018-07-05,825968.0
2018-07-06,732290.0
2018-07-09,320963.0
2018-07-10,529007.0
2018-07-11,632838.0
2018-07-12,379840.0
2018-07-13,701347.0
2018-07-16,165711.0
2018-07-17,452251.0
2018-07-18,414866.0
2018-07-19,140446.0
2018-07-20,637337.0
2018-07-23,342017.0
2018-07-24,551963.0
2018-07-25,447927.0
2018-07-26,634090.0
2018-07-27,219734.0
2018-07-30,495693.0
2018-07-31,662168.0
2018-08-01,21354.0
2018-08-02,876670.0
2018-08-03,388407.0
2018-08-06,457080.0
2018-08-07,303392.0
2018-08-08,679722.0
2018-08-09,260567.0
2018-08-10,580383.0
2018-08-13,422618.0
2018-08-14,415086.0
2018-08-15,756813.0
2018-08-16,459347.0
2018-08-17,527792.0
2018-08-20,498501.0
2018-08-21,514542.0
2018-08-22,431074.0
2018-08-23,732028.0
2018-08-24,609293.0
2018-08-27,708091.0
2018-08-28,959086.0
2018-08-29,395116.0
2018-08-30,849569.0
2018-08-31,733776.0
2018-09-03,358740.0
2018-09-04,518264.0
2018-09-05,473245.0
2018-09-06,103550.0
2018-09-07,445175.0
2018-09-10,655237.0
2018-09-11,791715.0
2018-09-12,899710.0
2018-09-13,528966.0
2018-09-14,805784.0
2018-09-17,887848.0
2018-09-18,341862.0
2018-09-19,475891.0
2018-09-20,286808.0
2018-09-21,278213.0
2018-09-24,314992.0
2018-09-25,488253.0
2018-09-26,534821.0
2018-09-27,511915.0
2018-09-28,443354.0
2018-10-01,1044457.0
2018-10-02,535652.0
2018-10-03,344993.0
2018-10-04,348665.0
2018-10-05,479484.0
2018-10-08,375274.0
2018-10-09,329650.0
2018-10-10,636932.0
2018-10-11,310677.0
2018-10-12,551693.0
2018-10-15,661374.0
2018-10-16,919820.0
2018-10-17,339586.0
2018-10-18,340366.0
2018-10-19,688759.0
2018-10-22,610120.0
2018-10-23,378261.0
2018-10-24,336494.0
2018-10-25,533396.0
2018-10-26,788196.0
2018-10-29,111434.0
2018-10-30,665071.0
2018-10-31,725614.0
2018-11-01,374584.0
2018-11-02,868999.0
2018-11-05,350725.0
2018-11-06,468881.0
2018-11-07,551342.0
2018-11-08,360870.0
2018-11-09,237121.0
2018-11-12,507810.0
2018-11-13,663739.0
2018-11-14,498715.0
2018-11-15,260457.0
2018-11-16,649227.0
2018-11-19,286502.0
2018-11-20,509744.0
2018-11-21,582433.0
2018-11-22,181922.0
2018-11-23,436234.0
2018-11-26,441854.0
2018-11-27,534926.0
2018-11-28,187932.0
2018-11-29,613477.0
2018-11-30,257168.0
2018-12-03,559986.0
2018-12-04,612645.0
2018-12-05,98881.0
2018-12-06,433939.0
2018-12-07,571057.0
2018-12-10,522653.0
2018-12-11,568150.0
2018-12-12,514507.0
2018-12-13,331728.0
2018-12-14,452320.0
2018-12-17,251502.0
2018-12-18,492541.0
2018-12-19,785965.0
2018-12-20,136011.0
2018-12-21,144223.0
2018-12-24,312682.0
2018-12-25,388468.0
2018-12-26,691511.0
2018-12-27,445692.0
2018-12-28,425817.0
2018-12-31,479437.0
2019-01-01,404121.0
2019-01-02,339019.0
2019-01-03,298567.0
2019-01-04,683128.0
2019-01-07,629549.0
2019-01-08,855807.0
2019-01-09,346990.0
2019-01-10,673904.0
2019-01-11,628863.0
2019-01-14,615652.0
2019-01-15,480986.0
2019-01-16,258343.0
2019-01-17,361341.0
2019-01-18,462263.0
2019-01-21,578938.0
2019-01-22,674619.0
2019-01-23,367263.0
2019-01-24,630407.0
2019-01-25,437795.0
2019-01-28,558443.0
2019-01-29,509287.0
2019-01-30,902675.0
2019-01-31,586304.0
2019-02-01,653031.0
2019-02-04,207250.0
2019-02-05,786634.0
2019-02-06,544050.0
2019-02-07,262722.0
2019-02-08,441432.0
2019-02-11,476372.0
2019-02-12,210626.0
2019-02-13,225974.0
2019-02-14,625985.0
2019-02-15,400074.0
2019-02-18,309560.0
2019-02-19,436281.0
2019-02-20,913209.0
2019-02-21,507239.0
2019-02-22,852258.0
2019-02-25,447927.0
2019-02-26,272493.0
2019-02-27,551931.0
2019-02-28,468858.0
2019-03-01,806581.0
2019-03-04,511516.0
2019-03-05,787734.0
2019-03-06,221308.0
2019-03-07,616966.0
2019-03-08,680013.0
2019-03-11,524265.0
2019-03-12,393926.0
2019-03-13,661564.0
2019-03-14,846728.0
2019-03-15,678507.0
2019-03-18,602223.0
2019-03-19,312634.0
2019-03-20,542759.0
2019-03-21,302941.0
2019-03-22,628001.0
2019-03-25,576347.0
2019-03-26,627865.0
2019-03-27,789129.0
2019-03-28,516160.0
2019-03-29,406346.0
2019-04-01,676572.0
2019-04-02,399701.0
2019-04-03,356590.0
2019-04-04,11203.0
2019-04-05,729500.0
2019-04-08,513647.0
2019-04-09,416901.0
2019-04-10,425410.0
2019-04-11,526112.0
2019-04-12,554762.0
2019-04-15,79234.0
2019-04-16,458853.0
2019-04-17,253158.0
2019-04-18,609895.0
2019-04-19,375248.0
2019-04-22,700993.0
2019-04-23,584424.0
2019-04-24,560046.0
2019-04-25,301742.0
2019-04-26,531937.0
2019-04-29,366140.0
2019-04-30,348807.0
2019-05-01,339191.0
2019-05-02,-118785.0
2019-05-03,334401.0
2019-05-06,-23531.0
2019-05-07,428018.0
2019-05-08,623480.0
2019-05-09,399502.0
2019-05-10,386283.0
2019-05-13,754352.0
2019-05-14,226523.0
2019-05-15,588571.0
2019-05-16,451887.0
2019-05-17,903882.0
2019-05-20,760836.0
2019-05-21,520556.0
2019-05-22,403326.0
2019-05-23,670757.0
2019-05-24,514541.0
2019-05-27,655174.0
2019-05-28,425118.0
2019-05-29,654224.0
2019-05-30,1091797.0
2019-05-31,429637.0
2019-06-03,339309.0
2019-06-04,487445.0
2019-06-05,351510.0
2019-06-06,685900.0
2019-06-07,541250.0
2019-06-10,579446.0
2019-06-11,666894.0
2019-06-12,801468.0
2019-06-13,142008.0
2019-06-14,674722.0
2019-06-17,577061.0
2019-06-18,387676.0
2019-06-19,681539.0
2019-06-20,284916.0
2019-06-21,956042.0
2019-06-24,438603.0
2019-06-25,628535.0
2019-06-26,626278.0
2019-06-27,764454.0
2019-06-28,427482.0
2019-07-01,421665.0
2019-07-02,397135.0
2019-07-03,461102.0
2019-07-04,533764.0
2019-07-05,739071.0
2019-07-08,290476.0
2019-07-09,460616.0
2019-07-10,208020.0
2019-07-11,272845.0
2019-07-12,464418.0
2019-07-15,943844.0
2019-07-16,375210.0
2019-07-17,396144.0
2019-07-18,348931.0
2019-07-19,178565.0
2019-07-22,658756.0
2019-07-23,410165.0
2019-07-24,869524.0
2019-07-25,755738.0
2019-07-26,502231.0
2019-07-29,40935.0
2019-07-30,428124.0
2019-07-31,613397.0
2019-08-01,371110.0
2019-08-02,375682.0
2019-08-05,403221.0
2019-08-06,492286.0
2019-08-07,714998.0
2019-08-08,488143.0
2019-08-09,324076.0
2019-08-12,406655.0
2019-08-13,631877.0
2019-08-14,786344.0
2019-08-15,567029.0
2019-08-16,277657.0
2019-08-19,525617.0
2019-08-20,549420.0
2019-08-21,295370.0
2019-08-22,791788.0
2019-08-23,277607.0
2019-08-26,523706.0
2019-08-27,685327.0
2019-08-28,460251.0
2019-08-29,730190.0
2019-08-30,608400.0
2019-09-02,698071.0
2019-09-03,467545.0
2019-09-04,448484.0
2019-09-05,180687.0
2019-09-06,255321.0
2019-09-09,268993.0
2019-09-10,639707.0
2019-09-11,467338.0
2019-09-12,658718.0
2019-09-13,406301.0
2019-09-16,292581.0
2019-09-17,604379.0
2019-09-18,761586.0
2019-09-19,351429.0
2019-09-20,176373.0
2019-09-23,542964.0
2019-09-24,755107.0
2019-09-25,805171.0
2019-09-26,462354.0
2019-09-27,309775.0
2019-09-30,557145.0
2019-10-01,629791.0
2019-10-02,436228.0
2019-10-03,187412.0
2019-10-04,731432.0
2019-10-07,369102.0
2019-10-08,687331.0
2019-10-09,205898.0
2019-10-10,695591.0
2019-10-11,709679.0
2019-10-14,61844.0
2019-10-15,506533.0
2019-10-16,282885.0
2019-10-17,452146.0
2019-10-18,830024.0
2019-10-21,437057.0
2019-10-22,433450.0
2019-10-23,243386.0
2019-10-24,282142.0
2019-10-25,544969.0
2019-10-28,492590.0
2019-10-29,295423.0
2019-10-30,652850.0
2019-10-31,231923.0
2019-11-01,566412.0
2019-11-04,402349.0
2019-11-05,397711.0
2019-11-06,756218.0
2019-11-07,507497.0
2019-11-08,432235.0
2019-11-11,217775.0
2019-11-12,626042.0
2019-11-13,520006.0
2019-11-14,351333.0
2019-11-15,544889.0
2019-11-18,644499.0
2019-11-19,186177.0
2019-11-20,1013497.0
2019-11-21,727509.0
2019-11-22,529826.0
2019-11-25,217517.0
2019-11-26,584905.0
2019-11-27,689273.0
2019-11-28,296356.0
2019-11-29,895267.0
2019-12-02,596565.0
2019-12-03,138225.0
2019-12-04,892800.0
2019-12-05,692350.0
2019-12-06,906844.0
2019-12-09,338739.0
2019-12-10,678420.0
2019-12-11,489586.0
2019-12-12,371453.0
2019-12-13,254897.0
2019-12-16,411352.0
2019-12-17,524826.0
2019-12-18,505886.0
2019-12-19,531467.0
2019-12-20,580022.0
2019-12-23,475011.0
2019-12-24,279042.0
2019-12-25,282247.0
2019-12-26,777141.0
2019-12-27,451111.0
2019-12-30,658290.0
2019-12-31,417127.0
2020-01-01,730960.0
2020-01-02,421771.0
2020-01-03,522192.0
2020-01-06,418092.0
2020-01-07,466464.0
2020-01-08,360985.0
2020-01-09,876754.0
2020-01-10,536245.0
2020-01-13,586310.0
2020-01-14,835068.0
2020-01-15,464023.0
2020-01-16,343133.0
2020-01-17,644563.0
2020-01-20,415047.0
2020-01-21,444603.0
2020-01-22,713706.0
2020-01-23,344910.0
2020-01-24,369078.0
2020-01-27,737898.0
2020-01-28,74737.0
2020-01-29,711753.0
2020-01-30,395734.0
2020-01-31,220095.0
2020-02-03,416996.0
2020-02-04,354993.0
2020-02-05,496123.0
2020-02-06,276958.0
2020-02-07,524854.0
2020-02-10,541495.0
2020-02-11,588328.0
2020-02-12,524793.0
2020-02-13,575674.0
2020-02-14,437419.0
2020-02-17,103422.0
2020-02-18,384499.0
2020-02-19,1111111.0
2020-02-20,51098.0
2020-02-21,408669.0
2020-02-24,182189.0
2020-02-25,524839.0
2020-02-26,659834.0
2020-02-27,687960.0
2020-02-28,264467.0
2020-03-02,756448.0
2020-03-03,774468.0
2020-03-04,419829.0
2020-03-05,641321.0
2020-03-06,545717.0
2020-03-09,741813.0
2020-03-10,565044.0
2020-03-11,640812.0
2020-03-12,515277.0
2020-03-13,888371.0
2020-03-16,211006.0
2020-03-17,408289.0
2020-03-18,491369.0
2020-03-19,517679.0
2020-03-20,75140.0
2020-03-23,631035.0
2020-03-24,627713.0
2020-03-25,400795.0
2020-03-26,739997.0
2020-03-27,541038.0
2020-03-30,411619.0
2020-03-31,377152.0
2020-04-01,529020.0
2020-04-02,394812.0
2020-04-03,235698.0
2020-04-06,726271.0
2020-04-07,636676.0
2020-04-08,708957.0
2020-04-09,402044.0
2020-04-10,489273.0
2020-04-13,459974.0
2020-04-14,369851.0
2020-04-15,343451.0
2020-04-16,656367.0
2020-04-17,394703.0
2020-04-20,499921.0
2020-04-21,664337.0
2020-04-22,392520.0
2020-04-23,366388.0
2020-04-24,153466.0
2020-04-27,352013.0
2020-04-28,408294.0
2020-04-29,464421.0
2020-04-30,751137.0
2020-05-01,183165.0
2020-05-04,802707.0
2020-05-05,383997.0
2020-05-06,804662.0
2020-05-07,433526.0
2020-05-08,310060.0
2020-05-11,780252.0
2020-05-12,331624.0
2020-05-13,865501.0
2020-05-14,304297.0
2020-05-15,418325.0
2020-05-18,785441.0
2020-05-19,894339.0
2020-05-20,750171.0
2020-05-21,580672.0
2020-05-22,817807.0
2020-05-25,493145.0
2020-05-26,436754.0
2020-05-27,228533.0
2020-05-28,872532.0
2020-05-29,425726.0
2020-06-01,735032.0
2020-06-02,565183.0
2020-06-03,487693.0
2020-06-04,414004.0
2020-06-05,360058.0
2020-06-08,649066.0
2020-06-09,906902.0
2020-06-10,224313.0
2020-06-11,623378.0
2020-06-12,411589.0
2020-06-15,371163.0
2020-06-16,382900.0
2020-06-17,913871.0
2020-06-18,704438.0
2020-06-19,595833.0
2020-06-22,736024.0
2020-06-23,467176.0
2020-06-24,661936.0
2020-06-25,238565.0
2020-06-26,830239.0
2020-06-29,502621.0
2020-06-30,591762.0
2020-07-01,767116.0
2020-07-02,747546.0
2020-07-03,495531.0
2020-07-06,481590.0
2020-07-07,548174.0
2020-07-08,656785.0
2020-07-09,865197.0
2020-07-10,511526.0
2020-07-13,879188.0
2020-07-14,468179.0
2020-07-15,182067.0
2020-07-16,98655.0
2020-07-17,500502.0
2020-07-20,512492.0
2020-07-21,838223.0
2020-07-22,472278.0
2020-07-23,475034.0
2020-07-24,605728.0
2020-07-27,511171.0
2020-07-28,736516.0
2020-07-29,555089.0
2020-07-30,339003.0
2020-07-31,617241.0
2020-08-03,431663.0
2020-08-04,198141.0
2020-08-05,651881.0
2020-08-06,574760.0
2020-08-07,276426.0
2020-08-10,637580.0
2020-08-11,492505.0
2020-08-12,452725.0
2020-08-13,833864.0
2020-08-14,485568.0
2020-08-17,487284.0
2020-08-18,442725.0
2020-08-19,668572.0
2020-08-20,383676.0
2020-08-21,729318.0
2020-08-24,271845.0
2020-08-25,215466.0
2020-08-26,319829.0
2020-08-27,629450.0
2020-08-28,580683.0
2020-08-31,774811.0
2020-09-01,113359.0
2020-09-02,532222.0
2020-09-03,778098.0
2020-09-04,183256.0
2020-09-07,251405.0
2020-09-08,477742.0
2020-09-09,433419.0
2020-09-10,498528.0
2020-09-11,346103.0
2020-09-14,430859.0
2020-09-15,539945.0
2020-09-16,606878.0
2020-09-17,510359.0
2020-09-18,499517.0
2020-09-21,248015.0
2020-09-22,370657.0
2020-09-23,668074.0
2020-09-24,490989.0
2020-09-25,298294.0
2020-09-28,518673.0
2020-09-29,530894.0
2020-09-30,463569.0
2020-10-01,641058.0
2020-10-02,330784.0
2020-10-05,476923.0
2020-10-06,60768.0
2020-10-07,307986.0
2020-10-08,339245.0
2020-10-09,672895.0
2020-10-12,375536.0
2020-10-13,559496.0
2020-10-14,426369.0
2020-10-15,683098.0
2020-10-16,248954.0
2020-10-19,567677.0
2020-10-20,840780.0
2020-10-21,254543.0
2020-10-22,613202.0
2020-10-23,557663.0
2020-10-26,509413.0
2020-10-27,334171.0
2020-10-28,236296.0
2020-10-29,357157.0
2020-10-30,738378.0
2020-11-02,653549.0
2020-11-03,678393.0
2020-11-04,399425.0
2020-11-05,454513.0
2020-11-06,81076.0
2020-11-09,95933.0
2020-11-10,754691.0
2020-11-11,224014.0
2020-11-12,617992.0
2020-11-13,918904.0
2020-11-16,332188.0
2020-11-17,500287.0
2020-11-18,231800.0
2020-11-19,391171.0
2020-11-20,133684.0
2020-11-23,442993.0
2020-11-24,422156.0
2020-11-25,118500.0
2020-11-26,310648.0
2020-11-27,-54167.0
2020-11-30,369101.0
2020-12-01,667163.0
2020-12-02,510313.0
2020-12-03,342345.0
2020-12-04,496063.0
2020-12-07,444936.0
2020-12-08,454786.0
2020-12-09,647144.0
2020-12-10,731698.0
2020-12-11,207145.0
2020-12-14,149372.0
2020-12-15,398854.0
2020-12-16,646662.0
2020-12-17,384445.0
2020-12-18,677953.0
2020-12-21,406392.0
2020-12-22,540426.0
2020-12-23,276897.0
2020-12-24,702310.0
2020-12-25,247958.0
2020-12-28,577191.0
2020-12-29,701259.0
2020-12-30,808971.0
2020-12-31,112097.0
2021-01-01,434859.0
2021-01-04,735927.0
2021-01-05,383457.0
2021-01-06,811483.0
2021-01-07,314412.0
2021-01-08,471778.0
2021-01-11,384998.0
2021-01-12,405018.0
2021-01-13,465531.0
2021-01-14,548922.0
2021-01-15,314911.0
2021-01-18,361611.0
2021-01-19,563381.0
2021-01-20,429801.0
2021-01-21,565185.0
2021-01-22,618967.0
2021-01-25,813848.0
2021-01-26,604522.0
2021-01-27,651382.0
2021-01-28,372063.0
2021-01-29,313224.0
2021-02-01,426502.0
2021-02-02,643974.0
2021-02-03,295966.0
2021-02-04,492345.0
2021-02-05,319852.0
2021-02-08,341110.0
2021-02-09,576171.0
2021-02-10,611196.0
2021-02-11,830893.0
2021-02-12,495860.0
2021-02-15,401341.0
2021-02-16,242138.0
2021-02-17,332030.0
2021-02-18,489784.0
2021-02-19,363333.0
2021-02-22,406614.0
2021-02-23,627515.0
2021-02-24,631464.0
2021-02-25,714552.0
2021-02-26,207928.0
2021-03-01,655137.0
2021-03-02,630082.0
2021-03-03,473541.0
2021-03-04,383463.0
2021-03-05,776458.0
2021-03-08,672200.0
2021-03-09,523090.0
2021-03-10,613745.0
2021-03-11,803519.0
2021-03-12,420965.0
2021-03-15,728407.0
2021-03-16,710853.0
2021-03-17,797592.0
2021-03-18,677935.0
2021-03-19,322312.0
2021-03-22,572448.0
2021-03-23,382312.0
2021-03-24,488155.0
2021-03-25,186577.0
2021-03-26,289143.0
2021-03-29,438104.0
2021-03-30,695073.0
2021-03-31,538116.0
2021-04-01,383802.0
2021-04-02,513944.0
2021-04-05,547284.0
2021-04-06,547353.0
2021-04-07,655552.0
2021-04-08,577929.0
2021-04-09,428197.0
2021-04-12,480101.0
2021-04-13,233868.0
2021-04-14,516830.0
2021-04-15,471480.0
2021-04-16,471225.0
2021-04-19,532871.0
2021-04-20,507291.0
2021-04-21,468188.0
2021-04-22,596190.0
2021-04-23,442066.0
2021-04-26,650499.0
2021-04-27,254207.0
2021-04-28,773776.0
2021-04-29,593644.0
2021-04-30,465523.0
2021-05-03,474127.0
2021-05-04,476873.0
2021-05-05,634422.0
2021-05-06,251086.0
2021-05-07,372668.0
2021-05-10,594941.0
2021-05-11,454150.0
2021-05-12,368404.0
2021-05-13,681136.0
2021-05-14,672774.0
2021-05-17,251384.0
2021-05-18,869326.0
2021-05-19,479780.0
2021-05-20,1027310.0
2021-05-21,443993.0
2021-05-24,280650.0
2021-05-25,597518.0
2021-05-26,613987.0
2021-05-27,180117.0
2021-05-28,172454.0
2021-05-31,339953.0
2021-06-01,397577.0
2021-06-02,533213.0
2021-06-03,760310.0
2021-06-04,280351.0
2021-06-07,753274.0
2021-06-08,518652.0
2021-06-09,463347.0
2021-06-10,823917.0
2021-06-11,206661.0
2021-06-14,103789.0
2021-06-15,673830.0
2021-06-16,105907.0
2021-06-17,322412.0
2021-06-18,454307.0
2021-06-21,509569.0
2021-06-22,317774.0
2021-06-23,568961.0
2021-06-24,602621.0
2021-06-25,503295.0
2021-06-28,717155.0
2021-06-29,567259.0
2021-06-30,250241.0
2021-07-01,113038.0
2021-07-02,270131.0
2021-07-05,394626.0
2021-07-06,517544.0
2021-07-07,710048.0
2021-07-08,789992.0
2021-07-09,771218.0
2021-07-12,279378.0
2021-07-13,628413.0
2021-07-14,465280.0
2021-07-15,758020.0
2021-07-16,356520.0
2021-07-19,636374.0
2021-07-20,794555.0
2021-07-21,310296.0
2021-07-22,351242.0
2021-07-23,472342.0
2021-07-26,447596.0
2021-07-27,860775.0
2021-07-28,591319.0
2021-07-29,349697.0
2021-07-30,125405.0
2021-08-02,393046.0
2021-08-03,153701.0
2021-08-04,921164.0
2021-08-05,669000.0
2021-08-06,663899.0
2021-08-09,682026.0
2021-08-10,308080.0
2021-08-11,678993.0
2021-08-12,420868.0
2021-08-13,371249.0
2021-08-16,242461.0
2021-08-17,762213.0
2021-08-18,610063.0
2021-08-19,337886.0
2021-08-20,752753.0
2021-08-23,595160.0
2021-08-24,795049.0
2021-08-25,516017.0
2021-08-26,487470.0
2021-08-27,680080.0
2021-08-30,723413.0
2021-08-31,294954.0
2021-09-01,590657.0
2021-09-02,481719.0
2021-09-03,849882.0
2021-09-06,546552.0
2021-09-07,949727.0
2021-09-08,387473.0
2021-09-09,712722.0
2021-09-10,844891.0
2021-09-13,681990.0
2021-09-14,418312.0
2021-09-15,328958.0
2021-09-16,408199.0
2021-09-17,507937.0
2021-09-20,446915.0
2021-09-21,620350.0
2021-09-22,311988.0
2021-09-23,429376.0
2021-09-24,725270.0
2021-09-27,782654.0
2021-09-28,591102.0
2021-09-29,283968.0
2021-09-30,294802.0
2021-10-01,531094.0
2021-10-04,800792.0
2021-10-05,892147.0
2021-10-06,455867.0
2021-10-07,642819.0
2021-10-08,349300.0
2021-10-11,598022.0
2021-10-12,501424.0
2021-10-13,492017.0
2021-10-14,498502.0
2021-10-15,44519.0
2021-10-18,446839.0
2021-10-19,509084.0
2021-10-20,994801.0
2021-10-21,659134.0
2021-10-22,761710.0
2021-10-25,676447.0
2021-10-26,424201.0
2021-10-27,703488.0
2021-10-28,492709.0
2021-10-29,439722.0
2021-11-01,722671.0
2021-11-02,723894.0
2021-11-03,593482.0
2021-11-04,612035.0
2021-11-05,922762.0
2021-11-08,450812.0
2021-11-09,369997.0
2021-11-10,883445.0
2021-11-11,338921.0
2021-11-12,651908.0
2021-11-15,746770.0
2021-11-16,213686.0
2021-11-17,537685.0
2021-11-18,520905.0
2021-11-19,669191.0
2021-11-22,637407.0
2021-11-23,479198.0
2021-11-24,689016.0
2021-11-25,218022.0
2021-11-26,537884.0
2021-11-29,422842.0
2021-11-30,338705.0
2021-12-01,595293.0
2021-12-02,177466.0
2021-12-03,439775.0
2021-12-06,928860.0
2021-12-07,248895.0
2021-12-08,378170.0
2021-12-09,684172.0
2021-12-10,257813.0
2021-12-13,317482.0
2021-12-14,273206.0
2021-12-15,387902.0
2021-12-16,721187.0
2021-12-17,966197.0
2021-12-20,288937.0
2021-12-21,533715.0
2021-12-22,558168.0
2021-12-23,440895.0
2021-12-24,350472.0
2021-12-27,481479.0
2021-12-28,578253.0
2021-12-29,207603.0
2021-12-30,422304.0
2021-12-31,763706.0
2022-01-03,238309.0
2022-01-04,768855.0
2022-01-05,714094.0
2022-01-06,424216.0
2022-01-07,451043.0
2022-01-10,697575.0
2022-01-11,407939.0
2022-01-12,471155.0
2022-01-13,405158.0
2022-01-14,494862.0
2022-01-17,747596.0
2022-01-18,261038.0
2022-01-19,-23457.0
2022-01-20,478846.0
2022-01-21,584183.0
2022-01-24,741014.0
2022-01-25,639826.0
2022-01-26,382339.0
2022-01-27,443970.0
2022-01-28,440722.0
2022-01-31,461745.0
2022-02-01,726803.0
2022-02-02,404377.0
2022-02-03,396178.0
2022-02-04,727700.0
2022-02-07,125718.0
2022-02-08,594369.0
2022-02-09,413914.0
2022-02-10,444210.0
2022-02-11,265986.0
2022-02-14,579428.0
2022-02-15,414916.0
2022-02-16,464359.0
2022-02-17,469687.0
2022-02-18,329108.0
2022-02-21,672058.0
2022-02-22,395812.0
2022-02-23,447556.0
2022-02-24,358779.0
2022-02-25,288902.0
2022-02-28,534072.0
2022-03-01,772337.0
2022-03-02,357609.0
2022-03-03,539953.0
2022-03-04,286485.0
2022-03-07,772246.0
2022-03-08,430977.0
2022-03-09,230055.0
2022-03-10,478002.0
2022-03-11,353302.0
2022-03-14,378355.0
2022-03-15,423083.0
2022-03-16,689265.0
2022-03-17,512736.0
2022-03-18,217767.0
2022-03-21,853296.0
2022-03-22,306871.0
2022-03-23,554676.0
2022-03-24,398647.0
2022-03-25,656716.0
2022-03-28,775533.0
2022-03-29,588138.0
2022-03-30,780885.0
2022-03-31,343952.0
2022-04-01,422368.0
2022-04-04,115986.0
2022-04-05,778591.0
2022-04-06,757035.0
2022-04-07,439483.0
2022-04-08,331688.0
2022-04-11,352639.0
2022-04-12,100491.0
2022-04-13,176771.0
2022-04-14,331797.0
2022-04-15,530367.0
2022-04-18,223257.0
2022-04-19,531352.0
2022-04-20,530899.0
2022-04-21,680132.0
2022-04-22,771693.0
2022-04-25,574940.0
2022-04-26,873446.0
2022-04-27,396414.0
2022-04-28,467569.0
2022-04-29,580202.0
2022-05-02,723709.0
2022-05-03,594474.0
2022-05-04,606410.0
2022-05-05,644305.0
2022-05-06,545040.0
2022-05-09,747754.0
2022-05-10,305517.0
2022-05-11,645411.0
2022-05-12,279447.0
2022-05-13,255661.0
2022-05-16,241552.0
2022-05-17,335326.0
2022-05-18,874290.0
2022-05-19,441815.0
2022-05-20,785835.0
2022-05-23,444631.0
2022-05-24,731800.0
2022-05-25,666135.0
2022-05-26,854710.0
2022-05-27,580131.0
2022-05-30,348079.0
2022-05-31,526560.0
2022-06-01,324534.0
2022-06-02,238606.0
2022-06-03,554996.0
2022-06-06,527725.0
2022-06-07,186325.0
2022-06-08,739053.0
2022-06-09,698999.0
2022-06-10,693579.0
2022-06-13,515043.0
2022-06-14,238694.0
2022-06-15,236639.0
2022-06-16,333235.0
2022-06-17,266715.0
2022-06-20,706530.0
2022-06-21,654200.0
2022-06-22,617792.0
2022-06-23,167914.0
2022-06-24,512964.0
2022-06-27,508591.0
2022-06-28,386878.0
2022-06-29,391845.0
2022-06-30,525163.0
2022-07-01,563108.0
2022-07-04,286327.0
2022-07-05,514649.0
2022-07-06,487197.0
2022-07-07,681150.0
2022-07-08,891571.0
2022-07-11,488836.0
2022-07-12,102929.0
2022-07-13,468261.0
2022-07-14,581202.0
2022-07-15,315386.0
2022-07-18,598049.0
2022-07-19,643944.0
2022-07-20,678356.0
2022-07-21,536220.0
2022-07-22,665718.0
2022-07-25,450992.0
2022-07-26,477861.0
2022-07-27,306111.0
2022-07-28,301132.0
2022-07-29,271474.0
2022-08-01,238869.0
2022-08-02,198759.0
2022-08-03,379450.0
2022-08-04,519762.0
2022-08-05,950688.0
2022-08-08,519589.0
2022-08-09,398062.0
2022-08-10,520360.0
2022-08-11,574481.0
2022-08-12,647947.0
2022-08-15,498061.0
2022-08-16,620567.0
2022-08-17,300255.0
2022-08-18,581614.0
2022-08-19,616579.0
2022-08-22,401811.0
2022-08-23,502510.0
2022-08-24,670162.0
2022-08-25,677843.0
2022-08-26,799816.0
2022-08-29,542716.0
2022-08-30,413347.0
2022-08-31,660356.0
2022-09-01,343697.0
2022-09-02,489870.0
2022-09-05,647965.0
2022-09-06,460409.0
2022-09-07,649886.0
2022-09-08,318110.0
2022-09-09,537590.0
2022-09-12,836095.0
2022-09-13,281718.0
2022-09-14,452167.0
2022-09-15,588809.0
2022-09-16,529340.0
2022-09-19,340914.0
2022-09-20,665316.0
2022-09-21,612754.0
2022-09-22,403985.0
2022-09-23,269593.0
2022-09-26,585546.0
2022-09-27,442536.0
2022-09-28,539624.0
2022-09-29,142828.0
2022-09-30,538520.0
2022-10-03,535752.0
2022-10-04,472045.0
2022-10-05,958723.0
2022-10-06,623265.0
2022-10-07,718285.0
2022-10-10,563952.0
2022-10-11,410226.0
2022-10-12,669546.0
2022-10-13,460119.0
2022-10-14,538704.0
2022-10-17,733813.0
2022-10-18,534193.0
2022-10-19,218947.0
2022-10-20,360335.0
2022-10-21,509089.0
2022-10-24,487636.0
2022-10-25,540656.0
2022-10-26,752101.0
2022-10-27,485343.0
2022-10-28,353847.0
2022-10-31,517115.0
2022-11-01,691934.0
2022-11-02,372346.0
2022-11-03,174129.0
2022-11-04,361347.0
2022-11-07,849373.0
2022-11-08,732144.0
2022-11-09,555609.0
2022-11-10,405349.0
2022-11-11,696930.0
2022-11-14,368518.0
2022-11-15,477970.0
2022-11-16,667206.0
2022-11-17,106356.0
2022-11-18,763903.0
2022-11-21,409296.0
2022-11-22,634792.0
2022-11-23,700550.0
2022-11-24,696795.0
2022-11-25,824928.0
2022-11-28,450095.0
2022-11-29,408904.0
2022-11-30,815950.0
2022-12-01,625824.0
2022-12-02,309175.0
2022-12-05,357917.0
2022-12-06,483036.0
2022-12-07,536310.0
2022-12-08,705298.0
2022-12-09,418755.0
2022-12-12,330535.0
2022-12-13,118157.0
2022-12-14,492421.0
2022-12-15,729850.0
2022-12-16,440029.0
2022-12-19,64824.0
2022-12-20,894774.0
2022-12-21,548947.0
2022-12-22,664683.0
2022-12-23,777013.0
2022-12-26,403800.0
2022-12-27,766398.0
2022-12-28,424245.0
2022-12-29,888956.0
2022-12-30,706769.0
2023-01-02,399332.0
2023-01-03,169147.0
2023-01-04,574695.0
2023-01-05,463313.0
2023-01-06,303766.0
2023-01-09,380143.0
2023-01-10,497051.0
2023-01-11,456798.0
2023-01-12,734680.0
2023-01-13,413329.0
2023-01-16,454309.0
2023-01-17,373174.0
2023-01-18,609476.0
2023-01-19,109457.0
2023-01-20,326885.0
2023-01-23,981204.0
2023-01-24,551338.0
2023-01-25,527790.0
2023-01-26,673821.0
2023-01-27,956704.0
2023-01-30,653887.0
2023-01-31,575630.0
2023-02-01,629469.0
2023-02-02,439507.0
2023-02-03,480439.0
2023-02-06,600187.0
2023-02-07,212777.0
2023-02-08,299361.0
2023-02-09,529624.0
2023-02-10,309632.0
2023-02-13,463286.0
2023-02-14,555111.0
2023-02-15,714992.0
2023-02-16,192295.0
2023-02-17,876505.0
2023-02-20,656360.0
2023-02-21,715968.0
2023-02-22,539024.0
2023-02-23,973504.0
2023-02-24,101904.0
2023-02-27,25285.0
2023-02-28,504175.0
2023-03-01,665576.0
2023-03-02,660890.0
2023-03-03,373383.0
2023-03-06,557465.0
2023-03-07,650726.0
2023-03-08,657068.0
2023-03-09,409849.0
2023-03-10,700696.0
2023-03-13,585415.0
2023-03-14,422280.0
2023-03-15,722393.0
2023-03-16,220131.0
2023-03-17,275357.0
2023-03-20,112469.0
2023-03-21,627089.0
2023-03-22,367712.0
2023-03-23,323449.0
2023-03-24,235207.0
2023-03-27,884281.0
2023-03-28,251808.0
2023-03-29,333363.0
2023-03-30,473625.0
2023-03-31,656783.0
2023-04-03,772283.0
2023-04-04,568637.0
2023-04-05,531582.0
2023-04-06,940593.0
2023-04-07,210815.0
2023-04-10,440977.0
2023-04-11,372817.0
2023-04-12,277636.0
2023-04-13,556618.0
2023-04-14,542438.0
2023-04-17,279434.0
2023-04-18,634188.0
2023-04-19,857478.0
2023-04-20,871843.0
2023-04-21,213835.0
2023-04-24,368192.0
2023-04-25,725342.0
2023-04-26,822546.0
2023-04-27,435818.0
2023-04-28,999705.0
2023-05-01,464847.0
2023-05-02,365090.0
2023-05-03,623241.0
2023-05-04,832332.0
2023-05-05,708546.0
2023-05-08,456651.0
2023-05-09,342378.0
2023-05-10,665095.0
2023-05-11,397133.0
2023-05-12,991841.0
2023-05-15,235062.0
2023-05-16,578606.0
2023-05-17,608689.0
2023-05-18,899537.0
2023-05-19,566163.0
2023-05-22,400467.0
2023-05-23,202076.0
2023-05-24,457634.0
2023-05-25,399026.0
2023-05-26,784754.0
2023-05-29,121954.0
2023-05-30,324580.0
2023-05-31,776843.0
2023-06-01,506026.0
2023-06-02,802865.0
2023-06-05,616775.0
2023-06-06,75725.0
2023-06-07,513970.0
2023-06-08,461117.0
2023-06-09,646271.0
2023-06-12,180068.0
2023-06-13,511453.0
2023-06-14,1086948.0
2023-06-15,428808.0
2023-06-16,418460.0
2023-06-19,710988.0
2023-06-20,273363.0
2023-06-21,443281.0
2023-06-22,551307.0
2023-06-23,528496.0
2023-06-26,487788.0
2023-06-27,615724.0
2023-06-28,-24731.0
2023-06-29,689428.0
2023-06-30,523295.0
2023-07-03,846178.0
2023-07-04,647096.0
2023-07-05,442800.0
2023-07-06,471477.0
2023-07-07,574141.0
2023-07-10,65254.0
2023-07-11,642634.0
2023-07-12,540424.0
2023-07-13,389467.0
2023-07-14,657001.0
2023-07-17,564404.0
2023-07-18,460504.0
2023-07-19,289777.0
2023-07-20,334503.0
2023-07-21,329350.0
2023-07-24,452347.0
2023-07-25,494947.0
2023-07-26,453087.0
2023-07-27,494299.0
2023-07-28,576008.0
2023-07-31,462121.0
2023-08-01,541729.0
2023-08-02,329395.0
2023-08-03,649994.0
2023-08-04,267845.0
2023-08-07,531439.0
2023-08-08,359315.0
2023-08-09,218803.0
2023-08-10,605796.0
2023-08-11,278485.0
2023-08-14,535899.0
2023-08-15,522435.0
2023-08-16,414278.0
2023-08-17,695743.0
2023-08-18,470378.0
2023-08-21,464483.0
2023-08-22,541647.0
2023-08-23,696514.0
2023-08-24,678656.0
2023-08-25,520666.0
2023-08-28,272155.0
2023-08-29,633636.0
2023-08-30,355975.0
2023-08-31,482327.0
2023-09-01,304053.0
2023-09-04,748653.0
2023-09-05,576129.0
2023-09-06,393588.0
2023-09-07,609166.0
2023-09-08,600096.0
2023-09-11,72736.0
2023-09-12,733886.0
2023-09-13,1059737.0
2023-09-14,700351.0
2023-09-15,790122.0
2023-09-18,696047.0
2023-09-19,626484.0
2023-09-20,586273.0
2023-09-21,377868.0
2023-09-22,108163.0
2023-09-25,498591.0
2023-09-26,286286.0
2023-09-27,586321.0
2023-09-28,387586.0
2023-09-29,908481.0
2023-10-02,223121.0
2023-10-03,772639.0
2023-10-04,664875.0
2023-10-05,388017.0
2023-10-06,336466.0
