date,美债3m,美债2y,美债10y
2000-01-03,2.9571,4.7885,5.8596
2000-01-04,0.94,2.0024,5.0154
2000-01-05,3.6257,3.1742,1.5667
2000-01-06,3.9108,2.7682,4.912
2000-01-07,-0.4266,2.9244,4.1676
2000-01-10,0.5467,1.0432,3.8533
2000-01-11,2.6918,4.6929,3.966
2000-01-12,2.0256,2.0708,4.3068
2000-01-13,2.4748,4.2313,2.9622
2000-01-14,1.2204,2.2543,3.7265
2000-01-17,3.8191,2.2494,5.7759
2000-01-18,3.6667,4.4557,2.9441
2000-01-19,2.599,4.1927,2.4552
2000-01-20,4.1909,3.2504,3.9074
2000-01-21,3.2013,3.9134,2.3042
2000-01-24,1.2111,2.6537,1.4158
2000-01-25,3.0531,2.99,3.4833
2000-01-26,1.0617,2.2061,6.1729
2000-01-27,3.8177,4.0849,3.9421
2000-01-28,2.4251,2.1679,4.2679
2000-01-31,2.2227,4.7822,0.8048
2000-02-01,1.4786,2.621,4.6572
2000-02-02,4.3338,3.0246,4.14
2000-02-03,2.2682,3.9105,3.0026
2000-02-04,1.8575,3.0286,4.2701
2000-02-07,1.9718,2.6425,4.2552
2000-02-08,3.2985,2.964,2.4108
2000-02-09,3.0482,4.0726,4.4978
2000-02-10,3.1191,2.2046,5.7957
2000-02-11,3.1462,2.8485,3.6581
2000-02-14,5.7125,3.0123,2.6986
2000-02-15,1.8904,4.0375,3.7336
2000-02-16,1.7316,2.8802,5.2819
2000-02-17,1.2793,5.17,2.1605
2000-02-18,3.424,2.8122,4.8678
2000-02-21,4.1935,2.7148,2.983
2000-02-22,2.3291,2.7948,4.3631
2000-02-23,1.2398,1.42,3.1535
2000-02-24,1.2633,1.7559,3.1495
2000-02-25,3.4759,2.3632,6.2846
2000-02-28,3.6149,4.363,1.8864
2000-02-29,3.3147,2.9602,4.728
2000-03-01,1.5017,2.4184,6.597
2000-03-02,2.8482,4.4718,5.0283
2000-03-03,2.675,4.8614,2.0034
2000-03-06,2.828,4.5065,2.0776
2000-03-07,3.8071,1.9763,2.8726
2000-03-08,2.8354,2.4057,4.2369
2000-03-09,3.5184,5.1765,4.3389
2000-03-10,2.6014,3.2894,2.0925
2000-03-13,2.9337,2.6788,2.6909
2000-03-14,3.4469,3.862,2.7828
2000-03-15,0.3143,4.2088,3.7289
2000-03-16,2.0205,2.3143,6.977
2000-03-17,1.7944,3.2633,2.6002
2000-03-20,1.5417,4.1119,2.5346
2000-03-21,2.0873,1.6077,2.3003
2000-03-22,4.7424,3.0148,4.9533
2000-03-23,1.2013,1.6627,3.938
2000-03-24,3.9524,1.8197,2.6557
2000-03-27,-0.0243,2.3243,3.4558
2000-03-28,1.9977,3.5725,2.8127
2000-03-29,2.7441,2.6136,4.4438
2000-03-30,3.3793,2.2219,8.0266
2000-03-31,3.5668,3.0619,4.8263
2000-04-03,3.69,1.6236,3.8605
2000-04-04,1.9769,3.5146,3.0025
2000-04-05,1.8065,4.3577,1.9849
2000-04-06,3.787,2.905,5.1005
2000-04-07,2.213,2.7568,5.019
2000-04-10,0.5865,3.4481,3.3008
2000-04-11,0.8001,0.5658,5.82
2000-04-12,1.1208,3.6442,4.0317
2000-04-13,3.2457,6.7223,5.1621
2000-04-14,2.7136,2.8528,4.4443
2000-04-17,3.5357,2.857,3.7343
2000-04-18,1.8591,3.8923,2.5677
2000-04-19,2.7378,4.9744,3.7817
2000-04-20,3.4384,4.17,5.2631
2000-04-21,2.036,0.4133,3.2378
2000-04-24,3.1852,3.6761,4.6596
2000-04-25,1.5071,6.0863,2.3759
2000-04-26,1.9554,3.7469,5.1701
2000-04-27,1.9274,1.6145,4.4694
2000-04-28,0.7062,3.3382,2.1968
2000-05-01,3.2305,1.4632,3.664
2000-05-02,1.7959,4.4794,5.3972
2000-05-03,2.5187,1.8529,2.1115
2000-05-04,3.2211,3.0891,2.3936
2000-05-05,3.1698,1.9707,3.8958
2000-05-08,3.4981,2.3443,7.2
2000-05-09,2.3523,4.7834,2.9911
2000-05-10,1.8651,3.1241,4.7429
2000-05-11,2.3804,2.329,4.3902
2000-05-12,-0.031,1.6257,3.1157
2000-05-15,0.3293,0.754,4.2417
2000-05-16,0.516,1.4985,3.3282
2000-05-17,1.0041,3.1344,3.4633
2000-05-18,3.0997,4.1763,1.5081
2000-05-19,1.1418,2.3276,3.9633
2000-05-22,1.9328,4.8847,5.3486
2000-05-23,4.4488,2.139,4.0861
2000-05-24,1.9656,2.7144,5.6358
2000-05-25,3.6063,1.7045,4.8705
2000-05-26,1.0996,4.1889,3.9107
2000-05-29,2.1918,5.517,3.0581
2000-05-30,1.075,0.8858,3.2706
2000-05-31,1.9915,2.5846,1.7942
2000-06-01,3.7605,4.5177,3.5994
2000-06-02,-0.091,1.2637,4.219
2000-06-05,3.1516,3.68,6.5731
2000-06-06,2.8566,4.4658,4.7925
2000-06-07,1.6088,3.0939,2.7027
2000-06-08,0.3309,3.6603,1.8409
2000-06-09,2.6082,5.1131,3.6902
2000-06-12,1.7058,5.3381,5.2176
2000-06-13,2.849,2.9256,3.6691
2000-06-14,2.5328,2.3611,4.813
2000-06-15,4.9027,1.896,3.7283
2000-06-16,2.141,4.1724,5.0755
2000-06-19,0.9648,1.3539,1.6041
2000-06-20,2.7689,2.6969,6.4063
2000-06-21,2.83,3.1232,2.3313
2000-06-22,4.5388,2.3964,5.1906
2000-06-23,3.7527,3.3358,3.5917
2000-06-26,3.0353,6.0774,3.8263
2000-06-27,4.695,2.8541,3.6383
2000-06-28,0.7169,2.4775,4.3834
2000-06-29,1.5404,4.2184,4.6863
2000-06-30,1.1101,3.2875,5.5875
2000-07-03,1.9153,4.7272,6.1119
2000-07-04,0.435,3.1976,4.4977
2000-07-05,3.4527,2.7019,6.5705
2000-07-06,2.1667,0.8595,4.1395
2000-07-07,0.2938,1.0563,5.6162
2000-07-10,0.9766,0.7972,4.6431
2000-07-11,2.9703,3.4552,3.1762
2000-07-12,3.7572,1.3653,4.2719
2000-07-13,5.4951,4.5067,4.7548
2000-07-14,6.8708,3.0363,3.9517
2000-07-17,3.1216,2.707,4.6193
2000-07-18,1.0157,1.9874,5.298
2000-07-19,-0.6981,3.7467,3.9649
2000-07-20,2.9016,2.0346,-0.4158
2000-07-21,1.2806,1.8175,6.5174
2000-07-24,1.877,4.426,3.5536
2000-07-25,1.5819,3.4255,2.7651
2000-07-26,2.2888,2.7181,2.3138
2000-07-27,4.099,3.7697,3.4953
2000-07-28,2.7356,3.0107,3.1559
2000-07-31,2.262,3.4596,2.8945
2000-08-01,0.9465,2.0198,2.9768
2000-08-02,-0.012,5.4845,4.7946
2000-08-03,1.7705,2.3045,7.0455
2000-08-04,2.4193,4.8672,5.2309
2000-08-07,5.1519,2.7734,5.6839
2000-08-08,2.6954,3.9685,3.4339
2000-08-09,3.9741,3.8811,4.157
2000-08-10,1.7511,4.3762,4.6397
2000-08-11,0.7226,1.9913,3.0107
2000-08-14,1.0523,4.2908,3.3614
2000-08-15,1.4122,5.2157,5.2818
2000-08-16,5.6927,2.6896,5.6354
2000-08-17,1.2679,3.0416,4.1011
2000-08-18,3.7577,2.3719,2.2073
2000-08-21,1.1456,2.5843,3.5566
2000-08-22,3.8974,5.0537,1.838
2000-08-23,3.0774,1.7949,4.1128
2000-08-24,2.265,1.8695,4.3831
2000-08-25,2.4389,4.9331,3.5939
2000-08-28,1.5178,3.7495,4.3626
2000-08-29,3.1691,5.5444,4.6254
2000-08-30,1.8175,2.4595,4.3853
2000-08-31,0.6616,3.1515,2.1977
2000-09-01,0.5831,2.2072,3.6201
2000-09-04,2.7589,3.172,4.6148
2000-09-05,4.8686,0.8711,6.3681
2000-09-06,2.74,3.8219,3.5921
2000-09-07,2.322,3.3882,4.8263
2000-09-08,2.9287,2.9309,5.3172
2000-09-11,4.459,2.5316,3.7051
2000-09-12,2.8291,1.9263,5.7226
2000-09-13,1.8836,3.8733,5.8033
2000-09-14,4.1594,1.5947,6.0706
2000-09-15,3.1431,3.6143,4.6876
2000-09-18,4.8036,5.4893,7.5402
2000-09-19,2.7749,4.7826,3.0771
2000-09-20,0.6633,1.1938,7.1861
2000-09-21,0.4478,2.3559,5.1524
2000-09-22,4.9764,3.5057,6.0106
2000-09-25,5.0855,2.9157,3.5199
2000-09-26,2.2307,1.3207,5.2667
2000-09-27,1.9252,3.4624,6.1405
2000-09-28,4.6922,2.988,2.369
2000-09-29,0.8394,5.2972,3.755
2000-10-02,1.1579,2.6961,0.7881
2000-10-03,3.465,4.4016,3.7325
2000-10-04,1.9081,1.4795,2.776
2000-10-05,2.4923,1.7664,3.6733
2000-10-06,2.2548,3.866,8.3855
2000-10-09,3.0064,4.3005,6.5767
2000-10-10,4.6112,1.8511,1.8408
2000-10-11,2.6359,3.0289,4.8336
2000-10-12,3.4659,1.3421,5.1984
2000-10-13,-0.5753,2.7825,3.4932
2000-10-16,2.4269,4.0043,4.2675
2000-10-17,1.2352,2.478,4.414
2000-10-18,0.6718,2.7012,1.9801
2000-10-19,1.1828,1.6442,2.453
2000-10-20,1.9988,2.222,4.2584
2000-10-23,3.8739,5.1097,4.1491
2000-10-24,0.5104,3.0875,2.9372
2000-10-25,2.5459,1.7972,2.8084
2000-10-26,1.7737,2.6223,3.8653
2000-10-27,2.0085,1.0831,5.3292
2000-10-30,4.0041,1.783,3.8853
2000-10-31,3.3072,4.6324,6.4341
2000-11-01,4.5061,2.829,2.9563
2000-11-02,2.2682,5.2689,4.2897
2000-11-03,1.4561,2.8856,3.4686
2000-11-06,2.1642,2.9568,4.8819
2000-11-07,2.8637,3.7691,2.8276
2000-11-08,2.7649,-0.2071,6.8911
2000-11-09,0.8734,3.2459,1.4641
2000-11-10,2.6357,2.9412,6.5732
2000-11-13,2.8423,4.7832,4.135
2000-11-14,6.2762,4.1576,4.8286
2000-11-15,5.3153,1.6396,6.0018
2000-11-16,1.2201,4.4906,5.2865
2000-11-17,2.0689,2.6852,2.905
2000-11-20,0.3048,1.9147,4.9001
2000-11-21,1.6139,3.2365,6.8012
2000-11-22,2.9734,2.7567,2.6691
2000-11-23,4.3088,4.8462,7.1776
2000-11-24,1.4064,3.4087,4.5786
2000-11-27,1.5188,3.2468,3.3502
2000-11-28,-0.7209,4.0808,2.6601
2000-11-29,2.256,4.3114,3.6651
2000-11-30,0.9064,3.9403,1.0671
2000-12-01,1.7058,4.7034,3.3771
2000-12-04,1.1847,3.7304,3.6056
2000-12-05,2.3586,3.2012,2.3884
2000-12-06,-0.1366,4.487,5.1218
2000-12-07,0.2994,2.8909,3.6719
2000-12-08,5.6939,3.0399,3.0463
2000-12-11,0.5689,5.0659,3.512
2000-12-12,0.8548,4.9463,4.5327
2000-12-13,5.2554,2.9902,4.1098
2000-12-14,6.8576,2.4557,2.9485
2000-12-15,0.7427,4.7558,4.1885
2000-12-18,1.9476,3.9605,3.924
2000-12-19,3.0123,3.3787,2.2908
2000-12-20,5.093,2.6138,3.5672
2000-12-21,1.0197,3.398,4.869
2000-12-22,2.1321,2.9739,4.8582
2000-12-25,3.666,2.2028,3.6551
2000-12-26,3.1521,3.1549,5.0152
2000-12-27,1.9358,3.3185,2.5301
2000-12-28,2.2993,2.5495,2.5765
2000-12-29,0.4377,4.0846,3.6231
2001-01-01,2.1427,4.5466,6.2463
2001-01-02,2.1004,4.1639,4.2449
2001-01-03,2.8483,2.6685,3.587
2001-01-04,1.667,3.907,6.3162
2001-01-05,3.2073,3.0936,3.5696
2001-01-08,4.0191,1.5171,7.3521
2001-01-09,2.7331,3.8073,3.2331
2001-01-10,3.0276,3.1754,2.4824
2001-01-11,2.5797,6.1123,3.7505
2001-01-12,2.5001,4.7487,3.6264
2001-01-15,1.4177,3.8534,2.7884
2001-01-16,2.9747,3.299,7.903
2001-01-17,2.3541,3.1965,4.4779
2001-01-18,5.6398,1.7956,4.6964
2001-01-19,4.86,0.9132,3.3072
2001-01-22,3.0788,1.9529,3.1335
2001-01-23,1.3554,2.9427,5.5383
2001-01-24,0.8314,0.4734,1.4862
2001-01-25,4.2867,2.3468,2.2857
2001-01-26,2.8941,2.7029,3.629
2001-01-29,3.2202,2.7415,6.0266
2001-01-30,-0.1169,2.2059,3.4382
2001-01-31,3.8912,2.5902,4.6242
2001-02-01,3.1816,5.0687,4.0416
2001-02-02,0.8344,3.7946,5.9444
2001-02-05,1.7927,2.3276,1.6229
2001-02-06,2.8956,2.918,5.1039
2001-02-07,2.5787,2.966,3.7017
2001-02-08,2.0617,2.0785,5.3873
2001-02-09,2.3448,2.077,2.7711
2001-02-12,2.122,4.2126,4.0366
2001-02-13,2.7288,2.4963,3.8462
2001-02-14,4.7072,1.6864,2.4963
2001-02-15,-1.35,2.9482,2.0794
2001-02-16,2.1447,3.1416,3.1294
2001-02-19,2.7648,0.6328,4.1949
2001-02-20,2.944,2.9511,2.8646
2001-02-21,1.9421,4.0416,3.5049
2001-02-22,-0.1351,3.5415,1.1713
2001-02-23,2.992,5.6758,3.444
2001-02-26,5.091,4.5013,5.5354
2001-02-27,0.1992,4.7387,5.0578
2001-02-28,3.7957,6.3601,3.8696
2001-03-01,2.0072,3.9098,4.3655
2001-03-02,2.408,3.1957,2.7576
2001-03-05,0.9207,4.1685,6.4367
2001-03-06,1.9983,2.3289,7.1016
2001-03-07,4.4501,3.1292,4.2472
2001-03-08,3.374,2.2227,7.886
2001-03-09,5.0985,3.4776,2.9797
2001-03-12,4.2661,2.2177,2.1234
2001-03-13,3.1586,2.1757,2.9356
2001-03-14,5.1159,3.4962,3.6708
2001-03-15,3.1585,2.8347,7.4681
2001-03-16,3.742,0.687,3.5783
2001-03-19,2.0551,1.2533,2.7105
2001-03-20,2.5998,1.6233,2.6523
2001-03-21,1.4539,1.9404,5.71
2001-03-22,3.9844,3.4973,5.496
2001-03-23,0.7325,3.2627,3.2718
2001-03-26,3.6735,4.2783,1.1863
2001-03-27,2.214,3.9034,2.3071
2001-03-28,4.2569,4.2863,6.5819
2001-03-29,3.6263,3.7301,5.0332
2001-03-30,5.231,3.2516,4.0982
2001-04-02,3.5962,4.3192,6.8032
2001-04-03,0.1419,4.1033,6.9375
2001-04-04,2.3996,3.4513,3.9461
2001-04-05,0.742,4.5253,3.9736
2001-04-06,1.7226,0.1851,3.1269
2001-04-09,4.7668,2.6514,3.5731
2001-04-10,3.4563,2.6331,1.7705
2001-04-11,1.4516,4.3832,1.7644
2001-04-12,0.9794,4.8857,1.416
2001-04-13,2.5492,1.2598,5.6265
2001-04-16,0.6752,4.6934,1.6579
2001-04-17,1.4933,1.5943,6.9249
2001-04-18,2.968,1.6305,2.9044
2001-04-19,4.233,2.7189,6.606
2001-04-20,3.4131,2.6182,3.4524
2001-04-23,-0.9369,1.1299,1.6507
2001-04-24,2.9566,3.7799,5.9257
2001-04-25,2.6081,3.8153,6.1028
2001-04-26,3.1208,4.2648,2.6409
2001-04-27,4.9243,2.4799,3.5025
2001-04-30,-0.5949,2.9525,2.6413
2001-05-01,1.6133,2.9635,3.8192
2001-05-02,3.3864,5.0256,4.1617
2001-05-03,0.1276,-0.4011,3.4729
2001-05-04,4.7139,1.8517,1.2717
2001-05-07,3.0525,3.0066,3.1287
2001-05-08,3.7699,1.6973,5.0553
2001-05-09,1.6436,2.69,3.6867
2001-05-10,3.7206,2.8487,3.5088
2001-05-11,4.1027,2.2108,2.6038
2001-05-14,2.8493,3.0774,3.0849
2001-05-15,2.8516,3.7538,6.1134
2001-05-16,2.9055,2.7165,2.2903
2001-05-17,1.205,2.4562,5.0812
2001-05-18,2.2787,2.8011,4.0706
2001-05-21,2.2712,2.9911,4.3672
2001-05-22,3.0751,0.9116,2.9015
2001-05-23,3.9997,3.5539,3.4723
2001-05-24,0.9122,2.4588,3.9914
2001-05-25,2.3125,4.5138,3.219
2001-05-28,4.7222,3.7093,4.4971
2001-05-29,1.3846,4.4041,4.6862
2001-05-30,1.2666,1.7868,7.2591
2001-05-31,2.8035,2.5543,4.4173
2001-06-01,3.7666,1.509,1.1316
2001-06-04,2.5171,2.1538,5.7445
2001-06-05,4.4934,4.5025,3.6942
2001-06-06,3.7852,4.785,7.0179
2001-06-07,3.7627,1.6222,6.2064
2001-06-08,3.3312,2.4501,3.2421
2001-06-11,5.9915,2.9086,5.0829
2001-06-12,2.1923,3.7027,3.1091
2001-06-13,-0.5053,0.8882,4.004
2001-06-14,4.9064,1.0764,5.014
2001-06-15,1.8135,3.5876,5.6695
2001-06-18,2.6618,0.6612,5.3428
2001-06-19,4.4643,2.4638,4.1125
2001-06-20,0.0966,3.1945,7.7251
2001-06-21,0.6225,3.4988,3.4525
2001-06-22,0.0981,2.8299,1.5892
2001-06-25,1.3088,2.5611,1.878
2001-06-26,3.1595,4.0135,6.211
2001-06-27,3.2863,3.3422,3.885
2001-06-28,2.9144,2.2236,4.2386
2001-06-29,0.3809,3.0453,3.1862
2001-07-02,-0.9652,3.4598,3.3209
2001-07-03,2.5815,5.0619,2.8194
2001-07-04,1.7923,3.9436,4.7067
2001-07-05,3.1891,4.4575,3.8539
2001-07-06,3.5529,2.2673,4.6525
2001-07-09,2.7074,2.371,4.5092
2001-07-10,3.6402,2.7175,3.3612
2001-07-11,2.8438,2.8277,1.8119
2001-07-12,3.2951,1.7904,1.6813
2001-07-13,1.443,4.5191,8.54
2001-07-16,2.2306,4.06,6.2173
2001-07-17,2.7952,2.6332,6.0103
2001-07-18,3.7308,3.7701,2.9881
2001-07-19,1.9094,3.2675,4.0143
2001-07-20,3.2818,3.8638,2.777
2001-07-23,2.1012,1.3868,2.0319
2001-07-24,2.3237,2.8252,3.1168
2001-07-25,3.7443,2.9304,5.9893
2001-07-26,-0.4896,3.7484,5.2611
2001-07-27,0.5553,2.2459,2.5449
2001-07-30,0.2767,0.0001,3.5278
2001-07-31,-1.0004,1.702,5.1237
2001-08-01,1.4826,2.9267,3.1435
2001-08-02,3.6242,3.0767,4.1194
2001-08-03,2.0727,5.0205,4.6028
2001-08-06,2.7967,3.6993,4.5864
2001-08-07,4.1338,3.0978,4.3812
2001-08-08,4.4915,2.9611,3.0195
2001-08-09,2.3963,4.325,3.1735
2001-08-10,4.5304,2.2919,2.2995
2001-08-13,2.6382,2.8317,1.658
2001-08-14,1.2439,1.6929,3.8279
2001-08-15,1.6084,4.7027,5.2244
2001-08-16,0.2792,3.471,1.9296
2001-08-17,1.1678,2.151,4.4095
2001-08-20,1.963,2.8627,5.1769
2001-08-21,3.7054,3.6116,1.2449
2001-08-22,5.0812,2.6991,3.5941
2001-08-23,0.4267,2.3586,6.4693
2001-08-24,3.0892,2.2149,4.8279
2001-08-27,0.9392,3.4068,1.1943
2001-08-28,3.212,2.5703,4.9875
2001-08-29,2.3034,2.4555,2.8784
2001-08-30,-0.2464,1.3967,5.037
2001-08-31,3.8924,3.0932,2.9649
2001-09-03,1.5925,2.7825,3.9205
2001-09-04,1.6991,2.614,3.1937
2001-09-05,0.8954,3.2385,4.0047
2001-09-06,1.5186,3.8976,3.1491
2001-09-07,3.1418,3.8419,3.6647
2001-09-10,2.2161,3.6633,2.2366
2001-09-11,2.993,2.7112,4.736
2001-09-12,3.0429,2.3196,4.2629
2001-09-13,4.481,1.7473,1.5752
2001-09-14,1.9858,2.2882,5.4894
2001-09-17,0.2847,3.0236,3.7356
2001-09-18,4.1008,2.0565,4.2426
2001-09-19,2.0028,3.1153,5.1468
2001-09-20,4.1719,1.8415,4.4924
2001-09-21,3.0751,1.0068,5.7478
2001-09-24,2.3033,3.9833,3.5601
2001-09-25,3.0232,2.4307,5.5516
2001-09-26,5.4265,1.9956,4.1844
2001-09-27,5.6155,1.6874,4.7615
2001-09-28,2.6041,3.5076,4.6054
2001-10-01,2.7403,4.6499,5.8611
2001-10-02,4.1144,2.5163,5.0821
2001-10-03,1.2315,2.7413,3.3356
2001-10-04,2.9996,4.286,3.0381
2001-10-05,2.4612,0.8275,3.9254
2001-10-08,2.9709,5.3602,2.8598
2001-10-09,1.2499,5.9329,2.4217
2001-10-10,0.1156,-0.2476,0.8079
2001-10-11,-0.6095,2.883,1.6761
2001-10-12,0.8239,2.1373,6.9781
2001-10-15,1.812,2.6823,3.0152
2001-10-16,2.0602,2.4979,6.8552
2001-10-17,5.4058,3.9741,4.6047
2001-10-18,4.159,2.8649,3.9254
2001-10-19,1.0569,1.9069,1.7491
2001-10-22,3.0216,2.7934,4.007
2001-10-23,1.8894,3.6177,6.8383
2001-10-24,2.0735,1.5795,6.3365
2001-10-25,2.778,1.0245,4.4114
2001-10-26,3.4288,5.3913,2.277
2001-10-29,1.9911,2.2291,2.5643
2001-10-30,4.0958,2.8352,2.7211
2001-10-31,0.7871,2.5226,5.9172
2001-11-01,2.5095,3.6577,6.4476
2001-11-02,6.3965,5.1273,4.2938
2001-11-05,2.8346,3.6959,3.5454
2001-11-06,4.6498,1.178,6.3231
2001-11-07,2.6373,1.3391,2.5321
2001-11-08,3.3712,2.5212,4.0777
2001-11-09,2.4148,2.6781,4.6944
2001-11-12,2.2444,0.9337,2.7058
2001-11-13,1.3308,3.9832,3.0461
2001-11-14,3.1455,1.6964,2.9294
2001-11-15,1.2227,4.792,6.1251
2001-11-16,3.4984,5.1848,6.8716
2001-11-19,4.1279,2.7021,4.1722
2001-11-20,3.0498,3.5268,3.5977
2001-11-21,2.0706,1.5217,3.1002
2001-11-22,3.1809,3.7484,4.0026
2001-11-23,2.037,2.4022,3.1747
2001-11-26,3.9033,1.6953,3.8545
2001-11-27,-0.2471,2.6528,4.6198
2001-11-28,1.9966,2.4411,3.392
2001-11-29,-0.4862,2.6098,3.7156
2001-11-30,0.2574,4.1396,3.7218
2001-12-03,4.5458,2.0576,3.5237
2001-12-04,3.8428,5.082,3.3378
2001-12-05,1.4208,1.4099,5.1433
2001-12-06,0.2462,4.9385,1.3439
2001-12-07,-1.9468,1.7802,6.3614
2001-12-10,1.6848,2.9988,4.2033
2001-12-11,6.1306,2.4118,4.915
2001-12-12,3.1523,2.5875,5.0876
2001-12-13,1.6606,3.9616,2.9379
2001-12-14,3.1976,4.7998,2.6285
2001-12-17,0.1586,4.4286,2.4516
2001-12-18,2.054,2.5142,3.6294
2001-12-19,2.6492,3.2211,5.0488
2001-12-20,2.3708,2.0615,3.1244
2001-12-21,3.6862,1.8101,4.9119
2001-12-24,3.017,1.6244,0.4481
2001-12-25,3.5025,2.4749,3.4216
2001-12-26,1.4674,3.2995,5.7507
2001-12-27,3.8467,0.7058,3.7435
2001-12-28,4.9434,2.9444,2.7563
2001-12-31,1.0448,4.8192,3.0147
2002-01-01,1.1685,4.3463,-0.542
2002-01-02,4.5037,2.2978,2.4823
2002-01-03,2.213,1.3238,5.5859
2002-01-04,4.6057,3.5518,3.1261
2002-01-07,1.8362,0.2191,3.3032
2002-01-08,4.6826,4.3322,0.5023
2002-01-09,2.6972,2.7437,1.5537
2002-01-10,2.8873,5.1976,5.7851
2002-01-11,4.8471,0.9276,4.9259
2002-01-14,1.9573,4.1018,2.0538
2002-01-15,1.0883,2.8794,3.0541
2002-01-16,1.8272,2.6027,3.9562
2002-01-17,3.1785,1.3562,2.2058
2002-01-18,0.1514,3.7149,0.9938
2002-01-21,3.4562,3.8114,3.7612
2002-01-22,1.6918,5.1422,4.8589
2002-01-23,4.2217,4.2097,4.8878
2002-01-24,-1.0914,2.2873,5.3129
2002-01-25,1.3202,1.7954,1.6697
2002-01-28,-0.0297,1.3578,4.0869
2002-01-29,1.2607,4.7679,3.5973
2002-01-30,2.8715,2.0662,3.8692
2002-01-31,2.2312,4.7763,3.6823
2002-02-01,2.1199,3.6301,3.0093
2002-02-04,2.2612,3.3959,-0.5267
2002-02-05,2.8051,2.6318,5.7427
2002-02-06,0.9872,3.7928,4.495
2002-02-07,3.5603,2.9814,1.7736
2002-02-08,3.494,2.5569,4.7097
2002-02-11,3.0776,3.8352,3.329
2002-02-12,3.3348,2.8272,3.3715
2002-02-13,2.9446,2.042,2.8474
2002-02-14,5.5526,3.7198,4.8054
2002-02-15,2.3694,2.9232,2.8003
2002-02-18,2.0394,3.5867,2.3547
2002-02-19,1.3697,2.4554,5.6976
2002-02-20,0.9516,1.5491,3.7317
2002-02-21,0.6333,5.0821,3.7788
2002-02-22,1.1668,4.8559,5.0387
2002-02-25,2.394,4.0605,2.9986
2002-02-26,3.0014,2.5346,3.2978
2002-02-27,2.5767,2.6396,4.4586
2002-02-28,1.3517,4.6588,1.6879
2002-03-01,3.8503,2.5754,4.3316
2002-03-04,3.6091,2.2409,2.8664
2002-03-05,2.2605,5.2467,5.2832
2002-03-06,1.5206,2.9428,4.82
2002-03-07,3.3226,5.1221,4.6218
2002-03-08,2.782,1.3219,1.5896
2002-03-11,0.3278,3.6218,3.8449
2002-03-12,2.398,5.4853,2.2341
2002-03-13,2.8931,3.0357,3.9447
2002-03-14,1.1505,2.6832,0.5271
2002-03-15,2.7848,1.5987,1.6888
2002-03-18,0.3178,4.2988,5.7836
2002-03-19,4.5043,2.0758,4.5536
2002-03-20,4.3719,2.8862,3.4693
2002-03-21,2.1212,1.5186,2.6369
2002-03-22,3.0452,4.8683,2.3736
2002-03-25,-1.1149,4.3859,4.3002
2002-03-26,0.7655,2.9621,3.4846
2002-03-27,2.0593,1.615,6.32
2002-03-28,0.8918,4.8431,3.7229
2002-03-29,3.5716,2.5609,4.0881
2002-04-01,5.4959,1.6738,1.9172
2002-04-02,0.7351,0.8855,3.459
2002-04-03,1.2438,2.2248,4.2655
2002-04-04,2.8532,1.2544,3.4408
2002-04-05,4.9167,2.2526,3.2716
2002-04-08,0.6664,3.8933,4.4904
2002-04-09,2.8736,2.5495,6.2722
2002-04-10,5.2319,3.4268,4.2175
2002-04-11,0.0224,2.132,5.7163
2002-04-12,0.5784,3.0782,4.9324
2002-04-15,1.8646,5.3051,5.6265
2002-04-16,1.7191,2.5818,3.0854
2002-04-17,3.7189,3.4613,3.6896
2002-04-18,2.8625,1.1214,3.6958
2002-04-19,-0.1624,4.8241,4.8194
2002-04-22,3.2731,2.4274,5.1886
2002-04-23,1.6337,4.2606,4.1876
2002-04-24,4.4117,2.8522,5.3151
2002-04-25,1.5586,3.7339,3.155
2002-04-26,1.5451,3.8052,5.3281
2002-04-29,3.3117,2.4571,5.5237
2002-04-30,3.6444,4.3103,5.0162
2002-05-01,3.1721,2.0892,4.2013
2002-05-02,-0.0284,3.9335,5.07
2002-05-03,3.3071,2.5318,2.659
2002-05-06,0.9485,3.4195,4.2975
2002-05-07,2.8529,2.4456,4.4508
2002-05-08,0.3644,3.06,2.0057
2002-05-09,3.1695,1.7104,4.7119
2002-05-10,1.2901,3.2971,2.1268
2002-05-13,0.576,3.053,3.3581
2002-05-14,3.5707,2.3518,4.0596
2002-05-15,2.8625,2.934,2.9039
2002-05-16,1.579,3.1608,4.1238
2002-05-17,4.6768,2.2604,4.0998
2002-05-20,1.839,2.8455,2.7697
2002-05-21,2.5482,1.7933,4.852
2002-05-22,2.9034,5.8149,2.8538
2002-05-23,1.5705,4.2709,7.432
2002-05-24,3.2067,3.3277,3.8358
2002-05-27,1.6998,4.4065,2.2431
2002-05-28,1.8825,0.6249,2.5235
2002-05-29,4.544,-0.0692,5.7214
2002-05-30,0.9391,2.5209,3.3863
2002-05-31,-1.1192,1.3457,1.9544
2002-06-03,4.9164,2.7161,5.2806
2002-06-04,6.324,3.2468,3.3766
2002-06-05,1.8921,4.1045,4.9801
2002-06-06,-0.4053,1.6341,5.4033
2002-06-07,2.0343,3.4796,4.4117
2002-06-10,2.0707,3.0173,7.5939
2002-06-11,2.2151,3.417,1.4129
2002-06-12,0.8299,2.3763,2.7731
2002-06-13,3.3693,4.6598,3.6161
2002-06-14,3.2868,2.8758,7.3918
2002-06-17,0.2584,5.129,6.697
2002-06-18,3.5488,2.0515,5.933
2002-06-19,5.579,3.8914,2.8088
2002-06-20,2.7579,2.9284,2.9837
2002-06-21,1.994,2.6067,2.7572
2002-06-24,2.287,3.7588,2.8249
2002-06-25,3.4229,2.641,6.2391
2002-06-26,-0.096,-0.1944,3.6343
2002-06-27,2.7466,-0.6754,3.8328
2002-06-28,1.9143,4.5269,5.1616
2002-07-01,5.2717,4.4763,1.5047
2002-07-02,2.2387,5.2648,4.079
2002-07-03,5.0018,2.979,2.3547
2002-07-04,0.8444,1.4488,3.5584
2002-07-05,3.3809,2.4965,3.1204
2002-07-08,2.9791,3.0137,3.043
2002-07-09,1.1964,1.7916,4.3384
2002-07-10,2.7661,4.9783,4.3318
2002-07-11,4.3188,5.6874,3.6703
2002-07-12,2.0143,3.5739,4.556
2002-07-15,-0.0379,2.987,2.6971
2002-07-16,2.4737,1.446,5.0224
2002-07-17,1.1464,4.8557,3.6907
2002-07-18,1.9865,3.0916,3.2745
2002-07-19,2.3776,2.653,2.8079
2002-07-22,-0.0585,3.5774,3.6379
2002-07-23,0.0765,2.2971,6.806
2002-07-24,3.2231,3.1763,3.905
2002-07-25,1.7159,1.269,2.2834
2002-07-26,-1.3471,4.3045,5.3782
2002-07-29,3.6773,2.8747,3.2921
2002-07-30,2.9086,4.3906,4.4256
2002-07-31,1.4292,2.7586,3.0915
2002-08-01,0.5248,2.8366,5.9212
2002-08-02,3.7537,1.5452,3.1139
2002-08-05,3.024,3.9117,6.0968
2002-08-06,6.0739,1.949,2.4261
2002-08-07,3.1303,2.4163,3.5606
2002-08-08,3.0816,3.0013,6.1
2002-08-09,2.2496,3.1455,4.2523
2002-08-12,3.7252,0.9527,7.4072
2002-08-13,3.4376,2.723,3.5963
2002-08-14,4.3776,3.9543,4.3856
2002-08-15,1.718,2.546,6.8577
2002-08-16,1.8469,2.7303,1.7291
2002-08-19,1.7813,3.1949,1.5434
2002-08-20,3.6862,2.8488,2.8067
2002-08-21,4.7476,1.7634,5.2201
2002-08-22,1.8117,2.9564,1.5852
2002-08-23,1.8628,4.1929,4.8956
2002-08-26,2.9711,1.7386,4.7901
2002-08-27,2.1314,2.5506,7.0216
2002-08-28,3.9281,1.342,5.5682
2002-08-29,-0.8777,4.1297,4.5461
2002-08-30,1.2599,2.8892,6.0387
2002-09-02,1.3264,1.9798,4.8084
2002-09-03,-0.9805,3.1107,3.3099
2002-09-04,1.0545,1.5557,2.2831
2002-09-05,1.1273,1.7598,3.146
2002-09-06,2.1983,1.2478,3.9399
2002-09-09,4.1694,1.7199,4.2625
2002-09-10,2.1324,4.6288,0.7972
2002-09-11,0.9538,2.1203,3.6707
2002-09-12,2.4146,3.5595,4.0429
2002-09-13,4.0738,1.9964,4.8213
2002-09-16,1.0361,3.9114,6.4402
2002-09-17,1.1341,1.7687,4.2785
2002-09-18,3.3378,3.0471,2.6357
2002-09-19,2.1677,3.0634,1.2729
2002-09-20,3.4712,5.7934,5.0305
2002-09-23,2.4795,3.7565,2.6964
2002-09-24,3.5525,2.2885,5.3003
2002-09-25,0.9474,3.8221,6.0961
2002-09-26,2.4819,5.5658,1.6839
2002-09-27,2.184,1.0444,4.8308
2002-09-30,0.6762,1.989,5.9389
2002-10-01,0.1548,2.7157,5.5286
2002-10-02,3.5286,2.4995,0.8554
2002-10-03,1.9736,2.6007,2.7195
2002-10-04,0.9666,1.4349,2.0797
2002-10-07,2.3557,4.6847,4.7852
2002-10-08,4.192,1.2929,4.62
2002-10-09,-0.9211,2.7597,-0.0468
2002-10-10,0.255,4.255,3.5488
2002-10-11,1.1157,2.9638,5.2011
2002-10-14,4.6918,1.8247,4.222
2002-10-15,2.9239,1.3816,4.2194
2002-10-16,3.651,2.724,3.4525
2002-10-17,0.7898,2.0916,2.4116
2002-10-18,0.8207,3.2463,3.9744
2002-10-21,3.1717,1.3183,4.0781
2002-10-22,2.5874,3.9756,4.9229
2002-10-23,3.3231,3.1387,5.0447
2002-10-24,2.2185,3.2278,4.1288
2002-10-25,2.9172,4.7293,5.6424
2002-10-28,2.7372,2.4746,3.4376
2002-10-29,3.6667,2.129,1.834
2002-10-30,3.7105,2.3427,4.7156
2002-10-31,0.0702,2.769,4.1896
2002-11-01,-0.8709,2.8908,4.7454
2002-11-04,4.0026,2.0032,2.1033
2002-11-05,4.2816,0.5723,6.6862
2002-11-06,0.9691,2.3269,5.0658
2002-11-07,-0.2898,3.4318,3.568
2002-11-08,2.6486,3.1635,2.5968
2002-11-11,3.8963,4.4395,5.6157
2002-11-12,5.1964,5.3466,2.3473
2002-11-13,3.2744,3.9112,7.392
2002-11-14,1.9424,4.659,3.0802
2002-11-15,1.1603,3.9201,6.5808
2002-11-18,2.5172,5.0519,3.7233
2002-11-19,2.0511,5.221,6.3711
2002-11-20,0.9774,4.1414,2.8977
2002-11-21,5.5731,3.8477,4.0283
2002-11-22,5.1778,2.7537,5.2071
2002-11-25,4.2041,2.9504,4.9931
2002-11-26,1.1187,2.5946,5.6511
2002-11-27,3.7825,3.7455,3.2688
2002-11-28,3.4594,2.1356,4.1272
2002-11-29,3.1638,2.7707,5.8726
2002-12-02,4.3745,0.1738,2.9421
2002-12-03,3.4531,5.0677,4.8588
2002-12-04,3.61,2.7354,3.6713
2002-12-05,3.4554,3.5467,4.3088
2002-12-06,3.0112,4.7493,4.1268
2002-12-09,-0.1754,3.3604,2.8176
2002-12-10,2.6254,4.7332,3.609
2002-12-11,1.6657,1.5099,4.2174
2002-12-12,0.5802,5.8769,3.8459
2002-12-13,5.0227,4.3045,6.3591
2002-12-16,5.0935,3.251,5.5149
2002-12-17,4.5388,4.7101,4.435
2002-12-18,2.8828,1.5976,2.8553
2002-12-19,4.5259,2.6537,2.764
2002-12-20,2.5181,4.7331,6.9607
2002-12-23,2.8042,0.7595,2.4852
2002-12-24,0.8598,3.6725,4.1708
2002-12-25,3.0955,3.6386,4.5414
2002-12-26,2.5906,5.3631,3.533
2002-12-27,0.546,1.1005,2.4967
2002-12-30,2.4232,4.9316,2.8227
2002-12-31,2.3804,2.3286,3.1802
2003-01-01,5.1963,2.4636,2.9358
2003-01-02,3.8413,1.5336,5.9916
2003-01-03,2.5172,1.6946,3.9863
2003-01-06,2.8732,3.4842,3.2143
2003-01-07,2.5663,1.6652,4.1604
2003-01-08,2.1956,3.8883,5.0019
2003-01-09,0.8764,2.2044,3.4831
2003-01-10,2.2734,1.5444,5.353
2003-01-13,1.3809,2.3666,2.0933
2003-01-14,0.6245,3.404,5.757
2003-01-15,3.2668,2.6672,3.9866
2003-01-16,3.0869,3.0411,3.928
2003-01-17,-0.1801,3.8354,2.9605
2003-01-20,2.316,4.2989,2.1582
2003-01-21,3.9936,2.6279,1.5
2003-01-22,4.0888,1.7469,2.8558
2003-01-23,4.0388,3.0913,4.8815
2003-01-24,2.5584,3.5648,2.5581
2003-01-27,1.2324,1.2471,1.6773
2003-01-28,0.8745,1.9313,2.6364
2003-01-29,3.0169,2.137,3.4228
2003-01-30,3.0689,2.7506,3.4817
2003-01-31,4.431,2.0868,3.8067
2003-02-03,4.15,3.8484,5.5489
2003-02-04,2.3017,1.0738,5.8739
2003-02-05,0.6337,1.1043,7.0082
2003-02-06,2.0213,2.5993,1.5626
2003-02-07,2.8258,2.7892,2.7162
2003-02-10,2.1969,1.2544,5.0477
2003-02-11,1.6332,2.2719,3.319
2003-02-12,2.8793,2.5187,5.2912
2003-02-13,1.7441,2.528,4.3107
2003-02-14,1.5579,3.1823,6.3688
2003-02-17,2.9672,2.2061,5.5641
2003-02-18,1.897,4.7734,5.5915
2003-02-19,2.8662,3.5858,3.3822
2003-02-20,2.9098,2.0315,3.8538
2003-02-21,0.7909,3.1134,3.5421
2003-02-24,1.7781,3.1488,1.7412
2003-02-25,4.6567,4.4577,6.2077
2003-02-26,0.7569,2.2795,5.1181
2003-02-27,-0.675,3.9208,3.4825
2003-02-28,-0.2928,3.0502,5.9569
2003-03-03,2.5437,4.7899,3.0544
2003-03-04,2.5464,4.5491,1.2428
2003-03-05,2.3236,3.2364,5.5111
2003-03-06,4.3213,2.6853,2.0822
2003-03-07,-1.5093,3.6079,3.7063
2003-03-10,3.0939,2.7835,4.3092
2003-03-11,4.8422,5.0164,4.5782
2003-03-12,0.8083,3.0942,5.2726
2003-03-13,1.9303,2.5132,4.8713
2003-03-14,1.3707,2.4485,4.8248
2003-03-17,1.1585,1.5444,2.8139
2003-03-18,2.0106,3.6679,4.4414
2003-03-19,4.6412,2.016,1.7417
2003-03-20,5.2561,4.3178,6.3432
2003-03-21,1.9961,1.4485,1.8962
2003-03-24,5.3576,3.1527,3.4803
2003-03-25,2.5534,4.3803,2.0217
2003-03-26,5.1305,0.4173,2.9048
2003-03-27,2.3601,5.4219,4.0201
2003-03-28,2.6966,2.4897,3.2069
2003-03-31,3.0482,3.1693,5.7164
2003-04-01,7.2683,3.6857,4.3404
2003-04-02,3.7769,3.8714,3.3056
2003-04-03,1.4391,3.3287,3.7996
2003-04-04,3.9535,4.1969,5.8296
2003-04-07,1.9573,3.6229,5.3633
2003-04-08,1.7654,5.1131,2.2918
2003-04-09,3.8629,3.6268,2.979
2003-04-10,2.5466,5.3576,4.7122
2003-04-11,2.9179,4.0813,4.53
2003-04-14,2.521,0.8331,2.4244
2003-04-15,3.0049,6.1333,5.1237
2003-04-16,3.1374,2.3108,2.6637
2003-04-17,-0.4055,4.7947,5.9557
2003-04-18,3.4999,3.0322,4.7942
2003-04-21,1.027,4.2733,2.3021
2003-04-22,0.3366,2.1738,3.2064
2003-04-23,2.4124,3.7509,3.1803
2003-04-24,2.626,2.6962,4.2398
2003-04-25,1.4597,4.8948,3.694
2003-04-28,3.7465,3.5264,2.2818
2003-04-29,0.4867,4.1231,1.9086
2003-04-30,1.8896,0.4031,4.8235
2003-05-01,1.6227,2.8973,4.4294
2003-05-02,2.4301,3.4927,4.1583
2003-05-05,2.9183,3.2683,4.4061
2003-05-06,0.9882,4.1534,3.0716
2003-05-07,3.5864,2.5609,4.276
2003-05-08,2.5945,3.0585,7.8078
2003-05-09,-0.3379,4.4175,5.7619
2003-05-12,-0.4379,0.2656,3.5674
2003-05-13,2.4815,3.7072,3.2149
2003-05-14,2.1685,2.5993,-0.2907
2003-05-15,2.3449,1.9052,5.603
2003-05-16,2.458,3.4039,5.1799
2003-05-19,2.8383,4.4729,3.1843
2003-05-20,3.9215,4.247,1.8524
2003-05-21,0.8333,2.8379,2.2671
2003-05-22,0.742,4.0509,4.6666
2003-05-23,0.86,4.0417,3.866
2003-05-26,2.9334,2.8952,5.0374
2003-05-27,4.3674,2.1683,4.1297
2003-05-28,1.853,2.2377,5.4501
2003-05-29,-1.2525,4.0054,4.5544
2003-05-30,-0.056,2.9494,5.2432
2003-06-02,1.2504,1.7446,0.8655
2003-06-03,1.6634,0.9782,2.1485
2003-06-04,1.8874,3.9982,3.4535
2003-06-05,2.5579,2.3439,5.6194
2003-06-06,2.0324,3.3965,6.8208
2003-06-09,4.074,4.4876,3.7536
2003-06-10,1.486,1.4293,3.0826
2003-06-11,1.2065,2.9458,1.0675
2003-06-12,3.2183,2.7952,5.2953
2003-06-13,0.1965,3.4557,3.1747
2003-06-16,3.0845,4.487,8.4375
2003-06-17,2.6538,1.4047,2.8909
2003-06-18,2.2788,3.6838,7.1579
2003-06-19,4.8824,4.2378,5.1226
2003-06-20,1.5667,2.7763,2.4576
2003-06-23,5.5904,2.8351,4.3482
2003-06-24,2.1619,3.5021,5.1571
2003-06-25,0.5845,3.4138,3.6621
2003-06-26,2.6049,3.6988,5.257
2003-06-27,0.8856,3.6735,5.2239
2003-06-30,1.3724,1.8216,4.8945
2003-07-01,3.0955,4.1883,3.9753
2003-07-02,3.3334,4.4001,2.2376
2003-07-03,1.5667,3.2233,3.8848
2003-07-04,3.9811,1.207,4.2641
2003-07-07,4.2363,2.8623,1.1859
2003-07-08,4.6545,3.2333,4.2539
2003-07-09,3.2941,1.6265,3.8548
2003-07-10,4.5451,2.5678,2.0551
2003-07-11,-0.3212,1.3088,3.5005
2003-07-14,2.0231,3.7288,3.5322
2003-07-15,1.1995,3.1991,6.8951
2003-07-16,2.6788,1.0251,4.3302
2003-07-17,1.6428,3.4218,5.5541
2003-07-18,2.2508,2.9322,3.8233
2003-07-21,5.3233,3.6197,1.1891
2003-07-22,2.2454,2.5302,5.0085
2003-07-23,3.1207,2.0382,3.0127
2003-07-24,2.1516,2.075,3.4966
2003-07-25,2.6136,2.3542,2.4205
2003-07-28,2.509,3.0226,4.1092
2003-07-29,3.1725,3.1776,5.5978
2003-07-30,4.248,2.7711,5.3991
2003-07-31,4.9711,2.492,6.3793
2003-08-01,2.9644,2.5783,6.5919
2003-08-04,3.3843,6.0093,0.9312
2003-08-05,0.7737,2.0751,2.2096
2003-08-06,2.3682,2.3304,1.2877
2003-08-07,3.9104,6.9526,4.9479
2003-08-08,3.799,3.5052,2.9604
2003-08-11,2.8174,1.344,3.2662
2003-08-12,3.8296,4.0112,3.6751
2003-08-13,3.2362,1.908,4.5739
2003-08-14,4.3005,4.0909,1.772
2003-08-15,2.934,2.7468,2.1117
2003-08-18,1.9665,2.4722,4.0019
2003-08-19,3.0038,4.931,5.7981
2003-08-20,-1.8959,3.6797,3.9619
2003-08-21,3.0743,4.1676,2.8125
2003-08-22,-2.9726,3.5219,0.7777
2003-08-25,-0.0852,2.4667,5.429
2003-08-26,3.1777,3.7336,2.8961
2003-08-27,3.2163,4.4511,2.2788
2003-08-28,0.7564,3.1617,1.427
2003-08-29,1.4318,5.162,1.8413
2003-09-01,4.5558,4.0206,2.5582
2003-09-02,1.774,3.2544,3.6417
2003-09-03,5.8644,3.3018,2.1869
2003-09-04,2.4971,3.1647,4.2786
2003-09-05,3.1121,1.4985,3.6303
2003-09-08,4.9253,2.8919,7.333
2003-09-09,2.6965,3.2654,1.4433
2003-09-10,0.9965,2.5007,4.2422
2003-09-11,2.3354,3.4052,4.261
2003-09-12,2.4466,3.0256,2.4542
2003-09-15,0.4529,3.9284,4.1429
2003-09-16,2.1163,3.7957,5.1544
2003-09-17,1.3867,3.2006,4.1447
2003-09-18,3.8865,1.3593,6.0767
2003-09-19,2.5519,5.1489,0.7335
2003-09-22,2.0758,2.8297,2.7366
2003-09-23,2.3407,2.9029,6.2126
2003-09-24,2.8347,2.589,5.368
2003-09-25,3.4252,2.4139,4.8108
2003-09-26,1.0004,4.8529,5.8498
2003-09-29,0.9376,4.6633,1.1252
2003-09-30,4.157,3.5333,5.1934
2003-10-01,1.8815,2.871,5.5966
2003-10-02,0.3747,3.7429,3.0119
2003-10-03,3.1657,3.0886,7.9439
2003-10-06,3.1951,2.7717,4.2945
2003-10-07,0.2039,3.4057,0.7108
2003-10-08,2.8442,2.4706,4.5719
2003-10-09,3.6034,3.3027,2.9202
2003-10-10,3.0616,3.2451,5.7475
2003-10-13,3.448,3.7235,4.8219
2003-10-14,0.3936,2.257,3.1031
2003-10-15,2.9966,3.8522,6.2537
2003-10-16,2.0461,1.9124,5.4092
2003-10-17,1.7758,2.3129,2.7581
2003-10-20,3.8058,2.3653,3.7719
2003-10-21,4.7189,1.7135,4.7754
2003-10-22,5.1916,4.2188,3.4536
2003-10-23,4.4722,1.8371,3.4984
2003-10-24,2.3354,2.1613,4.0551
2003-10-27,3.0291,4.5065,2.4013
2003-10-28,3.6502,2.3153,0.6509
2003-10-29,2.6818,2.7742,4.3587
2003-10-30,2.6961,1.7856,1.0167
2003-10-31,3.7356,3.9995,2.5104
2003-11-03,2.4111,4.0161,1.3426
2003-11-04,1.4061,3.8867,1.5273
2003-11-05,1.8783,3.645,4.6395
2003-11-06,3.4509,3.0883,3.6665
2003-11-07,2.5045,2.3707,3.6124
2003-11-10,3.0103,2.022,2.0261
2003-11-11,3.5051,4.5479,3.0162
2003-11-12,1.9377,3.9178,4.5647
2003-11-13,3.6344,2.168,3.9219
2003-11-14,3.0683,3.0478,5.234
2003-11-17,0.6478,2.6399,5.4476
2003-11-18,4.6635,1.6461,3.6217
2003-11-19,1.7489,3.2132,1.2216
2003-11-20,0.0174,2.5014,2.865
2003-11-21,0.9324,1.857,3.8535
2003-11-24,0.9684,1.225,2.8353
2003-11-25,2.5783,1.1234,2.4181
2003-11-26,2.0892,2.5543,4.1046
2003-11-27,1.9948,2.8979,7.6455
2003-11-28,3.4296,1.9496,3.2677
2003-12-01,3.0098,3.7809,3.9958
2003-12-02,2.9741,2.9213,2.0319
2003-12-03,3.1147,3.6923,5.8651
2003-12-04,3.4242,2.7805,5.3121
2003-12-05,-0.6619,2.0555,5.2086
2003-12-08,1.9533,3.1369,6.0397
2003-12-09,-0.7703,1.4848,3.359
2003-12-10,2.5541,3.6473,3.5464
2003-12-11,2.4931,1.8754,6.5648
2003-12-12,4.0683,4.1019,4.9491
2003-12-15,4.2815,2.5939,0.6712
2003-12-16,2.8042,4.275,4.6822
2003-12-17,1.7495,1.6529,3.1275
2003-12-18,3.2277,2.1867,5.3473
2003-12-19,1.7081,3.4571,4.6123
2003-12-22,2.4979,4.4046,1.3892
2003-12-23,3.9792,4.9999,4.4032
2003-12-24,1.6633,3.0496,4.3159
2003-12-25,3.7085,5.2053,4.5452
2003-12-26,3.5161,2.6524,4.8633
2003-12-29,1.0678,4.3185,6.2439
2003-12-30,3.9608,1.8694,4.6208
2003-12-31,3.5478,3.5042,4.0343
2004-01-01,2.6529,0.19,5.722
2004-01-02,1.3565,1.6541,7.3641
2004-01-05,1.2112,3.56,5.3726
2004-01-06,1.6935,1.4251,4.3093
2004-01-07,3.3139,3.5123,4.6488
2004-01-08,1.0666,4.0877,4.3841
2004-01-09,3.1563,2.3984,4.0278
2004-01-12,0.6374,1.8373,7.2478
2004-01-13,2.1939,2.431,2.8764
2004-01-14,2.6645,1.841,5.7324
2004-01-15,6.1677,2.8785,3.8112
2004-01-16,0.434,3.1225,1.7794
2004-01-19,4.708,2.6328,3.7175
2004-01-20,2.7248,5.0092,3.1798
2004-01-21,3.1168,2.1367,4.8664
2004-01-22,2.6775,4.6697,4.137
2004-01-23,3.1671,1.7505,2.467
2004-01-26,2.2695,3.0873,6.2065
2004-01-27,4.6811,4.4197,5.6352
2004-01-28,1.8153,4.3576,6.3791
2004-01-29,4.1984,2.4957,4.3554
2004-01-30,1.5334,3.6661,3.9464
2004-02-02,2.4096,3.5054,5.0553
2004-02-03,0.8921,2.3521,3.1338
2004-02-04,3.1825,3.7391,4.1951
2004-02-05,4.6677,5.235,3.7365
2004-02-06,2.384,3.566,1.8084
2004-02-09,2.2047,3.6796,4.1912
2004-02-10,0.8281,3.8066,3.3385
2004-02-11,2.1561,1.2468,3.6362
2004-02-12,0.1108,3.5523,4.5457
2004-02-13,1.1307,1.7799,5.9088
2004-02-16,2.8402,2.2921,2.7268
2004-02-17,4.4785,5.5943,3.4952
2004-02-18,6.7138,2.6961,2.8524
2004-02-19,1.6201,2.1118,2.7547
2004-02-20,4.653,4.3831,3.1081
2004-02-23,2.8656,1.8628,3.7053
2004-02-24,2.2731,2.4631,4.8788
2004-02-25,3.1489,4.4989,4.4807
2004-02-26,2.5929,3.0513,2.4147
2004-02-27,2.6656,1.1261,5.9412
2004-03-01,1.8875,3.6528,5.4166
2004-03-02,0.4028,2.5242,2.6482
2004-03-03,0.1846,4.8478,5.8362
2004-03-04,3.4799,2.2726,4.4904
2004-03-05,2.0849,4.2615,3.7653
2004-03-08,1.6059,5.1308,4.5371
2004-03-09,2.5128,1.9789,3.9613
2004-03-10,3.6924,2.7681,4.8176
2004-03-11,2.7705,3.4664,4.281
2004-03-12,1.5159,1.9712,3.4939
2004-03-15,4.3394,3.3244,0.9613
2004-03-16,4.8688,2.7301,4.7908
2004-03-17,3.2418,2.7059,3.4395
2004-03-18,3.9605,3.0587,5.1669
2004-03-19,4.3629,3.0855,4.7225
2004-03-22,4.1951,3.1967,3.4785
2004-03-23,3.4211,2.2814,5.5345
2004-03-24,3.3975,2.3338,4.3073
2004-03-25,3.2795,2.8577,4.2455
2004-03-26,0.854,2.9463,3.7928
2004-03-29,3.5511,2.4734,6.5253
2004-03-30,0.4663,3.3887,2.9301
2004-03-31,1.3081,0.8223,3.516
2004-04-01,4.4553,2.1234,2.144
2004-04-02,3.7603,2.6641,5.0901
2004-04-05,4.7311,1.9727,3.1268
2004-04-06,2.0925,4.955,3.2949
2004-04-07,0.7716,3.0226,3.2246
2004-04-08,2.1393,3.2121,4.0941
2004-04-09,2.653,2.4201,2.1239
2004-04-12,2.6185,2.9811,0.6351
2004-04-13,4.2005,1.5417,4.6866
2004-04-14,1.9581,2.7962,0.8297
2004-04-15,3.0281,1.8756,5.2812
2004-04-16,1.0171,2.6671,6.3378
2004-04-19,3.1755,-0.0719,3.7537
2004-04-20,2.5047,1.6464,5.9492
2004-04-21,1.3753,4.7567,3.9636
2004-04-22,2.1463,3.9965,6.3989
2004-04-23,2.2237,4.5828,3.3157
2004-04-26,2.0948,4.6653,0.4527
2004-04-27,5.157,3.8076,3.8801
2004-04-28,2.3523,2.4566,6.5619
2004-04-29,2.1342,1.7553,4.8025
2004-04-30,-0.6462,4.3761,3.227
2004-05-03,1.1587,3.0775,4.4934
2004-05-04,2.1054,5.9928,5.4567
2004-05-05,1.4712,2.5619,3.8716
2004-05-06,4.5726,5.3675,7.9396
2004-05-07,2.2526,2.8118,3.2239
2004-05-10,4.4327,4.6033,5.5038
2004-05-11,2.5926,5.036,5.1429
2004-05-12,2.5558,1.7725,2.9503
2004-05-13,2.3668,2.418,3.3633
2004-05-14,2.5057,1.7604,5.5271
2004-05-17,5.0782,1.5241,4.2172
2004-05-18,-0.9794,3.8005,4.5071
2004-05-19,-0.5023,2.764,1.546
2004-05-20,1.6852,3.0628,4.984
2004-05-21,2.5218,3.6675,4.4309
2004-05-24,3.5352,0.7711,3.9041
2004-05-25,3.2096,4.5441,4.5413
2004-05-26,1.9236,2.5811,3.3862
2004-05-27,4.0286,3.6389,3.1121
2004-05-28,4.0453,3.7449,3.6372
2004-05-31,2.7761,4.645,3.3037
2004-06-01,3.944,2.8742,7.2708
2004-06-02,2.909,0.4516,5.3678
2004-06-03,1.6578,3.0686,2.5473
2004-06-04,3.5467,3.2408,7.0544
2004-06-07,2.6659,1.7589,3.3507
2004-06-08,2.502,3.177,4.0442
2004-06-09,4.7094,2.5668,5.3461
2004-06-10,-1.1763,1.3887,1.045
2004-06-11,0.3735,3.8058,3.6445
2004-06-14,0.7194,2.3235,3.14
2004-06-15,1.9551,2.5123,4.3076
2004-06-16,2.1181,2.4449,4.5551
2004-06-17,0.239,4.4826,3.8841
2004-06-18,1.0223,2.9509,3.8145
2004-06-21,1.2087,3.0949,5.5977
2004-06-22,6.1861,2.4712,4.4522
2004-06-23,5.2026,3.5554,4.0621
2004-06-24,1.8824,4.6192,4.2218
2004-06-25,1.9546,3.7774,6.7538
2004-06-28,0.7762,3.8242,4.259
2004-06-29,-0.3622,3.7275,3.2283
2004-06-30,2.3247,1.3437,1.1365
2004-07-01,1.0032,1.9487,1.8491
2004-07-02,2.3727,2.754,3.2995
2004-07-05,0.0997,2.129,3.8374
2004-07-06,1.357,1.7226,3.1666
2004-07-07,2.7229,0.7534,4.5267
2004-07-08,3.0493,1.3842,3.1472
2004-07-09,3.1262,2.6922,2.6283
2004-07-12,0.5193,2.9167,4.919
2004-07-13,3.782,2.0483,6.0541
2004-07-14,1.2997,3.0947,2.3392
2004-07-15,3.4493,2.4794,4.3656
2004-07-16,2.484,4.3087,1.1425
2004-07-19,0.4354,2.806,1.7882
2004-07-20,2.0257,3.8356,3.1169
2004-07-21,3.048,3.2439,5.7024
2004-07-22,3.4194,1.3175,2.8319
2004-07-23,2.2885,2.8912,2.7758
2004-07-26,4.7977,1.5173,4.0541
2004-07-27,4.0113,2.8703,4.0556
2004-07-28,2.115,2.1058,2.8223
2004-07-29,3.6252,3.4584,6.9793
2004-07-30,5.4007,1.3892,3.602
2004-08-02,5.4407,3.0176,4.1704
2004-08-03,0.658,3.6869,3.3973
2004-08-04,1.1102,4.0891,4.66
2004-08-05,4.7274,2.083,5.8524
2004-08-06,0.9126,3.0213,6.4955
2004-08-09,0.5162,3.221,2.8566
2004-08-10,1.7707,4.8566,5.6512
2004-08-11,3.1303,1.2224,4.8245
2004-08-12,2.3464,1.9067,5.4618
2004-08-13,1.5242,6.3654,3.8622
2004-08-16,1.4887,2.6723,3.7194
2004-08-17,1.4315,0.7308,5.4036
2004-08-18,1.1807,2.3009,5.432
2004-08-19,5.9224,-0.3226,6.3486
2004-08-20,2.9463,3.2891,4.2978
2004-08-23,3.8301,3.9717,3.8396
2004-08-24,1.7664,1.906,0.3102
2004-08-25,2.2211,2.4351,1.5831
2004-08-26,1.4297,4.1084,3.4086
2004-08-27,-1.4776,0.8997,2.3484
2004-08-30,0.433,1.4141,5.2212
2004-08-31,-0.2159,2.7263,2.035
2004-09-01,-0.8747,2.0972,3.248
2004-09-02,0.707,2.6474,3.307
2004-09-03,4.4874,1.4835,5.8071
2004-09-06,2.4333,3.2572,3.0876
2004-09-07,4.4358,2.8209,4.6786
2004-09-08,3.1165,3.659,4.2936
2004-09-09,3.6738,3.2405,5.3549
2004-09-10,1.1487,3.248,5.2753
2004-09-13,3.2859,1.2644,3.9498
2004-09-14,3.5931,3.5911,1.4556
2004-09-15,1.635,2.603,3.6524
2004-09-16,3.3393,2.8001,3.9701
2004-09-17,3.3493,4.2579,4.429
2004-09-20,1.6757,2.1367,2.8937
2004-09-21,0.8158,4.6214,5.7114
2004-09-22,0.7238,4.7334,4.0204
2004-09-23,2.6298,3.9033,2.6193
2004-09-24,2.9905,1.8233,3.3127
2004-09-27,1.3112,0.3764,6.8928
2004-09-28,2.5399,4.2946,4.9966
2004-09-29,3.3558,3.1337,5.5727
2004-09-30,3.4273,2.1058,2.4376
2004-10-01,4.8278,4.4083,2.9668
2004-10-04,4.4155,1.9661,2.9779
2004-10-05,0.9981,2.491,4.2766
2004-10-06,5.0254,3.6299,3.739
2004-10-07,1.7035,1.6637,3.2658
2004-10-08,4.0673,2.8686,3.4539
2004-10-11,2.602,4.307,2.8089
2004-10-12,1.8818,3.2533,3.7302
2004-10-13,-0.2115,4.4969,5.6698
2004-10-14,2.2427,4.3603,1.7303
2004-10-15,0.1609,3.0093,4.5197
2004-10-18,3.9509,0.1959,6.0701
2004-10-19,4.7752,1.6731,3.7252
2004-10-20,1.3046,3.916,3.2067
2004-10-21,2.953,1.1397,5.3863
2004-10-22,1.4119,2.608,2.5237
2004-10-25,1.5573,3.4062,3.966
2004-10-26,3.6617,4.7635,2.4402
2004-10-27,2.4422,2.31,1.1948
2004-10-28,5.1095,2.2278,3.772
2004-10-29,1.7767,2.9371,2.1049
2004-11-01,3.999,3.4211,3.9825
2004-11-02,2.6461,2.8149,5.6725
2004-11-03,3.6937,4.2591,6.7814
2004-11-04,1.8293,2.041,4.1403
2004-11-05,2.4257,3.1442,5.5288
2004-11-08,2.3268,3.5343,4.5984
2004-11-09,1.2459,2.5197,3.4253
2004-11-10,3.4931,4.0077,1.1128
2004-11-11,3.4754,3.1788,6.4397
2004-11-12,3.3903,3.9466,2.4263
2004-11-15,4.8054,3.2329,6.0742
2004-11-16,4.674,3.4517,4.8052
2004-11-17,1.9376,2.2411,2.536
2004-11-18,3.0596,2.2431,4.468
2004-11-19,1.5646,4.4693,7.1994
2004-11-22,2.535,3.7626,6.3035
2004-11-23,1.6004,1.7724,3.2309
2004-11-24,4.9301,3.217,2.932
2004-11-25,3.0455,0.1515,4.1503
2004-11-26,2.173,2.3113,3.7517
2004-11-29,4.2904,4.1532,5.7996
2004-11-30,-0.7559,2.8498,5.1094
2004-12-01,-0.5212,3.1415,1.4616
2004-12-02,3.6938,-0.6197,4.688
2004-12-03,2.5907,2.5293,3.7314
2004-12-06,2.8757,3.4059,4.0557
2004-12-07,0.5104,3.5583,4.3734
2004-12-08,2.4651,4.1548,5.7981
2004-12-09,5.5053,2.7477,5.4667
2004-12-10,3.7363,2.8012,2.8754
2004-12-13,2.7546,1.4015,3.9121
2004-12-14,1.8414,2.7546,3.3272
2004-12-15,1.9081,1.4861,1.4772
2004-12-16,-0.6938,0.7826,3.8359
2004-12-17,2.8865,1.6978,6.7671
2004-12-20,3.7682,4.8104,1.4319
2004-12-21,0.1366,2.6753,3.9639
2004-12-22,1.5079,3.2639,3.9158
2004-12-23,0.7638,2.3838,4.4316
2004-12-24,1.052,0.8513,2.5559
2004-12-27,2.5802,4.1233,1.8623
2004-12-28,-0.6266,0.3934,1.9321
2004-12-29,3.4214,2.3342,5.9964
2004-12-30,3.6308,2.9345,2.526
2004-12-31,2.1233,3.2766,3.2507
2005-01-03,-1.2211,2.1282,7.1569
2005-01-04,1.0054,0.7944,2.8986
2005-01-05,4.3494,2.0387,4.5136
2005-01-06,-1.667,2.1015,5.5957
2005-01-07,1.9787,2.0723,5.5236
2005-01-10,0.73,4.1641,2.0026
2005-01-11,3.7069,1.5437,2.93
2005-01-12,1.4873,3.3612,4.4535
2005-01-13,3.1059,3.19,6.8935
2005-01-14,3.3482,4.1525,2.8577
2005-01-17,5.2543,2.8402,3.2596
2005-01-18,2.1956,3.9494,4.6294
2005-01-19,3.0641,2.7933,4.9295
2005-01-20,0.2724,3.5213,5.0204
2005-01-21,4.2856,1.1965,2.7305
2005-01-24,1.3592,-0.1659,3.2019
2005-01-25,1.6589,3.4531,4.3233
2005-01-26,2.4666,3.5174,5.8935
2005-01-27,0.1557,3.5706,3.6423
2005-01-28,2.8432,2.3701,3.9665
2005-01-31,3.9512,4.7877,2.4611
2005-02-01,2.9394,2.4481,6.7948
2005-02-02,0.1167,3.5051,4.2314
2005-02-03,2.3143,3.7136,5.6166
2005-02-04,3.613,5.0625,4.0448
2005-02-07,-0.317,2.6196,4.1279
2005-02-08,0.8879,2.2162,1.7495
2005-02-09,3.8148,1.2022,0.7739
2005-02-10,2.9051,4.8628,5.8779
2005-02-11,3.118,3.5057,4.1171
2005-02-14,5.2892,3.5437,4.3096
2005-02-15,3.2028,6.74,2.1264
2005-02-16,3.4868,3.3901,2.6454
2005-02-17,6.5661,1.4372,5.5935
2005-02-18,2.1793,2.7649,6.6102
2005-02-21,1.3032,1.8303,3.0681
2005-02-22,3.1417,2.525,5.0072
2005-02-23,3.1585,2.5169,4.285
2005-02-24,1.7099,2.2956,3.8192
2005-02-25,0.9514,1.3281,6.7779
2005-02-28,5.9648,4.911,3.3202
2005-03-01,2.9903,3.3586,5.8611
2005-03-02,1.4016,2.7294,4.5721
2005-03-03,3.8739,3.9092,3.9747
2005-03-04,2.3363,3.5653,6.058
2005-03-07,2.1207,3.3308,4.4352
2005-03-08,3.3434,3.822,3.8554
2005-03-09,0.5622,3.1607,6.0692
2005-03-10,3.0289,3.8043,5.8739
2005-03-11,5.3694,3.9037,5.8029
2005-03-14,3.1993,3.1953,-1.8317
2005-03-15,1.9357,2.7355,4.6603
2005-03-16,1.7393,4.8365,4.3182
2005-03-17,1.8845,2.4265,3.9477
2005-03-18,2.1191,3.4696,4.9147
2005-03-21,1.9333,3.4967,4.3908
2005-03-22,3.8745,2.2685,5.0167
2005-03-23,-0.0998,2.0306,3.5981
2005-03-24,3.793,2.5754,6.2473
2005-03-25,1.9305,2.4093,5.1684
2005-03-28,3.0654,1.2502,4.8138
2005-03-29,0.8095,2.2182,4.7406
2005-03-30,4.4929,3.3195,5.7359
2005-03-31,4.3685,4.5191,5.5325
2005-04-01,3.9394,3.6653,3.8308
2005-04-04,0.2279,-0.1194,5.4855
2005-04-05,3.7437,3.7696,4.2611
2005-04-06,3.1073,2.3302,6.8754
2005-04-07,0.0921,3.5437,5.6466
2005-04-08,2.4636,2.983,3.0616
2005-04-11,3.0468,2.7688,7.4961
2005-04-12,3.3341,2.8773,0.8469
2005-04-13,2.7659,2.9731,4.956
2005-04-14,2.9368,4.6133,2.9556
2005-04-15,4.7104,2.9764,6.8233
2005-04-18,4.3391,4.3026,4.3792
2005-04-19,-1.8006,4.1279,2.8093
2005-04-20,2.0238,3.8005,3.6003
2005-04-21,2.253,0.8561,2.9291
2005-04-22,-0.1281,4.34,3.5413
2005-04-25,2.6413,2.4505,3.507
2005-04-26,4.3731,3.8589,2.8733
2005-04-27,0.8701,1.833,4.4051
2005-04-28,3.0046,1.5779,4.5868
2005-04-29,1.1263,5.3717,2.5055
2005-05-02,1.4921,1.8516,1.5126
2005-05-03,4.7161,4.3753,4.4664
2005-05-04,1.6862,3.1421,4.7979
2005-05-05,3.1933,2.4959,5.0953
2005-05-06,-0.3068,2.9462,4.8268
2005-05-09,5.2935,1.4387,6.3591
2005-05-10,3.404,2.9835,5.4956
2005-05-11,2.2263,1.7007,8.0197
2005-05-12,3.3633,2.5255,8.651
2005-05-13,0.3853,4.1104,1.3628
2005-05-16,4.2738,3.305,0.7043
2005-05-17,2.014,1.2214,3.9889
2005-05-18,2.1939,4.0218,4.7563
2005-05-19,1.7625,2.9915,3.8862
2005-05-20,1.629,2.3494,5.0554
2005-05-23,3.542,3.896,3.5946
2005-05-24,2.8839,2.7994,2.9591
2005-05-25,3.4776,1.6012,3.1857
2005-05-26,2.4868,5.2174,3.6997
2005-05-27,3.2698,2.9793,5.2653
2005-05-30,1.8717,2.9023,3.2699
2005-05-31,5.8446,2.5139,3.5665
2005-06-01,0.1481,4.416,4.8553
2005-06-02,4.3914,2.3701,3.7018
2005-06-03,4.5519,1.146,5.6751
2005-06-06,1.2218,2.1856,2.6207
2005-06-07,5.8439,4.5921,2.2955
2005-06-08,3.9932,3.9986,4.4569
2005-06-09,3.9567,2.694,4.6064
2005-06-10,2.542,4.6479,2.7026
2005-06-13,2.1742,3.8975,6.0154
2005-06-14,2.1859,2.6801,6.8874
2005-06-15,3.0858,2.8009,3.0582
2005-06-16,4.6018,3.3952,6.231
2005-06-17,2.772,2.0017,0.4268
2005-06-20,1.1328,3.0054,5.6142
2005-06-21,3.7366,3.3702,2.7134
2005-06-22,3.8817,0.9756,5.4641
2005-06-23,3.482,2.7728,2.5581
2005-06-24,3.6182,2.6363,3.8973
2005-06-27,2.0936,4.2337,2.7848
2005-06-28,1.1065,0.7866,3.6792
2005-06-29,1.1977,2.5422,6.7449
2005-06-30,0.0468,2.4219,3.8381
2005-07-01,2.8554,4.1521,7.1655
2005-07-04,2.3748,2.9477,3.4213
2005-07-05,1.84,5.1553,6.2376
2005-07-06,-1.9334,3.7947,1.5615
2005-07-07,0.629,2.5077,3.5702
2005-07-08,4.1813,3.2876,3.1958
2005-07-11,1.5031,2.5751,6.3066
2005-07-12,3.0409,4.0313,4.2779
2005-07-13,0.414,1.4014,0.8679
2005-07-14,4.6581,2.0116,2.0348
2005-07-15,2.284,3.5468,2.481
2005-07-18,2.9351,4.4709,5.4011
2005-07-19,5.9887,0.3576,5.2075
2005-07-20,4.7747,4.6494,3.5494
2005-07-21,2.0402,2.8318,3.1772
2005-07-22,1.6102,0.7394,5.0746
2005-07-25,2.0117,-0.6021,2.3057
2005-07-26,3.2648,1.1647,4.6865
2005-07-27,2.3422,2.9764,4.5588
2005-07-28,1.9071,2.9209,3.5881
2005-07-29,4.7008,3.7598,4.5965
2005-08-01,2.3287,2.3406,4.1531
2005-08-02,5.9494,1.6704,4.7461
2005-08-03,2.6361,2.5043,1.9988
2005-08-04,5.178,3.0403,4.9218
2005-08-05,3.036,3.2769,5.5399
2005-08-08,3.9444,2.053,4.4814
2005-08-09,1.4131,4.0817,4.9018
2005-08-10,1.2194,2.2543,3.8351
2005-08-11,3.1896,1.9563,5.337
2005-08-12,3.9828,2.3491,4.0979
2005-08-15,2.5604,4.2898,2.2781
2005-08-16,0.5704,2.8406,5.2303
2005-08-17,0.4596,2.1666,1.5488
2005-08-18,0.3593,4.1113,4.4242
2005-08-19,-0.1514,5.5713,3.4237
2005-08-22,2.6642,3.2516,3.3278
2005-08-23,4.1876,4.4806,4.258
2005-08-24,2.4799,4.2433,2.9361
2005-08-25,-0.8906,2.2732,4.7683
2005-08-26,2.2139,3.032,4.0852
2005-08-29,2.2558,1.4609,3.0741
2005-08-30,5.644,2.7541,6.0073
2005-08-31,0.3143,2.2486,4.3072
2005-09-01,1.914,2.5165,4.9462
2005-09-02,5.0588,2.1001,6.1249
2005-09-05,3.175,2.6555,6.1003
2005-09-06,3.345,3.6387,4.8697
2005-09-07,2.6719,2.8566,3.546
2005-09-08,2.9949,0.7628,1.8554
2005-09-09,3.6664,2.1047,4.31
2005-09-12,1.2858,1.1767,5.6419
2005-09-13,3.8171,3.2929,4.5315
2005-09-14,0.4405,3.604,-1.1669
2005-09-15,2.9926,3.3079,5.3051
2005-09-16,2.7681,2.0551,5.3972
2005-09-19,1.5756,3.2962,3.5482
2005-09-20,2.466,2.4359,5.4825
2005-09-21,1.5662,1.6341,4.9419
2005-09-22,0.8924,3.8903,2.9717
2005-09-23,1.9696,3.9816,5.907
2005-09-26,0.844,4.1387,2.0988
2005-09-27,2.9842,2.27,3.9141
2005-09-28,0.7749,4.4152,3.7645
2005-09-29,3.568,2.4077,2.7618
2005-09-30,0.7278,3.7842,4.4557
2005-10-03,1.6506,2.3869,5.9656
2005-10-04,1.5631,2.7312,5.8716
2005-10-05,4.4877,0.0946,5.0855
2005-10-06,2.9954,2.6377,1.4561
2005-10-07,2.1824,3.1093,1.9961
2005-10-10,3.2481,2.5079,4.2493
2005-10-11,-0.6608,5.1074,3.9486
2005-10-12,2.4353,1.605,3.2529
2005-10-13,5.4963,2.3237,6.858
2005-10-14,2.6985,1.9142,4.1588
2005-10-17,2.6019,2.3235,4.8136
2005-10-18,3.3222,4.2377,5.4818
2005-10-19,3.8434,4.7736,4.0824
2005-10-20,-0.4962,2.159,7.8866
2005-10-21,-0.0235,2.1324,2.5894
2005-10-24,2.8154,1.6114,3.0909
2005-10-25,1.4277,4.5675,2.5858
2005-10-26,4.468,4.3452,6.344
2005-10-27,2.0272,2.8728,5.2031
2005-10-28,-0.4018,1.3247,3.1838
2005-10-31,0.598,1.432,2.7042
2005-11-01,-1.6245,3.2048,6.0773
2005-11-02,2.1488,3.6592,4.5425
2005-11-03,2.2174,0.5206,6.1156
2005-11-04,1.8633,2.6144,3.9098
2005-11-07,4.1183,4.942,4.7673
2005-11-08,4.2978,2.739,4.4503
2005-11-09,2.2444,4.7876,3.0638
2005-11-10,-0.702,3.7789,3.7838
2005-11-11,3.4259,1.6989,2.2235
2005-11-14,3.333,2.6488,4.7412
2005-11-15,2.9641,2.8456,5.1419
2005-11-16,3.9722,1.857,5.4852
2005-11-17,0.7528,1.8362,4.9998
2005-11-18,5.5131,4.8081,3.8077
2005-11-21,1.0609,1.8272,6.328
2005-11-22,3.6238,4.2941,5.3385
2005-11-23,-0.031,2.4762,6.0828
2005-11-24,1.1046,2.9692,6.1769
2005-11-25,4.7746,3.6742,3.8116
2005-11-28,2.1087,2.2817,4.5818
2005-11-29,3.7599,3.6815,5.1618
2005-11-30,2.8554,0.5443,2.2763
2005-12-01,2.3426,3.5276,2.3095
2005-12-02,4.5458,0.0378,2.051
2005-12-05,2.145,2.7278,3.8378
2005-12-06,-0.1711,4.0251,3.5
2005-12-07,1.2951,3.7468,1.8465
2005-12-08,3.3268,1.4419,4.224
2005-12-09,3.0933,1.5964,3.8566
2005-12-12,0.1494,2.1736,5.7734
2005-12-13,1.4135,3.2235,7.0195
2005-12-14,1.6274,0.5617,4.6847
2005-12-15,1.9518,2.9841,2.9551
2005-12-16,0.4361,3.3737,4.9701
2005-12-19,1.5574,2.6604,4.014
2005-12-20,1.4071,3.6304,3.6398
2005-12-21,3.6573,3.2685,2.7076
2005-12-22,3.7137,2.35,3.3037
2005-12-23,2.2813,0.6766,3.7333
2005-12-26,1.9119,3.1601,5.2061
2005-12-27,2.7099,1.8563,4.7665
2005-12-28,1.2751,2.306,6.7384
2005-12-29,0.7798,3.5749,5.0115
2005-12-30,1.0897,4.7008,4.6364
2006-01-02,1.5478,2.9543,3.5407
2006-01-03,0.7548,3.6649,2.4438
2006-01-04,2.7431,1.2666,3.1452
2006-01-05,3.5946,3.2946,2.9502
2006-01-06,0.1194,2.9281,0.1586
2006-01-09,2.5377,4.4751,2.4871
2006-01-10,2.1701,2.3514,6.4033
2006-01-11,3.0123,2.71,4.5529
2006-01-12,2.4806,4.2706,3.4352
2006-01-13,0.3196,2.8896,4.5977
2006-01-16,0.6064,1.6694,1.0699
2006-01-17,2.5441,6.062,4.4231
2006-01-18,4.0432,1.7057,5.9162
2006-01-19,-0.8213,2.9224,3.8183
2006-01-20,3.0186,3.416,1.342
2006-01-23,4.2844,3.3211,3.3791
2006-01-24,2.2705,2.7723,5.9189
2006-01-25,3.3253,2.7783,4.3879
2006-01-26,1.4454,2.7181,1.8725
2006-01-27,2.321,1.6609,7.5514
2006-01-30,0.0686,5.5803,2.1193
2006-01-31,-1.0165,2.736,3.6356
2006-02-01,3.9141,3.7163,2.4439
2006-02-02,1.0225,2.5984,2.446
2006-02-03,1.8167,2.5743,3.3218
2006-02-06,0.4203,2.4535,4.9542
2006-02-07,0.385,1.1402,5.9358
2006-02-08,2.2392,2.8073,3.4207
2006-02-09,1.4056,2.5116,2.4848
2006-02-10,3.067,4.4058,4.718
2006-02-13,3.1788,1.564,4.7619
2006-02-14,2.9813,2.3074,4.3606
2006-02-15,2.8579,1.9219,4.4136
2006-02-16,4.8667,4.731,3.8312
2006-02-17,0.8986,1.9567,4.1472
2006-02-20,2.4176,3.6748,3.7275
2006-02-21,4.199,4.1642,5.6054
2006-02-22,4.3968,2.8247,7.3427
2006-02-23,0.3674,1.3478,4.2695
2006-02-24,2.0315,1.363,3.9901
2006-02-27,4.5372,4.0317,4.3838
2006-02-28,3.2621,1.4873,3.0131
2006-03-01,2.7929,3.4704,5.1475
2006-03-02,2.1735,3.1372,4.6618
2006-03-03,1.9243,3.4526,3.3693
2006-03-06,2.9323,3.5659,5.3531
2006-03-07,2.1214,1.8796,4.0285
2006-03-08,2.4361,1.8294,2.5449
2006-03-09,2.6179,3.8579,4.5274
2006-03-10,1.4829,2.2448,4.3555
2006-03-13,3.2982,-0.3002,5.4406
2006-03-14,6.8714,3.7785,5.2473
2006-03-15,-0.1655,1.7565,3.8362
2006-03-16,2.986,3.5606,3.2919
2006-03-17,1.3597,4.6714,4.0026
2006-03-20,3.3661,3.0201,4.545
2006-03-21,2.5698,4.1949,4.7256
2006-03-22,3.6428,3.1846,4.4521
2006-03-23,4.2633,4.9049,3.8639
2006-03-24,2.7886,1.7255,5.4952
2006-03-27,4.1981,2.9901,2.9885
2006-03-28,-1.0164,3.8078,7.7191
2006-03-29,4.8857,2.7715,5.1446
2006-03-30,3.0626,4.3827,2.3088
2006-03-31,4.1168,2.4816,4.2778
2006-04-03,0.6702,5.4832,5.159
2006-04-04,1.2538,5.5466,3.4759
2006-04-05,2.7189,3.3385,1.7573
2006-04-06,2.4744,3.6631,2.4414
2006-04-07,2.9246,4.43,4.8131
2006-04-10,4.1268,1.5754,1.3681
2006-04-11,-0.1478,1.4256,1.826
2006-04-12,3.9607,4.5077,4.8053
2006-04-13,2.5124,3.3288,3.6662
2006-04-14,2.1943,2.7282,2.9563
2006-04-17,0.2933,3.0133,3.2579
2006-04-18,3.2546,0.1368,1.7938
2006-04-19,-1.1212,2.7713,4.7267
2006-04-20,3.4726,2.0963,2.7902
2006-04-21,0.2618,4.1017,3.1964
2006-04-24,2.5802,4.194,4.5202
2006-04-25,2.3212,3.692,3.6151
2006-04-26,4.2543,3.4746,2.943
2006-04-27,2.232,1.2032,1.0158
2006-04-28,1.4588,3.7088,4.5511
2006-05-01,1.7401,3.7553,4.1185
2006-05-02,4.4093,4.4942,3.2239
2006-05-03,3.3044,5.5419,2.4439
2006-05-04,1.9216,0.9689,4.0191
2006-05-05,2.1453,2.5338,4.7207
2006-05-08,0.1492,2.1093,4.1466
2006-05-09,3.0827,3.207,6.4571
2006-05-10,-0.1397,3.0161,5.0572
2006-05-11,3.6277,2.7191,3.8391
2006-05-12,2.6929,4.2331,5.1074
2006-05-15,6.0804,1.6783,4.073
2006-05-16,0.8498,1.7507,4.0678
2006-05-17,2.346,1.7709,5.9445
2006-05-18,5.1974,2.5676,2.6529
2006-05-19,4.2871,1.5257,4.035
2006-05-22,1.4557,2.9417,5.7846
2006-05-23,2.836,2.8014,4.4635
2006-05-24,2.503,2.0562,3.4464
2006-05-25,2.9229,4.0485,1.4408
2006-05-26,1.452,2.9286,0.5945
2006-05-29,2.366,4.2752,7.1143
2006-05-30,0.1029,2.7659,4.4628
2006-05-31,2.7027,2.971,3.1239
2006-06-01,3.175,2.3247,4.5242
2006-06-02,2.1589,2.9915,2.5785
2006-06-05,0.0774,3.8547,3.5032
2006-06-06,3.9828,2.5064,2.5886
2006-06-07,3.0468,3.6221,1.8801
2006-06-08,1.411,2.0247,0.8425
2006-06-09,2.0791,3.9109,1.6035
2006-06-12,0.249,2.3041,5.5319
2006-06-13,0.9619,4.022,2.5197
2006-06-14,1.6933,3.0732,4.8023
2006-06-15,4.3426,4.8251,5.435
2006-06-16,1.5407,1.6151,4.0249
2006-06-19,3.4603,1.2286,3.5521
2006-06-20,1.6925,2.2605,4.1995
2006-06-21,2.8719,1.3385,3.3751
2006-06-22,2.2879,1.3407,5.8059
2006-06-23,3.8096,3.7459,6.8148
2006-06-26,1.6978,2.995,6.1747
2006-06-27,0.1412,2.4244,0.7727
2006-06-28,0.4271,2.5356,3.3445
2006-06-29,1.7022,2.2833,4.0062
2006-06-30,0.6264,4.9804,4.6946
2006-07-03,3.1153,2.1174,1.409
2006-07-04,1.8013,1.4134,1.3848
2006-07-05,6.0619,3.9553,5.9602
2006-07-06,-0.1066,2.7411,3.1613
2006-07-07,2.8054,5.4465,1.7689
2006-07-10,0.8081,2.3686,2.3445
2006-07-11,1.7599,4.0152,4.5857
2006-07-12,2.7121,4.2986,2.7662
2006-07-13,-0.9881,2.3744,4.3624
2006-07-14,2.8552,2.1085,2.5319
2006-07-17,5.3544,3.8896,1.3837
2006-07-18,1.8198,3.6899,6.1366
2006-07-19,2.8897,1.3073,4.5973
2006-07-20,4.0374,1.6459,3.4994
2006-07-21,2.2541,-0.0437,3.218
2006-07-24,1.6286,3.7145,6.1974
2006-07-25,-0.9136,2.6858,4.8873
2006-07-26,3.4615,2.8054,5.7202
2006-07-27,2.3302,0.9703,3.1245
2006-07-28,0.981,1.6823,4.076
2006-07-31,2.6899,2.4264,4.6033
2006-08-01,1.6245,2.1932,3.1749
2006-08-02,1.7074,3.1414,3.8567
2006-08-03,3.4094,3.7002,3.1246
2006-08-04,0.4924,5.7235,4.5986
2006-08-07,4.071,2.976,2.0179
2006-08-08,0.4035,4.3385,4.858
2006-08-09,1.5059,2.004,4.4661
2006-08-10,5.3844,0.9901,3.695
2006-08-11,4.191,2.5772,4.6743
2006-08-14,2.6464,1.0827,3.4526
2006-08-15,1.0892,3.0176,2.9948
2006-08-16,1.7061,2.0635,4.8156
2006-08-17,2.6099,0.6549,4.8805
2006-08-18,2.5563,5.0832,3.2391
2006-08-21,2.3637,2.3549,3.1104
2006-08-22,2.4538,1.0349,3.7255
2006-08-23,2.1784,4.0778,3.172
2006-08-24,0.337,2.1257,6.2877
2006-08-25,1.7252,4.3082,4.4747
2006-08-28,3.8719,2.1199,4.0219
2006-08-29,0.4475,2.3509,2.6009
2006-08-30,2.2157,3.4138,5.1085
2006-08-31,1.2704,3.7119,3.0826
2006-09-01,2.667,3.9222,3.0209
2006-09-04,1.9171,2.8923,5.1589
2006-09-05,4.7161,3.6343,4.581
2006-09-06,3.2599,3.8948,0.2448
2006-09-07,0.5323,3.2407,3.7633
2006-09-08,3.5068,2.8288,4.1883
2006-09-11,1.338,1.2656,3.4906
2006-09-12,1.6345,3.719,4.2405
2006-09-13,2.9707,3.0506,1.2855
2006-09-14,1.7624,2.5037,-0.2465
2006-09-15,3.8393,4.5333,2.5368
2006-09-18,1.3382,1.2866,4.4234
2006-09-19,1.5716,4.9728,-0.8374
2006-09-20,1.5154,2.9733,2.7347
2006-09-21,1.6515,3.381,1.1159
2006-09-22,4.1488,2.5259,3.6361
2006-09-25,3.4432,0.9995,6.9368
2006-09-26,5.0649,2.8325,3.6742
2006-09-27,5.9015,3.4017,3.8387
2006-09-28,0.9539,3.8115,5.2588
2006-09-29,2.6056,2.7624,4.032
2006-10-02,0.7357,0.369,3.6775
2006-10-03,1.3336,1.15,5.39
2006-10-04,1.5549,5.4624,4.7078
2006-10-05,0.9143,1.689,4.4329
2006-10-06,0.9222,4.7125,3.7918
2006-10-09,2.2836,1.8791,3.4809
2006-10-10,0.6749,2.7811,5.3758
2006-10-11,3.7632,3.7502,3.4953
2006-10-12,1.1234,2.0158,5.8469
2006-10-13,6.7144,4.9107,2.4293
2006-10-16,1.8229,3.0909,6.1507
2006-10-17,2.608,3.553,4.7081
2006-10-18,0.557,2.6789,2.5472
2006-10-19,5.0591,3.7905,4.7635
2006-10-20,4.1793,4.8946,3.0245
2006-10-23,2.9454,2.8425,4.0501
2006-10-24,0.4798,5.0757,3.2701
2006-10-25,2.816,2.2661,3.8006
2006-10-26,0.8179,3.9169,5.4121
2006-10-27,4.6935,3.5869,4.7778
2006-10-30,3.7138,1.7177,2.312
2006-10-31,2.6432,3.2566,2.3979
2006-11-01,-1.1546,3.0088,4.4062
2006-11-02,1.0249,1.9762,4.5148
2006-11-03,3.5316,3.4296,2.9883
2006-11-06,4.3193,3.1755,6.387
2006-11-07,4.1638,2.9129,5.2202
2006-11-08,0.112,2.9177,3.0616
2006-11-09,2.9523,2.892,2.9166
2006-11-10,4.0233,2.5588,3.6583
2006-11-13,0.0125,3.1678,3.5022
2006-11-14,2.4881,2.2273,5.8842
2006-11-15,2.9108,6.1882,5.4768
2006-11-16,2.0489,1.3088,4.0526
2006-11-17,-0.2782,2.2983,5.0169
2006-11-20,2.0115,2.3931,5.2345
2006-11-21,2.009,5.4486,4.0874
2006-11-22,2.2779,1.4158,4.6039
2006-11-23,1.6548,3.5111,4.8913
2006-11-24,1.8355,3.2981,4.7314
2006-11-27,2.4404,3.4003,2.8318
2006-11-28,3.1637,4.4836,2.9834
2006-11-29,2.0434,4.459,3.5671
2006-11-30,1.8855,2.4589,2.94
2006-12-01,2.6385,3.2328,1.7903
2006-12-04,-0.3814,0.7631,5.0139
2006-12-05,3.2156,3.1189,4.5196
2006-12-06,2.4992,2.0472,1.991
2006-12-07,2.5595,2.7763,3.6386
2006-12-08,3.9411,0.9776,3.7236
2006-12-11,-0.4292,3.4858,4.2729
2006-12-12,-0.4608,0.9641,2.3771
2006-12-13,2.9107,3.1779,1.969
2006-12-14,2.4893,1.5282,4.7796
2006-12-15,2.7553,1.9804,1.6991
2006-12-18,1.8068,4.3857,3.651
2006-12-19,3.4965,3.7055,3.5109
2006-12-20,3.899,4.379,3.8151
2006-12-21,3.226,4.8717,4.3791
2006-12-22,2.1088,2.0726,6.3979
2006-12-25,-0.6615,4.7988,1.6008
2006-12-26,3.6539,1.2414,5.3149
2006-12-27,4.3326,3.8953,0.2318
2006-12-28,3.4668,2.408,6.0906
2006-12-29,1.1805,1.8836,0.9357
2007-01-01,3.5107,3.7374,7.6546
2007-01-02,3.7908,4.1339,3.4153
2007-01-03,4.8382,4.0983,5.9356
2007-01-04,1.1858,3.2578,5.6262
2007-01-05,2.1603,3.1583,3.3453
2007-01-08,3.6209,3.6322,3.4604
2007-01-09,2.5861,3.3645,2.7443
2007-01-10,0.824,3.6496,5.1811
2007-01-11,3.1219,3.2448,3.3648
2007-01-12,3.368,4.0113,2.7715
2007-01-15,2.6319,1.0474,4.8059
2007-01-16,2.8294,2.8425,2.6542
2007-01-17,2.1119,1.3394,3.5065
2007-01-18,4.7174,3.332,4.1607
2007-01-19,1.149,4.9703,3.0364
2007-01-22,1.619,2.4311,3.2627
2007-01-23,2.5165,3.1527,6.3025
2007-01-24,3.8184,3.9078,3.6936
2007-01-25,0.2539,0.5187,3.4606
2007-01-26,0.5346,2.3735,3.7373
2007-01-29,-0.5566,3.4374,4.6817
2007-01-30,2.549,-0.4764,2.4492
2007-01-31,0.8225,1.8278,4.6408
2007-02-01,1.9232,4.321,4.3837
2007-02-02,3.4921,4.2036,1.317
2007-02-05,1.5377,3.4492,6.6914
2007-02-06,2.8469,4.0586,6.1912
2007-02-07,2.051,3.2581,2.7992
2007-02-08,3.5082,3.6665,2.3164
2007-02-09,3.2127,2.6212,4.3421
2007-02-12,1.4621,3.139,1.8612
2007-02-13,2.247,2.2412,6.0464
2007-02-14,4.0656,4.5162,3.2973
2007-02-15,3.0901,4.8259,6.4327
2007-02-16,0.4046,4.6559,2.7634
2007-02-19,3.4834,2.5103,3.8317
2007-02-20,0.8731,1.8555,5.9008
2007-02-21,4.6188,4.5324,3.5151
2007-02-22,4.0361,3.6527,4.4081
2007-02-23,2.9348,3.3943,5.639
2007-02-26,2.7358,2.2396,3.1659
2007-02-27,2.1865,3.5108,2.1074
2007-02-28,3.5178,1.6977,1.8119
2007-03-01,1.9438,3.7609,4.8751
2007-03-02,2.8534,4.6547,4.5832
2007-03-05,3.8079,4.9573,5.5925
2007-03-06,1.6573,3.8502,3.5889
2007-03-07,1.5757,1.3416,1.8539
2007-03-08,0.7085,3.2368,0.4709
2007-03-09,0.9033,5.5676,8.3019
2007-03-12,-0.2426,1.9577,4.7904
2007-03-13,3.5947,2.929,4.2052
2007-03-14,5.2134,4.6962,4.418
2007-03-15,4.638,3.7406,1.853
2007-03-16,0.0609,5.9762,2.8077
2007-03-19,3.5873,2.1206,6.615
2007-03-20,4.6332,1.8123,4.9875
2007-03-21,1.8148,4.469,2.8546
2007-03-22,2.6522,1.5649,2.1598
2007-03-23,-0.5118,2.7639,3.2265
2007-03-26,2.9001,2.9212,3.5269
2007-03-27,0.9047,4.2432,7.0737
2007-03-28,2.7995,3.7371,3.7176
2007-03-29,0.1582,3.5485,2.2157
2007-03-30,3.3143,2.5171,3.9121
2007-04-02,4.0368,4.458,4.3965
2007-04-03,1.3252,7.831,2.0792
2007-04-04,0.7946,3.8295,4.6032
2007-04-05,-0.734,3.1196,5.8134
2007-04-06,2.1004,1.4426,4.208
2007-04-09,1.6276,2.235,2.8044
2007-04-10,0.1735,2.7435,3.2067
2007-04-11,3.1795,2.3585,1.5117
2007-04-12,1.825,2.9807,3.7992
2007-04-13,0.8864,5.1336,4.4662
2007-04-16,1.6681,4.4966,2.6551
2007-04-17,4.107,2.8094,6.9096
2007-04-18,3.4044,1.5501,5.1884
2007-04-19,2.305,4.6048,1.3108
2007-04-20,3.4287,2.9411,1.3416
2007-04-23,0.7586,0.9282,2.524
2007-04-24,2.5486,3.8549,6.3598
2007-04-25,2.721,4.2308,5.3364
2007-04-26,1.7952,0.0889,6.4356
2007-04-27,3.1532,2.0105,4.0153
2007-04-30,1.3293,2.8675,3.6858
2007-05-01,3.2647,3.8814,2.1287
2007-05-02,3.3278,2.3811,4.5245
2007-05-03,-1.8757,2.0014,3.7057
2007-05-04,4.2855,3.8726,3.648
2007-05-07,-2.0714,2.438,6.4271
2007-05-08,1.5759,3.6505,3.8105
2007-05-09,4.038,1.6662,5.9965
2007-05-10,2.0241,1.3772,1.6179
2007-05-11,0.3007,3.9063,8.0322
2007-05-14,0.8594,3.303,3.4401
2007-05-15,4.0404,4.1069,5.0608
2007-05-16,-0.3823,2.3609,5.2994
2007-05-17,4.1935,2.0459,3.254
2007-05-18,2.4173,4.6329,5.2285
2007-05-21,0.7114,1.1724,5.3065
2007-05-22,1.6253,4.5018,2.9303
2007-05-23,0.9742,4.5846,2.948
2007-05-24,3.7993,4.0321,4.068
2007-05-25,3.5986,2.1746,3.8268
2007-05-28,-0.0787,2.0202,6.0897
2007-05-29,1.8946,2.7479,5.054
2007-05-30,1.2052,1.446,3.8944
2007-05-31,4.4403,1.846,4.9091
2007-06-01,0.4749,3.7737,0.93
2007-06-04,4.9063,3.7792,3.077
2007-06-05,2.4501,1.7405,4.4317
2007-06-06,0.7571,3.8113,5.673
2007-06-07,1.4841,3.5452,4.2997
2007-06-08,1.2976,4.8119,6.1874
2007-06-11,0.5881,3.683,5.3019
2007-06-12,2.6422,4.2703,3.2675
2007-06-13,0.6581,3.5725,3.79
2007-06-14,-0.7705,4.1759,4.6126
2007-06-15,1.9305,1.4555,3.327
2007-06-18,-0.2043,2.8539,6.2969
2007-06-19,1.3718,2.9532,2.3369
2007-06-20,1.1363,2.7075,4.4742
2007-06-21,1.1932,3.5327,5.1032
2007-06-22,5.5014,3.7613,3.5298
2007-06-25,2.5846,3.4707,3.1918
2007-06-26,2.8681,2.7877,3.8859
2007-06-27,-0.1646,2.1171,5.218
2007-06-28,1.5191,4.3166,3.2502
2007-06-29,2.823,3.4197,2.3966
2007-07-02,0.9632,1.7777,5.7259
2007-07-03,3.8621,2.7676,4.5989
2007-07-04,0.696,0.908,5.5118
2007-07-05,2.0705,3.0424,5.139
2007-07-06,1.6209,2.7619,7.2698
2007-07-09,2.7465,2.3106,5.6725
2007-07-10,1.5393,4.9015,2.9139
2007-07-11,2.0937,1.6126,4.7054
2007-07-12,2.1458,3.8477,3.1638
2007-07-13,1.3984,5.624,3.3188
2007-07-16,3.2276,4.2927,1.8812
2007-07-17,2.8576,2.9622,3.5708
2007-07-18,2.3671,1.6391,4.8176
2007-07-19,1.8543,1.3655,3.901
2007-07-20,3.6948,2.5061,2.3509
2007-07-23,2.1462,2.1756,1.7155
2007-07-24,2.04,2.1365,7.1678
2007-07-25,2.657,2.6084,4.4877
2007-07-26,5.0449,2.8773,2.7639
2007-07-27,0.4895,3.5823,4.6927
2007-07-30,3.6548,1.5146,7.2838
2007-07-31,-0.3398,2.1813,4.9307
2007-08-01,2.8259,2.8084,-0.1806
2007-08-02,4.8626,2.7654,7.9784
2007-08-03,3.233,5.2037,1.2261
2007-08-06,2.7559,3.2787,3.691
2007-08-07,1.6593,1.0637,2.2999
2007-08-08,2.5466,3.5018,2.89
2007-08-09,2.1219,3.6548,4.4266
2007-08-10,1.321,2.8498,0.8935
2007-08-13,2.0652,1.5439,3.8646
2007-08-14,2.7976,5.1097,5.721
2007-08-15,1.3492,1.7161,2.7351
2007-08-16,1.2906,3.7929,1.9146
2007-08-17,0.4596,3.2401,3.791
2007-08-20,3.0861,3.721,3.4925
2007-08-21,3.318,5.0482,3.1072
2007-08-22,2.8475,3.674,2.2175
2007-08-23,3.9478,2.3296,4.7788
2007-08-24,2.6318,4.3272,4.8929
2007-08-27,3.088,2.2427,2.4015
2007-08-28,2.9558,3.1963,2.6091
2007-08-29,2.3627,1.4483,4.2047
2007-08-30,1.7038,1.7601,2.5525
2007-08-31,5.8212,3.0617,4.268
2007-09-03,1.8221,3.4417,6.2021
2007-09-04,1.5012,0.9571,3.9103
2007-09-05,3.151,3.5967,2.1796
2007-09-06,2.8778,2.0167,4.5882
2007-09-07,0.3928,4.5356,3.7335
2007-09-10,4.184,2.5776,3.7748
2007-09-11,2.3587,1.6517,4.713
2007-09-12,0.8336,3.091,5.0366
2007-09-13,4.2832,1.9005,4.0533
2007-09-14,3.4385,4.5227,3.909
2007-09-17,0.6032,3.0006,7.0953
2007-09-18,5.1658,2.818,5.8008
2007-09-19,3.4882,3.7102,5.2503
2007-09-20,2.4847,1.7941,4.1968
2007-09-21,4.8853,1.453,2.4914
2007-09-24,2.7389,3.49,5.6911
2007-09-25,2.4579,1.6804,4.2164
2007-09-26,1.5095,1.68,3.1342
2007-09-27,3.3728,4.0041,3.6353
2007-09-28,3.2149,3.6301,2.5507
2007-10-01,2.522,1.4954,5.586
2007-10-02,1.315,2.257,5.0246
2007-10-03,2.6949,1.9155,4.2724
2007-10-04,2.3953,5.1316,3.9358
2007-10-05,0.4998,4.0872,2.979
2007-10-08,0.2923,2.495,0.8049
2007-10-09,3.3477,3.6914,1.8806
2007-10-10,-1.4028,1.3726,2.886
2007-10-11,2.8081,2.1928,2.6606
2007-10-12,1.7829,3.1258,4.434
2007-10-15,4.4624,3.5427,5.2172
2007-10-16,1.7598,2.883,3.8073
2007-10-17,3.4892,3.2976,6.1134
2007-10-18,1.9046,3.094,2.8257
2007-10-19,2.6706,2.8037,3.7967
2007-10-22,3.6053,2.6446,3.9235
2007-10-23,1.8062,2.4885,5.6383
2007-10-24,3.9948,3.2783,4.1588
2007-10-25,1.0095,3.493,4.2004
2007-10-26,2.9419,3.238,1.5177
2007-10-29,3.884,1.5857,2.6501
2007-10-30,3.4901,1.8013,5.6439
2007-10-31,5.3747,3.4787,0.887
2007-11-01,1.3548,4.766,6.0145
2007-11-02,0.4313,3.1829,4.7495
2007-11-05,1.0085,2.506,2.8787
2007-11-06,3.4907,3.2692,2.7519
2007-11-07,3.2469,1.6358,6.8439
2007-11-08,2.6534,4.5707,6.1171
2007-11-09,0.8156,3.2239,3.8208
2007-11-12,3.6503,2.1967,4.2019
2007-11-13,0.6629,2.7998,3.0307
2007-11-14,4.2384,2.3676,4.2022
2007-11-15,6.7862,4.574,2.9891
2007-11-16,3.0497,2.7573,3.8822
2007-11-19,3.3747,3.1864,6.7155
2007-11-20,1.7607,3.6885,3.8566
2007-11-21,-0.2153,2.1111,2.428
2007-11-22,1.5959,3.2325,1.9504
2007-11-23,0.8607,3.3293,4.1907
2007-11-26,0.3295,1.1351,2.8587
2007-11-27,5.0835,3.3032,4.3699
2007-11-28,2.9093,2.9451,1.5707
2007-11-29,3.0695,3.156,5.0354
2007-11-30,2.0365,3.0428,2.4098
2007-12-03,2.2407,3.311,4.0694
2007-12-04,3.9468,4.6048,3.4925
2007-12-05,2.4515,1.5846,6.5776
2007-12-06,3.296,2.5894,4.2572
2007-12-07,2.206,3.7999,6.9182
2007-12-10,1.9868,3.5771,4.8411
2007-12-11,0.3896,3.5513,6.1381
2007-12-12,-0.4666,6.3043,3.6868
2007-12-13,2.1077,3.737,4.5183
2007-12-14,2.5847,4.3571,5.828
2007-12-17,0.5708,2.6315,5.3574
2007-12-18,2.4483,1.8085,4.7965
2007-12-19,2.5806,2.6228,3.5081
2007-12-20,-0.734,3.8544,3.7618
2007-12-21,1.1273,3.4882,5.7065
2007-12-24,3.1109,3.4839,6.0189
2007-12-25,3.0806,2.7428,3.1107
2007-12-26,0.7695,2.5514,2.8844
2007-12-27,2.7377,2.7842,2.6438
2007-12-28,4.0336,3.8694,5.2446
2007-12-31,3.6656,4.0089,2.6058
2008-01-01,2.3571,1.7925,5.2264
2008-01-02,1.798,3.9148,4.8185
2008-01-03,1.556,2.2191,3.1824
2008-01-04,3.2017,3.5627,6.3458
2008-01-07,2.7927,2.7696,1.8066
2008-01-08,3.4441,4.8789,6.4893
2008-01-09,2.6978,2.4983,4.4783
2008-01-10,3.7281,3.2143,0.8898
2008-01-11,2.6419,3.7279,6.3878
2008-01-14,3.677,1.9512,5.4583
2008-01-15,3.8062,2.9126,3.3577
2008-01-16,1.2932,2.6801,2.5529
2008-01-17,-0.2122,2.3834,1.6464
2008-01-18,4.8152,2.4723,7.6232
2008-01-21,2.885,4.3344,2.6149
2008-01-22,-0.0717,2.2817,2.1046
2008-01-23,1.4293,3.6797,4.4019
2008-01-24,3.6578,3.3775,1.5432
2008-01-25,2.0805,1.3236,2.5277
2008-01-28,1.7319,3.623,5.4925
2008-01-29,4.6013,1.3038,4.6963
2008-01-30,0.9291,3.7537,3.4204
2008-01-31,1.3028,2.3914,4.0275
2008-02-01,2.8171,3.01,3.3363
2008-02-04,3.0857,1.4469,3.907
2008-02-05,3.2445,3.1469,2.8573
2008-02-06,3.8669,4.1123,3.1296
2008-02-07,2.7979,2.0316,3.084
2008-02-08,3.2341,2.2714,2.9112
2008-02-11,2.1112,3.5455,5.5659
2008-02-12,2.594,3.5755,5.1552
2008-02-13,2.6613,0.079,2.6015
2008-02-14,2.8226,5.4185,2.2084
2008-02-15,3.6588,3.6343,3.7641
2008-02-18,3.3327,3.8363,7.2329
2008-02-19,2.5663,2.8278,2.4584
2008-02-20,1.2863,0.7736,3.7582
2008-02-21,2.6015,3.8097,4.1331
2008-02-22,2.458,2.3218,3.837
2008-02-25,2.7898,3.6527,3.3127
2008-02-26,5.8098,2.7374,5.7326
2008-02-27,1.7143,3.2856,4.6817
2008-02-28,3.1334,2.07,5.2687
2008-02-29,4.1027,4.0373,4.8841
2008-03-03,2.647,1.5739,5.3409
2008-03-04,6.0068,5.6947,6.3766
2008-03-05,1.9329,5.6855,5.9966
2008-03-06,2.9861,4.9592,7.4872
2008-03-07,1.3018,4.5306,5.826
2008-03-10,1.9727,2.8985,2.9958
2008-03-11,2.8734,4.3999,5.271
2008-03-12,3.7695,2.8846,5.0657
2008-03-13,2.9786,1.1358,6.8804
2008-03-14,4.3887,4.8038,2.5493
2008-03-17,2.3576,4.3546,4.8369
2008-03-18,2.0017,2.9624,2.9784
2008-03-19,6.556,1.5298,4.7688
2008-03-20,3.0914,2.2966,3.6779
2008-03-21,1.4208,0.8146,4.7192
2008-03-24,1.4586,4.1341,1.8845
2008-03-25,1.086,1.076,5.1898
2008-03-26,3.9049,3.3442,4.3091
2008-03-27,1.9534,1.9876,4.2283
2008-03-28,2.691,1.288,6.9253
2008-03-31,2.4047,3.286,3.4263
2008-04-01,3.5972,2.5994,4.5134
2008-04-02,1.2299,4.0058,4.1504
2008-04-03,0.8866,1.4789,4.2971
2008-04-04,2.8364,2.0912,7.3327
2008-04-07,3.4014,0.1348,4.0957
2008-04-08,2.9988,0.3788,3.1491
2008-04-09,1.2858,5.1578,6.8064
2008-04-10,3.5162,5.5003,3.5385
2008-04-11,1.3842,3.1113,1.5922
2008-04-14,1.7177,2.0114,2.8887
2008-04-15,1.0841,2.6419,2.1301
2008-04-16,4.4517,4.0483,1.3001
2008-04-17,3.4501,2.3827,3.4555
2008-04-18,3.4075,3.2852,3.8947
2008-04-21,4.3708,2.9847,5.7708
2008-04-22,6.719,2.3174,4.9441
2008-04-23,-0.0638,2.3686,4.8758
2008-04-24,1.3924,3.352,2.6602
2008-04-25,1.5757,1.8277,5.3274
2008-04-28,1.2238,3.5421,6.0868
2008-04-29,0.8836,2.4341,4.5919
2008-04-30,2.0505,3.1528,4.6338
2008-05-01,0.6751,4.6608,2.103
2008-05-02,3.0026,2.7982,5.5817
2008-05-05,2.5775,4.1038,6.6712
2008-05-06,3.2215,0.8496,4.4844
2008-05-07,3.2616,2.4356,3.1085
2008-05-08,3.4045,3.0332,3.757
2008-05-09,1.9399,5.308,3.3694
2008-05-12,5.6817,0.6481,3.4593
2008-05-13,2.8516,2.8845,4.972
2008-05-14,-0.2937,4.748,4.4192
2008-05-15,0.9964,2.058,5.5059
2008-05-16,-0.1108,2.7446,4.5564
2008-05-19,2.526,3.3981,2.7039
2008-05-20,2.3173,3.2214,3.249
2008-05-21,1.7974,4.8789,3.1557
2008-05-22,5.5164,3.5382,3.7203
2008-05-23,3.3235,4.5933,6.6921
2008-05-26,3.5891,2.568,6.9323
2008-05-27,1.1034,2.1114,5.2549
2008-05-28,1.0013,2.7291,4.1781
2008-05-29,2.5552,1.6091,1.9575
2008-05-30,2.7595,3.5802,4.33
2008-06-02,-0.2845,2.5369,2.815
2008-06-03,2.2295,2.1939,6.4458
2008-06-04,2.5211,3.5984,1.5908
2008-06-05,2.1773,1.6275,4.5767
2008-06-06,1.2799,3.9246,2.6886
2008-06-09,1.6907,2.426,3.9857
2008-06-10,2.2347,4.3909,4.9991
2008-06-11,2.6362,2.5287,5.533
2008-06-12,3.4072,3.7583,3.909
2008-06-13,4.1213,3.2155,5.1418
2008-06-16,2.0585,3.8927,3.0063
2008-06-17,1.8158,3.1319,4.3683
2008-06-18,3.1565,1.0039,5.5033
2008-06-19,3.4163,4.2106,4.4981
2008-06-20,1.8487,2.8948,3.206
2008-06-23,3.6856,3.9474,3.5814
2008-06-24,3.9694,3.8283,5.5235
2008-06-25,4.4375,2.072,2.3622
2008-06-26,5.1675,1.9022,2.5835
2008-06-27,1.2004,3.7864,4.9024
2008-06-30,2.5208,2.6361,3.3413
2008-07-01,2.5169,4.1237,1.8204
2008-07-02,2.3529,2.7862,6.0262
2008-07-03,1.5261,4.2281,2.3506
2008-07-04,0.2717,3.508,3.7009
2008-07-07,2.639,3.3456,3.0707
2008-07-08,1.3475,2.5512,3.5535
2008-07-09,2.629,3.2789,2.6731
2008-07-10,1.3089,4.4314,5.0714
2008-07-11,0.8505,2.9349,4.1662
2008-07-14,2.8514,3.6374,5.4755
2008-07-15,2.7264,3.0556,3.0862
2008-07-16,3.3689,3.1495,7.1995
2008-07-17,5.7788,5.0681,1.143
2008-07-18,2.9159,4.4421,1.6223
2008-07-21,3.2276,3.0953,6.6296
2008-07-22,0.8837,3.2573,4.7111
2008-07-23,0.5696,2.1578,4.5121
2008-07-24,4.8742,2.7924,4.6469
2008-07-25,1.1148,3.3713,4.8568
2008-07-28,0.9341,4.0207,4.4497
2008-07-29,2.4414,3.8991,2.5511
2008-07-30,2.3647,1.6689,5.2273
2008-07-31,1.1462,4.1724,4.991
2008-08-01,2.0425,2.8935,6.1426
2008-08-04,4.3441,1.8156,6.6464
2008-08-05,1.291,4.6037,4.4957
2008-08-06,0.4095,4.7559,2.1587
2008-08-07,3.9139,3.3165,6.6588
2008-08-08,3.2384,3.8506,2.4728
2008-08-11,1.5692,3.9209,4.5069
2008-08-12,0.1267,4.6749,3.6149
2008-08-13,1.3831,3.8737,3.3541
2008-08-14,2.4179,1.4068,5.1465
2008-08-15,4.2485,5.4118,4.3667
2008-08-18,0.9451,4.2788,4.7699
2008-08-19,2.3732,2.3886,2.7765
2008-08-20,3.5127,1.7644,3.7389
2008-08-21,-1.0719,3.6058,2.8457
2008-08-22,4.0507,2.6661,3.7014
2008-08-25,0.7263,3.396,3.8219
2008-08-26,2.998,3.8921,6.7665
2008-08-27,2.87,2.3203,3.6109
2008-08-28,4.1269,1.6607,0.8116
2008-08-29,3.3264,3.463,6.0926
2008-09-01,-1.0659,2.3599,4.6739
2008-09-02,1.3228,3.1753,3.8035
2008-09-03,2.7073,1.388,3.3442
2008-09-04,2.2075,2.6974,2.5796
2008-09-05,3.2164,3.8579,6.9071
2008-09-08,3.684,3.7271,4.0778
2008-09-09,3.4127,2.054,1.3934
2008-09-10,2.1786,1.5981,4.4916
2008-09-11,-0.2695,3.0189,5.8093
2008-09-12,1.8168,3.6732,4.2347
2008-09-15,3.1246,3.4862,2.6476
2008-09-16,0.8643,2.3854,2.5134
2008-09-17,3.4469,3.3574,2.624
2008-09-18,3.8626,4.8028,6.2825
2008-09-19,2.6903,3.2462,3.8925
2008-09-22,-2.0957,1.0402,1.4819
2008-09-23,0.5829,3.2438,4.5762
2008-09-24,5.3293,5.4527,4.2116
2008-09-25,1.6802,1.4551,3.3267
2008-09-26,-0.4762,3.0357,2.4694
2008-09-29,4.3529,2.7284,2.4042
2008-09-30,2.52,3.1151,5.63
2008-10-01,4.1574,3.2331,4.3713
2008-10-02,2.9154,4.368,4.718
2008-10-03,3.1878,3.1017,4.3671
2008-10-06,3.0445,4.5327,4.4915
2008-10-07,3.5462,2.8588,3.2974
2008-10-08,5.9161,2.5798,3.6913
2008-10-09,3.9565,2.197,5.7474
2008-10-10,0.1295,0.8195,6.1219
2008-10-13,3.17,3.3309,2.1669
2008-10-14,4.2122,5.4648,3.6876
2008-10-15,4.3041,3.5499,5.2589
2008-10-16,1.8601,3.8241,6.8231
2008-10-17,4.2474,2.5044,6.6729
2008-10-20,3.8916,2.7068,2.8064
2008-10-21,6.3588,4.1816,5.9126
2008-10-22,1.375,5.4104,4.088
2008-10-23,1.7389,4.7855,5.5666
2008-10-24,2.0408,3.9663,5.1824
2008-10-27,1.7647,3.0422,2.1041
2008-10-28,1.165,3.2517,4.825
2008-10-29,-1.644,2.0958,5.5085
2008-10-30,1.848,1.2622,3.9698
2008-10-31,3.054,1.6478,3.6305
2008-11-03,1.7602,3.0598,1.6425
2008-11-04,5.4031,2.6496,5.0254
2008-11-05,2.5201,1.2367,4.3131
2008-11-06,4.4365,2.9552,2.6167
2008-11-07,2.8921,2.6179,3.5112
2008-11-10,3.7396,1.5926,4.2318
2008-11-11,2.9189,2.5558,3.162
2008-11-12,4.5532,2.6149,4.004
2008-11-13,2.5839,2.26,1.3751
2008-11-14,3.2442,4.112,6.0241
2008-11-17,3.0495,0.7165,4.0239
2008-11-18,2.0676,0.617,2.351
2008-11-19,3.1075,3.0039,0.3104
2008-11-20,5.8516,3.1154,5.5437
2008-11-21,2.0944,3.4851,4.8371
2008-11-24,3.1292,2.3532,4.316
2008-11-25,4.3867,1.8985,5.2955
2008-11-26,4.2104,2.9912,5.2913
2008-11-27,2.5176,2.4701,4.2917
2008-11-28,-1.0751,4.8613,3.6187
2008-12-01,3.2751,2.6109,3.3743
2008-12-02,-0.8292,2.9362,4.6314
2008-12-03,4.7049,5.9705,6.0955
2008-12-04,2.7542,2.7663,3.8456
2008-12-05,3.9995,3.6674,6.2147
2008-12-08,1.1468,3.7756,4.5597
2008-12-09,0.1712,3.8777,4.571
2008-12-10,2.8911,3.3474,7.6077
2008-12-11,2.4496,3.2326,6.479
2008-12-12,1.7627,3.1204,6.5179
2008-12-15,2.627,2.3088,2.8036
2008-12-16,6.6512,3.3906,7.2883
2008-12-17,3.7518,5.4344,3.8767
2008-12-18,4.0742,4.4528,3.6588
2008-12-19,3.7659,3.3647,0.7611
2008-12-22,4.7192,4.027,4.4894
2008-12-23,2.2149,1.957,2.375
2008-12-24,-0.5821,2.6874,4.6124
2008-12-25,2.2171,4.1374,2.2577
2008-12-26,3.7176,4.7846,6.6965
2008-12-29,1.0453,2.075,4.8274
2008-12-30,2.2355,2.4197,7.4198
2008-12-31,1.4623,5.6177,2.4655
2009-01-01,4.753,3.1155,6.3238
2009-01-02,3.6242,5.188,1.2959
2009-01-05,3.4773,3.2482,4.3121
2009-01-06,3.4324,3.2954,3.0526
2009-01-07,2.4441,2.6334,3.3281
2009-01-08,2.7963,4.1311,3.2253
2009-01-09,0.7222,4.6293,2.6279
2009-01-12,-0.7797,1.758,2.1105
2009-01-13,2.7251,2.5771,3.3364
2009-01-14,2.986,4.0981,4.174
2009-01-15,4.3139,2.8445,5.7455
2009-01-16,4.857,2.4079,4.443
2009-01-19,4.855,4.2115,5.7498
2009-01-20,1.003,4.3241,1.7827
2009-01-21,1.9716,2.4604,3.3505
2009-01-22,3.2205,3.2548,5.0665
2009-01-23,6.2979,1.5498,4.5148
2009-01-26,4.7201,1.9254,2.7082
2009-01-27,4.1791,3.149,5.4011
2009-01-28,1.9183,3.0377,3.2031
2009-01-29,1.1752,1.8397,2.834
2009-01-30,3.6834,2.1408,4.7304
2009-02-02,0.849,1.7219,4.0093
2009-02-03,2.1423,3.5461,3.2156
2009-02-04,2.3278,0.6388,3.1647
2009-02-05,4.8894,1.7861,2.3953
2009-02-06,1.968,0.7645,3.4064
2009-02-09,-1.1589,3.5028,5.65
2009-02-10,3.2567,0.8367,4.3668
2009-02-11,1.4515,3.0381,5.4379
2009-02-12,2.5639,4.9674,4.7741
2009-02-13,2.3699,5.0081,3.0816
2009-02-16,2.0894,0.8329,1.5263
2009-02-17,3.6855,3.3581,2.6097
2009-02-18,0.2007,1.8132,2.9931
2009-02-19,1.7245,1.5682,2.8771
2009-02-20,3.5261,2.8638,5.4715
2009-02-23,1.5789,4.4739,5.4559
2009-02-24,0.0868,3.7196,7.3178
2009-02-25,3.5028,2.1418,2.8544
2009-02-26,4.1846,3.846,6.3962
2009-02-27,2.4325,0.3076,6.3869
2009-03-02,-0.4413,2.0965,3.6516
2009-03-03,3.559,2.0113,4.7103
2009-03-04,0.0102,3.094,5.8611
2009-03-05,2.9632,2.7566,3.9116
2009-03-06,1.1688,2.8302,3.7954
2009-03-09,0.7602,2.7903,3.059
2009-03-10,1.8371,3.0269,0.4599
2009-03-11,2.2251,3.6482,4.1057
2009-03-12,1.5337,3.1792,2.9352
2009-03-13,3.3831,2.6588,2.387
2009-03-16,1.8309,3.4821,4.6333
2009-03-17,3.9703,3.9913,1.823
2009-03-18,2.9218,2.3328,5.2091
2009-03-19,1.4537,2.9287,4.7254
2009-03-20,1.2011,4.3943,3.3997
2009-03-23,0.0288,1.6767,3.905
2009-03-24,2.9361,5.1656,2.2147
2009-03-25,1.9681,1.393,5.1255
2009-03-26,-1.0583,2.5856,4.281
2009-03-27,1.6964,1.8598,4.3928
2009-03-30,1.1484,5.6255,4.7528
2009-03-31,4.8635,2.396,3.0364
2009-04-01,-0.0542,2.399,1.7214
2009-04-02,0.338,2.5551,5.436
2009-04-03,4.165,3.1147,5.0331
2009-04-06,4.5351,2.6059,3.197
2009-04-07,1.3825,2.8405,4.6137
2009-04-08,1.5519,-1.2351,5.887
2009-04-09,3.4244,3.0686,5.7081
2009-04-10,-0.9906,3.0214,3.1532
2009-04-13,-0.2918,4.2463,1.7669
2009-04-14,2.0789,4.5709,2.0242
2009-04-15,4.8248,2.7748,3.5324
2009-04-16,1.8464,3.9795,6.1935
2009-04-17,2.6514,1.6781,2.9073
2009-04-20,4.2007,3.9208,3.1055
2009-04-21,5.6603,2.313,3.0746
2009-04-22,1.6347,1.5784,3.2024
2009-04-23,2.4747,2.7773,3.9832
2009-04-24,5.2331,4.6806,2.0799
2009-04-27,0.2167,3.2172,5.6265
2009-04-28,4.0414,4.7958,3.7828
2009-04-29,0.9725,2.1015,7.7187
2009-04-30,2.6537,4.2574,2.2396
2009-05-01,2.1361,2.2174,6.3848
2009-05-04,1.063,3.2704,6.087
2009-05-05,1.0253,3.26,3.3825
2009-05-06,2.9146,3.7938,3.4074
2009-05-07,3.9933,3.3009,2.6181
2009-05-08,2.3054,2.113,2.6353
2009-05-11,2.6052,4.0564,3.9991
2009-05-12,3.3568,5.078,4.031
2009-05-13,1.0426,2.2994,1.5965
2009-05-14,3.6095,0.7977,7.4403
2009-05-15,3.729,3.5992,3.6107
2009-05-18,6.4054,2.6026,4.0984
2009-05-19,1.9358,2.8427,3.0606
2009-05-20,1.8129,3.6674,3.5995
2009-05-21,3.6534,2.4523,3.4632
2009-05-22,3.7287,2.6774,3.9956
2009-05-25,1.6974,2.8799,3.9781
2009-05-26,1.8953,4.7637,5.2073
2009-05-27,3.3117,3.0361,4.3408
2009-05-28,1.2586,1.5172,5.0564
2009-05-29,1.8842,1.5649,3.9853
2009-06-01,2.6344,3.1671,4.3469
2009-06-02,3.9939,1.6447,3.638
2009-06-03,1.5931,1.1252,5.5047
2009-06-04,-0.2636,3.7626,4.4839
2009-06-05,-0.3749,3.8214,3.7629
2009-06-08,0.6109,2.5582,3.7181
2009-06-09,0.5302,3.3524,3.8361
2009-06-10,2.2681,3.2257,4.0457
2009-06-11,0.7167,3.7229,3.9155
2009-06-12,1.4459,3.7257,3.1617
2009-06-15,1.3389,-0.1269,5.1474
2009-06-16,1.8392,2.7114,5.2421
2009-06-17,4.4838,3.6215,6.6758
2009-06-18,3.4929,2.5075,3.0946
2009-06-19,2.5242,3.0434,4.9997
2009-06-22,1.8085,3.9008,1.1363
2009-06-23,1.8502,3.0971,5.2436
2009-06-24,2.9916,4.8095,1.8151
2009-06-25,3.3763,4.3524,2.5235
2009-06-26,1.1386,2.8577,4.4983
2009-06-29,2.5547,2.7623,3.0678
2009-06-30,-0.5474,-0.4204,2.8625
2009-07-01,2.8176,2.6082,3.2728
2009-07-02,3.6432,1.3761,5.0944
2009-07-03,2.0799,3.2655,2.6007
2009-07-06,5.2248,3.1834,3.9188
2009-07-07,1.1781,3.835,3.432
2009-07-08,2.8262,4.676,5.2298
2009-07-09,2.4463,2.9685,5.2719
2009-07-10,2.3496,5.7365,1.2471
2009-07-13,2.3285,3.2789,5.5677
2009-07-14,2.6607,1.4277,3.0839
2009-07-15,3.7719,2.3255,4.3544
2009-07-16,4.5666,2.5527,2.5916
2009-07-17,2.4966,3.7106,4.5567
2009-07-20,3.723,1.8633,7.827
2009-07-21,1.4473,2.6424,4.1907
2009-07-22,3.6489,2.8068,3.3102
2009-07-23,1.357,2.4623,3.6518
2009-07-24,4.136,3.9737,1.7965
2009-07-27,5.816,3.7696,6.1734
2009-07-28,2.3169,4.3999,4.4693
2009-07-29,-0.7888,2.6028,2.4267
2009-07-30,1.6779,4.443,2.4755
2009-07-31,4.3478,1.3632,4.0229
2009-08-03,3.3296,1.3339,5.398
2009-08-04,2.8734,1.5434,2.2735
2009-08-05,4.013,3.0111,5.6701
2009-08-06,3.2267,4.4429,3.8625
2009-08-07,4.3266,2.2774,2.6046
2009-08-10,3.8791,2.428,3.2985
2009-08-11,4.7826,2.7408,6.6228
2009-08-12,3.0382,3.6874,1.9177
2009-08-13,3.8579,2.4268,2.9022
2009-08-14,2.0393,2.3599,5.4289
2009-08-17,1.5978,1.3855,4.3247
2009-08-18,5.0602,2.3139,2.8131
2009-08-19,2.8243,4.413,5.4472
2009-08-20,3.7073,3.1091,5.5184
2009-08-21,2.6856,2.1122,4.4971
2009-08-24,1.6202,4.4834,3.0814
2009-08-25,2.5165,2.2977,3.3125
2009-08-26,4.654,4.7039,4.427
2009-08-27,3.3329,4.6843,2.0321
2009-08-28,-0.0672,3.0672,5.9917
2009-08-31,2.1771,1.2017,6.5503
2009-09-01,5.1734,5.7474,3.6461
2009-09-02,2.1793,3.4647,4.5342
2009-09-03,-0.2007,2.6113,5.7787
2009-09-04,5.3396,4.1474,6.9333
2009-09-07,3.5236,3.8428,6.3355
2009-09-08,2.395,4.5731,1.3967
2009-09-09,1.9429,2.2052,3.5267
2009-09-10,4.1235,3.3822,4.751
2009-09-11,1.687,1.577,3.2587
2009-09-14,4.2224,3.7996,6.6742
2009-09-15,3.3133,2.9725,6.4441
2009-09-16,2.867,3.3372,2.7761
2009-09-17,2.7183,2.8244,3.7564
2009-09-18,2.2375,2.6988,2.8757
2009-09-21,4.0685,1.9581,3.7073
2009-09-22,1.202,3.9485,3.6619
2009-09-23,0.0671,4.7876,5.4314
2009-09-24,3.4217,2.332,2.6673
2009-09-25,3.4469,3.6642,0.0749
2009-09-28,3.2204,3.5186,1.5932
2009-09-29,3.1116,3.0097,2.4575
2009-09-30,2.0192,1.1681,3.0165
2009-10-01,3.6812,1.4381,4.2808
2009-10-02,2.4317,2.0628,2.3803
2009-10-05,1.7693,0.4332,2.1833
2009-10-06,2.0322,4.6896,2.6058
2009-10-07,5.531,3.4412,2.3265
2009-10-08,-0.1025,2.964,3.1683
2009-10-09,3.2497,0.3717,3.1041
2009-10-12,-0.0187,0.8114,5.0336
2009-10-13,2.3376,2.9972,2.5157
2009-10-14,1.8496,5.3646,3.4636
2009-10-15,-0.6275,2.1616,3.1825
2009-10-16,3.0836,4.0366,5.2133
2009-10-19,1.9299,2.4241,3.7686
2009-10-20,-0.6488,3.0663,5.576
2009-10-21,3.7594,4.4576,2.2714
2009-10-22,4.6525,2.5849,3.926
2009-10-23,4.7352,2.1719,3.1362
2009-10-26,3.0384,4.7017,2.1609
2009-10-27,2.5691,3.0547,3.8987
2009-10-28,4.4922,4.3094,6.5994
2009-10-29,5.0236,2.1777,2.7206
2009-10-30,4.2004,4.688,3.8088
2009-11-02,1.0877,3.3284,2.0317
2009-11-03,2.802,3.5217,1.8112
2009-11-04,3.1593,3.158,2.8191
2009-11-05,-0.2144,2.3934,3.325
2009-11-06,3.204,2.998,3.3916
2009-11-09,5.9095,2.4689,3.661
2009-11-10,3.4599,4.1515,1.5275
2009-11-11,4.7101,2.7563,3.0611
2009-11-12,2.7744,1.2042,4.7526
2009-11-13,2.3902,0.9847,1.9626
2009-11-16,3.0719,0.9279,3.4673
2009-11-17,1.2763,3.7416,4.4393
2009-11-18,1.0543,1.6182,2.8266
2009-11-19,4.3995,3.3601,4.5123
2009-11-20,4.5585,3.1639,1.7183
2009-11-23,1.0133,2.9223,5.3327
2009-11-24,3.952,3.5261,4.5487
2009-11-25,2.3696,3.19,4.0835
2009-11-26,3.0097,-0.2517,5.6872
2009-11-27,3.1903,2.6116,3.506
2009-11-30,3.9915,3.5101,3.0732
2009-12-01,2.6241,4.9683,6.0588
2009-12-02,4.6152,5.0237,6.7611
2009-12-03,2.9641,1.3642,2.9598
2009-12-04,3.4363,2.5803,3.8294
2009-12-07,1.2501,1.1207,5.5676
2009-12-08,5.738,4.8239,3.8828
2009-12-09,3.2047,4.2154,4.8919
2009-12-10,3.5695,3.4207,5.1706
2009-12-11,0.0877,3.1993,3.1565
2009-12-14,1.2659,4.6568,4.6289
2009-12-15,4.3568,4.4536,3.9907
2009-12-16,2.9303,4.3897,2.1747
2009-12-17,-0.3707,3.548,2.5155
2009-12-18,4.0574,2.5809,3.0214
2009-12-21,1.6843,3.9205,5.3928
2009-12-22,4.617,3.9793,5.442
2009-12-23,2.3682,2.7712,5.1249
2009-12-24,2.8071,2.5785,4.6602
2009-12-25,4.2684,4.36,4.6192
2009-12-28,1.1538,4.9969,4.4163
2009-12-29,1.0107,2.1007,4.6114
2009-12-30,2.2053,2.6839,4.713
2009-12-31,3.7408,3.4211,1.8934
2010-01-01,0.5037,3.5839,2.8146
2010-01-04,-0.0021,2.3732,2.4566
2010-01-05,3.7356,5.2602,5.6607
2010-01-06,1.5955,3.5065,6.4812
2010-01-07,1.9117,3.6377,0.7464
2010-01-08,-0.2852,5.1107,6.3472
2010-01-11,1.4815,2.4611,4.1301
2010-01-12,2.4886,2.8939,5.5191
2010-01-13,3.8956,1.496,4.7597
2010-01-14,1.3432,2.7932,6.1606
2010-01-15,4.9861,1.2133,4.3146
2010-01-18,1.4732,3.8974,1.9548
2010-01-19,1.4754,3.504,3.8415
2010-01-20,4.806,2.6675,4.7735
2010-01-21,2.8172,2.8795,3.6761
2010-01-22,1.672,3.9138,4.9866
2010-01-25,2.2673,1.637,3.9015
2010-01-26,4.5296,3.245,3.1067
2010-01-27,4.6993,3.8394,2.371
2010-01-28,1.2748,0.8613,3.4123
2010-01-29,2.4363,3.8219,4.3069
2010-02-01,2.6352,0.9911,1.0609
2010-02-02,1.0206,2.8589,2.8299
2010-02-03,2.4165,1.6039,1.005
2010-02-04,2.508,4.7175,3.0744
2010-02-05,4.2103,1.6115,5.796
2010-02-08,4.3111,1.0198,2.2208
2010-02-09,2.0062,3.16,5.0547
2010-02-10,2.1791,2.5036,8.2732
2010-02-11,3.4964,1.1945,6.1803
2010-02-12,1.6222,3.631,4.2003
2010-02-15,3.383,0.6102,5.2877
2010-02-16,2.3681,1.7565,1.9455
2010-02-17,1.0459,2.3097,1.6399
2010-02-18,1.0647,3.9627,4.043
2010-02-19,4.6706,4.5546,4.5979
2010-02-22,2.2654,4.3233,5.6416
2010-02-23,4.9605,2.8161,3.1469
2010-02-24,1.7295,0.0872,4.2901
2010-02-25,2.9368,3.469,4.2387
2010-02-26,6.089,4.7647,3.8029
2010-03-01,0.9139,4.4805,3.8913
2010-03-02,-0.3467,3.5555,2.7179
2010-03-03,4.4299,1.5726,4.4196
2010-03-04,1.2598,2.3696,4.2926
2010-03-05,2.4689,5.3206,3.34
2010-03-08,1.6211,1.2999,4.9987
2010-03-09,2.9022,1.6226,5.5417
2010-03-10,1.0742,4.1311,5.0161
2010-03-11,2.2301,2.4826,2.4363
2010-03-12,3.1747,1.5819,4.1495
2010-03-15,0.9875,4.8336,2.6329
2010-03-16,1.4499,3.5533,4.1448
2010-03-17,1.9789,2.5418,2.6387
2010-03-18,0.3568,1.6251,5.9157
2010-03-19,1.8662,5.4569,5.175
2010-03-22,2.6782,2.9707,5.7295
2010-03-23,1.9007,4.6768,5.5776
2010-03-24,2.0929,4.0724,3.5941
2010-03-25,2.4701,2.3749,3.3616
2010-03-26,1.5164,2.3845,6.6126
2010-03-29,3.5366,4.7356,3.7523
2010-03-30,4.654,4.755,1.9681
2010-03-31,1.8034,0.7477,5.5112
2010-04-01,3.2278,3.6597,4.2157
2010-04-02,2.1406,2.8545,6.2589
2010-04-05,3.0482,1.76,4.3645
2010-04-06,4.8487,3.3141,3.97
2010-04-07,3.263,1.3805,6.2892
2010-04-08,-0.1601,2.4403,1.6923
2010-04-09,3.181,2.0418,3.122
2010-04-12,4.3493,2.4003,2.669
2010-04-13,2.1676,2.9142,0.7074
2010-04-14,3.9935,1.7813,5.3098
2010-04-15,1.4648,4.8878,3.1639
2010-04-16,0.2717,3.5919,5.3581
2010-04-19,2.7118,5.1535,4.5836
2010-04-20,-0.1347,2.8079,4.9107
2010-04-21,2.1403,2.3415,3.3169
2010-04-22,4.4303,5.1101,2.8536
2010-04-23,-0.3646,2.3063,4.1346
2010-04-26,0.5808,2.786,5.3788
2010-04-27,0.952,3.8641,3.9244
2010-04-28,2.405,1.5147,2.9471
2010-04-29,1.9514,3.8536,2.2015
2010-04-30,4.5987,3.7,4.3062
2010-05-03,3.9315,4.5232,3.1689
2010-05-04,3.2429,4.0681,3.8924
2010-05-05,2.7184,4.56,3.6418
2010-05-06,3.0898,2.8675,3.3334
2010-05-07,1.207,1.9648,4.4407
2010-05-10,3.7858,5.532,4.8318
2010-05-11,0.8319,1.168,6.9479
2010-05-12,3.7531,1.2882,5.137
2010-05-13,4.2792,3.6782,6.3905
2010-05-14,2.8163,4.95,2.7721
2010-05-17,2.2357,3.2275,1.5986
2010-05-18,3.1005,4.1992,3.9784
2010-05-19,-1.7923,0.605,5.287
2010-05-20,2.9534,2.4005,5.0517
2010-05-21,2.33,0.7513,5.8171
2010-05-24,2.4241,3.9365,0.1952
2010-05-25,3.5598,1.1433,5.8795
2010-05-26,2.3878,1.4666,4.5032
2010-05-27,0.7897,3.6168,1.684
2010-05-28,2.2879,4.2742,5.0853
2010-05-31,2.6013,2.8092,4.2542
2010-06-01,2.6724,3.6842,4.5718
2010-06-02,2.7429,3.6453,5.4987
2010-06-03,4.0591,2.7415,4.6454
2010-06-04,0.8709,1.6864,1.7908
2010-06-07,2.7636,3.6779,3.7855
2010-06-08,4.4349,3.7357,1.5735
2010-06-09,-0.1019,4.0728,4.9736
2010-06-10,2.7695,3.3745,6.097
2010-06-11,1.6219,1.5978,2.1378
2010-06-14,1.9439,3.8284,2.9928
2010-06-15,1.1428,2.9983,2.6764
2010-06-16,2.2457,2.4207,3.3191
2010-06-17,5.2619,2.6464,4.6186
2010-06-18,0.6034,2.1717,3.3354
2010-06-21,0.7456,4.0666,4.9788
2010-06-22,0.5471,1.2983,5.5981
2010-06-23,5.0911,1.8078,5.6526
2010-06-24,1.8065,2.6055,2.3227
2010-06-25,2.4615,4.9365,6.0789
2010-06-28,1.8958,4.2651,6.1991
2010-06-29,1.0834,1.031,6.329
2010-06-30,2.1473,4.6216,3.7633
2010-07-01,6.1874,4.6193,2.8722
2010-07-02,4.5881,1.5912,2.5236
2010-07-05,1.2206,-0.0257,2.3473
2010-07-06,3.4714,2.9133,4.0175
2010-07-07,1.2527,4.3469,5.2718
2010-07-08,-0.1646,4.9095,5.9598
2010-07-09,4.0293,1.955,3.2717
2010-07-12,4.2401,5.1024,3.942
2010-07-13,4.0691,0.3265,3.8437
2010-07-14,1.7952,2.5583,3.0471
2010-07-15,2.2498,2.4993,5.1036
2010-07-16,3.6246,4.3828,4.5443
2010-07-19,3.0872,4.558,4.2127
2010-07-20,1.9095,4.1451,4.5375
2010-07-21,0.0714,1.3793,4.9232
2010-07-22,2.6708,4.0351,4.9082
2010-07-23,4.1185,3.6109,2.7423
2010-07-26,0.7036,0.9945,5.3445
2010-07-27,3.4581,0.5196,4.383
2010-07-28,2.9973,4.2456,3.3481
2010-07-29,3.6252,2.7839,4.3513
2010-07-30,3.808,1.4578,4.5167
2010-08-02,1.4583,2.7502,5.6227
2010-08-03,0.0746,3.4368,2.4308
2010-08-04,1.6997,2.9006,5.9875
2010-08-05,3.8337,1.1376,4.0347
2010-08-06,1.687,5.2627,3.2408
2010-08-09,1.4589,4.2051,3.1949
2010-08-10,-0.232,2.5975,2.4979
2010-08-11,5.129,2.6459,1.3886
2010-08-12,3.7386,3.4314,5.0161
2010-08-13,3.6548,1.6445,6.9713
2010-08-16,3.9516,3.3872,1.5736
2010-08-17,3.3651,1.4031,2.5744
2010-08-18,2.1335,2.9154,5.1274
2010-08-19,2.2544,1.5977,3.9315
2010-08-20,1.8587,1.6583,5.2516
2010-08-23,6.4521,4.9749,3.8474
2010-08-24,3.3339,3.0711,3.1291
2010-08-25,1.8043,3.2489,3.6612
2010-08-26,3.1982,0.5863,0.4269
2010-08-27,0.9837,2.2836,2.2848
2010-08-30,4.7568,3.5535,5.4224
2010-08-31,1.5084,3.233,5.7878
2010-09-01,3.2516,0.4152,6.1092
2010-09-02,4.099,3.2486,4.6613
2010-09-03,3.0772,3.4399,0.6159
2010-09-06,2.6417,4.5405,3.0475
2010-09-07,2.5162,2.2137,5.987
2010-09-08,2.4153,0.3095,6.4346
2010-09-09,1.635,1.8039,6.044
2010-09-10,1.8258,1.6835,3.6456
2010-09-13,4.7194,3.8841,2.0401
2010-09-14,2.3372,-0.2601,3.9391
2010-09-15,1.3213,2.462,4.0222
2010-09-16,1.7256,4.711,6.3483
2010-09-17,4.1506,3.0087,4.3417
2010-09-20,3.5134,4.0756,4.025
2010-09-21,3.3405,1.0298,4.1102
2010-09-22,2.1137,1.0776,4.5998
2010-09-23,3.36,4.7247,4.9397
2010-09-24,1.5347,3.1215,2.9132
2010-09-27,2.1106,3.1239,2.4136
2010-09-28,3.9547,1.6582,6.0558
2010-09-29,3.8114,3.1209,1.5384
2010-09-30,1.0271,1.6249,6.4566
2010-10-01,1.2167,4.4242,1.134
2010-10-04,2.6631,6.2734,3.1232
2010-10-05,5.0892,3.5807,5.4578
2010-10-06,-0.3733,2.2381,4.0005
2010-10-07,2.9175,-0.0404,2.0253
2010-10-08,0.4359,0.9786,4.6396
2010-10-11,1.5485,4.8658,4.1005
2010-10-12,1.9534,1.765,3.6759
2010-10-13,1.8692,2.555,3.0641
2010-10-14,1.6993,3.7864,3.9481
2010-10-15,2.5108,4.7787,3.1271
2010-10-18,1.6971,2.7605,7.6518
2010-10-19,0.3063,2.5144,3.64
2010-10-20,3.6698,3.0859,3.4394
2010-10-21,3.6293,2.2468,3.1875
2010-10-22,3.7648,2.3114,6.6654
2010-10-25,0.1889,3.4943,1.5414
2010-10-26,2.9484,3.2223,4.5391
2010-10-27,3.514,5.5579,3.6411
2010-10-28,0.9532,3.5266,1.8649
2010-10-29,2.5138,4.3814,2.7714
2010-11-01,2.3256,1.7145,4.4754
2010-11-02,5.2632,3.6302,2.7034
2010-11-03,5.3867,2.1324,4.3893
2010-11-04,0.0035,3.4745,6.5937
2010-11-05,6.2409,3.8262,4.2559
2010-11-08,1.1272,3.0598,1.8197
2010-11-09,3.971,5.8888,2.7298
2010-11-10,3.9557,4.7136,3.5719
2010-11-11,1.0065,4.4127,3.4716
2010-11-12,3.2399,3.9171,4.228
2010-11-15,2.3387,5.116,4.4687
2010-11-16,3.3315,1.2756,6.5958
2010-11-17,2.846,4.6443,3.9944
2010-11-18,4.2945,1.8105,2.2717
2010-11-19,2.6131,2.3228,5.7307
2010-11-22,2.2482,3.6737,5.8945
2010-11-23,4.1441,4.4799,4.3487
2010-11-24,3.3706,1.6157,3.6304
2010-11-25,3.5977,2.3849,4.9338
2010-11-26,1.5031,3.117,3.6834
2010-11-29,0.9321,2.7764,0.9164
2010-11-30,1.6484,4.0248,4.8452
2010-12-01,1.5688,7.1231,5.3384
2010-12-02,3.6793,3.5032,6.1616
2010-12-03,3.964,2.1178,2.9039
2010-12-06,2.2673,1.4442,4.3392
2010-12-07,4.6464,2.6097,4.3717
2010-12-08,4.5527,1.8717,4.1281
2010-12-09,2.8651,3.5611,4.1723
2010-12-10,1.2672,3.5424,4.0557
2010-12-13,4.8631,2.4442,4.3176
2010-12-14,2.4085,5.3819,5.111
2010-12-15,2.6892,2.1175,5.8304
2010-12-16,1.9906,2.8567,2.8655
2010-12-17,1.1653,3.767,3.7415
2010-12-20,0.297,4.0705,3.3661
2010-12-21,3.4493,4.5331,3.1515
2010-12-22,1.3249,3.5142,1.576
2010-12-23,7.0893,4.2611,4.0363
2010-12-24,0.8709,2.2019,4.719
2010-12-27,0.6139,4.1017,3.7674
2010-12-28,3.2652,4.0857,3.9866
2010-12-29,4.794,4.8155,4.6277
2010-12-30,2.5969,0.9979,6.1167
2010-12-31,3.3584,1.9114,3.3704
2011-01-03,-0.2653,3.9878,2.2426
2011-01-04,1.4837,-0.1816,3.8643
2011-01-05,0.8896,3.5904,6.8253
2011-01-06,-0.3426,4.2718,2.2586
2011-01-07,2.6755,2.3083,4.9752
2011-01-10,-0.8642,2.4838,5.7369
2011-01-11,0.5167,1.711,0.4517
2011-01-12,1.6942,2.3741,4.6153
2011-01-13,1.2531,2.4089,4.9051
2011-01-14,3.0946,2.1806,3.599
2011-01-17,2.9584,2.1148,3.0303
2011-01-18,3.8407,2.6748,3.114
2011-01-19,3.6286,2.6603,3.5071
2011-01-20,4.2112,5.249,3.5469
2011-01-21,2.4971,2.527,3.2638
2011-01-24,2.9552,3.413,3.4833
2011-01-25,3.2673,2.3077,5.7862
2011-01-26,2.7125,2.2925,2.1784
2011-01-27,1.9042,0.9548,1.3764
2011-01-28,2.0013,1.1144,5.8102
2011-01-31,1.2737,1.5516,3.712
2011-02-01,3.1324,3.2204,3.4177
2011-02-02,2.359,4.2914,3.8332
2011-02-03,1.5052,0.856,4.3139
2011-02-04,1.5066,2.3411,3.2139
2011-02-07,0.6844,1.3597,4.7589
2011-02-08,3.9683,2.6829,2.5566
2011-02-09,2.6179,4.2909,3.5473
2011-02-10,1.2058,2.4637,0.678
2011-02-11,3.7128,2.943,5.7584
2011-02-14,1.6593,4.7463,3.7359
2011-02-15,0.3902,3.5495,5.0052
2011-02-16,4.0318,2.0879,4.7149
2011-02-17,1.6944,3.1907,4.8247
2011-02-18,1.8867,2.0069,3.9883
2011-02-21,2.5618,3.5046,4.5823
2011-02-22,4.2139,3.6184,2.5581
2011-02-23,2.5301,1.3594,2.2432
2011-02-24,0.7013,3.2102,3.8483
2011-02-25,3.3158,2.8589,2.9803
2011-02-28,1.7725,3.6536,6.1382
2011-03-01,5.3319,3.9976,4.5627
2011-03-02,2.4983,3.5729,2.9253
2011-03-03,-0.8526,2.6362,3.5927
2011-03-04,3.036,4.12,4.1995
2011-03-07,5.4169,1.9523,3.898
2011-03-08,4.8639,1.4154,4.4076
2011-03-09,5.2464,-0.8343,4.103
2011-03-10,0.9704,2.9158,1.914
2011-03-11,3.8682,2.0141,0.7736
2011-03-14,1.417,3.4773,3.4396
2011-03-15,2.8364,0.6345,4.8407
2011-03-16,0.5906,2.2234,3.4564
2011-03-17,1.5333,3.5643,5.8548
2011-03-18,1.4856,1.7642,3.9297
2011-03-21,3.8478,3.4911,6.0358
2011-03-22,3.7011,2.3316,5.7279
2011-03-23,2.9152,2.9606,5.5769
2011-03-24,0.4744,3.7142,2.1947
2011-03-25,2.0325,4.1434,4.0257
2011-03-28,1.3808,3.111,5.8342
2011-03-29,3.8045,2.0232,4.4085
2011-03-30,4.2673,2.4504,4.8315
2011-03-31,4.0846,3.7643,1.9182
2011-04-01,1.3672,1.7745,6.8782
2011-04-04,-1.6093,2.7863,2.8129
2011-04-05,-0.1504,2.5369,1.0084
2011-04-06,4.6324,2.876,3.4733
2011-04-07,1.8981,1.7889,0.3288
2011-04-08,1.3739,0.7777,2.3723
2011-04-11,4.964,3.6249,7.8378
2011-04-12,4.3977,4.157,3.4299
2011-04-13,2.5367,0.8494,1.8583
2011-04-14,2.0599,3.4427,4.0379
2011-04-15,2.3018,4.2998,2.6533
2011-04-18,2.8407,3.7151,5.2968
2011-04-19,4.9001,2.5,2.6657
2011-04-20,3.1337,1.8678,4.4061
2011-04-21,3.589,3.0972,2.2794
2011-04-22,4.2539,3.2973,7.8985
2011-04-25,0.7455,3.115,4.7554
2011-04-26,3.6323,2.7838,3.7817
2011-04-27,2.0581,1.7008,3.5606
2011-04-28,-1.2741,3.5072,3.1696
2011-04-29,-0.6923,3.565,2.8586
2011-05-02,0.9728,3.241,2.8174
2011-05-03,3.2968,3.1332,6.5175
2011-05-04,2.6707,5.0151,3.1711
2011-05-05,2.7766,2.2507,0.8059
2011-05-06,5.4264,4.5377,2.251
2011-05-09,0.5964,2.1192,5.3916
2011-05-10,2.4588,4.3307,3.6215
2011-05-11,2.9567,4.48,3.7989
2011-05-12,1.3956,2.6483,5.7547
2011-05-13,2.5425,4.9932,2.8343
2011-05-16,0.1001,3.5628,4.9486
2011-05-17,4.6149,1.9473,2.9982
2011-05-18,1.4776,2.551,4.8638
2011-05-19,5.5471,4.3593,3.4133
2011-05-20,2.4513,4.1077,3.6377
2011-05-23,4.0421,1.7304,5.2302
2011-05-24,2.42,2.8329,5.122
2011-05-25,2.4539,3.2442,3.7519
2011-05-26,1.624,2.3909,3.2926
2011-05-27,2.6787,5.8294,6.3987
2011-05-30,2.977,3.2804,4.884
2011-05-31,1.3236,2.9258,3.4133
2011-06-01,2.3124,4.429,3.0204
2011-06-02,1.5849,2.5617,5.5373
2011-06-03,5.9495,4.2089,4.1731
2011-06-06,2.3654,0.9987,3.7547
2011-06-07,4.8178,2.4556,4.1725
2011-06-08,2.2066,4.2589,4.5067
2011-06-09,2.8889,4.8842,3.915
2011-06-10,0.518,2.072,5.8055
2011-06-13,1.8294,1.9322,5.889
2011-06-14,2.8158,3.6809,4.7978
2011-06-15,4.879,2.2524,6.0621
2011-06-16,2.833,2.6777,4.0127
2011-06-17,4.5756,4.0517,5.0355
2011-06-20,3.4611,2.3471,5.5067
2011-06-21,4.9411,0.6415,5.5286
2011-06-22,2.4114,1.4387,5.374
2011-06-23,6.0853,3.0119,4.9468
2011-06-24,1.7719,0.7639,6.9357
2011-06-27,1.3503,2.6434,3.1905
2011-06-28,0.6849,1.3295,3.7672
2011-06-29,5.9965,4.9679,3.6782
2011-06-30,3.7292,5.5982,3.4479
2011-07-01,1.9988,1.7302,1.0168
2011-07-04,4.3735,3.3081,6.0623
2011-07-05,3.5315,1.8475,2.4609
2011-07-06,5.4492,2.6288,4.2547
2011-07-07,0.1783,5.1642,1.8672
2011-07-08,2.102,2.44,4.9311
2011-07-11,1.8062,2.6568,2.8219
2011-07-12,-0.4605,1.869,2.2961
2011-07-13,4.0905,4.3754,4.2915
2011-07-14,2.0944,-0.9159,2.9489
2011-07-15,3.6094,2.4686,3.1388
2011-07-18,6.0397,2.9449,4.2577
2011-07-19,1.9701,2.2067,5.2
2011-07-20,1.8683,4.0363,2.7724
2011-07-21,2.678,4.4424,2.5132
2011-07-22,3.9809,1.3056,4.0352
2011-07-25,1.6499,5.5122,4.8089
2011-07-26,1.5536,1.2921,6.1941
2011-07-27,4.0858,4.5464,2.393
2011-07-28,3.068,3.1798,3.523
2011-07-29,-0.5671,2.3956,5.7637
2011-08-01,0.6619,2.5088,6.9596
2011-08-02,4.7519,2.9598,2.5104
2011-08-03,3.1029,3.2501,2.8918
2011-08-04,1.3567,1.8958,4.5717
2011-08-05,2.2444,2.7193,3.1334
2011-08-08,2.5199,2.0752,2.8612
2011-08-09,3.6036,1.5419,4.3667
2011-08-10,0.4626,2.0192,6.3241
2011-08-11,1.2386,1.62,2.0358
2011-08-12,2.9094,2.4958,6.2475
2011-08-15,2.3502,3.519,3.1378
2011-08-16,3.3578,3.1449,4.5187
2011-08-17,0.6557,5.3692,6.3863
2011-08-18,3.0357,0.3475,4.488
2011-08-19,4.1374,3.5632,3.5538
2011-08-22,3.2302,3.0077,5.0773
2011-08-23,2.7087,3.9788,3.7403
2011-08-24,2.3562,3.8598,4.782
2011-08-25,1.2477,2.802,3.693
2011-08-26,2.392,3.2072,5.2917
2011-08-29,4.3896,2.1071,1.9087
2011-08-30,2.3215,3.7364,2.4797
2011-08-31,1.1653,0.7453,1.8866
2011-09-01,1.7616,3.9322,3.9154
2011-09-02,2.8013,2.9722,1.7057
2011-09-05,1.9397,2.4155,2.9623
2011-09-06,3.228,2.721,2.3387
2011-09-07,3.2843,2.809,6.2195
2011-09-08,3.8335,4.5568,2.514
2011-09-09,4.6353,6.8802,2.0702
2011-09-12,3.9938,4.4638,4.3725
2011-09-13,1.0986,2.3216,6.5302
2011-09-14,1.1447,3.7557,3.8259
2011-09-15,2.3863,3.808,3.9419
2011-09-16,1.8232,1.8898,5.9361
2011-09-19,0.7925,1.487,5.3173
2011-09-20,1.8375,2.9241,4.6381
2011-09-21,1.7882,3.9692,3.1265
2011-09-22,1.4922,1.0658,4.6839
2011-09-23,2.0263,2.1349,1.9588
2011-09-26,4.2677,3.6872,3.0645
2011-09-27,2.7989,3.0501,6.1472
2011-09-28,6.2077,4.6995,5.953
2011-09-29,2.7558,1.3064,4.6562
2011-09-30,2.0649,5.8226,1.106
2011-10-03,2.5062,1.1544,2.1877
2011-10-04,2.8847,0.565,2.9808
2011-10-05,3.1529,2.9293,3.7425
2011-10-06,5.6151,1.6386,2.1244
2011-10-07,1.232,2.9535,3.6305
2011-10-10,3.7886,2.9115,6.6509
2011-10-11,2.8116,2.7651,4.6013
2011-10-12,0.1434,1.9891,4.3282
2011-10-13,3.656,3.5192,2.4737
2011-10-14,4.4014,2.6192,1.5415
2011-10-17,1.2142,4.3244,2.1577
2011-10-18,2.4866,2.7836,1.4809
2011-10-19,-0.088,1.8424,4.1126
2011-10-20,0.6118,0.9747,4.5758
2011-10-21,4.072,2.7935,2.5521
2011-10-24,1.8004,1.477,4.2219
2011-10-25,0.8368,1.38,6.2035
2011-10-26,2.8442,3.6329,6.9365
2011-10-27,1.7164,0.8668,5.1556
2011-10-28,1.7938,4.6946,3.7377
2011-10-31,3.609,3.1917,5.1072
2011-11-01,0.7574,2.9474,6.0277
2011-11-02,1.142,1.7583,0.9892
2011-11-03,2.7311,3.9172,6.2231
2011-11-04,3.9541,2.9965,3.1831
2011-11-07,4.3572,2.1767,3.1976
2011-11-08,1.5024,3.2398,3.4676
2011-11-09,3.9061,0.9807,4.4801
2011-11-10,1.3238,1.0376,2.3331
2011-11-11,5.2393,1.6558,3.5728
2011-11-14,0.7993,3.4194,4.7879
2011-11-15,4.4927,2.9961,4.3279
2011-11-16,1.5153,4.2588,4.5712
2011-11-17,5.5199,1.896,3.514
2011-11-18,3.387,3.6896,5.0406
2011-11-21,0.976,2.8634,5.5846
2011-11-22,1.7166,1.8683,5.4947
2011-11-23,3.6718,3.4624,4.6414
2011-11-24,4.079,2.9208,5.4083
2011-11-25,2.3939,2.2451,5.3066
2011-11-28,2.567,3.0504,8.0148
2011-11-29,3.6375,2.8446,5.8271
2011-11-30,2.6977,2.8156,3.8669
2011-12-01,0.5597,2.5049,2.6325
2011-12-02,1.2805,1.4341,3.6083
2011-12-05,2.8527,3.0897,3.5023
2011-12-06,4.3232,2.0367,4.7671
2011-12-07,4.924,1.7756,2.9496
2011-12-08,3.6693,2.7112,5.7883
2011-12-09,2.9309,3.8808,1.9157
2011-12-12,3.6232,3.2227,1.5512
2011-12-13,1.4999,2.3626,3.7973
2011-12-14,2.2702,2.3144,2.7362
2011-12-15,1.2638,3.763,2.1126
2011-12-16,0.6269,0.1239,3.0444
2011-12-19,3.0003,3.9568,2.8578
2011-12-20,2.7783,0.7512,4.0152
2011-12-21,3.5315,1.3015,3.0693
2011-12-22,3.3192,2.3829,3.1913
2011-12-23,2.864,5.6041,3.9927
2011-12-26,3.3349,5.0129,5.5214
2011-12-27,2.436,3.8478,6.2061
2011-12-28,3.1193,3.4279,4.2217
2011-12-29,1.4108,0.7653,4.3383
2011-12-30,3.0546,3.1881,3.7252
2012-01-02,3.5026,2.3409,4.7219
2012-01-03,1.4955,2.02,4.5853
2012-01-04,2.5777,3.1858,5.9888
2012-01-05,1.5646,2.4347,1.1669
2012-01-06,1.7102,4.0432,3.6483
2012-01-09,0.8126,0.6769,4.5088
2012-01-10,4.3987,3.09,3.9606
2012-01-11,4.0985,1.9451,2.5912
2012-01-12,3.3062,2.5084,2.0509
2012-01-13,5.4583,3.3656,5.2095
2012-01-16,2.2161,1.6592,2.8646
2012-01-17,7.0476,3.1971,1.3676
2012-01-18,2.1587,2.7452,5.2849
2012-01-19,2.8828,2.2073,4.6885
2012-01-20,1.9033,2.4353,3.8262
2012-01-23,3.0585,2.8145,2.6282
2012-01-24,3.7534,2.0786,3.8298
2012-01-25,2.3291,3.0085,5.8234
2012-01-26,5.1651,2.6662,1.578
2012-01-27,2.8587,2.2665,1.654
2012-01-30,2.9057,4.9078,3.0584
2012-01-31,1.1365,3.4983,3.96
2012-02-01,3.1277,2.5407,3.2556
2012-02-02,2.299,3.175,4.9642
2012-02-03,1.5876,1.7678,5.6333
2012-02-06,1.3353,2.4759,4.4182
2012-02-07,6.5076,2.6159,4.8406
2012-02-08,2.1048,1.5038,4.4081
2012-02-09,0.3145,3.4648,4.0143
2012-02-10,1.4527,2.3933,2.0597
2012-02-13,2.4226,2.5734,2.458
2012-02-14,3.32,2.3175,1.9736
2012-02-15,3.3322,6.5509,3.7772
2012-02-16,3.5149,2.2049,4.3484
2012-02-17,1.5327,0.5176,1.8261
2012-02-20,3.0107,1.0801,4.1089
2012-02-21,1.1859,3.9112,2.6872
2012-02-22,1.5705,4.6037,2.3962
2012-02-23,1.1234,2.1818,3.062
2012-02-24,0.7174,4.5347,2.3193
2012-02-27,4.0963,3.8899,4.91
2012-02-28,3.5329,2.7726,3.748
2012-02-29,3.965,2.6875,5.2228
2012-03-01,2.559,3.217,3.3348
2012-03-02,3.6652,4.0529,3.3915
2012-03-05,-0.1419,3.4768,6.8101
2012-03-06,3.7946,2.1878,1.5654
2012-03-07,2.7657,2.791,5.9267
2012-03-08,3.4407,5.3775,6.4818
2012-03-09,3.07,3.3015,5.1487
2012-03-12,1.0194,4.0432,3.5043
2012-03-13,0.2529,3.6479,6.1404
2012-03-14,1.4319,3.328,3.5174
2012-03-15,3.3474,3.1304,2.9413
2012-03-16,3.5351,4.0769,3.4176
2012-03-19,0.4481,3.8624,3.1447
2012-03-20,1.0284,3.3167,2.5801
2012-03-21,1.4151,2.1675,5.665
2012-03-22,1.964,3.4627,2.8398
2012-03-23,0.4569,2.9196,3.9555
2012-03-26,0.3669,2.6301,1.8343
2012-03-27,1.2672,6.2145,4.0462
2012-03-28,2.6294,1.1531,2.2661
2012-03-29,0.7291,4.1502,2.2293
2012-03-30,2.3263,1.9648,3.8361
2012-04-02,4.0878,3.1574,5.5855
2012-04-03,0.5473,6.0823,4.6606
2012-04-04,2.1903,1.8452,4.7637
2012-04-05,4.0371,2.1314,3.8051
2012-04-06,1.8726,2.979,3.4965
2012-04-09,1.6395,1.9833,5.1867
2012-04-10,4.2452,4.0609,3.1552
2012-04-11,2.0407,2.3586,5.2517
2012-04-12,4.1567,3.7848,5.8539
2012-04-13,3.1434,1.405,2.7379
2012-04-16,1.9857,0.8318,2.9583
2012-04-17,3.2195,2.7252,3.1815
2012-04-18,2.9807,1.1178,1.7996
2012-04-19,4.0313,4.8219,3.2959
2012-04-20,1.6775,1.1642,5.9522
2012-04-23,2.5618,1.7548,2.4316
2012-04-24,2.4077,3.4963,5.9878
2012-04-25,3.5562,2.2964,3.3498
2012-04-26,0.9622,1.1779,7.1711
2012-04-27,4.0255,5.448,2.9773
2012-04-30,3.1995,1.798,3.784
2012-05-01,0.5246,2.7645,2.6347
2012-05-02,4.3124,2.749,2.9684
2012-05-03,5.8511,3.8524,6.0073
2012-05-04,4.0028,3.5548,4.7118
2012-05-07,4.6405,2.0078,5.5432
2012-05-08,2.6281,2.609,2.0266
2012-05-09,0.0077,2.7277,4.9822
2012-05-10,-0.2662,3.8988,2.5428
2012-05-11,2.8826,1.598,1.994
2012-05-14,1.612,5.4217,4.3581
2012-05-15,1.1281,2.089,4.3428
2012-05-16,2.4059,2.9895,4.08
2012-05-17,3.4234,1.608,5.0763
2012-05-18,0.3209,1.4422,5.3103
2012-05-21,1.8267,1.9507,6.2046
2012-05-22,4.7648,1.8354,2.2145
2012-05-23,0.8871,2.5029,6.253
2012-05-24,3.8046,1.8252,6.8235
2012-05-25,1.7729,3.8347,3.4507
2012-05-28,3.3187,2.0604,1.4973
2012-05-29,4.146,1.9274,1.9248
2012-05-30,3.6119,2.5284,3.3072
2012-05-31,3.8637,4.1914,7.0212
2012-06-01,0.7726,3.2579,4.0256
2012-06-04,4.1705,2.8804,3.0742
2012-06-05,1.221,1.2803,2.9719
2012-06-06,2.8893,1.6287,2.0159
2012-06-07,2.8874,1.4659,5.3119
2012-06-08,3.2277,4.5682,3.8619
2012-06-11,3.0054,3.6367,7.1497
2012-06-12,1.2343,1.9661,4.9423
2012-06-13,0.4752,2.3228,5.2449
2012-06-14,3.8085,2.0097,3.6368
2012-06-15,2.7788,1.937,2.3635
2012-06-18,4.2241,3.5524,2.6896
2012-06-19,2.4329,2.655,1.9461
2012-06-20,0.3923,5.4974,5.3656
2012-06-21,3.9492,4.5004,3.4226
2012-06-22,1.9444,4.5714,5.4288
2012-06-25,3.013,3.8056,4.2039
2012-06-26,1.5288,2.4928,3.5608
2012-06-27,4.9665,3.7173,2.2456
2012-06-28,1.1852,2.5814,4.4524
2012-06-29,1.9939,4.9563,3.6721
2012-07-02,2.6612,3.4851,5.3533
2012-07-03,0.8617,3.3148,2.9269
2012-07-04,2.9958,3.1525,4.9242
2012-07-05,4.9179,5.0883,6.4613
2012-07-06,1.7643,1.2795,4.4088
2012-07-09,3.0927,5.2059,5.1779
2012-07-10,-1.6242,2.7766,4.8578
2012-07-11,2.4416,1.3126,6.8471
2012-07-12,2.0304,2.0973,4.5573
2012-07-13,1.2723,1.019,5.0499
2012-07-16,4.1222,3.7844,3.9456
2012-07-17,2.0106,1.754,2.8384
2012-07-18,2.2338,3.2024,2.1877
2012-07-19,1.9342,4.3611,5.9004
2012-07-20,-0.3752,2.1936,2.4875
2012-07-23,0.802,2.6783,5.1188
2012-07-24,3.9416,1.436,4.624
2012-07-25,-0.6649,2.534,5.3767
2012-07-26,1.3505,6.0888,3.2279
2012-07-27,1.9004,3.9335,2.8139
2012-07-30,5.1154,2.6823,4.5676
2012-07-31,3.6529,2.266,3.5615
2012-08-01,1.6642,2.9488,2.1535
2012-08-02,4.4568,3.1561,6.9078
2012-08-03,1.3892,2.4971,2.8129
2012-08-06,4.0136,3.6361,2.5096
2012-08-07,0.4617,1.8559,3.6368
2012-08-08,4.1099,1.8499,5.8793
2012-08-09,1.8908,3.4442,0.7499
2012-08-10,0.9572,1.5976,5.7548
2012-08-13,2.1743,3.8748,2.6328
2012-08-14,2.916,2.9829,4.3968
2012-08-15,1.7579,0.8065,2.986
2012-08-16,3.3309,3.1314,6.9879
2012-08-17,1.6255,0.9778,4.1869
2012-08-20,3.4306,3.832,2.9379
2012-08-21,3.1633,2.7015,3.5484
2012-08-22,2.4086,5.2213,4.1345
2012-08-23,1.8379,4.2856,4.2665
2012-08-24,2.7273,1.7272,4.6581
2012-08-27,3.3254,0.5751,3.9979
2012-08-28,5.5927,2.0939,1.9343
2012-08-29,3.9091,1.5345,3.4896
2012-08-30,3.964,5.1909,4.91
2012-08-31,7.1328,2.9876,2.9952
2012-09-03,3.2739,4.1201,5.0092
2012-09-04,3.227,2.658,4.0476
2012-09-05,3.556,2.7844,3.6734
2012-09-06,0.9866,2.9608,5.7912
2012-09-07,1.8341,4.3278,1.3928
2012-09-10,1.7407,3.3739,2.987
2012-09-11,3.4714,1.7312,5.8486
2012-09-12,2.2387,4.947,6.7451
2012-09-13,2.7073,2.6486,7.429
2012-09-14,4.1312,2.4534,4.0755
2012-09-17,3.7947,-0.3954,4.6868
2012-09-18,2.2574,3.7613,5.2261
2012-09-19,1.495,3.1212,5.9126
2012-09-20,4.2029,3.1199,4.4696
2012-09-21,3.6608,2.5166,5.3892
2012-09-24,0.0906,2.3097,4.6897
2012-09-25,2.0303,2.5565,4.7833
2012-09-26,2.7483,3.5558,2.6224
2012-09-27,3.6682,3.7669,3.5062
2012-09-28,3.8652,2.7228,3.2158
2012-10-01,2.9259,4.1387,2.2167
2012-10-02,3.3779,2.9052,1.5226
2012-10-03,2.5962,2.3949,3.3646
2012-10-04,1.4892,3.2381,3.6042
2012-10-05,2.1081,1.3687,4.1576
2012-10-08,2.5285,3.2793,4.8336
2012-10-09,2.448,1.1494,4.2822
2012-10-10,-0.3284,1.7667,3.6146
2012-10-11,1.9038,0.5776,2.6273
2012-10-12,2.5843,2.7899,5.3156
2012-10-15,2.0779,4.9316,3.8473
2012-10-16,2.1298,2.8595,3.3493
2012-10-17,3.232,3.7723,3.7203
2012-10-18,0.8816,5.8228,2.9009
2012-10-19,0.0579,3.4849,3.204
2012-10-22,1.9777,2.0817,3.1563
2012-10-23,3.6462,2.2469,3.569
2012-10-24,5.0313,3.0008,4.9836
2012-10-25,3.6732,2.2405,4.6107
2012-10-26,0.2976,2.3303,6.3201
2012-10-29,2.1514,4.1823,5.8176
2012-10-30,2.885,4.2314,6.9346
2012-10-31,2.7664,1.0237,4.8387
2012-11-01,3.309,2.0182,4.8147
2012-11-02,1.1244,2.4432,3.2689
2012-11-05,2.5974,3.7189,5.239
2012-11-06,3.1305,4.3717,3.0158
2012-11-07,3.7385,6.2424,1.7943
2012-11-08,1.2914,2.4412,6.2895
2012-11-09,1.9823,2.5011,2.1262
2012-11-12,-1.5557,3.7063,4.6583
2012-11-13,1.5678,2.1813,2.6795
2012-11-14,1.7134,2.8308,5.69
2012-11-15,0.9706,2.502,5.8944
2012-11-16,2.7484,-0.146,4.7938
2012-11-19,2.4161,3.1479,5.8695
2012-11-20,-0.8888,2.7812,4.011
2012-11-21,2.8233,4.5255,7.3513
2012-11-22,1.1075,3.0066,5.1192
2012-11-23,3.2285,1.4943,2.6492
2012-11-26,0.5772,2.6903,4.1044
2012-11-27,2.545,0.4907,3.7712
2012-11-28,2.0753,1.5469,3.6244
2012-11-29,2.9547,3.7626,1.5143
2012-11-30,2.687,2.7032,4.5803
2012-12-03,2.1173,4.107,1.9214
2012-12-04,0.1956,0.6397,0.2119
2012-12-05,0.2842,2.709,3.484
2012-12-06,1.6242,2.4294,2.8662
2012-12-07,2.4876,4.147,2.7077
2012-12-10,1.5876,3.8073,-0.6546
2012-12-11,3.4378,3.7707,2.7237
2012-12-12,2.0812,4.8497,3.7395
2012-12-13,1.0525,2.5583,3.0488
2012-12-14,2.0829,4.6021,4.581
2012-12-17,2.8388,1.747,6.089
2012-12-18,2.9873,1.7029,4.7746
2012-12-19,5.3176,3.9033,5.5396
2012-12-20,1.4966,1.1943,5.6637
2012-12-21,2.3898,3.6873,2.4717
2012-12-24,3.1392,3.1216,4.6587
2012-12-25,2.4649,4.2862,5.4927
2012-12-26,1.7491,2.9287,3.3461
2012-12-27,0.1761,3.0673,2.8141
2012-12-28,1.7337,3.6111,4.7956
2012-12-31,0.8894,2.2048,1.7776
2013-01-01,-0.0899,2.1526,2.368
2013-01-02,1.3065,3.5693,2.9999
2013-01-03,0.9294,2.9649,4.6758
2013-01-04,3.3757,2.5112,4.3284
2013-01-07,3.4016,2.9007,5.5486
2013-01-08,1.1442,4.9135,2.6172
2013-01-09,2.1097,2.4684,2.5368
2013-01-10,-0.2874,2.4336,4.7859
2013-01-11,1.7585,0.9511,2.802
2013-01-14,3.0985,2.9492,3.0947
2013-01-15,3.7374,3.7883,1.2149
2013-01-16,1.4304,4.0034,4.4363
2013-01-17,4.0778,3.1299,6.3119
2013-01-18,0.2265,4.147,2.4561
2013-01-21,0.6286,3.8775,5.5326
2013-01-22,3.5645,4.3355,3.9109
2013-01-23,5.0067,4.1812,1.3519
2013-01-24,3.2401,4.884,2.6579
2013-01-25,2.4395,2.7964,2.5653
2013-01-28,-0.7928,1.4075,3.5252
2013-01-29,-0.5337,3.7965,4.6293
2013-01-30,2.6941,3.9367,6.7734
2013-01-31,1.9629,4.884,1.8533
2013-02-01,0.8412,4.5375,3.2728
2013-02-04,2.5983,5.3346,2.656
2013-02-05,2.6727,3.7438,2.098
2013-02-06,3.9166,3.2746,4.1432
2013-02-07,2.7049,1.338,4.0022
2013-02-08,4.3426,3.3697,1.2793
2013-02-11,2.512,2.337,4.0272
2013-02-12,2.327,3.2538,2.1919
2013-02-13,4.0965,3.0654,4.0177
2013-02-14,1.0323,3.5661,5.9042
2013-02-15,6.7217,2.8832,4.6946
2013-02-18,3.0629,4.122,4.2663
2013-02-19,3.0712,-0.2678,3.2069
2013-02-20,3.2876,3.228,4.1003
2013-02-21,5.3157,4.443,4.8449
2013-02-22,3.6888,5.2441,4.6962
2013-02-25,0.0924,3.8784,3.8512
2013-02-26,4.6052,5.0219,4.3261
2013-02-27,1.9887,3.2027,2.0252
2013-02-28,2.6607,3.0034,2.8985
2013-03-01,0.5811,3.6353,5.0613
2013-03-04,3.2893,2.9962,5.263
2013-03-05,1.5229,2.0612,4.1404
2013-03-06,2.6503,2.3817,6.2184
2013-03-07,2.0739,1.6654,4.762
2013-03-08,5.3875,3.6341,3.6503
2013-03-11,5.4734,3.0137,2.1704
2013-03-12,2.5698,2.5677,6.1581
2013-03-13,2.596,2.32,5.1555
2013-03-14,1.9398,3.6061,6.6975
2013-03-15,4.159,3.9365,7.2503
2013-03-18,2.0066,1.6434,2.0696
2013-03-19,1.868,1.4548,2.0735
2013-03-20,3.9679,4.1454,-0.2948
2013-03-21,1.6926,1.3498,5.3775
2013-03-22,2.4434,3.657,4.9847
2013-03-25,0.128,4.9403,4.1467
2013-03-26,3.5563,4.9431,2.1608
2013-03-27,5.4113,3.8854,3.8664
2013-03-28,3.5818,3.8506,4.2771
2013-03-29,4.6927,5.7023,5.1741
2013-04-01,1.2308,0.1987,4.4095
2013-04-02,2.8545,2.4428,4.9957
2013-04-03,1.0853,4.0182,3.8138
2013-04-04,2.1584,2.5953,5.7722
2013-04-05,3.6583,4.4877,4.9476
2013-04-08,2.6527,2.9528,2.2196
2013-04-09,0.381,3.1581,6.0838
2013-04-10,0.5275,2.6704,5.8384
2013-04-11,0.4283,2.373,4.6982
2013-04-12,3.2372,2.3435,4.4211
2013-04-15,5.5958,3.3254,6.4879
2013-04-16,4.5437,2.0705,1.55
2013-04-17,-0.344,4.1438,5.8618
2013-04-18,4.6316,3.7839,3.2857
2013-04-19,3.9046,4.3193,5.6428
2013-04-22,0.1821,1.6453,4.1806
2013-04-23,2.0452,0.9606,2.1356
2013-04-24,4.1433,2.995,3.2552
2013-04-25,3.3257,6.4786,5.5326
2013-04-26,0.5364,4.5195,3.6847
2013-04-29,3.4161,2.3347,3.0678
2013-04-30,-0.7063,3.5094,3.0577
2013-05-01,2.1658,3.8731,4.9634
2013-05-02,4.2069,1.3579,6.626
2013-05-03,2.5276,4.6436,0.7887
2013-05-06,1.7516,2.7991,8.201
2013-05-07,3.834,2.8912,4.3056
2013-05-08,3.9621,3.0285,4.8703
2013-05-09,4.4651,4.3734,3.3456
2013-05-10,3.8115,2.0938,3.9947
2013-05-13,4.1221,0.9516,4.2888
2013-05-14,3.5994,3.3875,2.4264
2013-05-15,2.8983,0.5476,2.7915
2013-05-16,2.6343,2.6387,5.7769
2013-05-17,2.1441,4.4242,1.6715
2013-05-20,0.6814,3.6949,4.6616
2013-05-21,1.067,4.2508,3.4442
2013-05-22,2.077,3.7444,2.5589
2013-05-23,2.8622,5.8924,6.9579
2013-05-24,4.6612,2.2941,2.5682
2013-05-27,2.4373,3.4778,2.3048
2013-05-28,4.0052,2.4743,3.7195
2013-05-29,4.119,4.1482,2.8472
2013-05-30,2.1528,2.9261,4.0096
2013-05-31,3.392,5.0626,4.2331
2013-06-03,2.1347,2.363,4.352
2013-06-04,4.4832,4.6886,3.8142
2013-06-05,3.4538,3.7118,2.9468
2013-06-06,0.7143,2.961,4.9651
2013-06-07,2.7423,3.6509,3.8325
2013-06-10,4.9722,3.3135,3.2566
2013-06-11,2.2282,3.4271,6.22
2013-06-12,3.1716,2.7518,3.818
2013-06-13,3.3188,2.1581,5.638
2013-06-14,0.9451,2.5979,5.8403
2013-06-17,3.2661,0.9802,5.9315
2013-06-18,0.4092,4.0103,5.0367
2013-06-19,1.5616,1.5178,3.999
2013-06-20,4.1136,2.7388,3.9039
2013-06-21,3.0351,3.7777,3.6338
2013-06-24,2.0433,4.0073,0.7497
2013-06-25,3.1697,0.8704,5.0782
2013-06-26,2.4099,2.8898,4.3667
2013-06-27,2.5189,3.5517,5.2383
2013-06-28,3.4852,3.0624,3.8245
2013-07-01,1.4089,4.6129,4.9972
2013-07-02,2.5605,2.0138,1.9337
2013-07-03,2.0316,0.5412,2.2461
2013-07-04,0.1216,3.9724,0.2857
2013-07-05,1.1193,2.3555,3.7985
2013-07-08,4.8523,0.8898,2.8412
2013-07-09,3.0771,2.8098,2.6449
2013-07-10,0.5146,4.4767,4.502
2013-07-11,0.1895,1.4841,3.3617
2013-07-12,2.3318,5.8032,1.8504
2013-07-15,4.8418,1.9945,7.8172
2013-07-16,2.2199,3.1044,3.9445
2013-07-17,4.4605,1.537,2.3753
2013-07-18,3.0279,3.0499,2.9952
2013-07-19,3.2069,2.8395,3.7403
2013-07-22,0.4964,1.2126,3.7371
2013-07-23,3.9063,6.391,5.9532
2013-07-24,1.9976,2.4056,3.8809
2013-07-25,3.7946,2.4066,6.7828
2013-07-26,1.2787,4.1628,3.3514
2013-07-29,2.7656,5.1771,4.6397
2013-07-30,3.028,4.3517,5.533
2013-07-31,2.269,1.5586,5.7927
2013-08-01,3.1068,3.2567,5.9678
2013-08-02,2.1004,0.7424,3.592
2013-08-05,1.5264,4.082,3.9918
2013-08-06,4.9082,1.0378,0.2809
2013-08-07,4.0734,2.0362,3.706
2013-08-08,1.3587,2.9962,5.6369
2013-08-09,3.3527,3.534,5.3453
2013-08-12,1.386,2.6869,3.8703
2013-08-13,0.723,4.8229,6.5487
2013-08-14,4.0507,3.8679,3.424
2013-08-15,-0.0561,3.7737,2.9258
2013-08-16,3.8903,1.5247,3.2978
2013-08-19,2.1209,5.0392,2.3163
2013-08-20,2.1827,2.0363,4.9336
2013-08-21,3.1146,5.0851,4.4327
2013-08-22,3.3718,5.4266,4.915
2013-08-23,1.2605,3.6152,3.3784
2013-08-26,3.5766,4.2384,3.9129
2013-08-27,2.6701,-0.6995,0.7324
2013-08-28,0.6159,2.766,4.5643
2013-08-29,2.2452,4.3226,4.1483
2013-08-30,4.5719,4.1094,2.3492
2013-09-02,5.0149,1.5363,3.843
2013-09-03,3.576,2.6475,3.6132
2013-09-04,0.7145,-0.0436,6.6465
2013-09-05,3.2359,3.4956,2.4083
2013-09-06,3.7763,0.74,4.4971
2013-09-09,3.5886,4.3566,2.3638
2013-09-10,3.6774,4.4193,3.1632
2013-09-11,3.0449,2.4308,4.4152
2013-09-12,2.3914,3.6255,3.683
2013-09-13,1.5874,2.7395,3.991
2013-09-16,-0.3469,3.2903,4.4991
2013-09-17,3.0095,1.6233,3.2595
2013-09-18,2.7791,3.747,5.3262
2013-09-19,3.3364,1.0306,3.5418
2013-09-20,0.4937,0.8041,3.8537
2013-09-23,3.4675,2.8537,4.542
2013-09-24,5.5818,2.7465,4.3405
2013-09-25,2.6177,3.3268,4.9663
2013-09-26,2.4075,2.2206,4.4754
2013-09-27,2.9635,5.2628,4.7035
2013-09-30,5.5485,3.1927,3.5119
2013-10-01,0.9645,3.2795,2.3968
2013-10-02,2.8048,3.2367,1.8585
2013-10-03,1.3005,4.2035,1.4939
2013-10-04,1.6795,3.6912,6.6441
2013-10-07,2.4256,3.5304,0.6808
2013-10-08,4.521,3.8832,5.7906
2013-10-09,5.2015,0.8105,2.7687
2013-10-10,3.1722,0.8558,5.7797
2013-10-11,1.9351,2.9087,0.6962
2013-10-14,6.2391,2.7628,3.6474
2013-10-15,1.8587,3.6958,6.181
2013-10-16,1.6433,3.024,5.0698
2013-10-17,-0.1624,3.6982,3.4941
2013-10-18,4.5941,1.5053,1.0855
2013-10-21,3.9524,2.9871,2.0163
2013-10-22,6.1267,1.3907,6.0837
2013-10-23,0.4157,3.4642,3.4776
2013-10-24,4.6873,0.7461,3.8923
2013-10-25,2.6052,3.418,4.4253
2013-10-28,3.7092,1.2372,2.0457
2013-10-29,0.0283,2.5398,4.6109
2013-10-30,4.7021,4.0739,3.3706
2013-10-31,3.6798,3.2729,4.4406
2013-11-01,2.4416,1.0252,3.1329
2013-11-04,3.4677,2.1931,1.6403
2013-11-05,1.3518,1.1983,3.3589
2013-11-06,1.6308,0.9663,4.9612
2013-11-07,1.8048,3.1412,4.5911
2013-11-08,-0.2791,3.6724,4.0464
2013-11-11,3.7926,3.5287,5.3472
2013-11-12,4.2874,3.7232,3.6946
2013-11-13,1.448,2.9857,4.0844
2013-11-14,3.0223,2.6719,3.2803
2013-11-15,2.1017,1.7123,5.4349
2013-11-18,2.9924,2.4719,4.4373
2013-11-19,1.5586,1.4144,3.1646
2013-11-20,1.1749,1.9858,1.7665
2013-11-21,4.0781,3.1067,5.6574
2013-11-22,2.4042,2.8586,2.8839
2013-11-25,5.5332,6.6777,4.1081
2013-11-26,2.5695,1.385,7.5289
2013-11-27,1.1109,2.8499,5.2023
2013-11-28,4.3404,1.2915,6.4167
2013-11-29,3.4462,2.5347,3.1928
2013-12-02,3.5903,2.5835,5.6065
2013-12-03,4.2859,4.0139,4.04
2013-12-04,1.5208,2.4604,4.549
2013-12-05,2.3091,2.7704,7.0313
2013-12-06,2.2428,2.4836,3.582
2013-12-09,0.5639,1.3187,4.0289
2013-12-10,2.1046,2.2175,2.6452
2013-12-11,4.5046,2.5417,5.3327
2013-12-12,2.856,3.0886,3.1591
2013-12-13,0.4809,3.6707,5.5341
2013-12-16,0.1662,2.7185,1.5251
2013-12-17,4.9972,2.6974,4.823
2013-12-18,2.3645,0.935,3.0345
2013-12-19,1.5289,3.6477,5.0958
2013-12-20,2.089,2.1649,3.9797
2013-12-23,0.284,3.8965,3.197
2013-12-24,4.6346,4.5797,3.4202
2013-12-25,1.9104,2.7745,2.7244
2013-12-26,4.5511,1.772,5.2567
2013-12-27,2.5775,2.98,2.427
2013-12-30,4.6443,3.4184,3.5994
2013-12-31,2.885,2.6214,4.5179
2014-01-01,3.7798,2.3232,6.4202
2014-01-02,3.5786,3.6762,3.9861
2014-01-03,3.4349,3.5971,3.6362
2014-01-06,3.0219,2.5845,4.4105
2014-01-07,2.1507,1.0151,0.8898
2014-01-08,5.3732,3.5477,2.202
2014-01-09,1.1396,2.0792,3.437
2014-01-10,2.5065,3.2572,2.9305
2014-01-13,2.5223,3.1814,1.5988
2014-01-14,3.1037,0.7333,5.2867
2014-01-15,1.8558,3.0973,4.3896
2014-01-16,2.9721,3.6174,4.2104
2014-01-17,2.2467,3.7646,2.959
2014-01-20,0.1271,3.1408,4.1191
2014-01-21,2.5143,0.6274,4.7717
2014-01-22,0.8492,4.5325,3.6027
2014-01-23,-0.1016,3.4932,4.6669
2014-01-24,2.7053,1.556,2.8059
2014-01-27,3.2318,2.0547,4.1462
2014-01-28,3.29,3.2775,5.7137
2014-01-29,3.3508,3.8157,5.848
2014-01-30,-0.3989,2.4144,5.9914
2014-01-31,0.4585,3.9906,4.4284
2014-02-03,5.4603,0.8487,4.0474
2014-02-04,0.9292,1.749,3.3268
2014-02-05,3.4163,0.5228,1.2888
2014-02-06,1.4696,1.9231,1.9827
2014-02-07,2.6195,4.8097,3.7479
2014-02-10,1.5501,5.4694,3.8376
2014-02-11,3.3423,3.2815,6.1183
2014-02-12,2.7052,2.2339,5.9722
2014-02-13,1.8276,2.734,2.9703
2014-02-14,0.9247,3.568,5.2275
2014-02-17,2.9017,1.1244,3.2844
2014-02-18,0.6809,2.313,5.0239
2014-02-19,3.1412,4.7219,5.209
2014-02-20,6.4397,1.7451,5.8631
2014-02-21,4.5253,2.1012,3.261
2014-02-24,3.5775,3.0158,5.5215
2014-02-25,2.3716,3.3398,1.1908
2014-02-26,-0.4081,2.25,5.9443
2014-02-27,0.5166,3.0924,3.9625
2014-02-28,4.4242,3.7295,3.9944
2014-03-03,1.3154,5.3537,0.9438
2014-03-04,1.4511,2.8485,3.417
2014-03-05,2.2515,2.9504,6.0332
2014-03-06,0.9069,4.8329,3.3599
2014-03-07,0.6598,2.341,5.0702
2014-03-10,2.4243,1.4108,4.0518
2014-03-11,1.1627,3.3003,5.594
2014-03-12,1.3885,4.2914,4.2873
2014-03-13,1.3282,3.4333,2.6023
2014-03-14,3.2835,2.8836,4.0847
2014-03-17,2.1518,1.2619,6.4018
2014-03-18,2.2321,2.93,4.7465
2014-03-19,3.3954,4.4798,3.8253
2014-03-20,2.2869,1.5191,7.3836
2014-03-21,2.0826,2.7063,5.7388
2014-03-24,3.2057,2.535,5.2251
2014-03-25,3.5023,2.1628,4.476
2014-03-26,2.2794,3.2975,5.0954
2014-03-27,2.6209,3.532,5.1441
2014-03-28,1.3273,3.5194,0.7258
2014-03-31,1.209,1.8278,4.5924
2014-04-01,3.6537,1.0248,3.7588
2014-04-02,3.1674,3.3149,3.2503
2014-04-03,3.1829,2.3929,3.7068
2014-04-04,2.9213,5.206,1.6662
2014-04-07,2.5693,5.2614,1.2931
2014-04-08,3.5446,5.3888,5.8698
2014-04-09,3.9027,1.8719,4.6932
2014-04-10,3.8668,3.6832,0.3805
2014-04-11,2.3488,4.0451,3.1354
2014-04-14,4.5805,3.91,5.3208
2014-04-15,2.8427,2.5747,3.58
2014-04-16,3.4486,4.535,5.8675
2014-04-17,2.9231,3.0006,5.5746
2014-04-18,2.8705,3.1537,1.9649
2014-04-21,1.3964,1.1546,3.785
2014-04-22,3.552,3.7737,3.3279
2014-04-23,6.7679,2.6875,1.9161
2014-04-24,1.9378,3.5577,1.8186
2014-04-25,2.6065,3.2821,2.791
2014-04-28,1.8307,3.2171,3.0386
2014-04-29,1.768,2.9451,4.4248
2014-04-30,4.8167,3.9439,5.5663
2014-05-01,1.4905,2.7613,4.7705
2014-05-02,1.7889,1.2538,5.1256
2014-05-05,0.1188,3.6827,3.6001
2014-05-06,1.3636,2.0292,4.9045
2014-05-07,-0.0626,1.4109,3.7774
2014-05-08,3.4477,1.7733,3.3378
2014-05-09,6.6995,3.34,6.8457
2014-05-12,1.95,2.8842,0.5043
2014-05-13,-0.0001,0.4408,1.19
2014-05-14,3.85,2.5396,4.574
2014-05-15,1.4096,4.4031,3.6025
2014-05-16,4.449,2.4584,1.8445
2014-05-19,2.077,2.8014,2.4181
2014-05-20,1.5523,4.2516,2.6134
2014-05-21,2.2331,3.9546,5.3385
2014-05-22,3.6367,4.2261,5.8186
2014-05-23,2.1589,-0.3271,6.4593
2014-05-26,1.7549,5.0802,1.6165
2014-05-27,2.2018,3.7637,1.9493
2014-05-28,0.5922,5.9538,1.8466
2014-05-29,3.0955,2.0612,5.9333
2014-05-30,-0.1801,0.8839,4.6258
2014-06-02,1.8338,3.0087,4.1203
2014-06-03,3.6391,2.6696,4.3444
2014-06-04,2.9546,3.7844,3.9148
2014-06-05,3.3855,4.2899,2.3183
2014-06-06,2.4024,2.8952,4.7698
2014-06-09,4.2546,2.7112,3.7208
2014-06-10,3.887,3.6273,2.1995
2014-06-11,3.1692,2.6924,4.8614
2014-06-12,3.8913,2.592,3.3613
2014-06-13,3.6256,4.2446,4.3412
2014-06-16,1.8408,4.5117,3.8125
2014-06-17,0.4842,4.3008,5.3371
2014-06-18,3.1305,2.7981,4.3302
2014-06-19,3.3191,0.4323,2.6744
2014-06-20,4.1357,2.8222,4.483
2014-06-23,1.0955,2.0904,4.532
2014-06-24,1.1404,2.8443,4.767
2014-06-25,3.1899,2.1947,5.5538
2014-06-26,2.3932,2.9751,3.076
2014-06-27,-0.3286,1.7529,5.0019
2014-06-30,3.0627,1.4631,1.4128
2014-07-01,-0.2786,4.4672,3.82
2014-07-02,1.0821,1.8364,3.588
2014-07-03,4.5275,3.0004,6.1718
2014-07-04,5.2373,4.1454,3.7655
2014-07-07,0.6765,4.0972,4.912
2014-07-08,2.0059,3.9538,1.3573
2014-07-09,2.5639,3.3634,3.4724
2014-07-10,5.1718,3.8688,2.7305
2014-07-11,1.7607,4.6477,7.7133
2014-07-14,1.7847,3.51,2.9998
2014-07-15,4.8231,0.7954,4.1099
2014-07-16,1.9378,2.3658,4.1899
2014-07-17,3.5833,3.8356,1.6158
2014-07-18,0.2843,2.2475,3.2109
2014-07-21,2.2432,4.9441,4.6071
2014-07-22,0.0106,2.9242,4.1286
2014-07-23,0.9168,3.1023,0.5494
2014-07-24,3.7588,4.3497,3.1495
2014-07-25,2.4251,2.7806,5.5312
2014-07-28,2.0213,3.2115,4.8823
2014-07-29,1.3769,4.0789,5.8271
2014-07-30,2.169,1.2333,2.5215
2014-07-31,2.9517,2.6576,5.9214
2014-08-01,3.9744,3.995,3.9334
2014-08-04,-1.4377,3.0787,6.3883
2014-08-05,1.2524,4.7608,4.005
2014-08-06,2.7386,1.1089,0.9288
2014-08-07,2.3517,0.972,5.2739
2014-08-08,3.1051,3.9236,3.3347
2014-08-11,2.9013,4.039,3.4357
2014-08-12,2.0427,2.7681,1.8204
2014-08-13,1.7097,3.4805,6.4333
2014-08-14,2.1317,3.8942,3.2183
2014-08-15,4.2231,2.0234,6.3626
2014-08-18,1.402,2.1518,3.3531
2014-08-19,2.4058,3.2277,2.6084
2014-08-20,2.775,4.0849,5.9793
2014-08-21,4.8405,1.6009,3.89
2014-08-22,2.0495,2.7625,3.9046
2014-08-25,3.9382,2.7069,2.0776
2014-08-26,4.348,3.5016,3.3136
2014-08-27,2.4044,2.9896,4.643
2014-08-28,2.1839,2.3449,2.0512
2014-08-29,2.0064,4.4983,3.1914
2014-09-01,2.1163,2.3529,3.3693
2014-09-02,3.7814,2.6495,4.0997
2014-09-03,2.8465,1.0902,6.2193
2014-09-04,2.8529,2.1436,3.5501
2014-09-05,0.8122,3.6193,2.9642
2014-09-08,1.0488,3.3847,8.1196
2014-09-09,5.7152,3.7194,3.3502
2014-09-10,2.2333,3.6612,3.714
2014-09-11,1.3378,5.5053,3.4632
2014-09-12,4.6466,2.1026,3.5848
2014-09-15,2.9227,1.0567,4.1166
2014-09-16,3.3672,1.7393,5.3812
2014-09-17,2.2929,2.1556,4.606
2014-09-18,2.022,1.8308,5.6156
2014-09-19,2.2456,3.1124,5.566
2014-09-22,0.4259,4.5032,4.3128
2014-09-23,2.3681,4.8476,4.5645
2014-09-24,2.944,3.6052,5.6631
2014-09-25,5.2757,5.5695,2.3332
2014-09-26,2.629,2.5724,7.7473
2014-09-29,-1.0013,1.041,3.2311
2014-09-30,2.359,4.2638,3.4736
2014-10-01,6.6093,0.7937,2.1821
2014-10-02,3.7995,2.094,2.2268
2014-10-03,1.2837,3.6241,5.4611
2014-10-06,3.3867,2.8771,7.4053
2014-10-07,1.387,2.7709,3.1491
2014-10-08,0.4693,1.5831,4.521
2014-10-09,1.9774,2.987,4.3302
2014-10-10,2.6373,4.2044,5.5004
2014-10-13,-0.3082,3.024,7.3281
2014-10-14,0.7763,2.0037,6.2815
2014-10-15,2.5155,1.503,3.642
2014-10-16,1.8877,2.0285,4.7932
2014-10-17,3.0922,3.4708,4.9421
2014-10-20,0.678,3.4123,3.9699
2014-10-21,3.5712,2.0394,2.3561
2014-10-22,0.7244,0.3471,2.8018
2014-10-23,4.9641,3.504,5.7222
2014-10-24,-0.0736,1.9228,5.877
2014-10-27,0.8612,3.8269,3.6886
2014-10-28,3.1261,2.0927,4.3916
2014-10-29,4.9963,1.8145,5.7959
2014-10-30,2.9726,3.1838,1.4436
2014-10-31,3.3443,5.8292,3.3305
2014-11-03,2.5263,3.8988,7.0268
2014-11-04,0.9604,3.1635,4.449
2014-11-05,1.7648,3.4306,2.3062
2014-11-06,0.6821,0.8987,4.1759
2014-11-07,0.5819,1.6532,5.5322
2014-11-10,3.1026,-0.0131,0.1802
2014-11-11,0.8152,5.0758,4.2644
2014-11-12,2.9793,4.8329,3.4414
2014-11-13,0.5473,3.4714,1.537
2014-11-14,2.9446,3.1621,4.1229
2014-11-17,1.767,1.1381,3.7953
2014-11-18,4.6099,2.7368,3.9639
2014-11-19,2.9856,5.1509,3.4776
2014-11-20,4.3537,3.1577,2.468
2014-11-21,1.3665,2.3224,1.8178
2014-11-24,2.5842,0.8903,2.964
2014-11-25,1.0284,4.6564,5.2889
2014-11-26,1.8796,2.9159,4.3496
2014-11-27,2.1068,0.8919,3.8962
2014-11-28,1.4112,1.8909,2.4403
2014-12-01,0.6767,1.467,3.4391
2014-12-02,0.3797,2.8419,5.1057
2014-12-03,-1.0096,3.2488,4.7572
2014-12-04,0.9155,2.3961,3.2842
2014-12-05,3.4412,3.9325,0.0829
2014-12-08,0.1023,3.0946,2.9877
2014-12-09,0.4478,4.2748,3.276
2014-12-10,5.1863,2.5714,2.6393
2014-12-11,1.5453,6.6544,3.3802
2014-12-12,2.9816,2.3226,5.2248
2014-12-15,3.4635,1.916,3.9441
2014-12-16,3.4938,1.7684,5.4845
2014-12-17,0.2165,2.7469,1.7374
2014-12-18,2.1534,0.9366,3.5424
2014-12-19,0.0727,3.3535,1.0915
2014-12-22,6.1695,0.7136,3.3601
2014-12-23,0.1077,3.194,2.4315
2014-12-24,0.9282,1.3785,5.9219
2014-12-25,0.9391,2.5424,4.6146
2014-12-26,0.255,3.7254,5.5222
2014-12-29,4.5289,5.7648,3.356
2014-12-30,6.1337,1.7064,2.4704
2014-12-31,1.7864,2.8196,2.4227
2015-01-01,0.5194,2.1315,4.3982
2015-01-02,-0.8554,1.9562,6.7152
2015-01-05,2.1338,2.142,4.6186
2015-01-06,2.0255,3.9889,3.4378
2015-01-07,1.5231,2.4143,3.7168
2015-01-08,2.8321,5.6992,3.953
2015-01-09,3.0928,3.4992,7.04
2015-01-12,2.9846,1.788,5.8504
2015-01-13,2.0258,2.56,4.3899
2015-01-14,0.8476,2.0378,4.1646
2015-01-15,3.4987,3.9601,4.449
2015-01-16,2.5188,1.0335,4.7414
2015-01-19,3.8325,1.3909,3.3802
2015-01-20,3.6851,2.2901,2.7339
2015-01-21,0.3674,3.8195,5.5483
2015-01-22,0.3487,4.4797,4.033
2015-01-23,1.3667,4.6567,5.4231
2015-01-26,0.9156,3.6358,6.4692
2015-01-27,3.6329,2.9005,4.7809
2015-01-28,3.027,3.9536,4.5378
2015-01-29,4.1488,1.6266,8.8004
2015-01-30,3.0947,0.7864,4.3105
2015-02-02,2.813,3.524,2.3642
2015-02-03,4.2996,1.7932,3.5782
2015-02-04,3.2046,2.9216,6.3275
2015-02-05,2.6022,3.1436,2.0587
2015-02-06,4.7207,3.2977,2.8713
2015-02-09,2.6728,4.1253,5.6596
2015-02-10,2.0435,3.9985,3.5926
2015-02-11,1.2433,3.234,3.8346
2015-02-12,3.5545,2.4696,5.6101
2015-02-13,4.3556,3.1293,2.9248
2015-02-16,2.4241,2.2845,1.7971
2015-02-17,4.4619,2.7643,1.9167
2015-02-18,-0.455,6.1418,4.8727
2015-02-19,2.4168,3.2186,4.3887
2015-02-20,2.4399,3.5403,2.9612
2015-02-23,1.4095,2.1534,2.2618
2015-02-24,6.0758,4.2241,3.5941
2015-02-25,2.4007,3.9123,5.6748
2015-02-26,1.8884,3.9208,2.7463
2015-02-27,2.5389,3.2579,3.006
2015-03-02,-0.5042,4.241,2.2142
2015-03-03,1.3602,4.526,3.4489
2015-03-04,3.9749,3.3397,4.5071
2015-03-05,1.5566,2.8625,7.1728
2015-03-06,1.2567,4.0735,4.3267
2015-03-09,4.4643,1.915,3.9195
2015-03-10,4.5104,2.1384,5.2944
2015-03-11,3.2755,2.936,5.0443
2015-03-12,1.8173,0.9104,3.1335
2015-03-13,2.1408,3.9931,7.4531
2015-03-16,1.2938,1.8445,3.9634
2015-03-17,1.0078,2.4342,4.3546
2015-03-18,0.9334,2.7441,4.827
2015-03-19,1.5729,3.0471,4.5188
2015-03-20,0.9479,2.5876,6.2881
2015-03-23,0.1544,2.9192,3.1151
2015-03-24,2.8291,2.9284,5.1751
2015-03-25,2.8519,2.4636,4.2469
2015-03-26,5.0512,2.0722,5.4741
2015-03-27,1.4975,4.2978,3.6775
2015-03-30,2.9442,0.4747,3.4744
2015-03-31,2.9691,2.7531,5.0981
2015-04-01,2.1192,2.4373,4.537
2015-04-02,3.6165,3.5025,2.7696
2015-04-03,3.6628,1.2548,6.0184
2015-04-06,2.9911,2.4003,5.0988
2015-04-07,2.1165,2.8772,3.8887
2015-04-08,1.9637,4.2841,3.2977
2015-04-09,0.4484,3.3986,4.5462
2015-04-10,1.2911,1.5798,4.9907
2015-04-13,1.567,2.415,1.6089
2015-04-14,0.814,4.0633,4.5635
2015-04-15,3.1599,1.5591,4.9788
2015-04-16,4.2949,2.9056,0.4713
2015-04-17,1.1379,2.9891,4.2943
2015-04-20,2.9252,2.5371,5.0419
2015-04-21,0.9488,6.2349,4.8713
2015-04-22,2.0426,2.5047,5.2037
2015-04-23,1.4645,3.5397,3.5087
2015-04-24,3.4028,2.0804,2.4401
2015-04-27,1.4818,3.6333,1.3004
2015-04-28,4.0175,4.0449,5.6383
2015-04-29,2.1314,2.2944,5.0546
2015-04-30,1.5256,2.9344,5.7527
2015-05-01,0.62,1.9257,2.9123
2015-05-04,2.8798,1.6267,5.2058
2015-05-05,3.8428,4.2442,1.746
2015-05-06,2.91,2.3352,2.6958
2015-05-07,5.8582,0.1037,4.189
2015-05-08,4.6447,5.1184,4.9948
2015-05-11,2.0387,2.0375,6.5185
2015-05-12,2.023,2.7044,3.6399
2015-05-13,3.2045,4.9691,2.7014
2015-05-14,1.243,2.8299,2.6243
2015-05-15,4.2494,2.804,2.9682
2015-05-18,3.0424,1.5262,7.3315
2015-05-19,2.8847,1.0382,5.1353
2015-05-20,3.5304,2.8003,5.6688
2015-05-21,5.0842,3.4354,3.6415
2015-05-22,2.7564,3.3666,3.9975
2015-05-25,2.3304,2.4225,5.0489
2015-05-26,4.7631,3.0243,3.2413
2015-05-27,3.9513,0.7953,3.563
2015-05-28,2.0185,3.5522,2.9879
2015-05-29,2.5078,3.1937,3.3288
2015-06-01,2.7931,5.3684,4.0735
2015-06-02,3.0427,3.009,2.7674
2015-06-03,0.4651,1.8688,4.429
2015-06-04,0.1863,2.9391,4.4269
2015-06-05,1.1689,2.6066,3.7311
2015-06-08,1.0529,3.5216,2.7588
2015-06-09,1.5343,3.0323,4.1574
2015-06-10,3.4521,1.4881,3.2426
2015-06-11,2.2466,1.0371,4.0699
2015-06-12,2.7946,3.3155,5.6472
2015-06-15,0.6635,4.6597,2.1206
2015-06-16,1.8075,3.0952,7.2602
2015-06-17,3.3809,3.976,3.8912
2015-06-18,3.3924,4.2154,4.6178
2015-06-19,1.4131,3.3202,2.8709
2015-06-22,2.7425,2.0226,5.7133
2015-06-23,5.7983,3.2344,3.8116
2015-06-24,2.4736,4.4485,3.4088
2015-06-25,1.4602,3.6359,3.1367
2015-06-26,2.2394,3.8979,3.5973
2015-06-29,2.6383,2.4449,4.6275
2015-06-30,2.2732,2.7572,4.2592
2015-07-01,2.453,2.8575,3.9402
2015-07-02,0.3348,2.9384,2.9329
2015-07-03,1.0561,4.4015,2.8462
2015-07-06,2.276,0.1834,3.3087
2015-07-07,2.2521,3.0366,4.6904
2015-07-08,1.6507,2.9046,4.9934
2015-07-09,2.2345,1.3542,5.1956
2015-07-10,2.5915,3.8061,3.9978
2015-07-13,3.8341,2.1306,4.5753
2015-07-14,2.3512,2.5716,3.7473
2015-07-15,3.0987,5.2185,1.3866
2015-07-16,1.6876,4.212,3.6761
2015-07-17,3.3581,3.6894,3.437
2015-07-20,3.0636,3.4569,2.4414
2015-07-21,3.7987,2.8024,3.1489
2015-07-22,3.5702,5.3993,4.2026
2015-07-23,3.3831,3.9626,2.3001
2015-07-24,2.3524,2.1005,2.9338
2015-07-27,2.8674,1.3199,6.3219
2015-07-28,4.0953,3.6802,1.5959
2015-07-29,1.5219,2.933,3.7252
2015-07-30,1.5574,1.2853,2.2505
2015-07-31,2.7721,3.5143,2.8725
2015-08-03,3.1229,2.6772,3.7034
2015-08-04,1.2638,3.6368,2.5186
2015-08-05,2.3879,3.5301,4.8609
2015-08-06,2.359,2.2701,6.0267
2015-08-07,-0.8229,3.7594,5.2625
2015-08-10,2.1706,2.4025,5.5369
2015-08-11,2.264,2.4805,1.9304
2015-08-12,2.2596,2.3613,3.6354
2015-08-13,4.6239,4.3572,4.7011
2015-08-14,0.6763,2.6633,5.3068
2015-08-17,1.2631,4.6469,6.63
2015-08-18,-1.4183,5.1402,5.6036
2015-08-19,1.7786,2.1135,5.3447
2015-08-20,1.9065,-0.5052,7.9504
2015-08-21,1.735,4.2534,4.1445
2015-08-24,4.1615,2.5896,3.5664
2015-08-25,3.7909,1.9606,4.266
2015-08-26,2.6168,2.2935,2.6274
2015-08-27,1.9441,2.5022,4.1015
2015-08-28,4.0393,4.5566,1.4097
2015-08-31,2.4704,3.1919,3.2057
2015-09-01,1.2726,4.5403,3.827
2015-09-02,-0.0744,3.5931,5.4245
2015-09-03,1.838,2.6289,5.6666
2015-09-04,3.632,2.5316,2.5546
2015-09-07,5.9148,3.6739,7.1141
2015-09-08,2.5924,3.9845,4.2226
2015-09-09,1.352,4.1962,4.3601
2015-09-10,0.7226,2.6862,1.5735
2015-09-11,3.3279,3.2102,3.0699
2015-09-14,-0.1469,3.7008,5.5747
2015-09-15,3.3255,2.5392,4.2547
2015-09-16,3.7266,1.6381,4.1617
2015-09-17,3.1544,2.0325,4.3408
2015-09-18,2.1705,2.7108,1.8352
2015-09-21,3.3474,3.7946,3.8551
2015-09-22,2.7564,4.5108,6.1125
2015-09-23,1.3328,1.3727,5.6301
2015-09-24,5.2756,2.2832,3.8122
2015-09-25,1.9725,2.5706,6.3455
2015-09-28,3.6636,3.9537,2.1114
2015-09-29,-1.1279,2.3663,2.5425
2015-09-30,4.4147,2.4843,6.7954
2015-10-01,4.7031,1.3056,4.867
2015-10-02,2.5448,3.5801,3.5667
2015-10-05,3.3382,2.8063,3.917
2015-10-06,3.3378,2.2151,2.7901
2015-10-07,1.5358,2.6886,4.4149
2015-10-08,3.3207,4.3524,4.2961
2015-10-09,1.2871,1.7941,4.0298
2015-10-12,1.5869,1.99,2.2604
2015-10-13,4.1904,4.5027,4.3971
2015-10-14,3.962,3.0909,3.2057
2015-10-15,1.4404,3.8037,2.521
2015-10-16,1.3996,3.4821,5.9001
2015-10-19,1.5316,2.9576,7.2546
2015-10-20,3.599,2.582,6.9139
2015-10-21,1.0,3.9979,4.9752
2015-10-22,3.0351,4.3948,3.6016
2015-10-23,3.6203,4.301,3.8945
2015-10-26,2.3676,1.5774,4.6084
2015-10-27,4.0151,4.5659,3.3696
2015-10-28,2.0435,2.5705,5.9782
2015-10-29,2.1792,2.094,0.9464
2015-10-30,1.0341,2.7968,3.5564
2015-11-02,4.0258,3.9974,5.2016
2015-11-03,1.3502,3.6486,2.7323
2015-11-04,3.0247,2.6935,3.6398
2015-11-05,2.393,4.0052,4.8905
2015-11-06,0.9208,3.1678,6.2774
2015-11-09,1.5863,2.3124,2.0591
2015-11-10,4.5743,2.1504,1.9479
2015-11-11,2.8025,3.4923,2.581
2015-11-12,0.9863,2.901,1.6937
2015-11-13,2.958,1.3494,1.8004
2015-11-16,2.2808,4.0166,2.541
2015-11-17,7.6811,2.4237,5.8502
2015-11-18,2.9277,4.9105,3.5319
2015-11-19,1.9291,1.3164,4.0471
2015-11-20,4.63,2.7831,2.5668
2015-11-23,-0.2616,2.16,4.9503
2015-11-24,2.6415,1.8295,6.8136
2015-11-25,5.4916,2.4159,2.6686
2015-11-26,2.3257,5.1247,6.5871
2015-11-27,-0.1,3.172,4.5466
2015-11-30,1.9061,2.05,4.0253
2015-12-01,4.6818,0.8056,4.6002
2015-12-02,3.0641,0.9344,4.5858
2015-12-03,1.2417,2.3562,6.7857
2015-12-04,1.4721,2.2396,4.7803
2015-12-07,1.6604,2.7311,4.8117
2015-12-08,3.0418,0.2734,3.3678
2015-12-09,4.5073,2.89,5.2586
2015-12-10,4.0786,4.2333,2.5647
2015-12-11,3.184,4.9474,4.1635
2015-12-14,0.5025,0.7267,8.3249
2015-12-15,0.5081,2.0383,0.2437
2015-12-16,3.2999,1.9749,4.3497
2015-12-17,0.4818,3.1749,4.4074
2015-12-18,2.1616,1.5363,3.6579
2015-12-21,2.9562,5.0187,3.6932
2015-12-22,0.7936,3.0522,4.1371
2015-12-23,0.9636,2.8522,3.622
2015-12-24,2.3588,4.9113,4.333
2015-12-25,3.2555,2.9807,3.2686
2015-12-28,4.0923,3.4804,7.0336
2015-12-29,3.4106,2.099,3.622
2015-12-30,2.6105,1.3554,4.8544
2015-12-31,1.3807,2.2676,2.9964
2016-01-01,0.8936,5.6244,5.3997
2016-01-04,1.7337,3.7596,5.1002
2016-01-05,3.1149,3.3294,4.6289
2016-01-06,3.0049,1.8284,2.459
2016-01-07,-0.6499,4.0935,2.8714
2016-01-08,1.3215,1.3708,6.5293
2016-01-11,4.3068,1.1195,2.8548
2016-01-12,2.6188,2.3293,4.9614
2016-01-13,0.3745,5.3454,2.583
2016-01-14,6.0337,5.2775,5.5126
2016-01-15,2.4566,2.4585,2.9704
2016-01-18,3.0765,2.191,2.5552
2016-01-19,3.0993,1.0316,2.9315
2016-01-20,1.9486,3.0936,3.1693
2016-01-21,1.4086,3.1944,4.607
2016-01-22,5.6825,3.9475,4.1041
2016-01-25,4.0048,4.0928,2.3573
2016-01-26,3.7329,2.7631,3.9581
2016-01-27,3.3644,3.6672,2.2847
2016-01-28,0.995,2.1592,4.9653
2016-01-29,4.4163,3.6445,5.2404
2016-02-01,1.2353,2.3913,3.9641
2016-02-02,2.9249,3.5514,4.4075
2016-02-03,0.0409,3.4542,6.6282
2016-02-04,-0.5613,3.0826,3.7636
2016-02-05,2.9774,3.9534,2.5836
2016-02-08,1.2864,1.1155,4.8688
2016-02-09,-0.4838,1.7221,2.301
2016-02-10,3.3109,2.6759,3.6841
2016-02-11,5.6801,1.2681,3.1015
2016-02-12,4.5843,2.5118,2.9473
2016-02-15,2.114,2.5504,3.6249
2016-02-16,2.5133,4.5716,5.3498
2016-02-17,3.8316,3.171,5.6585
2016-02-18,4.1832,4.2353,5.3893
2016-02-19,1.9847,3.362,4.5045
2016-02-22,2.5513,2.3572,3.6134
2016-02-23,2.9509,3.1605,0.4633
2016-02-24,3.3308,3.8753,4.5515
2016-02-25,2.3004,4.4321,0.581
2016-02-26,2.3199,2.8412,1.1149
2016-02-29,4.5697,1.023,3.7575
2016-03-01,4.3143,0.9386,4.3969
2016-03-02,3.2161,2.6083,3.3234
2016-03-03,5.0787,0.1945,6.3033
2016-03-04,1.9203,5.1541,4.6932
2016-03-07,4.9345,3.7163,3.6259
2016-03-08,3.3138,2.2372,6.0795
2016-03-09,7.4065,1.6684,6.3477
2016-03-10,0.7113,4.2337,4.7688
2016-03-11,1.466,1.6636,2.8371
2016-03-14,3.1282,1.7781,3.1746
2016-03-15,3.0959,2.0809,1.8299
2016-03-16,5.4252,3.1369,3.9364
2016-03-17,1.4974,3.745,2.4249
2016-03-18,3.8574,4.4312,3.5064
2016-03-21,4.2437,4.254,4.3909
2016-03-22,3.557,3.0009,1.0244
2016-03-23,1.0585,4.2246,2.1044
2016-03-24,4.6116,2.1948,3.2397
2016-03-25,4.344,0.815,3.9212
2016-03-28,3.3994,2.1946,3.2592
2016-03-29,2.8065,2.0325,3.5942
2016-03-30,2.8392,2.2416,2.9407
2016-03-31,2.3819,1.8488,1.8259
2016-04-01,3.4612,2.4467,3.1979
2016-04-04,2.5467,3.744,3.6802
2016-04-05,1.2272,5.0583,3.5344
2016-04-06,0.9271,0.9296,4.1677
2016-04-07,1.3719,1.4547,4.6283
2016-04-08,2.8332,2.0503,5.0226
2016-04-11,2.4596,3.9189,3.0497
2016-04-12,2.823,2.7541,1.6363
2016-04-13,3.2512,2.1311,5.9074
2016-04-14,1.559,3.8601,4.5782
2016-04-15,4.6985,4.1477,2.568
2016-04-18,2.0984,2.9775,4.4166
2016-04-19,1.8499,2.0205,5.602
2016-04-20,3.2236,3.3243,6.5938
2016-04-21,-0.2548,2.7201,4.3759
2016-04-22,1.3142,2.7108,5.5895
2016-04-25,3.9716,2.3851,2.1856
2016-04-26,-0.1061,4.11,3.9461
2016-04-27,4.1764,3.2999,3.4975
2016-04-28,4.7667,4.2428,4.5139
2016-04-29,1.9458,4.6036,6.4168
2016-05-02,2.9377,3.5508,4.3748
2016-05-03,4.1786,2.3922,2.5935
2016-05-04,1.7998,4.2484,2.1048
2016-05-05,3.8017,3.5588,6.4687
2016-05-06,1.4933,6.124,4.7707
2016-05-09,1.7836,3.3721,4.6721
2016-05-10,1.301,3.8372,3.4844
2016-05-11,3.014,3.3485,4.4018
2016-05-12,4.237,2.8811,2.5196
2016-05-13,2.2238,2.6895,4.5808
2016-05-16,0.5931,3.3531,2.2377
2016-05-17,0.8759,3.6254,3.4611
2016-05-18,3.0919,4.3853,3.0357
2016-05-19,5.2662,3.3706,-0.8861
2016-05-20,3.0906,2.4445,3.4798
2016-05-23,1.9197,2.6078,2.6517
2016-05-24,3.6493,1.4125,3.6844
2016-05-25,2.1408,4.9935,4.0026
2016-05-26,1.9326,2.3506,6.6519
2016-05-27,1.0623,4.1609,4.4571
2016-05-30,4.6127,3.3319,4.5012
2016-05-31,-1.3088,3.3645,4.7434
2016-06-01,3.6968,2.8591,5.3077
2016-06-02,1.8044,2.0546,4.6814
2016-06-03,1.8845,1.8378,4.4226
2016-06-06,5.0385,5.0742,5.0669
2016-06-07,1.4288,3.1368,0.36
2016-06-08,1.4799,4.3503,7.1336
2016-06-09,2.3044,4.6619,6.3846
2016-06-10,3.1208,2.507,4.3257
2016-06-13,1.8372,3.5082,1.8805
2016-06-14,0.1392,3.054,5.8155
2016-06-15,1.2015,1.6113,2.9592
2016-06-16,4.422,2.7774,4.8008
2016-06-17,2.6122,3.705,2.0756
2016-06-20,3.1766,2.4012,7.3396
2016-06-21,2.1079,2.6102,1.8367
2016-06-22,1.5108,2.792,4.1035
2016-06-23,5.0164,5.5338,0.8167
2016-06-24,2.2177,0.7991,3.9382
2016-06-27,1.8349,3.602,3.3621
2016-06-28,4.1442,2.696,5.7058
2016-06-29,1.4165,2.2312,3.3619
2016-06-30,1.6079,2.6665,5.7079
2016-07-01,2.5154,3.8009,2.4638
2016-07-04,2.5004,3.8694,3.5771
2016-07-05,2.8894,3.2232,3.6071
2016-07-06,5.6375,4.3113,4.7434
2016-07-07,3.0044,4.5226,4.5526
2016-07-08,-1.0671,3.9797,5.0833
2016-07-11,2.9894,2.3446,4.4002
2016-07-12,2.5568,3.5933,4.992
2016-07-13,2.5652,3.599,2.6532
2016-07-14,2.8689,2.0212,4.5832
2016-07-15,2.457,1.1167,6.4123
2016-07-18,2.4211,0.5727,1.48
2016-07-19,3.4196,3.0838,4.7335
2016-07-20,1.6869,3.3576,5.0152
2016-07-21,1.0785,1.5819,6.1918
2016-07-22,7.0357,4.2552,5.0891
2016-07-25,1.4262,3.1827,4.1505
2016-07-26,2.6502,4.6193,4.6451
2016-07-27,0.2565,3.4446,2.8974
2016-07-28,2.6747,1.7204,3.418
2016-07-29,1.1002,3.5499,1.9964
2016-08-01,1.8363,3.8041,6.2305
2016-08-02,4.0676,2.3429,4.6752
2016-08-03,3.208,1.2695,2.6258
2016-08-04,3.3526,3.1204,4.407
2016-08-05,-0.1568,1.799,5.739
2016-08-08,5.2553,4.3451,5.4892
2016-08-09,0.7122,2.5114,2.6085
2016-08-10,4.7928,5.0695,-0.7008
2016-08-11,4.0323,0.451,4.5931
2016-08-12,3.366,3.1618,2.6697
2016-08-15,1.2175,4.7153,4.9335
2016-08-16,2.7274,1.9316,5.4254
2016-08-17,1.7936,2.809,5.6704
2016-08-18,2.5436,2.5164,6.6171
2016-08-19,2.1252,2.1795,5.8545
2016-08-22,-0.5579,3.2935,6.6243
2016-08-23,4.1827,1.4455,6.0686
2016-08-24,2.3783,2.8668,6.1993
2016-08-25,1.7728,3.6192,3.9387
2016-08-26,1.6595,2.7419,2.066
2016-08-29,3.0377,1.7998,7.7234
2016-08-30,1.1594,4.2362,4.0944
2016-08-31,-0.8828,3.8763,5.8431
2016-09-01,3.1107,1.7506,3.1746
2016-09-02,3.2787,1.4471,5.4459
2016-09-05,2.2006,1.8577,0.3326
2016-09-06,0.7781,3.6543,3.3843
2016-09-07,2.6334,3.3307,3.8524
2016-09-08,0.3032,3.9481,4.6939
2016-09-09,0.9592,2.6086,5.608
2016-09-12,1.374,1.8903,2.3588
2016-09-13,3.7659,4.1026,4.99
2016-09-14,1.9561,2.3359,5.84
2016-09-15,1.8282,3.2239,7.5189
2016-09-16,5.432,1.1401,5.0599
2016-09-19,3.0287,2.3162,3.3107
2016-09-20,3.0085,4.2113,2.0924
2016-09-21,1.9454,2.1405,6.7438
2016-09-22,1.6054,3.9774,5.106
2016-09-23,-0.7796,0.2028,3.967
2016-09-26,3.9531,2.3287,1.5703
2016-09-27,3.1725,2.7944,2.6032
2016-09-28,2.2313,5.091,4.947
2016-09-29,2.2942,1.5971,4.5307
2016-09-30,3.6042,3.8052,1.0805
2016-10-03,0.1679,4.2683,4.9489
2016-10-04,1.6152,2.1342,1.6473
2016-10-05,0.7955,2.5518,6.031
2016-10-06,5.1573,3.17,4.3128
2016-10-07,3.8135,1.2222,3.3049
2016-10-10,-0.804,2.4539,5.4852
2016-10-11,0.2294,4.5313,4.5302
2016-10-12,2.3015,3.6272,5.9874
2016-10-13,1.7913,2.8119,4.1207
2016-10-14,0.5134,3.1357,4.2082
2016-10-17,5.4171,3.6971,3.5721
2016-10-18,2.9688,3.9269,4.3945
2016-10-19,3.2122,2.3323,6.5469
2016-10-20,1.462,4.8417,3.2459
2016-10-21,3.5834,4.5796,4.9719
2016-10-24,1.9294,3.8127,2.6793
2016-10-25,2.075,1.9884,0.8999
2016-10-26,3.4165,1.7757,4.3112
2016-10-27,0.0565,2.6081,4.5556
2016-10-28,4.8955,3.0729,3.8349
2016-10-31,2.7736,0.8778,1.756
2016-11-01,4.4214,3.5936,4.4565
2016-11-02,0.8869,4.545,4.3995
2016-11-03,1.1153,3.6918,2.6668
2016-11-04,0.7571,2.1887,1.9698
2016-11-07,2.8754,2.0467,3.6214
2016-11-08,2.599,3.3598,4.9794
2016-11-09,1.8034,2.816,4.625
2016-11-10,0.9789,3.5316,2.6787
2016-11-11,0.6001,3.7221,4.2054
2016-11-14,2.4273,4.3103,5.3307
2016-11-15,1.8016,1.6415,2.241
2016-11-16,1.4716,3.2659,4.0947
2016-11-17,4.8206,2.5638,6.0095
2016-11-18,2.3765,2.8816,2.0876
2016-11-21,4.4051,4.0373,5.7333
2016-11-22,1.7001,4.1678,6.4288
2016-11-23,2.8672,4.6781,3.6667
2016-11-24,2.4168,3.5107,3.4855
2016-11-25,-0.0464,2.868,5.5496
2016-11-28,4.6425,2.6965,3.7208
2016-11-29,2.2973,0.9183,0.4703
2016-11-30,3.6196,4.6077,3.8518
2016-12-01,1.372,2.6137,4.7056
2016-12-02,2.2527,3.6071,5.1101
2016-12-05,1.1997,3.8148,2.6791
2016-12-06,4.354,1.5056,3.5953
2016-12-07,2.9671,1.892,5.4654
2016-12-08,3.0506,4.8564,3.91
2016-12-09,4.5373,3.3485,1.7069
2016-12-12,4.2345,2.3033,5.8565
2016-12-13,3.648,2.8484,3.6788
2016-12-14,0.3674,4.3035,5.6368
2016-12-15,1.4565,4.1212,1.9068
2016-12-16,0.9942,1.2407,3.8185
2016-12-19,3.5913,4.9611,4.7646
2016-12-20,2.756,4.1594,3.8693
2016-12-21,0.4142,2.817,2.2255
2016-12-22,2.2169,1.5699,0.4198
2016-12-23,0.2588,4.2648,6.2849
2016-12-26,2.4203,3.5717,4.3721
2016-12-27,0.0169,1.2506,5.7502
2016-12-28,3.2932,2.7215,5.393
2016-12-29,3.0669,6.7514,4.8953
2016-12-30,5.3619,3.0198,3.518
2017-01-02,3.7718,2.1096,4.7347
2017-01-03,1.8656,1.7898,6.1488
2017-01-04,3.7271,5.1265,4.1245
2017-01-05,0.4035,4.0173,6.8526
2017-01-06,1.0563,4.6889,1.7509
2017-01-09,2.9997,3.2978,1.5896
2017-01-10,-0.7374,4.5048,5.4821
2017-01-11,2.4443,1.982,2.7719
2017-01-12,0.9696,3.1951,7.065
2017-01-13,2.652,3.3445,6.006
2017-01-16,0.8834,4.6589,6.3814
2017-01-17,3.1364,3.3826,5.3267
2017-01-18,2.529,2.2494,2.6176
2017-01-19,4.6005,3.0769,1.511
2017-01-20,2.5101,0.9883,6.2429
2017-01-23,1.347,0.2148,1.7506
2017-01-24,2.1297,3.9976,6.3773
2017-01-25,0.4836,2.5503,5.0044
2017-01-26,3.1092,2.6863,3.8856
2017-01-27,3.3848,3.9971,4.6631
2017-01-30,6.2038,4.6764,4.6979
2017-01-31,1.5672,3.6414,3.6964
2017-02-01,2.0983,5.3137,6.1385
2017-02-02,1.6364,3.6032,6.0871
2017-02-03,2.8182,3.3627,4.2335
2017-02-06,3.0725,3.2885,3.1
2017-02-07,2.4199,1.4574,5.9589
2017-02-08,4.1295,4.1472,0.9662
2017-02-09,1.5745,0.0654,4.6658
2017-02-10,3.9793,2.2965,5.1094
2017-02-13,3.3077,3.0275,2.7575
2017-02-14,2.482,2.0523,5.4607
2017-02-15,2.0276,2.4579,3.9604
2017-02-16,6.14,5.2073,3.1814
2017-02-17,1.2745,4.3248,5.4448
2017-02-20,2.9469,2.177,2.3715
2017-02-21,1.3747,2.4365,5.3038
2017-02-22,5.1784,1.4676,1.0265
2017-02-23,3.8302,3.846,4.4286
2017-02-24,1.4825,2.7003,4.0658
2017-02-27,3.2689,0.6402,3.1905
2017-02-28,2.8865,3.1209,4.5844
2017-03-01,1.7251,3.5268,3.8806
2017-03-02,3.6372,4.1558,5.582
2017-03-03,3.084,2.912,4.8402
2017-03-06,2.8235,2.5528,4.679
2017-03-07,2.4371,5.3835,4.4378
2017-03-08,3.1466,3.0079,3.2918
2017-03-09,2.8441,3.8635,3.5473
2017-03-10,2.5886,2.3526,4.3723
2017-03-13,1.5385,3.8279,3.74
2017-03-14,5.0406,1.2532,5.6672
2017-03-15,0.9244,2.4455,4.1402
2017-03-16,3.1415,1.5501,4.5639
2017-03-17,2.0196,2.274,1.896
2017-03-20,5.1393,4.5006,5.4148
2017-03-21,1.1448,2.2652,3.1282
2017-03-22,1.3971,3.8619,2.436
2017-03-23,1.0453,4.8207,6.4693
2017-03-24,2.9852,2.9669,5.0464
2017-03-27,0.4404,4.1925,5.4656
2017-03-28,1.7822,3.6373,4.6817
2017-03-29,-0.7285,3.1397,3.8603
2017-03-30,2.8606,3.9004,3.5806
2017-03-31,1.7497,5.2079,5.1687
2017-04-03,0.2679,2.2353,5.6988
2017-04-04,4.1284,1.849,3.8977
2017-04-05,0.5385,1.7785,7.1088
2017-04-06,3.6954,4.1933,3.704
2017-04-07,1.4484,4.3552,1.909
2017-04-10,4.9024,2.3556,1.4177
2017-04-11,3.6243,0.4368,1.4683
2017-04-12,0.9879,2.1903,3.3793
2017-04-13,1.1244,3.6574,3.652
2017-04-14,3.4083,2.9199,5.0239
2017-04-17,2.1064,3.2164,3.9571
2017-04-18,2.246,2.372,5.2651
2017-04-19,4.4084,4.2169,4.0673
2017-04-20,1.377,3.4118,4.0203
2017-04-21,2.6369,3.7038,3.1337
2017-04-24,3.9319,3.1909,6.1339
2017-04-25,3.7137,3.6292,1.7028
2017-04-26,2.2606,3.5503,4.452
2017-04-27,2.0666,1.8863,3.7275
2017-04-28,-0.1082,3.4477,5.1726
2017-05-01,0.9156,3.9498,3.9688
2017-05-02,2.9775,4.3862,4.013
2017-05-03,2.2932,3.4993,3.6
2017-05-04,2.6124,1.8417,6.0899
2017-05-05,4.0589,2.0264,4.0036
2017-05-08,0.719,2.4778,6.9545
2017-05-09,2.1457,3.2274,4.4084
2017-05-10,2.7831,2.8533,4.0326
2017-05-11,1.4438,1.6515,3.782
2017-05-12,4.6472,1.6443,4.8464
2017-05-15,3.8629,0.4818,3.1174
2017-05-16,2.9352,-0.7434,4.2186
2017-05-17,5.1913,2.8419,4.0122
2017-05-18,0.2517,5.7843,4.4879
2017-05-19,2.4884,5.1561,4.525
2017-05-22,3.0495,1.8261,4.603
2017-05-23,1.1282,3.1799,4.1424
2017-05-24,2.9511,1.2425,6.3534
2017-05-25,0.8401,1.4255,4.6339
2017-05-26,3.5358,1.563,7.909
2017-05-29,4.0868,2.7294,4.0748
2017-05-30,2.9085,2.781,5.4384
2017-05-31,-0.2792,3.3032,2.9109
2017-06-01,1.0498,3.7959,6.1012
2017-06-02,3.3471,2.5957,2.9436
2017-06-05,2.5318,3.0434,4.6838
2017-06-06,-1.541,1.6874,3.6034
2017-06-07,4.3642,1.3866,4.678
2017-06-08,2.705,1.2012,3.6478
2017-06-09,1.2714,3.7791,2.8161
2017-06-12,3.9924,2.5945,3.5926
2017-06-13,1.4837,0.7547,6.3124
2017-06-14,1.4673,2.9243,4.7009
2017-06-15,3.0375,1.5014,2.0667
2017-06-16,5.1716,4.9925,5.6431
2017-06-19,4.9354,2.3054,2.6627
2017-06-20,3.0396,3.8178,5.115
2017-06-21,3.1936,4.3068,4.8297
2017-06-22,3.6872,1.8541,4.9245
2017-06-23,0.6145,3.0913,6.7798
2017-06-26,3.4662,3.6642,2.757
2017-06-27,1.3989,3.1387,4.9162
2017-06-28,2.9777,3.4333,5.8894
2017-06-29,2.1588,1.4044,3.035
2017-06-30,3.2518,3.6648,2.8814
2017-07-03,2.6772,2.4166,3.5692
2017-07-04,-2.1095,3.4193,4.4871
2017-07-05,2.7683,4.104,1.8843
2017-07-06,3.4632,3.8026,4.8271
2017-07-07,3.1689,3.4185,1.8874
2017-07-10,2.3461,3.7706,5.94
2017-07-11,4.9632,3.8261,4.7707
2017-07-12,2.9671,4.7946,6.8697
2017-07-13,3.1565,2.9591,5.0032
2017-07-14,4.0667,3.1967,3.5429
2017-07-17,3.0439,4.1185,2.802
2017-07-18,1.153,2.4115,4.3583
2017-07-19,-1.1575,1.3977,3.9546
2017-07-20,1.7843,3.5919,5.7792
2017-07-21,3.6414,2.7528,2.6071
2017-07-24,1.9704,1.551,7.0314
2017-07-25,3.7018,3.6007,5.9122
2017-07-26,2.7231,4.7174,3.6947
2017-07-27,4.4321,1.0443,6.6967
2017-07-28,2.0572,4.2268,2.8253
2017-07-31,3.2014,-0.0445,4.3084
2017-08-01,3.2588,2.5197,2.0853
2017-08-02,4.7524,5.2086,6.7699
2017-08-03,-0.06,2.606,1.5289
2017-08-04,1.8124,3.1079,1.8393
2017-08-07,3.7728,3.9154,3.0479
2017-08-08,4.8188,0.9402,5.9835
2017-08-09,2.8601,3.0865,5.4323
2017-08-10,2.0609,3.0771,4.1831
2017-08-11,3.6357,5.2348,5.5284
2017-08-14,3.8031,1.5171,3.8269
2017-08-15,1.9605,2.5422,4.6336
2017-08-16,2.9955,1.886,6.4776
2017-08-17,4.2708,1.7587,3.6301
2017-08-18,5.3357,4.3529,2.8504
2017-08-21,3.6139,3.032,4.7056
2017-08-22,2.5662,2.3333,5.1104
2017-08-23,2.4189,2.3786,4.1657
2017-08-24,3.3361,2.3241,5.5051
2017-08-25,2.3265,2.4314,3.6981
2017-08-28,2.7845,1.4827,4.1913
2017-08-29,0.9132,2.6895,4.5619
2017-08-30,4.4456,2.569,4.431
2017-08-31,0.7897,2.0906,6.4199
2017-09-01,1.8518,3.1861,4.5543
2017-09-04,2.6464,3.2879,3.5441
2017-09-05,5.4865,2.332,4.792
2017-09-06,1.866,2.827,5.5133
2017-09-07,1.501,5.5903,5.1614
2017-09-08,1.6738,5.5445,5.0782
2017-09-11,4.9883,1.7351,1.7529
2017-09-12,-1.7185,1.9027,0.2612
2017-09-13,0.9959,1.7287,5.9129
2017-09-14,6.5969,4.2685,4.6583
2017-09-15,3.3863,2.5218,3.9676
2017-09-18,0.841,3.2876,5.0415
2017-09-19,2.4371,5.3964,6.891
2017-09-20,2.6012,2.9874,6.1203
2017-09-21,3.7692,3.8475,5.4433
2017-09-22,5.2593,3.6245,2.6699
2017-09-25,3.0828,2.2941,2.8648
2017-09-26,1.6903,4.271,0.4204
2017-09-27,3.6806,1.9804,4.9503
2017-09-28,1.4526,4.6079,5.6629
2017-09-29,0.95,2.2951,5.7853
2017-10-02,-0.1399,2.4264,5.0131
2017-10-03,0.1523,1.6938,3.7689
2017-10-04,1.1553,1.8909,3.1536
2017-10-05,0.7333,2.4879,2.762
2017-10-06,2.9699,0.0824,3.7549
2017-10-09,0.7009,2.72,2.5333
2017-10-10,-2.2155,2.3904,6.6339
2017-10-11,0.9341,3.948,2.0464
2017-10-12,1.7922,3.5076,3.7044
2017-10-13,1.5918,2.1508,1.0957
2017-10-16,4.7793,2.4497,4.4448
2017-10-17,1.5797,2.7185,3.9964
2017-10-18,3.8214,4.7831,3.4648
2017-10-19,2.4715,2.0132,2.6008
2017-10-20,2.4365,2.1363,4.0037
2017-10-23,1.2469,1.6457,3.1833
2017-10-24,2.4118,1.2216,3.7947
2017-10-25,1.3524,3.3684,6.9361
2017-10-26,2.755,3.2435,4.2583
2017-10-27,2.1456,4.5393,4.7993
2017-10-30,1.0831,4.2497,3.3033
2017-10-31,3.9878,5.8765,2.8233
2017-11-01,3.1403,2.9114,3.9656
2017-11-02,1.8279,2.6874,7.7559
2017-11-03,2.7182,1.4397,3.5689
2017-11-06,2.3743,3.8359,4.5422
2017-11-07,1.1986,3.1422,2.7574
2017-11-08,2.6057,3.7815,-0.1329
2017-11-09,1.5685,1.6331,2.8153
2017-11-10,1.0826,3.4219,7.5711
2017-11-13,0.0658,3.2462,4.8931
2017-11-14,1.9621,3.1668,6.4614
2017-11-15,3.3505,2.1801,3.4784
2017-11-16,1.458,4.4272,0.4648
2017-11-17,6.2811,5.4604,2.3369
2017-11-20,3.8285,1.6676,4.5955
2017-11-21,4.4565,3.8645,4.3564
2017-11-22,3.6929,-0.4534,3.9844
2017-11-23,5.2793,3.8023,3.2046
2017-11-24,1.3195,0.7558,5.4096
2017-11-27,-1.3411,2.37,3.248
2017-11-28,1.8308,1.4244,4.4617
2017-11-29,3.3373,2.7413,4.293
2017-11-30,2.7273,4.0066,3.4472
2017-12-01,2.9132,0.7712,2.6781
2017-12-04,4.4814,2.5686,3.359
2017-12-05,3.0731,2.384,6.8104
2017-12-06,3.6984,4.8973,5.6687
2017-12-07,1.0907,3.5181,5.5306
2017-12-08,0.8569,1.5873,2.8203
2017-12-11,4.9212,2.4344,1.8435
2017-12-12,2.6514,4.8673,5.6447
2017-12-13,1.5652,3.8572,5.3572
2017-12-14,1.5679,1.8981,4.2059
2017-12-15,1.5263,2.6795,3.4442
2017-12-18,1.4366,2.7179,1.8041
2017-12-19,0.5753,2.3544,5.3011
2017-12-20,0.2494,0.9477,5.7792
2017-12-21,2.2075,2.1869,2.9814
2017-12-22,1.6106,4.667,2.8561
2017-12-25,4.1607,2.5426,5.8616
2017-12-26,2.9396,2.8761,3.0372
2017-12-27,2.898,3.1686,6.6686
2017-12-28,1.3853,5.6618,3.8364
2017-12-29,2.3185,3.0106,3.4202
2018-01-01,3.0415,4.3127,4.0677
2018-01-02,3.5743,2.2822,3.4201
2018-01-03,2.3592,2.6887,5.6893
2018-01-04,4.1187,3.0151,5.3287
2018-01-05,2.512,2.071,5.6322
2018-01-08,3.6893,2.7555,4.2768
2018-01-09,1.7652,4.0657,3.3155
2018-01-10,-0.2189,2.0396,3.9864
2018-01-11,2.9025,3.0001,3.3615
2018-01-12,3.588,3.8505,6.1999
2018-01-15,3.363,2.0106,5.5034
2018-01-16,3.1333,4.3145,3.8627
2018-01-17,1.9771,3.0875,2.6103
2018-01-18,1.2899,2.8019,6.3113
2018-01-19,3.3276,0.5902,4.205
2018-01-22,3.1397,2.5517,3.8047
2018-01-23,1.6587,3.4459,6.3245
2018-01-24,4.1641,5.0944,3.2351
2018-01-25,1.1757,3.6815,3.5216
2018-01-26,1.6247,4.3515,3.6539
2018-01-29,4.9546,1.5491,2.0251
2018-01-30,3.8029,2.8478,4.4736
2018-01-31,1.963,4.4649,2.8565
2018-02-01,2.9311,1.9347,3.1439
2018-02-02,2.7322,4.1583,2.9433
2018-02-05,-1.6184,3.88,3.1194
2018-02-06,1.1403,3.3297,2.7416
2018-02-07,2.4237,2.6056,4.3708
2018-02-08,1.9651,1.8164,3.7666
2018-02-09,2.8707,5.1305,4.072
2018-02-12,4.1942,3.7582,7.5307
2018-02-13,2.0177,3.4087,3.7667
2018-02-14,0.9135,2.5046,4.9074
2018-02-15,2.9873,3.0454,5.0781
2018-02-16,2.0101,3.1977,3.9057
2018-02-19,2.2659,3.4799,4.4107
2018-02-20,2.0623,3.8812,4.031
2018-02-21,5.8628,2.061,4.3038
2018-02-22,-0.8611,1.2401,3.1202
2018-02-23,1.9175,3.1011,3.2587
2018-02-26,2.4945,0.9033,4.0254
2018-02-27,1.3283,2.6116,1.0421
2018-02-28,3.8497,2.389,6.2441
2018-03-01,3.7199,3.5901,7.2413
2018-03-02,2.4284,5.3791,4.2555
2018-03-05,2.094,0.6665,4.9982
2018-03-06,2.3321,5.729,5.6216
2018-03-07,2.3428,2.7203,2.013
2018-03-08,2.3824,3.4174,5.3924
2018-03-09,2.218,1.3022,3.3603
2018-03-12,2.8787,4.1962,7.4361
2018-03-13,3.6298,3.0498,3.7176
2018-03-14,0.6546,2.9262,5.3623
2018-03-15,0.924,0.6751,3.7324
2018-03-16,-0.1228,3.0886,7.295
2018-03-19,3.7996,4.015,3.2315
2018-03-20,2.8755,2.7165,5.7476
2018-03-21,3.2579,4.409,4.94
2018-03-22,0.3558,4.3595,4.6065
2018-03-23,5.1774,2.2307,4.3435
2018-03-26,1.5867,4.9141,2.9995
2018-03-27,2.7523,3.0544,0.1209
2018-03-28,3.7816,3.0597,5.6116
2018-03-29,1.0195,3.1188,3.2667
2018-03-30,1.6805,3.0832,5.7544
2018-04-02,2.7688,-0.1562,4.5275
2018-04-03,6.7862,2.7774,5.8004
2018-04-04,2.9517,1.3633,5.2028
2018-04-05,4.9095,4.9516,0.303
2018-04-06,4.3085,4.9033,4.9223
2018-04-09,3.052,4.0223,3.4845
2018-04-10,1.0162,2.7138,5.7475
2018-04-11,4.0896,1.7904,4.8868
2018-04-12,0.2528,2.2109,4.9045
2018-04-13,4.9013,5.3312,3.5916
2018-04-16,2.8,2.1694,2.6311
2018-04-17,-1.4753,0.1733,3.3507
2018-04-18,1.9892,4.2362,1.3002
2018-04-19,3.4809,4.8006,3.1145
2018-04-20,2.1445,4.9911,1.8038
2018-04-23,3.5725,4.246,1.8434
2018-04-24,1.225,4.4418,4.1747
2018-04-25,0.541,3.0635,4.8011
2018-04-26,2.3928,0.5084,3.9523
2018-04-27,2.5473,3.0335,3.2518
2018-04-30,1.9774,3.7459,2.5789
2018-05-01,4.3409,2.8377,3.5242
2018-05-02,1.2247,2.783,2.7667
2018-05-03,2.9697,1.8431,3.9058
2018-05-04,2.602,1.7979,1.7177
2018-05-07,0.1649,5.2058,5.052
2018-05-08,0.5215,5.2492,3.1495
2018-05-09,2.5179,2.9968,4.5644
2018-05-10,5.4718,3.3378,5.3308
2018-05-11,3.3689,1.823,4.4918
2018-05-14,-0.0885,3.7711,5.1987
2018-05-15,-2.1657,5.1116,0.9
2018-05-16,3.5996,1.1649,3.2607
2018-05-17,2.3557,3.5567,5.6546
2018-05-18,4.2119,3.6468,4.7638
2018-05-21,1.1789,3.6331,6.7727
2018-05-22,3.0253,4.9714,6.5566
2018-05-23,3.7693,5.4432,4.4494
2018-05-24,1.8288,2.7198,3.622
2018-05-25,1.8609,3.8078,2.5623
2018-05-28,2.5379,3.1011,3.2863
2018-05-29,3.314,2.2415,3.3876
2018-05-30,2.4785,3.325,3.1101
2018-05-31,3.961,3.8058,2.6225
2018-06-01,1.8071,3.2603,4.6024
2018-06-04,0.5074,1.9426,6.545
2018-06-05,5.4655,2.4437,5.3999
2018-06-06,1.593,2.4529,3.5164
2018-06-07,1.6473,1.9891,5.521
2018-06-08,2.4013,3.3762,4.52
2018-06-11,2.6008,3.5017,3.9389
2018-06-12,1.92,4.1754,3.8453
2018-06-13,2.4738,1.9709,3.7001
2018-06-14,2.4404,2.307,4.9766
2018-06-15,2.7622,4.8655,4.2095
2018-06-18,-1.0362,2.8026,2.9074
2018-06-19,5.3213,3.0362,2.8347
2018-06-20,2.2791,2.7899,4.4589
2018-06-21,3.3709,4.3596,4.643
2018-06-22,0.4328,4.4062,3.5303
2018-06-25,1.7935,4.3358,2.302
2018-06-26,1.4915,3.0319,5.8764
2018-06-27,4.7046,1.9531,5.5579
2018-06-28,1.6213,5.3103,1.0189
2018-06-29,3.6371,4.0276,6.0094
2018-07-02,1.5244,2.452,3.6865
2018-07-03,1.8211,4.7086,4.285
2018-07-04,2.1317,2.3573,5.7073
2018-07-05,4.4258,4.6928,6.4788
2018-07-06,-0.3348,4.7739,5.5043
2018-07-09,0.5265,1.8942,4.3615
2018-07-10,-0.421,3.6981,1.9365
2018-07-11,0.8687,3.9386,0.9607
2018-07-12,1.2826,6.1379,5.3172
2018-07-13,0.0783,2.1092,6.013
2018-07-16,1.3988,4.7191,2.778
2018-07-17,-0.5221,3.0208,3.5953
2018-07-18,0.973,1.5104,3.1641
2018-07-19,4.3006,2.856,3.1241
2018-07-20,3.1054,3.003,5.6124
2018-07-23,2.7812,1.7293,4.3276
2018-07-24,0.9958,3.3746,3.6562
2018-07-25,0.1959,4.1494,7.9863
2018-07-26,0.7913,3.2858,1.8484
2018-07-27,2.4352,2.3498,4.8219
2018-07-30,3.8023,2.8218,2.4265
2018-07-31,3.8536,2.9945,3.7638
2018-08-01,3.4459,3.2608,4.223
2018-08-02,1.3937,4.3318,5.2669
2018-08-03,2.5368,3.3263,3.6082
2018-08-06,2.018,1.3168,3.4496
2018-08-07,2.1982,2.3252,3.5814
2018-08-08,5.5557,3.1992,2.3801
2018-08-09,-0.143,4.3489,4.9485
2018-08-10,2.148,4.5574,4.422
2018-08-13,4.3176,5.1296,4.6528
2018-08-14,0.3012,3.1567,3.8957
2018-08-15,1.5344,3.916,3.7107
2018-08-16,1.7064,1.2546,5.7634
2018-08-17,2.1651,3.5159,5.5327
2018-08-20,0.1061,1.7097,6.1222
2018-08-21,3.3929,2.925,4.5589
2018-08-22,3.4994,6.6358,6.029
2018-08-23,3.2626,3.3643,3.3759
2018-08-24,1.1944,1.9634,3.6987
2018-08-27,2.6298,3.4893,5.7927
2018-08-28,1.1508,2.3795,5.2651
2018-08-29,2.0011,1.8471,3.5643
2018-08-30,5.7302,5.5238,2.4306
2018-08-31,2.6435,4.2802,3.6941
2018-09-03,0.7187,3.4146,2.9727
2018-09-04,2.7705,2.5298,6.5868
2018-09-05,0.4723,2.6271,5.1401
2018-09-06,0.7015,4.851,2.8511
2018-09-07,0.9383,3.3679,2.4325
2018-09-10,1.8335,-0.6994,2.8325
2018-09-11,3.9055,5.9051,3.1618
2018-09-12,3.3676,3.2197,3.7499
2018-09-13,3.2845,3.412,5.6718
2018-09-14,0.8516,4.304,2.5502
2018-09-17,1.688,3.5585,7.4343
2018-09-18,2.908,3.8963,2.585
2018-09-19,1.5575,2.4915,1.8864
2018-09-20,2.0825,1.5242,6.5325
2018-09-21,3.162,3.3363,5.9819
2018-09-24,1.9768,4.7179,3.7265
2018-09-25,2.8391,2.2226,4.572
2018-09-26,4.8891,2.1264,4.6099
2018-09-27,2.2422,4.4652,4.2051
2018-09-28,4.269,2.4513,2.0553
2018-10-01,3.3391,2.5073,0.277
2018-10-02,0.2991,2.5522,2.7329
2018-10-03,0.8468,2.922,6.7242
2018-10-04,1.2496,1.1116,6.7831
2018-10-05,1.2177,2.3528,3.6072
2018-10-08,2.3646,3.2764,2.5631
2018-10-09,3.422,3.2679,4.4172
2018-10-10,4.3827,4.3896,4.6585
2018-10-11,2.9623,5.2073,4.9011
2018-10-12,1.8315,4.815,0.2095
2018-10-15,-0.6234,4.0976,8.7366
2018-10-16,2.6059,2.8215,5.6987
2018-10-17,2.5387,2.2523,3.7032
2018-10-18,2.7744,3.0215,2.9223
2018-10-19,5.6594,3.7027,5.481
2018-10-22,4.3609,3.9863,4.7431
2018-10-23,3.6776,3.7477,4.1382
2018-10-24,1.0569,2.8546,4.6875
2018-10-25,1.7305,3.9442,3.8309
2018-10-26,2.3577,4.513,4.6028
2018-10-29,1.3369,4.0562,5.0895
2018-10-30,3.2507,2.9616,4.515
2018-10-31,3.0354,1.9994,4.4364
2018-11-01,0.8675,1.9709,6.0893
2018-11-02,4.2952,2.1825,1.6043
2018-11-05,2.6535,3.3085,2.8032
2018-11-06,-0.0936,3.6238,4.0398
2018-11-07,2.423,1.3026,2.9052
2018-11-08,2.9218,2.3952,3.406
2018-11-09,3.9592,3.2919,5.9316
2018-11-12,1.9938,1.9204,3.7765
2018-11-13,3.7419,3.5207,1.2562
2018-11-14,2.7807,2.6311,3.365
2018-11-15,0.5274,2.1319,4.0872
2018-11-16,0.3772,3.0638,4.0595
2018-11-19,4.1838,3.4707,4.8341
2018-11-20,4.294,1.9818,4.7116
2018-11-21,2.9844,2.7089,3.7918
2018-11-22,4.7436,3.5612,2.2104
2018-11-23,4.0849,2.0855,3.3383
2018-11-26,3.5254,1.0107,3.0658
2018-11-27,1.133,1.1561,3.5723
2018-11-28,5.0971,2.4983,5.0368
2018-11-29,3.3045,1.4179,4.6062
2018-11-30,1.9212,2.5827,5.236
2018-12-03,1.4976,4.9979,3.4239
2018-12-04,2.8852,1.3457,6.2625
2018-12-05,-0.0066,2.6609,5.0093
2018-12-06,3.5495,5.5588,4.1684
2018-12-07,1.0696,3.4898,4.905
2018-12-10,3.0559,2.5587,2.9864
2018-12-11,1.7176,2.8117,0.8369
2018-12-12,2.1034,3.5152,3.09
2018-12-13,1.3646,5.0349,5.1212
2018-12-14,2.2582,2.363,4.1203
2018-12-17,5.3341,2.0909,3.7947
2018-12-18,4.5776,1.3454,2.7282
2018-12-19,3.0317,3.1237,1.0663
2018-12-20,2.4621,1.3132,6.1373
2018-12-21,3.7663,2.4435,3.6882
2018-12-24,4.195,1.9096,3.3557
2018-12-25,1.2553,4.2889,2.9925
2018-12-26,2.3838,2.3899,5.8818
2018-12-27,-0.2329,3.4763,5.322
2018-12-28,4.1847,1.0751,2.5491
2018-12-31,5.5975,3.1578,5.7468
2019-01-01,2.6201,1.5562,3.7824
2019-01-02,-0.6875,2.4892,3.0842
2019-01-03,3.4133,5.6534,3.5596
2019-01-04,1.1439,4.1186,2.8251
2019-01-07,1.505,2.8459,2.0187
2019-01-08,3.4399,6.8387,5.1642
2019-01-09,2.8818,1.9018,3.6689
2019-01-10,1.7678,4.3983,4.9258
2019-01-11,1.5256,1.1608,4.4308
2019-01-14,2.6888,2.7073,4.8228
2019-01-15,1.8858,1.3827,0.931
2019-01-16,0.8361,3.3087,2.6999
2019-01-17,2.0012,3.0672,4.854
2019-01-18,3.0094,2.6308,2.0878
2019-01-21,2.2328,4.3105,4.5596
2019-01-22,0.3797,2.3195,1.9139
2019-01-23,3.9836,3.3922,4.0247
2019-01-24,-1.6082,3.9847,6.415
2019-01-25,1.8305,1.2201,5.1619
2019-01-28,1.5697,2.1019,1.2239
2019-01-29,2.7223,3.0646,5.2726
2019-01-30,3.3425,3.7562,6.7334
2019-01-31,4.1901,4.7055,8.1955
2019-02-01,1.4314,2.7409,4.7126
2019-02-04,3.3799,2.6202,1.9534
2019-02-05,2.7937,1.9529,4.652
2019-02-06,-0.0673,3.396,6.3941
2019-02-07,5.3508,2.6435,3.7194
2019-02-08,0.3418,2.6712,5.5647
2019-02-11,3.1292,2.8873,2.7406
2019-02-12,3.0849,3.662,4.5585
2019-02-13,2.9135,2.3235,0.2656
2019-02-14,1.7581,2.0734,2.5745
2019-02-15,3.7409,3.5181,3.9908
2019-02-18,0.1594,-0.6309,3.455
2019-02-19,2.4013,2.2756,2.0491
2019-02-20,1.6542,1.6184,3.2505
2019-02-21,1.4841,4.4439,4.4945
2019-02-22,3.1431,2.4709,3.8707
2019-02-25,4.1162,2.3271,4.0914
2019-02-26,1.9851,2.9417,5.098
2019-02-27,3.671,2.2856,3.4853
2019-02-28,2.5746,2.5168,6.0388
2019-03-01,1.1609,3.1165,2.5161
2019-03-04,2.1131,2.4936,6.892
2019-03-05,2.0508,2.4849,5.6696
2019-03-06,1.455,1.7878,3.466
2019-03-07,3.1427,1.6155,3.566
2019-03-08,2.852,3.0728,4.3101
2019-03-11,0.114,3.3679,4.898
2019-03-12,0.0227,1.2862,5.6418
2019-03-13,3.137,3.9119,1.9891
2019-03-14,1.2771,3.9169,4.6562
2019-03-15,2.9531,4.1696,0.8252
2019-03-18,3.6714,3.3599,3.734
2019-03-19,0.5936,3.7645,6.1809
2019-03-20,0.3827,5.622,1.8736
2019-03-21,5.0116,2.6382,1.6011
2019-03-22,3.0274,1.7452,4.3312
2019-03-25,1.8711,1.1591,6.0811
2019-03-26,1.0991,5.1068,4.4881
2019-03-27,1.7343,5.1225,1.1431
2019-03-28,0.7141,1.8905,1.4753
2019-03-29,3.8251,2.1272,4.1466
2019-04-01,1.3349,2.6112,2.2311
2019-04-02,4.1403,4.4691,4.205
2019-04-03,1.8991,1.4552,4.294
2019-04-04,0.935,0.6401,3.2654
2019-04-05,1.8605,5.601,6.7221
2019-04-08,-1.4363,3.3748,4.8857
2019-04-09,2.3188,3.5453,5.8174
2019-04-10,2.2448,2.7539,5.3809
2019-04-11,3.7371,3.5589,3.7749
2019-04-12,-0.3295,1.183,3.7083
2019-04-15,4.2428,1.9909,3.5536
2019-04-16,3.7309,3.1262,5.0217
2019-04-17,4.3781,0.2749,3.0245
2019-04-18,2.4209,2.637,6.5875
2019-04-19,4.0208,2.563,2.8812
2019-04-22,0.2931,2.6368,4.3217
2019-04-23,3.5696,2.3387,3.6564
2019-04-24,1.3433,1.8049,3.3238
2019-04-25,0.0229,0.8136,7.2585
2019-04-26,0.8138,3.1737,3.3414
2019-04-29,2.5083,2.6399,3.5429
2019-04-30,1.2636,1.3497,3.0038
2019-05-01,3.0641,3.075,4.0616
2019-05-02,-0.2124,2.6461,3.848
2019-05-03,-0.6906,2.4468,2.3211
2019-05-06,4.5586,0.4117,3.3634
2019-05-07,3.8557,3.8193,4.9145
2019-05-08,0.9261,1.5203,5.5405
2019-05-09,2.4955,3.0759,4.036
2019-05-10,4.0293,2.0301,4.0885
2019-05-13,3.1288,2.5335,3.4585
2019-05-14,2.7223,4.3828,3.2463
2019-05-15,4.1427,3.6379,2.6206
2019-05-16,1.4039,4.356,1.665
2019-05-17,2.5468,3.3965,2.9463
2019-05-20,2.4732,3.4754,5.3561
2019-05-21,2.0909,0.8626,3.3634
2019-05-22,1.9153,2.619,3.481
2019-05-23,2.6093,2.7301,3.4518
2019-05-24,2.5516,4.4684,5.8671
2019-05-27,0.9274,2.3925,2.6074
2019-05-28,3.7027,3.3178,4.4156
2019-05-29,1.0354,3.2709,3.8973
2019-05-30,2.1726,4.3892,4.1019
2019-05-31,2.0571,2.8395,4.3665
2019-06-03,3.0372,3.9933,4.0857
2019-06-04,-0.6787,0.9542,5.1895
2019-06-05,3.8364,1.0632,3.9561
2019-06-06,1.4845,0.26,6.6166
2019-06-07,4.3299,3.9432,4.0667
2019-06-10,1.7828,3.8084,1.4448
2019-06-11,2.4267,4.0762,4.9575
2019-06-12,5.3707,2.1872,4.5881
2019-06-13,2.084,2.3237,4.0488
2019-06-14,4.3583,2.8547,3.6106
2019-06-17,2.5586,4.7324,0.8281
2019-06-18,3.1231,5.0326,1.0797
2019-06-19,2.6049,3.9526,6.4713
2019-06-20,3.7718,3.3972,3.1217
2019-06-21,1.4717,4.6025,5.4484
2019-06-24,1.0239,2.693,1.5955
2019-06-25,1.5421,2.5309,2.4297
2019-06-26,2.6496,2.8452,5.018
2019-06-27,2.1688,1.8255,3.8462
2019-06-28,3.5654,2.79,4.8065
2019-07-01,4.4571,1.6591,3.9796
2019-07-02,1.0362,4.23,3.6885
2019-07-03,1.3991,3.6524,2.9799
2019-07-04,0.3456,4.7155,2.209
2019-07-05,5.5456,1.0449,6.1041
2019-07-08,2.957,5.282,6.351
2019-07-09,3.2197,1.113,2.4419
2019-07-10,0.4897,1.562,2.3439
2019-07-11,2.4982,2.255,3.4783
2019-07-12,3.2639,4.5693,4.5107
2019-07-15,2.1209,3.2707,3.7273
2019-07-16,4.1136,2.7074,4.7493
2019-07-17,5.9677,2.0488,3.9261
2019-07-18,1.0794,1.3489,3.8281
2019-07-19,0.9669,4.3592,7.6196
2019-07-22,1.1834,3.9584,3.2122
2019-07-23,4.9093,4.6229,6.4599
2019-07-24,4.0635,3.4762,6.1703
2019-07-25,2.2967,-0.1705,4.7561
2019-07-26,2.5548,1.5065,1.1108
2019-07-29,1.2752,3.5578,4.0466
2019-07-30,3.835,2.5563,3.228
2019-07-31,1.9301,2.3294,4.0301
2019-08-01,2.1099,1.6761,2.4055
2019-08-02,3.4132,4.1371,5.1344
2019-08-05,2.218,3.5474,5.4775
2019-08-06,2.1476,3.6014,5.755
2019-08-07,2.5159,2.2397,3.4267
2019-08-08,3.693,3.2115,2.4109
2019-08-09,4.9697,1.3947,4.5275
2019-08-12,3.3782,2.8442,6.6341
2019-08-13,3.705,-0.0335,4.1041
2019-08-14,2.2002,1.1183,4.6784
2019-08-15,1.4383,2.6132,3.6476
2019-08-16,3.481,5.8501,3.2448
2019-08-19,2.7569,0.8391,4.9874
2019-08-20,0.3661,1.5077,3.8409
2019-08-21,2.0079,3.2601,4.6053
2019-08-22,2.3757,5.1233,4.7613
2019-08-23,1.7343,3.2426,4.5213
2019-08-26,4.7226,3.8426,4.8368
2019-08-27,3.2198,2.5949,2.7205
2019-08-28,4.5598,2.3873,2.629
2019-08-29,2.8951,3.0986,3.9361
2019-08-30,2.6221,2.2101,3.9722
2019-09-02,1.0951,3.8691,3.2165
2019-09-03,2.5179,1.0725,4.3615
2019-09-04,2.5196,4.068,5.3623
2019-09-05,0.4493,3.0472,5.7813
2019-09-06,1.6907,2.7423,6.1184
2019-09-09,2.0151,1.0284,2.0278
2019-09-10,3.1202,1.8243,2.2555
2019-09-11,3.192,4.4384,3.5655
2019-09-12,1.628,2.7497,4.1204
2019-09-13,3.2033,3.3341,3.6424
2019-09-16,2.2269,1.9446,3.171
2019-09-17,-1.8044,2.9651,3.5434
2019-09-18,1.7729,1.3534,4.725
2019-09-19,4.1185,3.1199,2.0056
2019-09-20,-0.0227,3.4448,7.515
2019-09-23,2.669,3.3847,4.0315
2019-09-24,4.8779,1.9157,5.5763
2019-09-25,1.3591,2.5895,3.13
2019-09-26,2.5032,3.6446,4.8615
2019-09-27,0.544,2.7463,4.1501
2019-09-30,4.9408,2.6552,5.2852
2019-10-01,2.375,5.2842,3.702
2019-10-02,2.5699,1.8588,6.3273
2019-10-03,4.5315,4.2965,1.7619
2019-10-04,3.4922,1.6144,5.4241
2019-10-07,1.1866,3.7857,4.1781
2019-10-08,1.5291,3.8498,2.4725
2019-10-09,3.2424,2.3876,6.9281
2019-10-10,1.5638,1.539,6.773
2019-10-11,-0.6759,0.6355,0.8892
2019-10-14,2.4201,2.2619,4.2652
2019-10-15,0.2797,3.6315,5.0585
2019-10-16,4.9244,1.7068,4.6626
2019-10-17,2.7652,3.1163,6.2733
2019-10-18,1.1422,1.2283,5.9614
2019-10-21,1.4521,2.7193,4.3978
2019-10-22,-0.3341,1.6235,7.4157
2019-10-23,0.8508,2.9064,5.4053
2019-10-24,4.0245,2.3987,3.4729
2019-10-25,5.8477,1.5716,3.1715
2019-10-28,3.5896,2.2094,5.865
2019-10-29,2.3619,1.879,2.8106
2019-10-30,1.8521,1.4233,3.3854
2019-10-31,1.0653,4.2993,3.6406
2019-11-01,5.5896,2.5678,4.5335
2019-11-04,2.2169,0.3573,3.7098
2019-11-05,5.6734,2.2521,2.0245
2019-11-06,4.5903,4.0977,5.7431
2019-11-07,-0.1112,2.0864,3.3934
2019-11-08,1.5011,4.7973,7.0299
2019-11-11,1.4964,1.972,4.456
2019-11-12,2.3802,3.6041,5.9008
2019-11-13,2.4095,4.244,4.9463
2019-11-14,6.9944,3.5402,5.9726
2019-11-15,0.8842,1.3506,4.8555
2019-11-18,2.8435,1.869,4.3528
2019-11-19,3.4248,4.4041,5.6399
2019-11-20,2.4976,2.0345,7.729
2019-11-21,2.6653,4.1708,3.5953
2019-11-22,0.9328,2.4837,5.1924
2019-11-25,2.6597,3.1697,3.9921
2019-11-26,3.2671,1.3367,4.7591
2019-11-27,2.9914,2.2701,4.0632
2019-11-28,3.3553,1.9496,0.7634
2019-11-29,4.6189,3.2707,3.6997
2019-12-02,3.9054,3.1118,5.4993
2019-12-03,2.6069,3.5552,2.8522
2019-12-04,0.7424,2.4114,5.3814
2019-12-05,1.6,1.8837,4.2754
2019-12-06,2.1706,3.2193,3.7128
2019-12-09,2.8785,1.7645,5.3587
2019-12-10,1.7825,4.2941,5.0215
2019-12-11,1.0964,2.8626,4.6308
2019-12-12,0.7177,2.6086,5.5239
2019-12-13,0.0232,3.5546,4.3046
2019-12-16,2.1476,2.9084,1.533
2019-12-17,0.2955,1.0103,3.4328
2019-12-18,0.9992,1.7263,1.2934
2019-12-19,1.9091,4.2693,4.986
2019-12-20,0.4961,3.1007,5.3443
2019-12-23,3.0696,0.9821,5.4126
2019-12-24,3.6103,3.4225,4.7336
2019-12-25,1.6759,2.3289,5.4519
2019-12-26,1.8445,1.9506,1.6351
2019-12-27,3.3061,1.6262,3.8386
2019-12-30,1.429,4.1999,1.8776
2019-12-31,1.3259,0.6414,3.4625
2020-01-01,4.2947,1.995,6.4244
2020-01-02,3.8263,3.1442,5.6399
2020-01-03,3.4023,4.894,4.9934
2020-01-06,3.8885,3.6646,3.7276
2020-01-07,-0.4659,1.9848,2.5096
2020-01-08,4.5308,4.8352,4.2805
2020-01-09,3.0881,1.3739,5.666
2020-01-10,4.0162,3.3184,4.6148
2020-01-13,3.0807,3.5853,1.6215
2020-01-14,2.5734,1.9427,4.1569
2020-01-15,2.087,3.8371,1.13
2020-01-16,3.0507,2.3833,5.2063
2020-01-17,2.0324,3.8342,2.9605
2020-01-20,3.8018,0.7925,2.1653
2020-01-21,0.1203,3.402,5.2269
2020-01-22,1.6876,2.5055,4.8391
2020-01-23,5.5672,4.3796,4.3486
2020-01-24,1.5609,2.9472,7.2876
2020-01-27,2.142,4.4991,4.9525
2020-01-28,1.1761,3.6091,3.0326
2020-01-29,3.0038,2.847,4.7788
2020-01-30,1.3956,3.9452,3.5709
2020-01-31,2.2216,3.9529,5.9001
2020-02-03,3.7733,3.5663,4.4215
2020-02-04,1.4519,0.2492,4.5699
2020-02-05,3.6829,1.8209,1.8364
2020-02-06,3.7333,4.6609,4.092
2020-02-07,4.0824,1.4929,3.9156
2020-02-10,2.7108,4.059,2.4637
2020-02-11,7.3619,3.8477,3.6677
2020-02-12,4.0818,2.1291,4.6536
2020-02-13,2.9873,0.6057,3.9935
2020-02-14,1.1861,2.3173,1.8819
2020-02-17,2.3544,5.4936,3.5902
2020-02-18,4.6395,1.9641,3.298
2020-02-19,5.0643,2.0469,4.2903
2020-02-20,4.7175,1.8029,4.1283
2020-02-21,3.6778,4.4577,3.3826
2020-02-24,0.6165,2.7085,3.324
2020-02-25,3.2307,2.2489,4.1008
2020-02-26,0.6379,4.6962,5.4445
2020-02-27,0.2688,3.6954,4.418
2020-02-28,2.8587,1.8969,6.1346
2020-03-02,3.2848,1.5317,5.6998
2020-03-03,3.8551,4.3898,6.245
2020-03-04,3.2457,3.0201,6.0529
2020-03-05,3.2974,1.1411,6.3444
2020-03-06,1.023,0.8603,2.2703
2020-03-09,2.3425,1.6608,4.9711
2020-03-10,0.2393,1.5126,5.8275
2020-03-11,-0.5051,0.5447,6.0985
2020-03-12,3.611,1.6806,2.8439
2020-03-13,1.3703,1.8971,4.9861
2020-03-16,3.8087,2.4448,4.1128
2020-03-17,4.1625,5.0315,6.7706
2020-03-18,1.571,2.6798,1.9191
2020-03-19,3.3855,2.7989,2.8461
2020-03-20,1.5083,3.6111,1.284
2020-03-23,-0.2688,2.7152,4.2169
2020-03-24,2.685,3.4802,7.3958
2020-03-25,1.7937,3.3367,3.9335
2020-03-26,1.8399,3.1471,4.1515
2020-03-27,5.463,6.3198,4.8254
2020-03-30,0.2112,4.0934,3.8256
2020-03-31,3.0743,1.7019,4.549
2020-04-01,1.0078,3.4443,4.5883
2020-04-02,3.8624,2.0499,2.7317
2020-04-03,2.9476,3.5355,3.8589
2020-04-06,3.069,1.3498,5.1129
2020-04-07,1.0827,1.6707,5.3929
2020-04-08,1.3516,3.4127,5.9478
2020-04-09,3.8909,4.1972,4.5032
2020-04-10,5.1562,3.6032,4.5337
2020-04-13,3.2205,4.0249,5.1253
2020-04-14,1.1539,3.4486,3.1078
2020-04-15,3.0084,3.207,3.0463
2020-04-16,6.1412,2.3956,3.8128
2020-04-17,2.6536,3.9756,2.0875
2020-04-20,4.6928,4.2299,4.6104
2020-04-21,1.3895,2.9243,5.5736
2020-04-22,2.4369,2.8597,2.9349
2020-04-23,3.4293,4.9097,4.6527
2020-04-24,3.096,2.9755,3.0563
2020-04-27,1.3504,3.0908,2.4751
2020-04-28,1.2857,3.5811,7.0833
2020-04-29,3.9824,2.8826,2.4967
2020-04-30,4.2873,2.0156,2.081
2020-05-01,4.7682,3.4536,4.3221
2020-05-04,5.2059,2.9535,4.4028
2020-05-05,2.7019,5.2107,5.0008
2020-05-06,2.0332,3.9461,7.0018
2020-05-07,4.5265,2.2854,2.8343
2020-05-08,3.5696,3.8749,3.1323
2020-05-11,1.0263,3.3694,6.4132
2020-05-12,0.9495,4.5713,5.4087
2020-05-13,3.2379,2.3707,5.2001
2020-05-14,2.2341,3.2264,3.1152
2020-05-15,2.4604,2.8811,5.6888
2020-05-18,4.1088,3.0702,5.2048
2020-05-19,3.6386,1.9378,4.2843
2020-05-20,4.4948,3.6911,3.1226
2020-05-21,-0.3973,3.5016,4.16
2020-05-22,2.8801,4.5423,6.4727
2020-05-25,3.542,2.988,2.359
2020-05-26,0.2101,2.5058,2.8003
2020-05-27,1.5177,3.9472,3.0583
2020-05-28,1.2393,2.047,3.3838
2020-05-29,2.5325,4.302,3.9764
2020-06-01,4.9418,4.2994,5.4379
2020-06-02,5.5339,4.5087,4.6921
2020-06-03,1.2786,3.4519,4.0913
2020-06-04,3.2898,2.4162,4.4155
2020-06-05,3.3382,3.131,4.936
2020-06-08,3.0814,3.4561,1.4774
2020-06-09,3.0985,2.3278,5.6074
2020-06-10,2.9556,4.5997,2.7604
2020-06-11,5.0314,3.6961,3.3347
2020-06-12,4.1537,1.9293,4.5107
2020-06-15,0.9098,5.2594,3.8869
2020-06-16,3.6936,3.1169,4.7304
2020-06-17,3.8386,1.6871,4.2127
2020-06-18,2.9725,2.0037,3.566
2020-06-19,4.1971,4.7853,6.2931
2020-06-22,2.7821,5.19,5.0621
2020-06-23,2.8007,4.2114,4.4532
2020-06-24,2.6819,4.5832,5.0388
2020-06-25,-0.5274,4.4599,2.942
2020-06-26,2.3794,3.6683,7.2622
2020-06-29,1.4976,3.3949,2.3685
2020-06-30,0.7203,3.6478,4.1698
2020-07-01,4.651,3.8832,3.5704
2020-07-02,3.2563,2.1101,3.5134
2020-07-03,2.4553,3.8784,3.3186
2020-07-06,1.6528,4.7503,2.8424
2020-07-07,2.9443,2.7524,5.7825
2020-07-08,3.9872,2.6241,2.1929
2020-07-09,1.2596,3.5719,5.4753
2020-07-10,2.4928,2.2204,4.9728
2020-07-13,3.8021,1.4198,3.4287
2020-07-14,-0.404,4.3773,4.7989
2020-07-15,2.4136,2.4589,3.7632
2020-07-16,1.8561,3.0221,2.3485
2020-07-17,2.2993,2.2678,2.3643
2020-07-20,1.7476,4.5321,4.9832
2020-07-21,2.7064,4.0238,4.9054
2020-07-22,5.3854,2.7111,4.363
2020-07-23,2.0141,1.5841,3.4127
2020-07-24,2.9376,2.5837,3.7144
2020-07-27,5.4921,3.6842,3.5117
2020-07-28,1.675,3.2264,1.3796
2020-07-29,5.222,3.1309,4.0919
2020-07-30,2.508,3.254,4.7837
2020-07-31,5.1728,3.9106,4.1014
2020-08-03,3.6253,2.9498,6.6537
2020-08-04,2.9607,3.54,2.4932
2020-08-05,2.4016,1.8157,3.0083
2020-08-06,1.5639,6.0646,4.1995
2020-08-07,2.6137,2.6594,4.3657
2020-08-10,3.846,3.2443,1.1482
2020-08-11,2.4803,3.6798,4.904
2020-08-12,2.0251,2.5071,4.3725
2020-08-13,2.1238,3.0094,0.8209
2020-08-14,3.9887,2.9948,3.8249
2020-08-17,4.3377,1.9032,2.7872
2020-08-18,1.4993,3.5263,3.32
2020-08-19,1.4971,1.0209,1.9928
2020-08-20,3.069,5.1033,4.6243
2020-08-21,4.7913,3.9516,6.6427
2020-08-24,4.219,3.7669,4.3975
2020-08-25,0.6222,0.916,0.7609
2020-08-26,2.1039,2.049,4.4284
2020-08-27,1.1041,4.6672,3.708
2020-08-28,2.0987,7.9815,2.3485
2020-08-31,4.9066,4.4336,4.5304
2020-09-01,0.3661,4.2443,5.3196
2020-09-02,0.0717,3.63,2.9973
2020-09-03,1.2572,1.983,1.5344
2020-09-04,2.931,4.1942,0.9825
2020-09-07,3.4311,1.6786,3.0015
2020-09-08,3.1562,1.5473,3.7667
2020-09-09,4.2635,1.4718,3.226
2020-09-10,-0.1446,4.1709,2.9751
2020-09-11,4.2825,2.9311,4.8518
2020-09-14,2.0319,3.121,4.6942
2020-09-15,3.5972,2.9815,4.2994
2020-09-16,0.5149,1.6491,5.2247
2020-09-17,2.5074,2.1951,3.0155
2020-09-18,2.8544,2.2555,2.3582
2020-09-21,4.2336,1.3137,3.2165
2020-09-22,0.1221,2.3949,3.113
2020-09-23,2.5461,1.7024,0.9231
2020-09-24,0.8721,3.6932,3.1816
2020-09-25,3.2582,3.7932,5.6573
2020-09-28,3.6658,1.4476,5.2013
2020-09-29,4.4308,2.644,4.7878
2020-09-30,1.6975,5.2273,4.1974
2020-10-01,3.8908,1.8231,6.1733
2020-10-02,4.5414,3.512,2.4097
2020-10-05,0.0351,3.1266,2.5528
2020-10-06,3.4185,4.3115,5.6864
2020-10-07,3.9378,3.3546,4.0414
2020-10-08,2.1119,2.4824,2.9932
2020-10-09,0.6838,3.0801,4.8279
2020-10-12,3.9144,3.0976,3.3423
2020-10-13,0.7007,2.89,2.7437
2020-10-14,2.2325,1.4171,2.702
2020-10-15,2.4398,4.4917,4.4823
2020-10-16,3.5733,4.2797,4.3087
2020-10-19,1.5601,1.747,6.2751
2020-10-20,1.4731,2.6391,3.5649
2020-10-21,2.6484,2.7299,3.5393
2020-10-22,4.0096,1.6122,6.1595
2020-10-23,5.9312,0.7598,5.4785
2020-10-26,0.2388,2.1953,4.2173
2020-10-27,2.973,2.5723,1.6585
2020-10-28,0.8702,1.2705,2.7822
2020-10-29,4.0282,3.2124,2.4189
2020-10-30,1.0922,4.3954,4.0547
2020-11-02,1.488,4.0105,3.2375
2020-11-03,1.6161,2.848,6.4044
2020-11-04,2.3857,0.7915,1.6428
2020-11-05,2.9848,3.8588,2.258
2020-11-06,3.2256,3.1757,4.3669
2020-11-09,2.4913,3.5092,4.7822
2020-11-10,0.5052,5.3233,0.1193
2020-11-11,3.5917,2.0102,1.3969
2020-11-12,2.4206,-0.4498,3.6046
2020-11-13,4.2426,1.7359,6.0341
2020-11-16,1.4384,3.5833,6.8316
2020-11-17,0.0966,3.0323,3.3783
2020-11-18,2.449,1.5412,3.744
2020-11-19,4.4439,1.2963,2.7447
2020-11-20,2.7414,2.5745,4.9498
2020-11-23,2.2005,1.5047,6.2928
2020-11-24,1.1945,3.6248,5.884
2020-11-25,5.1366,2.5063,3.9565
2020-11-26,0.9556,2.2475,2.7422
2020-11-27,1.4119,2.0901,4.0123
2020-11-30,3.3551,3.3157,6.0712
2020-12-01,-0.284,3.0511,3.3992
2020-12-02,4.4119,3.2423,1.2769
2020-12-03,3.4363,3.2162,3.46
2020-12-04,3.8488,2.9134,3.5815
2020-12-07,3.3372,1.7602,1.2681
2020-12-08,2.2583,2.1235,4.3481
2020-12-09,0.9053,2.5264,4.759
2020-12-10,2.2899,5.4782,6.7898
2020-12-11,1.0371,1.3814,2.0014
2020-12-14,3.2292,2.4972,5.0958
2020-12-15,3.7102,3.1179,5.4503
2020-12-16,4.7152,2.636,4.7794
2020-12-17,3.0577,4.2888,2.4898
2020-12-18,3.8869,2.6298,2.4026
2020-12-21,2.0543,2.7186,4.1458
2020-12-22,1.7826,3.9776,4.1353
2020-12-23,3.2105,5.1729,3.1608
2020-12-24,1.9203,4.689,5.9375
2020-12-25,2.9038,2.836,3.3989
2020-12-28,0.9082,2.9406,1.1594
2020-12-29,1.1776,3.0561,3.6639
2020-12-30,3.4531,3.1764,4.7204
2020-12-31,3.83,1.9832,4.5129
2021-01-01,1.0215,4.1239,4.5013
2021-01-04,3.5059,3.2479,6.241
2021-01-05,1.7009,2.9462,2.3278
2021-01-06,2.5248,1.4746,3.3644
2021-01-07,4.6254,3.0747,6.3176
2021-01-08,3.7112,0.7281,1.049
2021-01-11,3.6938,2.302,3.9195
2021-01-12,5.3632,2.3243,5.8434
2021-01-13,1.4442,3.3444,5.821
2021-01-14,1.0212,5.2558,4.9902
2021-01-15,1.4168,3.6863,5.0282
2021-01-18,2.1182,4.7381,2.4385
2021-01-19,-1.0318,3.7743,6.0598
2021-01-20,2.1889,4.3501,2.1999
2021-01-21,1.6831,5.2286,2.2894
2021-01-22,3.6756,2.1218,4.5818
2021-01-25,3.0286,2.0435,3.2605
2021-01-26,1.599,3.8026,4.31
2021-01-27,3.3849,2.9956,4.6462
2021-01-28,3.5849,3.2644,6.6672
2021-01-29,1.3472,2.7016,4.6506
2021-02-01,1.7605,2.2845,3.0722
2021-02-02,-0.838,4.9449,5.0147
2021-02-03,0.864,1.6802,2.7524
2021-02-04,1.3863,3.8237,5.3697
2021-02-05,2.6112,3.6291,4.0969
2021-02-08,1.0819,1.1052,4.6008
2021-02-09,1.7298,2.0031,1.329
2021-02-10,0.662,2.2048,0.6239
2021-02-11,2.7567,3.6775,1.7479
2021-02-12,3.1386,2.5596,6.6187
2021-02-15,3.1035,2.8973,2.2778
2021-02-16,2.5185,1.2508,5.0985
2021-02-17,0.1884,5.7911,3.0371
2021-02-18,1.5701,3.0854,3.64
2021-02-19,1.889,3.5988,3.9329
2021-02-22,1.8951,2.3512,6.4657
2021-02-23,2.6125,2.2168,4.8768
2021-02-24,4.6383,5.2952,4.5775
2021-02-25,3.7181,0.6999,5.945
2021-02-26,1.0187,3.3344,3.0502
2021-03-01,3.5176,1.5462,5.6025
2021-03-02,3.4605,2.514,5.352
2021-03-03,1.2909,2.2343,5.3348
2021-03-04,3.7733,1.8168,3.7675
2021-03-05,2.2594,3.0425,3.344
2021-03-08,0.3851,-0.0816,2.6953
2021-03-09,3.1828,2.6214,2.7892
2021-03-10,2.8254,2.8917,2.6245
2021-03-11,2.1585,1.3689,4.5503
2021-03-12,2.4438,4.8159,3.6575
2021-03-15,1.4214,2.2866,4.6471
2021-03-16,3.4152,2.715,4.7318
2021-03-17,2.4348,2.2893,2.4104
2021-03-18,2.7497,2.9021,2.3653
2021-03-19,3.0357,4.5698,3.657
2021-03-22,0.7681,5.9676,2.8373
2021-03-23,1.1586,3.8948,2.6794
2021-03-24,-0.8149,4.3056,6.5435
2021-03-25,3.3471,5.0597,1.7
2021-03-26,0.6817,3.2986,7.0346
2021-03-29,2.6989,4.8843,4.4333
2021-03-30,3.0565,3.9509,5.4794
2021-03-31,3.4035,3.1728,5.3025
2021-04-01,0.694,3.4204,4.9254
2021-04-02,2.4023,0.8143,6.4927
2021-04-05,5.0054,3.3505,2.3764
2021-04-06,5.0715,1.1475,3.7654
2021-04-07,3.981,1.0497,2.7207
2021-04-08,3.0062,3.2315,1.4559
2021-04-09,0.9923,1.6631,3.0081
2021-04-12,3.5779,2.9915,6.8088
2021-04-13,2.263,3.1661,3.7398
2021-04-14,3.3408,3.2197,6.9753
2021-04-15,1.5507,1.9151,7.1287
2021-04-16,2.2406,4.0784,8.4927
2021-04-19,2.7462,2.8929,6.8582
2021-04-20,2.8694,3.5293,7.5372
2021-04-21,3.2406,1.5643,4.4878
2021-04-22,1.6312,2.786,4.3425
2021-04-23,0.4851,4.3168,4.4423
2021-04-26,4.9372,4.1642,4.0001
2021-04-27,6.2339,2.0432,4.2245
2021-04-28,3.1711,2.3453,5.1283
2021-04-29,0.514,1.8136,3.3013
2021-04-30,1.3402,2.2123,1.9336
2021-05-03,3.2637,1.3211,4.5454
2021-05-04,4.5117,2.8342,2.9608
2021-05-05,0.6807,3.7598,3.1161
2021-05-06,2.3135,2.0579,3.7859
2021-05-07,2.7939,2.8913,3.4418
2021-05-10,3.7969,2.7354,5.6651
2021-05-11,1.9846,4.2661,3.7499
2021-05-12,0.1543,2.2661,5.7407
2021-05-13,3.4318,2.3097,4.309
2021-05-14,4.1872,1.9848,3.8672
2021-05-17,2.3761,1.635,4.2373
2021-05-18,3.1079,3.635,2.0626
2021-05-19,1.7883,2.8379,4.5071
2021-05-20,1.2313,3.0658,5.2738
2021-05-21,4.0396,4.5296,5.4863
2021-05-24,3.0812,4.5985,1.9717
2021-05-25,3.2356,1.0245,1.7215
2021-05-26,4.7532,3.7774,3.1948
2021-05-27,0.9177,3.2708,6.077
2021-05-28,1.672,2.4461,4.3315
2021-05-31,2.7369,3.3932,2.838
2021-06-01,1.6535,0.9283,1.8206
2021-06-02,3.6747,4.7552,2.974
2021-06-03,2.2189,3.6179,2.8727
2021-06-04,1.0112,1.9618,5.4034
2021-06-07,2.5987,2.2975,5.5188
2021-06-08,2.7555,0.9562,2.4251
2021-06-09,3.902,2.6233,5.1297
2021-06-10,3.0897,2.4207,4.9761
2021-06-11,3.1917,1.4099,2.2305
2021-06-14,2.9804,3.932,3.8743
2021-06-15,2.2177,4.5322,4.5112
2021-06-16,1.4257,2.9672,4.2449
2021-06-17,2.9333,2.6332,1.4342
2021-06-18,2.0003,3.522,4.1968
2021-06-21,5.0347,2.9764,4.9544
2021-06-22,4.5133,1.7014,6.3694
2021-06-23,3.4493,2.2168,2.9968
2021-06-24,3.0677,2.6443,3.1818
2021-06-25,2.3681,3.2978,3.6867
2021-06-28,0.6083,3.0112,4.4368
2021-06-29,2.1757,3.2524,4.1455
2021-06-30,2.6521,1.1702,4.9065
2021-07-01,2.8442,3.7983,2.3122
2021-07-02,3.2043,3.0041,4.5953
2021-07-05,3.882,6.0633,2.8867
2021-07-06,1.4618,2.5348,3.785
2021-07-07,1.4754,3.3882,6.562
2021-07-08,4.6763,6.3951,1.9026
2021-07-09,3.6565,3.2329,3.5808
2021-07-12,1.9138,2.9188,2.088
2021-07-13,2.3392,1.8157,4.2296
2021-07-14,2.3459,4.8339,5.5723
2021-07-15,2.5474,1.6091,4.2545
2021-07-16,3.209,3.5125,3.8249
2021-07-19,6.3025,2.4317,5.9926
2021-07-20,2.7846,2.7728,4.4958
2021-07-21,3.4939,1.2913,5.2293
2021-07-22,-0.0297,4.6118,5.0729
2021-07-23,1.7727,2.6666,-0.3144
2021-07-26,4.3432,1.5419,3.885
2021-07-27,3.1035,4.5032,2.3829
2021-07-28,-4.0837,2.395,2.756
2021-07-29,3.511,3.4015,6.2119
2021-07-30,5.3772,4.0097,3.4378
2021-08-02,-0.4939,3.5688,6.8389
2021-08-03,4.7791,0.364,1.8885
2021-08-04,-1.6579,3.8344,2.3745
2021-08-05,3.907,2.8793,5.1435
2021-08-06,2.487,2.6052,3.4879
2021-08-09,-1.025,2.8691,4.461
2021-08-10,3.1692,1.068,3.8315
2021-08-11,4.2263,3.2306,3.7861
2021-08-12,3.0458,1.3627,3.5436
2021-08-13,3.3772,2.657,4.2692
2021-08-16,1.8825,3.1875,4.9625
2021-08-17,-0.2921,4.2888,6.4216
2021-08-18,3.5378,2.0165,3.6962
2021-08-19,5.1246,4.7419,3.4095
2021-08-20,4.1944,4.1362,3.2163
2021-08-23,-0.4818,2.4847,6.2047
2021-08-24,0.2277,1.6695,5.0355
2021-08-25,1.231,1.2674,1.1514
2021-08-26,0.1105,3.3261,1.0853
2021-08-27,2.5663,2.1153,2.7549
2021-08-30,3.0901,4.4392,4.3452
2021-08-31,0.3546,2.1846,3.9498
2021-09-01,3.6657,1.9192,4.7722
2021-09-02,3.4017,3.2804,3.7368
2021-09-03,1.6778,2.1767,6.0961
2021-09-06,2.2412,3.0103,5.1582
2021-09-07,-0.4247,4.1832,4.1164
2021-09-08,2.0016,3.1407,5.718
2021-09-09,2.5111,3.1452,1.5266
2021-09-10,2.7531,3.2462,3.8724
2021-09-13,3.0683,0.9683,4.2063
2021-09-14,2.8664,3.4702,4.9031
2021-09-15,2.1035,3.1919,1.4273
2021-09-16,2.9293,4.0715,3.6094
2021-09-17,4.003,3.727,4.6007
2021-09-20,2.3568,2.7577,4.7157
2021-09-21,2.9764,4.2389,5.7792
2021-09-22,2.2207,2.6488,5.1423
2021-09-23,1.5299,3.2966,3.9087
2021-09-24,3.2843,2.6266,5.0125
2021-09-27,1.6672,3.5541,3.698
2021-09-28,3.0792,2.5482,4.2202
2021-09-29,2.5424,4.9771,5.1922
2021-09-30,2.0441,5.4208,3.932
2021-10-01,2.0078,4.0487,4.543
2021-10-04,1.7378,4.8496,5.442
2021-10-05,0.0313,1.1529,5.0682
2021-10-06,3.0743,1.2943,5.8502
2021-10-07,2.8473,2.6141,7.4927
2021-10-08,3.7745,3.0495,5.0544
2021-10-11,1.7028,2.7622,3.3081
2021-10-12,5.3431,1.0294,4.7677
2021-10-13,1.9304,4.3819,4.7032
2021-10-14,1.1873,5.585,4.9203
2021-10-15,1.0095,4.5372,6.2425
2021-10-18,-0.1009,4.3026,1.4738
2021-10-19,4.7989,3.2713,6.2708
2021-10-20,4.5566,1.9884,6.7756
2021-10-21,3.4011,3.087,4.8521
2021-10-22,1.1559,5.5267,4.8882
2021-10-25,5.2169,2.5776,3.6375
2021-10-26,1.9724,2.4541,4.0095
2021-10-27,2.0965,4.3288,5.0469
2021-10-28,4.6559,4.4084,4.9503
2021-10-29,3.4884,1.9825,5.0811
2021-11-01,5.8017,2.6862,4.94
2021-11-02,2.8731,2.3977,5.3476
2021-11-03,1.9045,3.0836,5.18
2021-11-04,1.5823,4.3244,2.4635
2021-11-05,-0.2705,2.0352,5.2484
2021-11-08,2.0821,4.3076,6.7879
2021-11-09,4.2169,3.122,3.9601
2021-11-10,3.3983,5.7914,6.2492
2021-11-11,2.5305,3.3826,2.6241
2021-11-12,1.0076,2.8837,3.9554
2021-11-15,2.8403,3.6897,3.0383
2021-11-16,4.0192,2.5954,6.0688
2021-11-17,3.1461,0.8457,6.4607
2021-11-18,2.7501,2.7114,3.8512
2021-11-19,1.3046,2.6924,5.7566
2021-11-22,3.8008,1.0892,6.4759
2021-11-23,-2.1979,2.9124,3.9506
2021-11-24,3.0743,0.5195,4.1946
2021-11-25,6.3555,2.5828,5.1004
2021-11-26,0.2374,3.2923,2.7362
2021-11-29,2.1379,3.1164,4.1651
2021-11-30,2.4881,2.5067,7.2142
2021-12-01,1.8061,2.8974,3.25
2021-12-02,4.0546,2.0591,5.2807
2021-12-03,3.2087,3.013,4.7857
2021-12-06,2.7285,3.0697,3.7544
2021-12-07,3.6959,1.9197,4.3325
2021-12-08,2.5251,3.3212,6.6289
2021-12-09,7.2698,3.3137,4.8304
2021-12-10,2.727,2.8005,5.0647
2021-12-13,2.7929,5.9053,6.4013
2021-12-14,-0.0657,2.8312,3.5659
2021-12-15,1.6848,2.6649,2.4296
2021-12-16,4.2211,2.4931,6.6525
2021-12-17,0.4968,1.8349,4.2048
2021-12-20,-0.7363,3.8231,5.3404
2021-12-21,2.5485,2.1765,2.8565
2021-12-22,4.5561,2.3185,4.5828
2021-12-23,2.5636,2.3541,2.3546
2021-12-24,1.9958,1.8181,4.0956
2021-12-27,-0.2877,0.8987,3.0281
2021-12-28,3.1784,2.4445,2.6835
2021-12-29,3.4919,4.048,3.5453
2021-12-30,-0.1726,3.2364,0.5599
2021-12-31,4.2018,4.8727,2.2601
2022-01-03,3.6485,3.9011,5.1736
2022-01-04,4.1985,3.6288,4.5215
2022-01-05,3.3753,5.2592,2.3887
2022-01-06,3.4805,2.8834,4.8218
2022-01-07,3.2811,3.0757,2.6827
2022-01-10,3.8027,2.9862,5.0829
2022-01-11,-0.2281,4.8525,3.8265
2022-01-12,0.2484,3.003,3.5123
2022-01-13,1.396,2.2221,3.8634
2022-01-14,2.3053,3.7052,7.8393
2022-01-17,3.0822,2.0205,2.8618
2022-01-18,2.987,3.6402,4.3398
2022-01-19,4.1757,3.4966,5.1721
2022-01-20,4.2227,2.7727,2.5564
2022-01-21,1.1914,3.679,1.6086
2022-01-24,2.8579,1.2147,3.0984
2022-01-25,1.2283,3.1956,5.1392
2022-01-26,2.2176,2.4447,3.487
2022-01-27,2.9827,6.4347,3.6533
2022-01-28,-2.6131,3.187,5.3662
2022-01-31,6.1169,2.2843,2.7905
2022-02-01,3.3496,1.346,3.8669
2022-02-02,1.6064,4.5665,1.7292
2022-02-03,5.3911,2.58,4.4811
2022-02-04,1.9789,2.0504,4.3443
2022-02-07,2.6988,3.4036,5.1933
2022-02-08,1.7693,3.7797,2.2821
2022-02-09,4.978,3.7607,3.7122
2022-02-10,2.3425,3.0237,2.0823
2022-02-11,2.7242,3.191,3.6308
2022-02-14,4.3057,3.2784,6.2227
2022-02-15,3.3777,3.4037,3.5189
2022-02-16,2.4185,3.5099,1.9511
2022-02-17,4.1656,4.3133,2.9802
2022-02-18,6.3077,3.0677,1.5836
2022-02-21,2.9761,2.0198,2.0563
2022-02-22,2.6751,2.8268,5.0065
2022-02-23,2.7559,3.9045,1.8306
2022-02-24,4.4656,0.8562,4.4685
2022-02-25,1.6012,0.8631,4.0386
2022-02-28,2.0825,4.1019,3.2027
2022-03-01,0.1938,4.8241,4.341
2022-03-02,0.7242,1.4818,2.5935
2022-03-03,1.7233,3.1206,5.2613
2022-03-04,2.4161,2.5205,2.9525
2022-03-07,5.1536,2.687,3.4204
2022-03-08,3.304,3.3666,3.242
2022-03-09,1.1319,1.4486,5.0342
2022-03-10,1.408,1.6713,4.8167
2022-03-11,4.5621,2.6385,0.0674
2022-03-14,4.1899,2.8255,4.3814
2022-03-15,2.5422,1.6489,1.3831
2022-03-16,1.8362,3.9476,3.488
2022-03-17,4.1874,2.4989,3.8377
2022-03-18,1.01,2.4938,3.4719
2022-03-21,3.088,3.3392,4.7512
2022-03-22,5.909,2.8453,5.0801
2022-03-23,2.808,4.005,2.8398
2022-03-24,1.3366,1.8799,2.7853
2022-03-25,3.1156,1.3231,3.946
2022-03-28,1.795,2.6283,1.6844
2022-03-29,0.4088,3.0723,3.2845
2022-03-30,3.5516,1.5111,6.0221
2022-03-31,4.1768,1.3347,1.7405
2022-04-01,2.0336,3.2188,3.4898
2022-04-04,1.9341,2.0907,3.1115
2022-04-05,1.0577,1.257,7.0079
2022-04-06,2.2751,4.1584,3.1932
2022-04-07,1.6564,2.2418,3.2803
2022-04-08,0.9835,4.3798,2.4539
2022-04-11,5.3383,3.0342,4.014
2022-04-12,3.1997,3.3537,4.4053
2022-04-13,3.3586,2.7462,2.6713
2022-04-14,3.8251,-0.1862,5.4831
2022-04-15,3.6566,1.6359,4.4066
2022-04-18,1.8803,2.8491,5.2778
2022-04-19,2.9088,3.4377,3.5078
2022-04-20,2.0965,0.8524,4.3648
2022-04-21,3.1577,2.9357,3.6804
2022-04-22,3.0125,1.6533,6.1865
2022-04-25,1.926,3.2815,4.1744
2022-04-26,0.5061,2.9767,4.0131
2022-04-27,2.7194,3.8922,3.3126
2022-04-28,2.1936,4.2802,3.2261
2022-04-29,-0.3356,3.5508,4.3566
2022-05-02,3.2615,4.0325,5.2294
2022-05-03,3.948,2.5796,2.9732
2022-05-04,6.2925,6.3877,4.1899
2022-05-05,1.9132,1.5374,4.2763
2022-05-06,1.6919,2.3667,4.5375
2022-05-09,0.8359,4.0816,1.4388
2022-05-10,2.813,3.9033,2.6129
2022-05-11,2.8035,3.5849,1.9512
2022-05-12,1.2831,3.8104,4.0493
2022-05-13,2.2376,0.4997,2.6485
2022-05-16,-0.468,4.9072,3.2556
2022-05-17,3.8896,2.7553,2.2086
2022-05-18,1.344,4.4951,3.3951
2022-05-19,2.448,0.5598,2.3138
2022-05-20,0.36,3.3079,5.1369
2022-05-23,1.6265,2.3238,4.7188
2022-05-24,2.0806,3.6865,4.2253
2022-05-25,2.4831,3.3805,3.5471
2022-05-26,3.2196,3.4393,0.9435
2022-05-27,4.6586,1.7293,3.3127
2022-05-30,3.5991,2.9316,2.8578
2022-05-31,3.9432,2.7838,4.3709
2022-06-01,4.6692,3.5944,4.9296
2022-06-02,3.3546,4.1872,4.4869
2022-06-03,2.4449,3.1806,5.8946
2022-06-06,4.0137,1.4686,3.1475
2022-06-07,4.1095,3.1291,3.0853
2022-06-08,3.4728,6.1333,5.5568
2022-06-09,0.3181,4.9752,4.2493
2022-06-10,1.2378,-0.5693,3.6295
2022-06-13,2.0877,3.076,6.7698
2022-06-14,3.6694,4.1185,4.8666
2022-06-15,2.468,2.7812,3.7142
2022-06-16,4.2053,2.4479,2.9711
2022-06-17,4.4729,2.6796,5.9898
2022-06-20,4.2988,3.6626,4.3105
2022-06-21,4.3083,1.6218,4.0368
2022-06-22,0.9445,4.4264,5.0144
2022-06-23,3.224,2.9328,5.3201
2022-06-24,1.5887,1.878,4.8248
2022-06-27,0.0264,4.3492,5.326
2022-06-28,2.0688,1.1458,4.6771
2022-06-29,4.4871,2.3337,4.8323
2022-06-30,3.1911,2.314,2.9025
2022-07-01,5.5267,5.5727,6.7155
2022-07-04,2.7658,2.178,2.1495
2022-07-05,6.1717,0.414,4.4641
2022-07-06,2.7663,2.3018,1.9948
2022-07-07,2.5337,3.5467,3.8528
2022-07-08,0.5809,3.9409,3.1431
2022-07-11,4.1658,5.7318,4.2036
2022-07-12,1.7468,4.6883,4.5126
2022-07-13,1.5294,3.2255,2.5655
2022-07-14,4.4218,1.9303,3.9559
2022-07-15,4.2373,4.9488,6.0905
2022-07-18,4.1981,2.5577,2.0316
2022-07-19,1.9567,2.2102,2.7189
2022-07-20,2.4235,2.4995,5.2911
2022-07-21,2.4102,1.4973,4.1163
2022-07-22,3.6738,2.442,4.2267
2022-07-25,4.8303,2.7203,5.5335
2022-07-26,3.0522,3.8768,2.8089
2022-07-27,5.4623,2.5343,3.221
2022-07-28,3.8458,1.479,3.036
2022-07-29,2.1478,1.0755,3.4777
2022-08-01,3.7431,3.2515,6.0093
2022-08-02,5.0589,3.0872,1.4484
2022-08-03,5.4974,2.3348,2.2087
2022-08-04,4.2803,2.4391,1.9515
2022-08-05,2.5385,3.4662,6.1025
2022-08-08,2.175,4.6687,3.0784
2022-08-09,3.3641,2.0638,3.51
2022-08-10,5.011,3.1067,1.578
2022-08-11,3.1507,4.1499,3.6064
2022-08-12,3.1818,2.0687,5.2998
2022-08-15,2.5771,2.9812,4.3794
2022-08-16,2.0082,2.9544,3.8382
2022-08-17,2.2568,1.4264,1.6527
2022-08-18,2.7031,3.2022,3.5081
2022-08-19,5.0771,3.0379,4.2204
2022-08-22,2.1404,3.6661,2.5123
2022-08-23,2.5789,1.5757,4.9823
2022-08-24,1.2019,3.012,5.3276
2022-08-25,3.5749,4.6581,3.207
2022-08-26,4.55,5.493,5.0887
2022-08-29,4.9367,4.5362,3.8354
2022-08-30,2.805,1.5875,5.7207
2022-08-31,3.3615,3.5413,7.0512
2022-09-01,2.2697,2.4202,2.3595
2022-09-02,3.292,3.3407,5.1542
2022-09-05,2.9709,2.0733,5.9574
2022-09-06,2.5874,0.9438,2.544
2022-09-07,2.7066,2.5866,3.1373
2022-09-08,3.1779,3.8671,3.1204
2022-09-09,2.0588,3.3456,3.8008
2022-09-12,2.1363,3.4835,3.4655
2022-09-13,5.061,3.2596,3.7026
2022-09-14,6.5658,3.4854,5.257
2022-09-15,0.6934,3.6354,1.1563
2022-09-16,0.6108,2.6704,2.5392
2022-09-19,1.0643,3.0995,5.0049
2022-09-20,2.3451,5.0919,4.8292
2022-09-21,3.8437,3.1704,2.4122
2022-09-22,3.3869,3.0511,4.8396
2022-09-23,2.758,3.1235,5.9903
2022-09-26,3.2934,2.7385,3.9265
2022-09-27,1.4619,2.4776,2.4881
2022-09-28,2.1338,3.2504,5.3124
2022-09-29,2.4699,2.3931,6.5846
2022-09-30,0.1237,2.8254,2.6708
2022-10-03,0.758,2.0514,4.0589
2022-10-04,0.8177,3.1296,5.6352
2022-10-05,3.6462,3.701,4.173
2022-10-06,2.868,2.7457,1.3791
2022-10-07,3.4166,0.5899,4.6651
2022-10-10,-0.2595,3.7084,2.5318
2022-10-11,0.2746,3.1442,2.0939
2022-10-12,3.4948,1.8081,1.4084
2022-10-13,-1.668,3.9279,5.7856
2022-10-14,4.3369,1.3219,2.7479
2022-10-17,-0.235,4.2545,4.5
2022-10-18,3.765,2.9312,4.8684
2022-10-19,1.1671,0.2774,4.2427
2022-10-20,4.0734,3.214,4.4449
2022-10-21,7.3122,2.5126,4.5716
2022-10-24,-0.9098,2.3318,4.2071
2022-10-25,3.5431,2.1147,2.8598
2022-10-26,-0.2122,2.8473,2.726
2022-10-27,3.1402,2.4178,3.8425
2022-10-28,2.1898,0.772,3.8108
2022-10-31,2.6947,4.5265,4.644
2022-11-01,1.1325,2.7068,5.6525
2022-11-02,3.6708,2.1217,4.5159
2022-11-03,0.3275,1.6459,2.7837
2022-11-04,4.3625,3.9249,0.7283
2022-11-07,1.8861,1.4419,2.8466
2022-11-08,0.396,3.1608,1.9833
2022-11-09,4.8924,2.2996,2.9044
2022-11-10,2.399,2.3695,4.3634
2022-11-11,5.3615,1.6757,4.1266
2022-11-14,4.332,2.2556,6.7873
2022-11-15,1.3028,3.0106,4.7246
2022-11-16,2.3725,3.2824,6.8638
2022-11-17,2.6816,2.0573,5.0727
2022-11-18,4.7895,2.8909,5.6286
2022-11-21,3.1563,4.0661,3.4616
2022-11-22,2.7644,1.0048,2.3882
2022-11-23,2.2002,2.9925,3.3266
2022-11-24,2.4242,1.8591,3.9822
2022-11-25,4.4569,1.7368,3.0578
2022-11-28,2.5056,3.3132,2.4983
2022-11-29,1.9075,2.3457,4.6253
2022-11-30,1.6532,1.5398,2.4919
2022-12-01,1.6694,4.5891,1.6998
2022-12-02,0.3969,4.1041,2.3169
2022-12-05,1.3744,0.6812,3.6485
2022-12-06,4.7476,1.2307,2.5136
2022-12-07,2.1901,3.7121,3.6579
2022-12-08,3.5566,2.6582,4.9007
2022-12-09,-1.2181,4.8007,4.8617
2022-12-12,3.3525,3.7396,3.0088
2022-12-13,2.258,3.3594,2.0441
2022-12-14,1.7778,1.7738,3.1366
2022-12-15,2.7714,3.5897,4.9835
2022-12-16,1.7563,1.4691,5.3338
2022-12-19,-0.6858,4.5663,4.5293
2022-12-20,3.8834,3.5066,5.8022
2022-12-21,2.8645,2.0102,6.5938
2022-12-22,2.0291,3.9656,3.2752
2022-12-23,1.0507,5.6898,6.2298
2022-12-26,0.2952,2.7389,3.6092
2022-12-27,2.8358,3.6605,5.5298
2022-12-28,4.9202,2.4818,5.0629
2022-12-29,2.8047,3.1024,1.0344
2022-12-30,0.4259,1.1913,2.5507
2023-01-02,2.8377,2.9994,2.1681
2023-01-03,2.42,3.0523,1.3269
2023-01-04,3.7961,5.1588,5.319
2023-01-05,3.4101,0.846,7.1032
2023-01-06,-1.9787,2.6629,3.6135
2023-01-09,3.3179,4.5457,5.2812
2023-01-10,0.9948,2.7099,6.2269
2023-01-11,0.3674,2.7944,4.3125
2023-01-12,2.2173,2.0001,3.962
2023-01-13,3.1165,1.8809,3.6315
2023-01-16,0.0389,0.809,4.8063
2023-01-17,3.5569,2.2449,5.312
2023-01-18,3.645,1.8128,4.6927
2023-01-19,2.5705,3.1416,4.6412
2023-01-20,1.1986,2.0548,3.9232
2023-01-23,1.0309,2.4245,1.6106
2023-01-24,4.0389,2.4574,5.3466
2023-01-25,0.2332,2.9422,2.0731
2023-01-26,4.0967,2.3658,4.9291
2023-01-27,2.2522,1.7259,5.1336
2023-01-30,2.3562,3.1029,2.2894
2023-01-31,-0.0621,4.281,3.0883
2023-02-01,2.2799,3.1542,7.1822
2023-02-02,3.4204,2.2682,3.8808
2023-02-03,0.4954,2.8522,2.1697
2023-02-06,3.248,0.5392,5.2013
2023-02-07,2.6335,2.8327,2.841
2023-02-08,1.5344,2.5196,1.1192
2023-02-09,3.782,1.8798,4.7797
2023-02-10,-0.8034,2.0975,2.6251
2023-02-13,3.02,2.5077,4.4818
2023-02-14,4.9292,4.1909,2.781
2023-02-15,4.6599,4.3105,5.0608
2023-02-16,3.0847,1.8862,4.2752
2023-02-17,2.0475,2.3783,0.1162
2023-02-20,1.5463,2.4089,4.573
2023-02-21,2.0456,3.9715,3.5654
2023-02-22,3.3157,3.1746,6.1251
2023-02-23,1.2891,3.1113,4.5928
2023-02-24,3.6361,3.6435,5.1342
2023-02-27,5.6997,2.2843,2.9342
2023-02-28,2.4072,4.6367,2.8149
2023-03-01,0.4834,2.9979,3.9615
2023-03-02,0.4829,1.9729,3.4591
2023-03-03,3.6648,2.7244,6.007
2023-03-06,2.4104,4.4783,3.77
2023-03-07,3.8152,2.4898,2.1628
2023-03-08,1.6995,4.1395,2.7586
2023-03-09,3.7459,2.2496,5.4476
2023-03-10,2.2626,2.0812,3.7491
2023-03-13,1.4012,3.7915,3.6689
2023-03-14,1.8985,1.9512,5.5903
2023-03-15,0.7044,3.987,2.6279
2023-03-16,5.484,3.422,0.6472
2023-03-17,2.3554,1.9517,2.7207
2023-03-20,3.4668,2.9143,4.3631
2023-03-21,1.6947,2.3415,3.6257
2023-03-22,0.9221,3.4188,1.6594
2023-03-23,2.1492,5.2654,5.5241
2023-03-24,4.1518,2.5552,4.2452
2023-03-27,1.7189,3.6405,4.5835
2023-03-28,1.1942,3.0293,4.6294
2023-03-29,2.7332,3.0289,2.0522
2023-03-30,3.2485,2.8018,4.4543
2023-03-31,4.9643,1.9711,5.3612
2023-04-03,3.0306,3.4022,5.7105
2023-04-04,3.466,2.6535,5.0819
2023-04-05,3.5789,1.9142,4.7697
2023-04-06,0.7705,4.217,1.3939
2023-04-07,1.055,3.1188,3.9776
2023-04-10,0.8742,2.7263,2.5651
2023-04-11,0.5018,4.6081,5.9233
2023-04-12,3.6932,0.7967,5.6956
2023-04-13,2.9351,4.5274,2.5742
2023-04-14,2.6192,1.9438,3.931
2023-04-17,-1.3891,3.2538,4.3728
2023-04-18,5.5832,2.2943,5.3512
2023-04-19,1.1586,1.8924,1.4866
2023-04-20,5.5777,4.5767,0.6856
2023-04-21,0.3261,5.2275,4.0572
2023-04-24,1.2814,2.7345,0.2029
2023-04-25,-0.8043,3.4026,4.2379
2023-04-26,3.0432,3.0684,4.8883
2023-04-27,0.8481,5.0766,5.8541
2023-04-28,0.8905,0.4642,3.0661
2023-05-01,0.4412,3.4525,4.2418
2023-05-02,3.666,2.1274,4.9773
2023-05-03,3.5672,0.1728,2.2364
2023-05-04,5.2181,2.5674,5.373
2023-05-05,1.4714,5.2177,4.4115
2023-05-08,2.8282,2.2127,3.0918
2023-05-09,0.566,3.9489,4.2121
2023-05-10,1.9974,4.4384,3.791
2023-05-11,1.7217,2.9848,5.1701
2023-05-12,3.1967,3.1445,3.4593
2023-05-15,4.0255,0.9404,4.3406
2023-05-16,3.9866,2.1406,3.0686
2023-05-17,1.2358,4.0884,2.5932
2023-05-18,3.9977,3.0728,4.2573
2023-05-19,2.4339,3.4408,2.6548
2023-05-22,2.0131,3.1598,5.2009
2023-05-23,1.4372,5.6304,4.8883
2023-05-24,1.6601,2.4834,2.8523
2023-05-25,5.1135,4.9265,4.3207
2023-05-26,2.9611,3.1602,2.8455
2023-05-29,2.7619,5.033,1.5935
2023-05-30,2.1066,1.53,3.1042
2023-05-31,6.169,3.2216,3.9245
2023-06-01,4.4575,2.5276,4.7821
2023-06-02,1.4184,3.1674,4.2242
2023-06-05,2.0896,4.4669,5.3615
2023-06-06,2.1786,3.4546,2.5283
2023-06-07,2.7188,4.4645,3.435
2023-06-08,1.4482,2.1957,6.4666
2023-06-09,3.1582,2.0126,1.1034
2023-06-12,4.6781,3.0193,3.3221
2023-06-13,0.5296,2.9536,2.3928
2023-06-14,0.8078,2.777,3.7069
2023-06-15,1.7753,1.8496,3.3483
2023-06-16,1.8448,4.4384,4.9032
2023-06-19,5.4977,2.5646,4.3833
2023-06-20,4.0026,4.7113,2.0416
2023-06-21,3.9165,3.0153,3.1178
2023-06-22,2.1035,3.7781,3.9998
2023-06-23,2.0705,3.6693,5.1091
2023-06-26,0.3224,2.0109,7.6494
2023-06-27,3.6726,3.4406,5.0542
2023-06-28,3.2366,5.314,2.4813
2023-06-29,4.429,3.3019,3.8592
2023-06-30,2.1838,4.0815,4.2715
2023-07-03,2.2873,3.8319,3.2209
2023-07-04,2.7551,3.3685,4.7054
2023-07-05,3.8378,3.2238,0.5929
2023-07-06,0.2947,3.6568,4.8297
2023-07-07,3.6041,3.9159,3.2854
2023-07-10,2.4693,1.3774,3.8354
2023-07-11,0.912,3.2968,6.1986
2023-07-12,-0.6269,2.7791,2.1077
2023-07-13,2.2953,2.5302,4.4091
2023-07-14,4.6716,4.5552,5.1909
2023-07-17,5.012,2.1202,4.2555
2023-07-18,3.0331,1.3263,1.5787
2023-07-19,5.443,3.9549,6.0256
2023-07-20,2.4356,1.2955,3.683
2023-07-21,3.93,0.6865,3.2087
2023-07-24,1.8232,4.0899,3.5343
2023-07-25,1.7281,3.1905,3.4268
2023-07-26,1.4837,3.5673,2.2147
2023-07-27,-0.5908,2.4691,4.2474
2023-07-28,4.4306,1.3387,3.1042
2023-07-31,1.5376,1.5771,5.0063
2023-08-01,1.2978,2.6734,4.7764
2023-08-02,0.73,1.4731,6.4385
2023-08-03,2.1935,3.3685,3.6826
2023-08-04,5.1452,2.4451,2.7951
2023-08-07,5.6407,3.222,1.7954
2023-08-08,0.0087,3.1862,7.29
2023-08-09,1.9683,3.4642,4.9932
2023-08-10,0.9485,3.5994,2.9614
2023-08-11,3.9825,2.5873,6.5397
2023-08-14,2.9299,3.2208,6.0342
2023-08-15,1.5451,3.2832,1.9731
2023-08-16,2.6089,0.0853,2.8698
2023-08-17,1.7839,3.7758,3.8015
2023-08-18,4.9214,3.1799,2.3949
2023-08-21,3.3204,3.6769,3.8551
2023-08-22,3.5047,1.4558,5.0679
2023-08-23,-1.5004,2.6211,1.9401
2023-08-24,2.3998,1.6902,4.4395
2023-08-25,5.6248,3.8935,5.7527
2023-08-28,4.4892,1.3139,4.6003
2023-08-29,-0.2706,1.8856,3.8866
2023-08-30,2.0299,3.6412,2.9978
2023-08-31,0.6977,2.2448,5.2463
2023-09-01,5.0667,1.8859,2.2346
2023-09-04,2.8664,4.0881,4.3642
2023-09-05,1.3483,4.1373,4.0383
2023-09-06,2.5512,3.8665,5.6884
2023-09-07,-1.411,4.0185,3.1259
2023-09-08,0.8726,2.7221,3.2534
2023-09-11,2.5547,2.7545,2.1372
2023-09-12,3.7685,2.2223,4.6559
2023-09-13,-0.412,3.2013,3.3643
2023-09-14,1.9283,2.3665,2.7069
2023-09-15,4.0145,2.4803,2.8498
2023-09-18,0.3228,3.7199,4.8057
2023-09-19,2.8438,4.4214,2.3456
2023-09-20,2.599,3.4779,2.4788
2023-09-21,5.0716,5.1532,5.3445
2023-09-22,2.1548,2.1534,3.7508
2023-09-25,2.2426,0.7944,5.4332
2023-09-26,3.7824,3.8576,3.461
2023-09-27,0.5105,2.0738,3.9983
2023-09-28,2.1687,2.6716,4.2344
2023-09-29,1.8164,0.8762,6.0809
2023-10-02,2.2916,1.9209,5.9588
2023-10-03,3.7726,1.1973,5.7299
2023-10-04,3.3312,2.4788,3.0568
2023-10-05,1.377,2.5265,2.5198
2023-10-06,2.705,3.108,5.1412
