date,Close_VIX
2000-01-03,21.19
2000-01-04,13.5
2000-01-05,22.71
2000-01-06,18.34
2000-01-07,5.43
2000-01-10,26.01
2000-01-11,17.22
2000-01-12,22.96
2000-01-13,32.69
2000-01-14,20.15
2000-01-17,9.4
2000-01-18,12.55
2000-01-19,26.13
2000-01-20,6.35
2000-01-21,20.11
2000-01-24,21.0
2000-01-25,8.8
2000-01-26,19.35
2000-01-27,22.45
2000-01-28,11.82
2000-01-31,14.16
2000-02-01,22.35
2000-02-02,7.61
2000-02-03,10.96
2000-02-04,25.63
2000-02-07,18.68
2000-02-08,6.67
2000-02-09,18.09
2000-02-10,33.53
2000-02-11,5.89
2000-02-14,24.53
2000-02-15,24.07
2000-02-16,16.59
2000-02-17,22.84
2000-02-18,12.61
2000-02-21,30.36
2000-02-22,31.76
2000-02-23,10.96
2000-02-24,16.29
2000-02-25,19.06
2000-02-28,13.0
2000-02-29,20.82
2000-03-01,9.7
2000-03-02,22.62
2000-03-03,15.59
2000-03-06,17.61
2000-03-07,21.77
2000-03-08,25.41
2000-03-09,10.13
2000-03-10,24.31
2000-03-13,25.03
2000-03-14,17.08
2000-03-15,30.3
2000-03-16,11.88
2000-03-17,13.64
2000-03-20,21.06
2000-03-21,12.56
2000-03-22,29.14
2000-03-23,19.58
2000-03-24,31.76
2000-03-27,9.57
2000-03-28,10.4
2000-03-29,28.69
2000-03-30,9.62
2000-03-31,26.6
2000-04-03,11.54
2000-04-04,20.12
2000-04-05,27.33
2000-04-06,17.53
2000-04-07,8.83
2000-04-10,14.1
2000-04-11,27.11
2000-04-12,19.56
2000-04-13,23.67
2000-04-14,18.7
2000-04-17,20.32
2000-04-18,16.5
2000-04-19,9.9
2000-04-20,22.38
2000-04-21,19.49
2000-04-24,2.17
2000-04-25,18.08
2000-04-26,25.81
2000-04-27,33.49
2000-04-28,7.19
2000-05-01,18.93
2000-05-02,22.49
2000-05-03,24.09
2000-05-04,12.45
2000-05-05,22.12
2000-05-08,14.69
2000-05-09,17.67
2000-05-10,13.76
2000-05-11,20.49
2000-05-12,14.92
2000-05-15,20.45
2000-05-16,17.35
2000-05-17,25.36
2000-05-18,31.49
2000-05-19,17.4
2000-05-22,12.16
2000-05-23,16.19
2000-05-24,13.76
2000-05-25,4.75
2000-05-26,18.22
2000-05-29,14.1
2000-05-30,25.24
2000-05-31,17.0
2000-06-01,25.44
2000-06-02,24.16
2000-06-05,14.04
2000-06-06,15.39
2000-06-07,13.81
2000-06-08,14.38
2000-06-09,24.58
2000-06-12,13.85
2000-06-13,14.64
2000-06-14,11.56
2000-06-15,29.18
2000-06-16,15.1
2000-06-19,16.73
2000-06-20,11.04
2000-06-21,19.79
2000-06-22,11.66
2000-06-23,12.57
2000-06-26,1.6
2000-06-27,4.74
2000-06-28,19.36
2000-06-29,23.92
2000-06-30,4.54
2000-07-03,19.14
2000-07-04,19.32
2000-07-05,42.17
2000-07-06,9.89
2000-07-07,12.46
2000-07-10,9.41
2000-07-11,24.4
2000-07-12,26.17
2000-07-13,15.65
2000-07-14,29.94
2000-07-17,34.63
2000-07-18,14.1
2000-07-19,22.24
2000-07-20,16.29
2000-07-21,12.77
2000-07-24,14.14
2000-07-25,15.97
2000-07-26,7.59
2000-07-27,17.19
2000-07-28,24.27
2000-07-31,10.36
2000-08-01,13.72
2000-08-02,10.63
2000-08-03,20.95
2000-08-04,17.09
2000-08-07,25.36
2000-08-08,15.41
2000-08-09,6.18
2000-08-10,22.44
2000-08-11,15.55
2000-08-14,27.08
2000-08-15,23.68
2000-08-16,-3.08
2000-08-17,2.15
2000-08-18,18.18
2000-08-21,11.91
2000-08-22,-0.01
2000-08-23,13.65
2000-08-24,28.24
2000-08-25,23.01
2000-08-28,10.84
2000-08-29,20.21
2000-08-30,26.04
2000-08-31,16.45
2000-09-01,32.11
2000-09-04,12.26
2000-09-05,34.77
2000-09-06,30.2
2000-09-07,22.09
2000-09-08,19.74
2000-09-11,18.21
2000-09-12,10.47
2000-09-13,25.79
2000-09-14,28.13
2000-09-15,24.23
2000-09-18,20.21
2000-09-19,18.81
2000-09-20,10.5
2000-09-21,12.71
2000-09-22,6.4
2000-09-25,21.82
2000-09-26,10.74
2000-09-27,24.66
2000-09-28,12.66
2000-09-29,29.33
2000-10-02,30.51
2000-10-03,30.22
2000-10-04,27.11
2000-10-05,15.52
2000-10-06,15.45
2000-10-09,12.06
2000-10-10,20.59
2000-10-11,31.37
2000-10-12,9.24
2000-10-13,37.34
2000-10-16,13.41
2000-10-17,8.61
2000-10-18,20.67
2000-10-19,26.57
2000-10-20,15.09
2000-10-23,9.79
2000-10-24,31.98
2000-10-25,9.15
2000-10-26,25.92
2000-10-27,19.17
2000-10-30,14.97
2000-10-31,18.34
2000-11-01,9.25
2000-11-02,9.06
2000-11-03,20.41
2000-11-06,9.65
2000-11-07,11.8
2000-11-08,29.55
2000-11-09,32.35
2000-11-10,26.82
2000-11-13,25.12
2000-11-14,15.95
2000-11-15,18.69
2000-11-16,12.06
2000-11-17,-4.5
2000-11-20,19.53
2000-11-21,19.73
2000-11-22,25.85
2000-11-23,8.37
2000-11-24,27.14
2000-11-27,13.63
2000-11-28,8.03
2000-11-29,15.86
2000-11-30,25.35
2000-12-01,17.82
2000-12-04,21.44
2000-12-05,10.86
2000-12-06,21.72
2000-12-07,25.77
2000-12-08,10.82
2000-12-11,21.25
2000-12-12,7.14
2000-12-13,19.72
2000-12-14,5.93
2000-12-15,21.13
2000-12-18,17.84
2000-12-19,8.92
2000-12-20,20.77
2000-12-21,10.01
2000-12-22,18.58
2000-12-25,10.6
2000-12-26,22.19
2000-12-27,13.43
2000-12-28,29.36
2000-12-29,21.56
2001-01-01,22.22
2001-01-02,7.3
2001-01-03,1.27
2001-01-04,11.58
2001-01-05,32.44
2001-01-08,10.45
2001-01-09,27.74
2001-01-10,28.02
2001-01-11,13.31
2001-01-12,16.29
2001-01-15,28.44
2001-01-16,15.94
2001-01-17,14.74
2001-01-18,13.39
2001-01-19,18.57
2001-01-22,17.12
2001-01-23,27.87
2001-01-24,19.89
2001-01-25,27.43
2001-01-26,17.15
2001-01-29,38.01
2001-01-30,17.08
2001-01-31,16.84
2001-02-01,11.63
2001-02-02,4.51
2001-02-05,11.09
2001-02-06,19.71
2001-02-07,10.1
2001-02-08,24.64
2001-02-09,5.02
2001-02-12,4.66
2001-02-13,20.46
2001-02-14,21.08
2001-02-15,9.01
2001-02-16,26.67
2001-02-19,29.09
2001-02-20,20.93
2001-02-21,7.79
2001-02-22,27.99
2001-02-23,15.77
2001-02-26,16.65
2001-02-27,21.92
2001-02-28,12.51
2001-03-01,30.12
2001-03-02,13.11
2001-03-05,26.58
2001-03-06,24.24
2001-03-07,32.21
2001-03-08,22.12
2001-03-09,24.98
2001-03-12,15.0
2001-03-13,16.27
2001-03-14,13.32
2001-03-15,24.18
2001-03-16,13.0
2001-03-19,30.24
2001-03-20,17.34
2001-03-21,8.79
2001-03-22,12.95
2001-03-23,27.51
2001-03-26,14.44
2001-03-27,23.0
2001-03-28,5.75
2001-03-29,21.9
2001-03-30,24.49
2001-04-02,22.4
2001-04-03,24.64
2001-04-04,10.58
2001-04-05,5.28
2001-04-06,8.02
2001-04-09,25.15
2001-04-10,21.69
2001-04-11,24.9
2001-04-12,14.07
2001-04-13,24.95
2001-04-16,6.29
2001-04-17,21.84
2001-04-18,10.34
2001-04-19,15.2
2001-04-20,23.85
2001-04-23,25.6
2001-04-24,17.41
2001-04-25,15.86
2001-04-26,29.44
2001-04-27,26.97
2001-04-30,13.37
2001-05-01,21.08
2001-05-02,17.11
2001-05-03,26.49
2001-05-04,22.45
2001-05-07,22.28
2001-05-08,19.61
2001-05-09,14.61
2001-05-10,27.61
2001-05-11,22.17
2001-05-14,0.54
2001-05-15,15.9
2001-05-16,21.03
2001-05-17,13.05
2001-05-18,11.6
2001-05-21,13.87
2001-05-22,21.68
2001-05-23,11.34
2001-05-24,21.8
2001-05-25,29.67
2001-05-28,26.42
2001-05-29,26.72
2001-05-30,17.22
2001-05-31,28.31
2001-06-01,19.08
2001-06-04,25.93
2001-06-05,9.94
2001-06-06,28.83
2001-06-07,14.29
2001-06-08,19.15
2001-06-11,27.27
2001-06-12,18.89
2001-06-13,15.14
2001-06-14,17.57
2001-06-15,27.53
2001-06-18,27.65
2001-06-19,24.1
2001-06-20,13.82
2001-06-21,15.57
2001-06-22,23.99
2001-06-25,24.68
2001-06-26,13.08
2001-06-27,13.17
2001-06-28,24.24
2001-06-29,27.37
2001-07-02,19.36
2001-07-03,9.25
2001-07-04,31.31
2001-07-05,18.98
2001-07-06,22.35
2001-07-09,1.56
2001-07-10,12.86
2001-07-11,17.05
2001-07-12,20.98
2001-07-13,11.42
2001-07-16,6.21
2001-07-17,5.29
2001-07-18,15.25
2001-07-19,20.56
2001-07-20,20.19
2001-07-23,4.48
2001-07-24,12.5
2001-07-25,17.31
2001-07-26,25.93
2001-07-27,22.44
2001-07-30,20.06
2001-07-31,4.7
2001-08-01,26.58
2001-08-02,17.26
2001-08-03,19.66
2001-08-06,12.63
2001-08-07,16.33
2001-08-08,15.25
2001-08-09,14.7
2001-08-10,10.93
2001-08-13,23.25
2001-08-14,25.06
2001-08-15,13.66
2001-08-16,11.34
2001-08-17,11.42
2001-08-20,15.51
2001-08-21,29.14
2001-08-22,16.83
2001-08-23,32.32
2001-08-24,7.93
2001-08-27,9.3
2001-08-28,11.71
2001-08-29,11.11
2001-08-30,20.48
2001-08-31,31.64
2001-09-03,12.12
2001-09-04,20.62
2001-09-05,28.4
2001-09-06,36.88
2001-09-07,19.61
2001-09-10,25.74
2001-09-11,28.44
2001-09-12,18.77
2001-09-13,22.5
2001-09-14,15.26
2001-09-17,11.05
2001-09-18,13.37
2001-09-19,27.16
2001-09-20,28.64
2001-09-21,20.05
2001-09-24,8.46
2001-09-25,27.83
2001-09-26,18.12
2001-09-27,29.95
2001-09-28,18.95
2001-10-01,9.07
2001-10-02,15.93
2001-10-03,12.91
2001-10-04,30.72
2001-10-05,0.26
2001-10-08,13.53
2001-10-09,15.72
2001-10-10,2.08
2001-10-11,21.57
2001-10-12,23.06
2001-10-15,24.91
2001-10-16,24.79
2001-10-17,17.45
2001-10-18,25.65
2001-10-19,14.7
2001-10-22,18.46
2001-10-23,19.96
2001-10-24,18.8
2001-10-25,22.27
2001-10-26,13.05
2001-10-29,17.25
2001-10-30,13.58
2001-10-31,18.76
2001-11-01,20.68
2001-11-02,12.29
2001-11-05,29.65
2001-11-06,33.55
2001-11-07,22.65
2001-11-08,19.02
2001-11-09,13.36
2001-11-12,16.95
2001-11-13,16.59
2001-11-14,23.77
2001-11-15,18.27
2001-11-16,23.88
2001-11-19,22.8
2001-11-20,14.54
2001-11-21,7.89
2001-11-22,9.06
2001-11-23,9.96
2001-11-26,18.15
2001-11-27,27.68
2001-11-28,11.09
2001-11-29,23.51
2001-11-30,17.01
2001-12-03,28.34
2001-12-04,36.12
2001-12-05,26.81
2001-12-06,21.11
2001-12-07,22.44
2001-12-10,28.81
2001-12-11,16.21
2001-12-12,12.39
2001-12-13,19.87
2001-12-14,31.22
2001-12-17,12.98
2001-12-18,27.34
2001-12-19,25.47
2001-12-20,16.8
2001-12-21,12.31
2001-12-24,5.65
2001-12-25,9.36
2001-12-26,19.8
2001-12-27,24.28
2001-12-28,13.48
2001-12-31,13.92
2002-01-01,12.31
2002-01-02,37.66
2002-01-03,7.5
2002-01-04,6.66
2002-01-07,26.7
2002-01-08,9.61
2002-01-09,26.17
2002-01-10,11.66
2002-01-11,26.35
2002-01-14,29.11
2002-01-15,14.53
2002-01-16,18.0
2002-01-17,10.31
2002-01-18,25.09
2002-01-21,15.63
2002-01-22,10.6
2002-01-23,21.58
2002-01-24,21.01
2002-01-25,17.7
2002-01-28,14.64
2002-01-29,25.66
2002-01-30,12.85
2002-01-31,11.19
2002-02-01,16.06
2002-02-04,22.13
2002-02-05,14.92
2002-02-06,12.97
2002-02-07,9.84
2002-02-08,11.61
2002-02-11,12.64
2002-02-12,33.73
2002-02-13,3.74
2002-02-14,14.26
2002-02-15,18.41
2002-02-18,10.87
2002-02-19,8.42
2002-02-20,22.31
2002-02-21,28.87
2002-02-22,26.67
2002-02-25,18.04
2002-02-26,14.38
2002-02-27,23.16
2002-02-28,4.78
2002-03-01,11.21
2002-03-04,29.58
2002-03-05,21.33
2002-03-06,19.2
2002-03-07,16.42
2002-03-08,14.88
2002-03-11,11.19
2002-03-12,22.54
2002-03-13,21.97
2002-03-14,22.09
2002-03-15,-1.51
2002-03-18,28.18
2002-03-19,24.8
2002-03-20,30.48
2002-03-21,13.48
2002-03-22,0.62
2002-03-25,7.56
2002-03-26,10.88
2002-03-27,34.03
2002-03-28,11.96
2002-03-29,14.26
2002-04-01,25.95
2002-04-02,25.14
2002-04-03,25.74
2002-04-04,14.27
2002-04-05,32.93
2002-04-08,21.2
2002-04-09,11.22
2002-04-10,21.27
2002-04-11,6.71
2002-04-12,8.05
2002-04-15,12.54
2002-04-16,8.51
2002-04-17,14.02
2002-04-18,12.79
2002-04-19,14.22
2002-04-22,11.01
2002-04-23,26.93
2002-04-24,10.02
2002-04-25,13.74
2002-04-26,10.71
2002-04-29,13.24
2002-04-30,7.63
2002-05-01,34.83
2002-05-02,15.81
2002-05-03,24.56
2002-05-06,15.08
2002-05-07,7.59
2002-05-08,13.88
2002-05-09,12.55
2002-05-10,8.17
2002-05-13,18.87
2002-05-14,30.92
2002-05-15,19.56
2002-05-16,26.34
2002-05-17,28.4
2002-05-20,2.61
2002-05-21,33.28
2002-05-22,7.55
2002-05-23,32.77
2002-05-24,19.82
2002-05-27,22.94
2002-05-28,35.8
2002-05-29,26.56
2002-05-30,5.32
2002-05-31,3.75
2002-06-03,8.56
2002-06-04,26.19
2002-06-05,20.68
2002-06-06,25.34
2002-06-07,21.55
2002-06-10,27.82
2002-06-11,9.8
2002-06-12,3.36
2002-06-13,12.66
2002-06-14,24.51
2002-06-17,9.92
2002-06-18,-0.72
2002-06-19,13.64
2002-06-20,23.47
2002-06-21,21.32
2002-06-24,15.24
2002-06-25,13.88
2002-06-26,1.09
2002-06-27,17.63
2002-06-28,32.92
2002-07-01,13.77
2002-07-02,30.74
2002-07-03,7.75
2002-07-04,14.28
2002-07-05,13.67
2002-07-08,17.26
2002-07-09,3.0
2002-07-10,26.79
2002-07-11,14.61
2002-07-12,-0.16
2002-07-15,22.21
2002-07-16,18.16
2002-07-17,6.82
2002-07-18,16.09
2002-07-19,23.54
2002-07-22,22.69
2002-07-23,19.93
2002-07-24,11.94
2002-07-25,19.64
2002-07-26,27.72
2002-07-29,34.95
2002-07-30,22.69
2002-07-31,24.27
2002-08-01,25.57
2002-08-02,15.83
2002-08-05,3.89
2002-08-06,13.29
2002-08-07,16.14
2002-08-08,19.31
2002-08-09,17.22
2002-08-12,11.04
2002-08-13,12.18
2002-08-14,14.35
2002-08-15,8.95
2002-08-16,9.04
2002-08-19,1.71
2002-08-20,12.33
2002-08-21,15.82
2002-08-22,9.57
2002-08-23,12.48
2002-08-26,15.19
2002-08-27,5.63
2002-08-28,9.13
2002-08-29,6.95
2002-08-30,17.87
2002-09-02,5.3
2002-09-03,14.49
2002-09-04,-1.88
2002-09-05,28.27
2002-09-06,18.85
2002-09-09,8.15
2002-09-10,14.29
2002-09-11,30.05
2002-09-12,15.86
2002-09-13,3.39
2002-09-16,15.09
2002-09-17,11.64
2002-09-18,19.79
2002-09-19,17.27
2002-09-20,3.28
2002-09-23,18.2
2002-09-24,24.23
2002-09-25,27.86
2002-09-26,19.57
2002-09-27,31.83
2002-09-30,28.64
2002-10-01,23.34
2002-10-02,29.62
2002-10-03,-2.81
2002-10-04,27.36
2002-10-07,28.99
2002-10-08,16.62
2002-10-09,24.02
2002-10-10,12.23
2002-10-11,16.12
2002-10-14,16.05
2002-10-15,9.08
2002-10-16,15.69
2002-10-17,3.29
2002-10-18,16.29
2002-10-21,30.97
2002-10-22,32.55
2002-10-23,17.27
2002-10-24,31.37
2002-10-25,20.73
2002-10-28,7.28
2002-10-29,12.51
2002-10-30,17.05
2002-10-31,17.36
2002-11-01,22.74
2002-11-04,11.91
2002-11-05,14.28
2002-11-06,25.9
2002-11-07,18.72
2002-11-08,20.97
2002-11-11,17.24
2002-11-12,23.37
2002-11-13,23.84
2002-11-14,11.64
2002-11-15,26.97
2002-11-18,12.73
2002-11-19,20.71
2002-11-20,15.54
2002-11-21,23.26
2002-11-22,20.22
2002-11-25,22.56
2002-11-26,19.11
2002-11-27,17.08
2002-11-28,19.62
2002-11-29,17.89
2002-12-02,11.36
2002-12-03,5.55
2002-12-04,22.22
2002-12-05,28.23
2002-12-06,10.26
2002-12-09,22.01
2002-12-10,13.1
2002-12-11,19.42
2002-12-12,24.99
2002-12-13,20.85
2002-12-16,16.06
2002-12-17,2.45
2002-12-18,16.26
2002-12-19,17.68
2002-12-20,27.73
2002-12-23,12.32
2002-12-24,17.04
2002-12-25,19.39
2002-12-26,27.87
2002-12-27,8.37
2002-12-30,24.42
2002-12-31,17.05
2003-01-01,12.48
2003-01-02,6.93
2003-01-03,10.12
2003-01-06,24.41
2003-01-07,13.69
2003-01-08,10.27
2003-01-09,14.59
2003-01-10,28.41
2003-01-13,25.7
2003-01-14,24.38
2003-01-15,25.64
2003-01-16,24.04
2003-01-17,14.61
2003-01-20,9.12
2003-01-21,27.7
2003-01-22,16.91
2003-01-23,18.9
2003-01-24,14.2
2003-01-27,21.93
2003-01-28,28.61
2003-01-29,14.69
2003-01-30,19.15
2003-01-31,18.44
2003-02-03,23.22
2003-02-04,17.89
2003-02-05,18.31
2003-02-06,13.25
2003-02-07,18.29
2003-02-10,12.28
2003-02-11,23.88
2003-02-12,16.98
2003-02-13,31.11
2003-02-14,12.66
2003-02-17,9.88
2003-02-18,25.3
2003-02-19,23.08
2003-02-20,7.17
2003-02-21,38.71
2003-02-24,16.7
2003-02-25,26.92
2003-02-26,14.94
2003-02-27,23.53
2003-02-28,26.86
2003-03-03,14.24
2003-03-04,20.88
2003-03-05,25.02
2003-03-06,34.37
2003-03-07,25.97
2003-03-10,29.32
2003-03-11,22.89
2003-03-12,23.81
2003-03-13,22.79
2003-03-14,16.7
2003-03-17,3.79
2003-03-18,4.94
2003-03-19,21.04
2003-03-20,22.09
2003-03-21,18.76
2003-03-24,13.58
2003-03-25,14.16
2003-03-26,8.05
2003-03-27,27.39
2003-03-28,4.77
2003-03-31,30.96
2003-04-01,14.51
2003-04-02,38.15
2003-04-03,21.82
2003-04-04,15.43
2003-04-07,18.89
2003-04-08,14.08
2003-04-09,29.95
2003-04-10,17.66
2003-04-11,19.72
2003-04-14,10.85
2003-04-15,22.43
2003-04-16,5.92
2003-04-17,12.44
2003-04-18,27.68
2003-04-21,1.26
2003-04-22,20.05
2003-04-23,27.06
2003-04-24,18.64
2003-04-25,29.36
2003-04-28,27.66
2003-04-29,21.6
2003-04-30,5.01
2003-05-01,13.9
2003-05-02,15.02
2003-05-05,25.55
2003-05-06,16.85
2003-05-07,15.17
2003-05-08,7.21
2003-05-09,15.77
2003-05-12,19.11
2003-05-13,-2.15
2003-05-14,16.7
2003-05-15,20.15
2003-05-16,14.99
2003-05-19,15.9
2003-05-20,12.53
2003-05-21,24.11
2003-05-22,12.63
2003-05-23,26.43
2003-05-26,19.82
2003-05-27,1.84
2003-05-28,14.6
2003-05-29,19.22
2003-05-30,23.65
2003-06-02,17.91
2003-06-03,15.93
2003-06-04,23.41
2003-06-05,29.6
2003-06-06,2.72
2003-06-09,12.01
2003-06-10,30.37
2003-06-11,19.29
2003-06-12,9.27
2003-06-13,30.63
2003-06-16,32.71
2003-06-17,15.31
2003-06-18,23.1
2003-06-19,17.29
2003-06-20,20.05
2003-06-23,24.93
2003-06-24,15.07
2003-06-25,16.57
2003-06-26,14.72
2003-06-27,3.52
2003-06-30,20.76
2003-07-01,23.71
2003-07-02,18.38
2003-07-03,17.43
2003-07-04,23.52
2003-07-07,11.51
2003-07-08,8.71
2003-07-09,20.68
2003-07-10,18.29
2003-07-11,30.92
2003-07-14,5.79
2003-07-15,16.71
2003-07-16,7.34
2003-07-17,33.93
2003-07-18,13.84
2003-07-21,23.18
2003-07-22,-0.52
2003-07-23,9.48
2003-07-24,23.19
2003-07-25,13.88
2003-07-28,12.26
2003-07-29,22.53
2003-07-30,18.09
2003-07-31,18.17
2003-08-01,19.28
2003-08-04,13.37
2003-08-05,29.38
2003-08-06,25.31
2003-08-07,16.2
2003-08-08,14.37
2003-08-11,2.64
2003-08-12,8.35
2003-08-13,27.76
2003-08-14,7.92
2003-08-15,14.0
2003-08-18,30.5
2003-08-19,25.79
2003-08-20,20.06
2003-08-21,20.56
2003-08-22,14.81
2003-08-25,18.77
2003-08-26,17.72
2003-08-27,27.86
2003-08-28,23.48
2003-08-29,11.66
2003-09-01,28.66
2003-09-02,24.23
2003-09-03,26.42
2003-09-04,27.6
2003-09-05,23.91
2003-09-08,19.4
2003-09-09,28.14
2003-09-10,27.06
2003-09-11,16.04
2003-09-12,16.68
2003-09-15,20.07
2003-09-16,22.13
2003-09-17,17.68
2003-09-18,7.11
2003-09-19,27.38
2003-09-22,12.75
2003-09-23,8.92
2003-09-24,11.33
2003-09-25,18.39
2003-09-26,16.12
2003-09-29,-0.32
2003-09-30,5.54
2003-10-01,5.18
2003-10-02,11.66
2003-10-03,18.59
2003-10-06,12.43
2003-10-07,32.98
2003-10-08,24.44
2003-10-09,29.09
2003-10-10,23.39
2003-10-13,7.84
2003-10-14,21.56
2003-10-15,6.26
2003-10-16,9.99
2003-10-17,19.65
2003-10-20,18.28
2003-10-21,22.91
2003-10-22,16.04
2003-10-23,26.59
2003-10-24,24.52
2003-10-27,20.99
2003-10-28,12.57
2003-10-29,13.67
2003-10-30,26.63
2003-10-31,41.0
2003-11-03,14.8
2003-11-04,19.88
2003-11-05,11.62
2003-11-06,-0.78
2003-11-07,23.32
2003-11-10,19.77
2003-11-11,23.86
2003-11-12,13.49
2003-11-13,11.91
2003-11-14,30.11
2003-11-17,11.12
2003-11-18,23.88
2003-11-19,25.88
2003-11-20,18.3
2003-11-21,13.88
2003-11-24,20.19
2003-11-25,4.39
2003-11-26,16.03
2003-11-27,15.29
2003-11-28,7.11
2003-12-01,15.93
2003-12-02,25.2
2003-12-03,36.4
2003-12-04,9.59
2003-12-05,21.69
2003-12-08,21.58
2003-12-09,15.95
2003-12-10,13.8
2003-12-11,22.21
2003-12-12,24.05
2003-12-15,7.08
2003-12-16,30.2
2003-12-17,17.2
2003-12-18,19.17
2003-12-19,13.82
2003-12-22,27.98
2003-12-23,7.85
2003-12-24,14.51
2003-12-25,19.35
2003-12-26,11.03
2003-12-29,16.32
2003-12-30,22.2
2003-12-31,27.42
2004-01-01,16.79
2004-01-02,14.52
2004-01-05,21.85
2004-01-06,19.07
2004-01-07,10.06
2004-01-08,24.95
2004-01-09,15.93
2004-01-12,11.15
2004-01-13,25.75
2004-01-14,22.65
2004-01-15,12.05
2004-01-16,23.51
2004-01-19,12.71
2004-01-20,13.76
2004-01-21,10.29
2004-01-22,24.75
2004-01-23,16.98
2004-01-26,22.68
2004-01-27,7.81
2004-01-28,14.62
2004-01-29,4.72
2004-01-30,12.76
2004-02-02,14.63
2004-02-03,16.21
2004-02-04,5.63
2004-02-05,25.93
2004-02-06,4.78
2004-02-09,26.93
2004-02-10,16.6
2004-02-11,25.86
2004-02-12,9.58
2004-02-13,18.52
2004-02-16,22.13
2004-02-17,34.78
2004-02-18,21.05
2004-02-19,31.71
2004-02-20,20.78
2004-02-23,29.27
2004-02-24,18.33
2004-02-25,19.24
2004-02-26,26.05
2004-02-27,8.94
2004-03-01,6.16
2004-03-02,20.35
2004-03-03,35.75
2004-03-04,30.55
2004-03-05,19.9
2004-03-08,24.09
2004-03-09,20.98
2004-03-10,22.42
2004-03-11,30.55
2004-03-12,10.36
2004-03-15,10.02
2004-03-16,4.16
2004-03-17,12.51
2004-03-18,27.46
2004-03-19,18.82
2004-03-22,9.09
2004-03-23,14.31
2004-03-24,15.57
2004-03-25,27.34
2004-03-26,23.11
2004-03-29,22.47
2004-03-30,29.01
2004-03-31,23.65
2004-04-01,28.1
2004-04-02,13.26
2004-04-05,12.05
2004-04-06,16.56
2004-04-07,35.51
2004-04-08,10.52
2004-04-09,20.9
2004-04-12,23.56
2004-04-13,11.9
2004-04-14,9.66
2004-04-15,35.5
2004-04-16,18.14
2004-04-19,16.36
2004-04-20,22.1
2004-04-21,20.04
2004-04-22,7.77
2004-04-23,5.35
2004-04-26,17.37
2004-04-27,12.73
2004-04-28,18.38
2004-04-29,9.42
2004-04-30,39.03
2004-05-03,22.45
2004-05-04,34.68
2004-05-05,15.12
2004-05-06,18.23
2004-05-07,15.3
2004-05-10,19.81
2004-05-11,22.8
2004-05-12,15.35
2004-05-13,11.01
2004-05-14,13.82
2004-05-17,17.62
2004-05-18,25.63
2004-05-19,6.72
2004-05-20,12.72
2004-05-21,21.89
2004-05-24,29.24
2004-05-25,15.08
2004-05-26,20.87
2004-05-27,16.86
2004-05-28,16.38
2004-05-31,19.45
2004-06-01,14.03
2004-06-02,16.32
2004-06-03,15.75
2004-06-04,30.42
2004-06-07,17.99
2004-06-08,31.13
2004-06-09,17.14
2004-06-10,19.25
2004-06-11,11.47
2004-06-14,19.47
2004-06-15,28.96
2004-06-16,30.56
2004-06-17,9.5
2004-06-18,37.29
2004-06-21,20.48
2004-06-22,22.0
2004-06-23,25.74
2004-06-24,18.36
2004-06-25,11.25
2004-06-28,18.37
2004-06-29,15.13
2004-06-30,33.11
2004-07-01,18.3
2004-07-02,0.32
2004-07-05,28.4
2004-07-06,22.64
2004-07-07,17.59
2004-07-08,3.22
2004-07-09,43.59
2004-07-12,15.24
2004-07-13,15.2
2004-07-14,13.36
2004-07-15,19.19
2004-07-16,17.22
2004-07-19,20.37
2004-07-20,21.68
2004-07-21,18.03
2004-07-22,26.62
2004-07-23,9.75
2004-07-26,25.32
2004-07-27,20.88
2004-07-28,18.19
2004-07-29,23.71
2004-07-30,20.05
2004-08-02,19.76
2004-08-03,14.43
2004-08-04,11.39
2004-08-05,6.38
2004-08-06,8.16
2004-08-09,12.91
2004-08-10,24.27
2004-08-11,16.09
2004-08-12,18.95
2004-08-13,9.52
2004-08-16,5.82
2004-08-17,18.44
2004-08-18,36.02
2004-08-19,8.98
2004-08-20,28.08
2004-08-23,8.51
2004-08-24,8.12
2004-08-25,10.25
2004-08-26,10.72
2004-08-27,23.82
2004-08-30,18.78
2004-08-31,17.91
2004-09-01,13.06
2004-09-02,24.37
2004-09-03,31.44
2004-09-06,19.54
2004-09-07,14.43
2004-09-08,9.15
2004-09-09,14.86
2004-09-10,7.66
2004-09-13,27.93
2004-09-14,11.58
2004-09-15,26.64
2004-09-16,8.15
2004-09-17,24.49
2004-09-20,22.4
2004-09-21,23.82
2004-09-22,20.27
2004-09-23,9.73
2004-09-24,39.16
2004-09-27,6.96
2004-09-28,26.64
2004-09-29,16.49
2004-09-30,9.33
2004-10-01,24.13
2004-10-04,29.16
2004-10-05,25.91
2004-10-06,7.46
2004-10-07,12.0
2004-10-08,22.27
2004-10-11,20.91
2004-10-12,25.07
2004-10-13,16.07
2004-10-14,3.77
2004-10-15,7.86
2004-10-18,19.43
2004-10-19,9.12
2004-10-20,6.33
2004-10-21,21.87
2004-10-22,27.83
2004-10-25,11.98
2004-10-26,15.55
2004-10-27,16.14
2004-10-28,24.28
2004-10-29,15.06
2004-11-01,15.04
2004-11-02,16.7
2004-11-03,7.49
2004-11-04,27.37
2004-11-05,29.22
2004-11-08,17.61
2004-11-09,18.2
2004-11-10,18.93
2004-11-11,17.51
2004-11-12,11.43
2004-11-15,22.55
2004-11-16,22.98
2004-11-17,25.34
2004-11-18,9.56
2004-11-19,18.7
2004-11-22,6.96
2004-11-23,31.58
2004-11-24,5.31
2004-11-25,16.1
2004-11-26,29.41
2004-11-29,3.6
2004-11-30,18.11
2004-12-01,4.02
2004-12-02,24.35
2004-12-03,14.26
2004-12-06,12.52
2004-12-07,9.75
2004-12-08,21.25
2004-12-09,18.19
2004-12-10,22.7
2004-12-13,23.71
2004-12-14,12.81
2004-12-15,19.51
2004-12-16,27.65
2004-12-17,21.59
2004-12-20,20.87
2004-12-21,18.64
2004-12-22,14.34
2004-12-23,18.06
2004-12-24,17.52
2004-12-27,37.36
2004-12-28,15.83
2004-12-29,10.27
2004-12-30,20.97
2004-12-31,16.25
2005-01-03,13.12
2005-01-04,24.42
2005-01-05,16.65
2005-01-06,11.72
2005-01-07,22.57
2005-01-10,33.42
2005-01-11,28.4
2005-01-12,20.1
2005-01-13,20.5
2005-01-14,17.85
2005-01-17,23.69
2005-01-18,16.51
2005-01-19,20.91
2005-01-20,16.84
2005-01-21,19.72
2005-01-24,2.42
2005-01-25,17.94
2005-01-26,13.64
2005-01-27,15.44
2005-01-28,20.96
2005-01-31,8.03
2005-02-01,11.09
2005-02-02,19.28
2005-02-03,18.38
2005-02-04,25.09
2005-02-07,20.58
2005-02-08,5.29
2005-02-09,21.1
2005-02-10,16.68
2005-02-11,18.96
2005-02-14,25.76
2005-02-15,18.72
2005-02-16,16.32
2005-02-17,5.31
2005-02-18,14.45
2005-02-21,24.28
2005-02-22,22.02
2005-02-23,8.32
2005-02-24,7.05
2005-02-25,14.81
2005-02-28,21.42
2005-03-01,12.04
2005-03-02,28.46
2005-03-03,34.53
2005-03-04,9.04
2005-03-07,33.77
2005-03-08,33.07
2005-03-09,1.81
2005-03-10,4.85
2005-03-11,16.47
2005-03-14,17.7
2005-03-15,10.93
2005-03-16,17.63
2005-03-17,23.79
2005-03-18,10.63
2005-03-21,-0.13
2005-03-22,15.07
2005-03-23,23.78
2005-03-24,29.16
2005-03-25,25.96
2005-03-28,-4.23
2005-03-29,8.13
2005-03-30,16.66
2005-03-31,10.77
2005-04-01,21.85
2005-04-04,21.11
2005-04-05,24.58
2005-04-06,28.97
2005-04-07,13.43
2005-04-08,31.72
2005-04-11,6.77
2005-04-12,9.49
2005-04-13,9.22
2005-04-14,10.91
2005-04-15,23.2
2005-04-18,31.24
2005-04-19,6.29
2005-04-20,23.87
2005-04-21,27.64
2005-04-22,20.39
2005-04-25,2.19
2005-04-26,21.77
2005-04-27,25.39
2005-04-28,4.13
2005-04-29,14.4
2005-05-02,26.77
2005-05-03,21.15
2005-05-04,27.49
2005-05-05,28.65
2005-05-06,8.57
2005-05-09,9.05
2005-05-10,25.69
2005-05-11,15.93
2005-05-12,25.35
2005-05-13,22.97
2005-05-16,11.94
2005-05-17,25.8
2005-05-18,21.86
2005-05-19,13.23
2005-05-20,14.08
2005-05-23,13.53
2005-05-24,20.32
2005-05-25,25.41
2005-05-26,22.06
2005-05-27,16.32
2005-05-30,6.67
2005-05-31,18.33
2005-06-01,16.71
2005-06-02,12.21
2005-06-03,10.33
2005-06-06,29.75
2005-06-07,29.27
2005-06-08,6.14
2005-06-09,24.95
2005-06-10,20.25
2005-06-13,31.37
2005-06-14,10.57
2005-06-15,24.79
2005-06-16,12.54
2005-06-17,15.07
2005-06-20,18.54
2005-06-21,24.35
2005-06-22,17.82
2005-06-23,4.46
2005-06-24,23.33
2005-06-27,16.64
2005-06-28,14.84
2005-06-29,3.0
2005-06-30,13.21
2005-07-01,25.83
2005-07-04,26.57
2005-07-05,20.36
2005-07-06,9.62
2005-07-07,22.78
2005-07-08,9.86
2005-07-11,22.92
2005-07-12,12.4
2005-07-13,4.54
2005-07-14,20.13
2005-07-15,18.3
2005-07-18,18.3
2005-07-19,9.58
2005-07-20,8.38
2005-07-21,25.54
2005-07-22,16.29
2005-07-25,29.64
2005-07-26,29.66
2005-07-27,8.12
2005-07-28,13.77
2005-07-29,-6.45
2005-08-01,15.97
2005-08-02,11.31
2005-08-03,18.35
2005-08-04,13.79
2005-08-05,12.25
2005-08-08,10.02
2005-08-09,10.38
2005-08-10,26.18
2005-08-11,21.65
2005-08-12,33.66
2005-08-15,22.92
2005-08-16,13.52
2005-08-17,12.87
2005-08-18,29.53
2005-08-19,1.73
2005-08-22,17.52
2005-08-23,15.4
2005-08-24,0.14
2005-08-25,25.47
2005-08-26,17.02
2005-08-29,15.11
2005-08-30,10.04
2005-08-31,16.47
2005-09-01,15.83
2005-09-02,24.94
2005-09-05,14.27
2005-09-06,36.25
2005-09-07,12.21
2005-09-08,18.18
2005-09-09,11.96
2005-09-12,23.84
2005-09-13,13.77
2005-09-14,28.62
2005-09-15,25.33
2005-09-16,20.63
2005-09-19,4.06
2005-09-20,17.14
2005-09-21,16.56
2005-09-22,22.16
2005-09-23,5.99
2005-09-26,22.25
2005-09-27,22.6
2005-09-28,16.53
2005-09-29,19.4
2005-09-30,13.17
2005-10-03,24.61
2005-10-04,7.63
2005-10-05,11.66
2005-10-06,37.42
2005-10-07,16.55
2005-10-10,16.76
2005-10-11,9.74
2005-10-12,15.11
2005-10-13,19.29
2005-10-14,7.86
2005-10-17,5.74
2005-10-18,13.99
2005-10-19,30.06
2005-10-20,15.02
2005-10-21,38.14
2005-10-24,27.21
2005-10-25,22.71
2005-10-26,13.87
2005-10-27,21.77
2005-10-28,41.3
2005-10-31,7.08
2005-11-01,20.84
2005-11-02,31.23
2005-11-03,25.63
2005-11-04,18.79
2005-11-07,14.3
2005-11-08,25.23
2005-11-09,3.82
2005-11-10,32.11
2005-11-11,10.99
2005-11-14,1.71
2005-11-15,15.1
2005-11-16,16.25
2005-11-17,14.57
2005-11-18,4.29
2005-11-21,11.3
2005-11-22,23.35
2005-11-23,20.22
2005-11-24,26.51
2005-11-25,18.64
2005-11-28,8.72
2005-11-29,14.95
2005-11-30,18.0
2005-12-01,19.27
2005-12-02,19.97
2005-12-05,19.66
2005-12-06,23.09
2005-12-07,23.42
2005-12-08,11.19
2005-12-09,26.83
2005-12-12,22.97
2005-12-13,14.85
2005-12-14,19.25
2005-12-15,15.97
2005-12-16,19.28
2005-12-19,2.73
2005-12-20,2.46
2005-12-21,24.19
2005-12-22,14.62
2005-12-23,28.43
2005-12-26,29.6
2005-12-27,20.31
2005-12-28,32.89
2005-12-29,10.53
2005-12-30,19.69
2006-01-02,7.99
2006-01-03,19.68
2006-01-04,27.26
2006-01-05,19.72
2006-01-06,20.83
2006-01-09,10.45
2006-01-10,20.37
2006-01-11,12.12
2006-01-12,19.16
2006-01-13,12.5
2006-01-16,25.63
2006-01-17,23.14
2006-01-18,21.57
2006-01-19,24.92
2006-01-20,28.56
2006-01-23,18.49
2006-01-24,12.8
2006-01-25,13.5
2006-01-26,31.57
2006-01-27,21.28
2006-01-30,9.49
2006-01-31,9.92
2006-02-01,27.84
2006-02-02,16.22
2006-02-03,31.99
2006-02-06,30.32
2006-02-07,16.11
2006-02-08,15.73
2006-02-09,10.58
2006-02-10,23.99
2006-02-13,6.77
2006-02-14,21.18
2006-02-15,14.58
2006-02-16,29.66
2006-02-17,14.61
2006-02-20,11.21
2006-02-21,22.05
2006-02-22,9.09
2006-02-23,22.59
2006-02-24,14.62
2006-02-27,12.28
2006-02-28,14.37
2006-03-01,14.92
2006-03-02,6.92
2006-03-03,21.55
2006-03-06,16.33
2006-03-07,12.03
2006-03-08,27.27
2006-03-09,18.91
2006-03-10,30.1
2006-03-13,2.89
2006-03-14,28.01
2006-03-15,18.46
2006-03-16,30.84
2006-03-17,18.24
2006-03-20,13.76
2006-03-21,12.6
2006-03-22,20.81
2006-03-23,5.13
2006-03-24,14.68
2006-03-27,9.55
2006-03-28,36.11
2006-03-29,21.64
2006-03-30,15.33
2006-03-31,-6.13
2006-04-03,16.36
2006-04-04,12.23
2006-04-05,16.53
2006-04-06,17.11
2006-04-07,11.1
2006-04-10,6.52
2006-04-11,14.44
2006-04-12,15.76
2006-04-13,16.33
2006-04-14,16.56
2006-04-17,20.14
2006-04-18,10.2
2006-04-19,23.87
2006-04-20,13.74
2006-04-21,18.31
2006-04-24,13.35
2006-04-25,19.09
2006-04-26,29.62
2006-04-27,20.98
2006-04-28,18.41
2006-05-01,18.14
2006-05-02,12.55
2006-05-03,7.33
2006-05-04,0.46
2006-05-05,17.88
2006-05-08,21.01
2006-05-09,22.4
2006-05-10,1.73
2006-05-11,10.33
2006-05-12,20.1
2006-05-15,13.27
2006-05-16,22.47
2006-05-17,24.15
2006-05-18,6.57
2006-05-19,23.64
2006-05-22,16.05
2006-05-23,12.79
2006-05-24,19.35
2006-05-25,11.64
2006-05-26,3.72
2006-05-29,23.69
2006-05-30,21.36
2006-05-31,21.29
2006-06-01,18.41
2006-06-02,5.82
2006-06-05,16.95
2006-06-06,30.19
2006-06-07,20.28
2006-06-08,17.47
2006-06-09,19.19
2006-06-12,15.5
2006-06-13,17.53
2006-06-14,17.26
2006-06-15,11.81
2006-06-16,15.45
2006-06-19,16.56
2006-06-20,17.19
2006-06-21,36.52
2006-06-22,13.97
2006-06-23,6.89
2006-06-26,15.65
2006-06-27,2.78
2006-06-28,31.08
2006-06-29,11.87
2006-06-30,15.39
2006-07-03,18.3
2006-07-04,24.07
2006-07-05,12.37
2006-07-06,19.73
2006-07-07,15.27
2006-07-10,16.72
2006-07-11,21.75
2006-07-12,11.79
2006-07-13,28.77
2006-07-14,16.16
2006-07-17,24.24
2006-07-18,12.69
2006-07-19,17.04
2006-07-20,10.93
2006-07-21,23.26
2006-07-24,17.04
2006-07-25,11.88
2006-07-26,8.61
2006-07-27,34.79
2006-07-28,21.17
2006-07-31,23.29
2006-08-01,27.63
2006-08-02,21.96
2006-08-03,28.56
2006-08-04,17.39
2006-08-07,20.64
2006-08-08,32.11
2006-08-09,8.95
2006-08-10,19.77
2006-08-11,13.45
2006-08-14,30.89
2006-08-15,15.86
2006-08-16,19.7
2006-08-17,19.04
2006-08-18,11.24
2006-08-21,15.36
2006-08-22,12.75
2006-08-23,25.43
2006-08-24,12.69
2006-08-25,27.18
2006-08-28,20.87
2006-08-29,24.84
2006-08-30,29.04
2006-08-31,25.75
2006-09-01,22.0
2006-09-04,13.26
2006-09-05,17.21
2006-09-06,19.39
2006-09-07,24.68
2006-09-08,18.71
2006-09-11,16.74
2006-09-12,33.58
2006-09-13,22.37
2006-09-14,22.88
2006-09-15,13.01
2006-09-18,14.28
2006-09-19,14.64
2006-09-20,10.52
2006-09-21,18.18
2006-09-22,20.32
2006-09-25,12.29
2006-09-26,14.01
2006-09-27,26.01
2006-09-28,5.38
2006-09-29,16.73
2006-10-02,29.82
2006-10-03,24.89
2006-10-04,23.58
2006-10-05,32.06
2006-10-06,29.32
2006-10-09,24.36
2006-10-10,13.32
2006-10-11,7.99
2006-10-12,11.62
2006-10-13,28.17
2006-10-16,12.79
2006-10-17,14.08
2006-10-18,26.55
2006-10-19,15.37
2006-10-20,20.74
2006-10-23,6.82
2006-10-24,13.07
2006-10-25,12.7
2006-10-26,11.85
2006-10-27,4.72
2006-10-30,10.82
2006-10-31,24.27
2006-11-01,18.57
2006-11-02,23.77
2006-11-03,11.72
2006-11-06,32.21
2006-11-07,12.62
2006-11-08,14.67
2006-11-09,21.03
2006-11-10,13.95
2006-11-13,19.2
2006-11-14,29.96
2006-11-15,22.07
2006-11-16,14.77
2006-11-17,28.05
2006-11-20,13.69
2006-11-21,14.9
2006-11-22,20.73
2006-11-23,21.32
2006-11-24,1.85
2006-11-27,21.22
2006-11-28,14.18
2006-11-29,7.96
2006-11-30,7.9
2006-12-01,8.4
2006-12-04,4.64
2006-12-05,24.28
2006-12-06,28.06
2006-12-07,16.23
2006-12-08,17.17
2006-12-11,17.52
2006-12-12,26.72
2006-12-13,20.9
2006-12-14,31.66
2006-12-15,21.83
2006-12-18,29.41
2006-12-19,5.73
2006-12-20,10.14
2006-12-21,19.04
2006-12-22,16.15
2006-12-25,11.25
2006-12-26,8.94
2006-12-27,5.8
2006-12-28,17.87
2006-12-29,14.79
2007-01-01,23.86
2007-01-02,13.35
2007-01-03,18.3
2007-01-04,22.34
2007-01-05,24.5
2007-01-08,14.07
2007-01-09,18.09
2007-01-10,32.53
2007-01-11,-0.12
2007-01-12,20.95
2007-01-15,20.88
2007-01-16,16.0
2007-01-17,3.85
2007-01-18,17.69
2007-01-19,12.55
2007-01-22,14.17
2007-01-23,11.41
2007-01-24,9.01
2007-01-25,17.54
2007-01-26,7.2
2007-01-29,24.17
2007-01-30,18.81
2007-01-31,14.0
2007-02-01,18.49
2007-02-02,24.85
2007-02-05,15.66
2007-02-06,25.12
2007-02-07,39.27
2007-02-08,20.18
2007-02-09,22.73
2007-02-12,14.51
2007-02-13,19.22
2007-02-14,12.95
2007-02-15,31.22
2007-02-16,12.84
2007-02-19,23.13
2007-02-20,13.11
2007-02-21,18.84
2007-02-22,10.55
2007-02-23,9.44
2007-02-26,28.38
2007-02-27,26.05
2007-02-28,19.42
2007-03-01,14.83
2007-03-02,16.37
2007-03-05,8.4
2007-03-06,18.79
2007-03-07,28.73
2007-03-08,10.92
2007-03-09,36.37
2007-03-12,19.46
2007-03-13,29.94
2007-03-14,21.91
2007-03-15,8.59
2007-03-16,6.98
2007-03-19,29.05
2007-03-20,27.09
2007-03-21,9.86
2007-03-22,34.13
2007-03-23,16.16
2007-03-26,44.12
2007-03-27,13.9
2007-03-28,25.25
2007-03-29,17.82
2007-03-30,10.84
2007-04-02,22.68
2007-04-03,9.86
2007-04-04,8.17
2007-04-05,15.32
2007-04-06,3.99
2007-04-09,4.71
2007-04-10,13.17
2007-04-11,18.0
2007-04-12,23.54
2007-04-13,27.24
2007-04-16,15.63
2007-04-17,30.54
2007-04-18,19.78
2007-04-19,15.76
2007-04-20,25.66
2007-04-23,27.95
2007-04-24,17.34
2007-04-25,13.58
2007-04-26,20.54
2007-04-27,16.82
2007-04-30,6.14
2007-05-01,16.8
2007-05-02,16.55
2007-05-03,18.16
2007-05-04,20.48
2007-05-07,27.45
2007-05-08,10.02
2007-05-09,18.51
2007-05-10,23.76
2007-05-11,-2.23
2007-05-14,27.8
2007-05-15,19.16
2007-05-16,40.2
2007-05-17,24.36
2007-05-18,10.49
2007-05-21,18.58
2007-05-22,15.4
2007-05-23,21.38
2007-05-24,5.54
2007-05-25,19.78
2007-05-28,15.32
2007-05-29,15.42
2007-05-30,21.45
2007-05-31,18.91
2007-06-01,33.93
2007-06-04,20.31
2007-06-05,23.86
2007-06-06,12.7
2007-06-07,12.33
2007-06-08,30.35
2007-06-11,13.22
2007-06-12,7.9
2007-06-13,7.71
2007-06-14,10.53
2007-06-15,8.49
2007-06-18,11.1
2007-06-19,27.7
2007-06-20,15.75
2007-06-21,21.94
2007-06-22,34.58
2007-06-25,12.19
2007-06-26,12.56
2007-06-27,3.69
2007-06-28,26.49
2007-06-29,20.32
2007-07-02,2.81
2007-07-03,27.92
2007-07-04,25.59
2007-07-05,-4.81
2007-07-06,7.35
2007-07-09,23.76
2007-07-10,8.41
2007-07-11,14.62
2007-07-12,21.8
2007-07-13,19.4
2007-07-16,12.38
2007-07-17,22.49
2007-07-18,28.2
2007-07-19,14.75
2007-07-20,39.79
2007-07-23,23.23
2007-07-24,21.46
2007-07-25,8.0
2007-07-26,9.97
2007-07-27,10.95
2007-07-30,25.47
2007-07-31,9.63
2007-08-01,28.53
2007-08-02,25.96
2007-08-03,12.97
2007-08-06,17.36
2007-08-07,30.75
2007-08-08,11.41
2007-08-09,0.08
2007-08-10,12.63
2007-08-13,19.76
2007-08-14,26.33
2007-08-15,22.81
2007-08-16,39.45
2007-08-17,27.72
2007-08-20,21.9
2007-08-21,29.0
2007-08-22,29.43
2007-08-23,21.11
2007-08-24,25.98
2007-08-27,24.48
2007-08-28,21.02
2007-08-29,19.11
2007-08-30,10.11
2007-08-31,17.82
2007-09-03,11.26
2007-09-04,24.62
2007-09-05,19.4
2007-09-06,9.04
2007-09-07,17.26
2007-09-10,15.69
2007-09-11,6.52
2007-09-12,12.74
2007-09-13,19.11
2007-09-14,30.36
2007-09-17,18.11
2007-09-18,22.55
2007-09-19,29.4
2007-09-20,27.46
2007-09-21,19.62
2007-09-24,23.5
2007-09-25,16.45
2007-09-26,15.11
2007-09-27,17.94
2007-09-28,19.19
2007-10-01,25.96
2007-10-02,23.42
2007-10-03,25.55
2007-10-04,4.66
2007-10-05,14.65
2007-10-08,16.77
2007-10-09,7.66
2007-10-10,-1.46
2007-10-11,21.03
2007-10-12,34.61
2007-10-15,9.16
2007-10-16,18.65
2007-10-17,32.54
2007-10-18,16.45
2007-10-19,15.78
2007-10-22,8.31
2007-10-23,16.52
2007-10-24,24.56
2007-10-25,25.75
2007-10-26,15.52
2007-10-29,25.53
2007-10-30,7.64
2007-10-31,13.28
2007-11-01,19.7
2007-11-02,19.75
2007-11-05,25.8
2007-11-06,15.72
2007-11-07,0.4
2007-11-08,27.17
2007-11-09,33.9
2007-11-12,21.54
2007-11-13,15.42
2007-11-14,13.36
2007-11-15,17.98
2007-11-16,5.64
2007-11-19,18.04
2007-11-20,13.88
2007-11-21,4.23
2007-11-22,17.62
2007-11-23,20.67
2007-11-26,31.14
2007-11-27,16.93
2007-11-28,29.82
2007-11-29,12.25
2007-11-30,13.54
2007-12-03,19.91
2007-12-04,10.76
2007-12-05,18.03
2007-12-06,10.23
2007-12-07,9.89
2007-12-10,12.7
2007-12-11,22.28
2007-12-12,16.46
2007-12-13,12.57
2007-12-14,29.56
2007-12-17,16.25
2007-12-18,23.03
2007-12-19,19.87
2007-12-20,23.99
2007-12-21,17.17
2007-12-24,12.37
2007-12-25,20.37
2007-12-26,21.13
2007-12-27,22.94
2007-12-28,22.03
2007-12-31,21.66
2008-01-01,10.16
2008-01-02,26.26
2008-01-03,26.26
2008-01-04,17.74
2008-01-07,20.89
2008-01-08,19.93
2008-01-09,30.41
2008-01-10,7.02
2008-01-11,17.29
2008-01-14,24.58
2008-01-15,7.04
2008-01-16,14.76
2008-01-17,33.42
2008-01-18,9.46
2008-01-21,19.42
2008-01-22,13.09
2008-01-23,18.71
2008-01-24,13.64
2008-01-25,20.91
2008-01-28,8.16
2008-01-29,33.14
2008-01-30,22.91
2008-01-31,22.76
2008-02-01,16.69
2008-02-04,21.84
2008-02-05,18.44
2008-02-06,24.59
2008-02-07,17.43
2008-02-08,17.44
2008-02-11,31.14
2008-02-12,28.79
2008-02-13,33.56
2008-02-14,27.94
2008-02-15,7.1
2008-02-18,24.47
2008-02-19,27.24
2008-02-20,22.94
2008-02-21,29.06
2008-02-22,29.09
2008-02-25,23.32
2008-02-26,25.11
2008-02-27,20.97
2008-02-28,31.9
2008-02-29,10.82
2008-03-03,10.04
2008-03-04,28.72
2008-03-05,8.05
2008-03-06,24.52
2008-03-07,21.71
2008-03-10,30.99
2008-03-11,13.62
2008-03-12,13.31
2008-03-13,20.02
2008-03-14,19.74
2008-03-17,14.55
2008-03-18,13.51
2008-03-19,20.62
2008-03-20,26.69
2008-03-21,3.86
2008-03-24,27.8
2008-03-25,24.4
2008-03-26,16.79
2008-03-27,12.42
2008-03-28,15.05
2008-03-31,4.29
2008-04-01,20.44
2008-04-02,19.74
2008-04-03,19.25
2008-04-04,22.19
2008-04-07,9.86
2008-04-08,26.48
2008-04-09,18.21
2008-04-10,20.05
2008-04-11,21.71
2008-04-14,21.71
2008-04-15,25.68
2008-04-16,21.32
2008-04-17,21.2
2008-04-18,12.9
2008-04-21,15.46
2008-04-22,7.44
2008-04-23,20.86
2008-04-24,16.82
2008-04-25,18.42
2008-04-28,23.76
2008-04-29,16.17
2008-04-30,29.69
2008-05-01,9.7
2008-05-02,30.12
2008-05-05,27.52
2008-05-06,16.27
2008-05-07,22.01
2008-05-08,26.39
2008-05-09,14.49
2008-05-12,20.93
2008-05-13,26.42
2008-05-14,22.71
2008-05-15,16.09
2008-05-16,7.31
2008-05-19,24.1
2008-05-20,24.78
2008-05-21,31.53
2008-05-22,25.3
2008-05-23,8.93
2008-05-26,10.45
2008-05-27,6.89
2008-05-28,23.04
2008-05-29,16.4
2008-05-30,18.97
2008-06-02,13.45
2008-06-03,4.65
2008-06-04,19.16
2008-06-05,3.82
2008-06-06,1.14
2008-06-09,9.04
2008-06-10,20.01
2008-06-11,27.25
2008-06-12,19.69
2008-06-13,18.36
2008-06-16,21.07
2008-06-17,24.29
2008-06-18,27.05
2008-06-19,10.85
2008-06-20,12.57
2008-06-23,41.34
2008-06-24,7.1
2008-06-25,-0.14
2008-06-26,12.62
2008-06-27,13.09
2008-06-30,10.81
2008-07-01,30.67
2008-07-02,26.05
2008-07-03,10.79
2008-07-04,37.42
2008-07-07,14.85
2008-07-08,19.73
2008-07-09,11.89
2008-07-10,11.07
2008-07-11,22.19
2008-07-14,30.49
2008-07-15,23.58
2008-07-16,19.09
2008-07-17,16.91
2008-07-18,29.56
2008-07-21,7.33
2008-07-22,16.66
2008-07-23,11.35
2008-07-24,16.79
2008-07-25,16.23
2008-07-28,12.57
2008-07-29,9.49
2008-07-30,21.42
2008-07-31,35.74
2008-08-01,21.64
2008-08-04,17.76
2008-08-05,12.52
2008-08-06,23.85
2008-08-07,22.44
2008-08-08,35.03
2008-08-11,16.9
2008-08-12,31.78
2008-08-13,12.59
2008-08-14,23.05
2008-08-15,25.48
2008-08-18,15.4
2008-08-19,5.37
2008-08-20,20.86
2008-08-21,22.19
2008-08-22,29.3
2008-08-25,28.34
2008-08-26,33.78
2008-08-27,12.24
2008-08-28,32.35
2008-08-29,23.25
2008-09-01,26.02
2008-09-02,3.8
2008-09-03,23.2
2008-09-04,20.08
2008-09-05,20.47
2008-09-08,40.36
2008-09-09,14.1
2008-09-10,16.24
2008-09-11,21.27
2008-09-12,21.83
2008-09-15,10.34
2008-09-16,9.76
2008-09-17,18.77
2008-09-18,9.3
2008-09-19,23.65
2008-09-22,14.75
2008-09-23,7.39
2008-09-24,24.08
2008-09-25,22.77
2008-09-26,23.71
2008-09-29,19.8
2008-09-30,23.31
2008-10-01,16.07
2008-10-02,5.14
2008-10-03,15.99
2008-10-06,16.5
2008-10-07,15.16
2008-10-08,20.75
2008-10-09,32.13
2008-10-10,25.31
2008-10-13,22.64
2008-10-14,23.92
2008-10-15,11.2
2008-10-16,34.68
2008-10-17,20.31
2008-10-20,29.43
2008-10-21,27.55
2008-10-22,27.57
2008-10-23,33.02
2008-10-24,19.41
2008-10-27,26.98
2008-10-28,18.01
2008-10-29,19.18
2008-10-30,2.54
2008-10-31,19.94
2008-11-03,18.47
2008-11-04,21.53
2008-11-05,11.86
2008-11-06,9.95
2008-11-07,21.33
2008-11-10,17.13
2008-11-11,22.77
2008-11-12,10.65
2008-11-13,6.6
2008-11-14,22.35
2008-11-17,20.99
2008-11-18,20.42
2008-11-19,21.89
2008-11-20,20.33
2008-11-21,17.67
2008-11-24,11.61
2008-11-25,20.17
2008-11-26,17.79
2008-11-27,15.63
2008-11-28,7.21
2008-12-01,14.68
2008-12-02,22.4
2008-12-03,23.75
2008-12-04,7.11
2008-12-05,25.71
2008-12-08,13.6
2008-12-09,26.41
2008-12-10,17.1
2008-12-11,10.45
2008-12-12,26.38
2008-12-15,7.07
2008-12-16,21.26
2008-12-17,18.32
2008-12-18,22.15
2008-12-19,23.29
2008-12-22,21.18
2008-12-23,28.1
2008-12-24,6.26
2008-12-25,24.85
2008-12-26,28.97
2008-12-29,7.34
2008-12-30,7.45
2008-12-31,14.03
2009-01-01,10.02
2009-01-02,26.1
2009-01-05,23.15
2009-01-06,13.3
2009-01-07,14.66
2009-01-08,31.98
2009-01-09,14.38
2009-01-12,13.15
2009-01-13,34.04
2009-01-14,28.75
2009-01-15,15.93
2009-01-16,24.04
2009-01-19,6.15
2009-01-20,26.59
2009-01-21,41.99
2009-01-22,15.67
2009-01-23,24.61
2009-01-26,18.18
2009-01-27,11.84
2009-01-28,18.05
2009-01-29,15.06
2009-01-30,8.6
2009-02-02,19.36
2009-02-03,21.64
2009-02-04,23.59
2009-02-05,22.35
2009-02-06,21.86
2009-02-09,20.13
2009-02-10,16.37
2009-02-11,8.23
2009-02-12,19.21
2009-02-13,15.61
2009-02-16,7.96
2009-02-17,18.57
2009-02-18,23.89
2009-02-19,30.7
2009-02-20,12.06
2009-02-23,28.74
2009-02-24,13.4
2009-02-25,20.55
2009-02-26,29.02
2009-02-27,18.89
2009-03-02,16.09
2009-03-03,10.83
2009-03-04,27.32
2009-03-05,11.98
2009-03-06,20.19
2009-03-09,17.99
2009-03-10,22.03
2009-03-11,29.84
2009-03-12,22.82
2009-03-13,35.12
2009-03-16,32.67
2009-03-17,17.8
2009-03-18,8.92
2009-03-19,16.55
2009-03-20,16.13
2009-03-23,29.61
2009-03-24,18.51
2009-03-25,23.28
2009-03-26,6.72
2009-03-27,22.96
2009-03-30,31.26
2009-03-31,19.27
2009-04-01,11.8
2009-04-02,16.94
2009-04-03,19.92
2009-04-06,19.26
2009-04-07,18.93
2009-04-08,21.11
2009-04-09,12.18
2009-04-10,16.63
2009-04-13,15.76
2009-04-14,15.85
2009-04-15,4.15
2009-04-16,18.94
2009-04-17,21.1
2009-04-20,8.01
2009-04-21,30.13
2009-04-22,15.79
2009-04-23,16.65
2009-04-24,21.5
2009-04-27,17.94
2009-04-28,25.01
2009-04-29,25.84
2009-04-30,0.39
2009-05-01,17.28
2009-05-04,24.66
2009-05-05,21.95
2009-05-06,23.99
2009-05-07,19.12
2009-05-08,15.24
2009-05-11,8.03
2009-05-12,31.48
2009-05-13,20.48
2009-05-14,19.69
2009-05-15,20.55
2009-05-18,17.63
2009-05-19,19.27
2009-05-20,27.21
2009-05-21,21.68
2009-05-22,8.4
2009-05-25,17.6
2009-05-26,14.81
2009-05-27,18.07
2009-05-28,16.81
2009-05-29,29.07
2009-06-01,8.48
2009-06-02,22.72
2009-06-03,22.0
2009-06-04,13.38
2009-06-05,5.89
2009-06-08,17.65
2009-06-09,5.49
2009-06-10,27.31
2009-06-11,22.7
2009-06-12,-0.9
2009-06-15,18.37
2009-06-16,14.17
2009-06-17,10.99
2009-06-18,10.48
2009-06-19,29.64
2009-06-22,10.28
2009-06-23,11.42
2009-06-24,25.6
2009-06-25,16.55
2009-06-26,4.26
2009-06-29,39.6
2009-06-30,20.26
2009-07-01,10.5
2009-07-02,38.99
2009-07-03,21.25
2009-07-06,20.01
2009-07-07,15.12
2009-07-08,23.86
2009-07-09,21.36
2009-07-10,19.95
2009-07-13,28.13
2009-07-14,17.3
2009-07-15,11.38
2009-07-16,9.11
2009-07-17,24.05
2009-07-20,20.9
2009-07-21,14.48
2009-07-22,26.63
2009-07-23,23.22
2009-07-24,13.11
2009-07-27,6.75
2009-07-28,13.55
2009-07-29,8.95
2009-07-30,16.64
2009-07-31,20.04
2009-08-03,21.69
2009-08-04,0.35
2009-08-05,13.4
2009-08-06,20.55
2009-08-07,21.43
2009-08-10,19.13
2009-08-11,14.1
2009-08-12,17.9
2009-08-13,25.59
2009-08-14,15.3
2009-08-17,12.1
2009-08-18,22.58
2009-08-19,23.78
2009-08-20,9.03
2009-08-21,12.65
2009-08-24,6.75
2009-08-25,16.61
2009-08-26,20.6
2009-08-27,15.82
2009-08-28,10.33
2009-08-31,9.98
2009-09-01,18.01
2009-09-02,24.63
2009-09-03,19.31
2009-09-04,18.34
2009-09-07,28.61
2009-09-08,16.02
2009-09-09,15.72
2009-09-10,10.37
2009-09-11,28.39
2009-09-14,25.99
2009-09-15,17.51
2009-09-16,19.96
2009-09-17,9.46
2009-09-18,12.29
2009-09-21,19.09
2009-09-22,22.85
2009-09-23,-1.13
2009-09-24,29.09
2009-09-25,23.59
2009-09-28,8.85
2009-09-29,19.84
2009-09-30,14.06
2009-10-01,12.42
2009-10-02,13.4
2009-10-05,13.3
2009-10-06,18.42
2009-10-07,19.14
2009-10-08,25.33
2009-10-09,16.3
2009-10-12,11.64
2009-10-13,19.03
2009-10-14,21.59
2009-10-15,18.54
2009-10-16,27.53
2009-10-19,15.49
2009-10-20,7.62
2009-10-21,22.34
2009-10-22,22.85
2009-10-23,17.64
2009-10-26,18.3
2009-10-27,9.47
2009-10-28,16.38
2009-10-29,19.21
2009-10-30,16.36
2009-11-02,7.05
2009-11-03,18.43
2009-11-04,10.88
2009-11-05,20.1
2009-11-06,18.73
2009-11-09,22.56
2009-11-10,10.73
2009-11-11,18.96
2009-11-12,20.34
2009-11-13,19.03
2009-11-16,26.3
2009-11-17,9.64
2009-11-18,23.8
2009-11-19,25.37
2009-11-20,17.82
2009-11-23,9.87
2009-11-24,16.97
2009-11-25,17.92
2009-11-26,18.74
2009-11-27,25.87
2009-11-30,22.33
2009-12-01,6.0
2009-12-02,25.13
2009-12-03,3.81
2009-12-04,11.92
2009-12-07,4.06
2009-12-08,20.38
2009-12-09,13.44
2009-12-10,25.65
2009-12-11,11.78
2009-12-14,18.52
2009-12-15,29.06
2009-12-16,15.13
2009-12-17,26.78
2009-12-18,19.98
2009-12-21,18.29
2009-12-22,7.17
2009-12-23,17.57
2009-12-24,31.11
2009-12-25,17.31
2009-12-28,21.28
2009-12-29,28.62
2009-12-30,12.85
2009-12-31,18.43
2010-01-01,18.59
2010-01-04,13.14
2010-01-05,22.05
2010-01-06,27.75
2010-01-07,22.09
2010-01-08,17.63
2010-01-11,19.24
2010-01-12,5.02
2010-01-13,21.08
2010-01-14,10.07
2010-01-15,25.59
2010-01-18,11.48
2010-01-19,25.12
2010-01-20,13.17
2010-01-21,13.59
2010-01-22,4.85
2010-01-25,20.13
2010-01-26,19.89
2010-01-27,25.39
2010-01-28,10.99
2010-01-29,4.83
2010-02-01,23.94
2010-02-02,-2.9
2010-02-03,8.85
2010-02-04,23.89
2010-02-05,15.95
2010-02-08,6.73
2010-02-09,14.97
2010-02-10,27.37
2010-02-11,15.81
2010-02-12,14.15
2010-02-15,25.76
2010-02-16,12.49
2010-02-17,18.37
2010-02-18,27.02
2010-02-19,4.45
2010-02-22,11.4
2010-02-23,22.91
2010-02-24,16.55
2010-02-25,30.98
2010-02-26,16.38
2010-03-01,17.93
2010-03-02,6.25
2010-03-03,8.78
2010-03-04,28.79
2010-03-05,11.56
2010-03-08,18.91
2010-03-09,14.76
2010-03-10,35.24
2010-03-11,4.33
2010-03-12,21.33
2010-03-15,16.97
2010-03-16,8.9
2010-03-17,14.62
2010-03-18,21.83
2010-03-19,39.17
2010-03-22,27.5
2010-03-23,22.14
2010-03-24,19.06
2010-03-25,6.4
2010-03-26,6.67
2010-03-29,21.57
2010-03-30,5.75
2010-03-31,26.4
2010-04-01,21.94
2010-04-02,28.89
2010-04-05,20.49
2010-04-06,11.04
2010-04-07,27.36
2010-04-08,10.16
2010-04-09,18.28
2010-04-12,16.6
2010-04-13,11.75
2010-04-14,16.99
2010-04-15,18.64
2010-04-16,11.39
2010-04-19,29.65
2010-04-20,14.16
2010-04-21,14.96
2010-04-22,21.93
2010-04-23,15.57
2010-04-26,17.32
2010-04-27,19.19
2010-04-28,4.41
2010-04-29,32.19
2010-04-30,9.74
2010-05-03,4.29
2010-05-04,20.4
2010-05-05,20.77
2010-05-06,19.19
2010-05-07,10.92
2010-05-10,10.4
2010-05-11,17.86
2010-05-12,16.82
2010-05-13,25.35
2010-05-14,17.15
2010-05-17,21.79
2010-05-18,17.06
2010-05-19,3.58
2010-05-20,10.44
2010-05-21,29.03
2010-05-24,19.68
2010-05-25,27.46
2010-05-26,17.72
2010-05-27,17.52
2010-05-28,13.91
2010-05-31,26.65
2010-06-01,30.11
2010-06-02,11.17
2010-06-03,20.31
2010-06-04,12.44
2010-06-07,19.24
2010-06-08,6.69
2010-06-09,7.41
2010-06-10,22.47
2010-06-11,19.9
2010-06-14,17.5
2010-06-15,29.49
2010-06-16,12.47
2010-06-17,16.88
2010-06-18,27.86
2010-06-21,18.09
2010-06-22,13.83
2010-06-23,25.64
2010-06-24,16.86
2010-06-25,15.18
2010-06-28,8.36
2010-06-29,6.06
2010-06-30,4.95
2010-07-01,9.96
2010-07-02,15.16
2010-07-05,20.24
2010-07-06,6.4
2010-07-07,19.31
2010-07-08,28.33
2010-07-09,28.79
2010-07-12,13.46
2010-07-13,38.73
2010-07-14,23.93
2010-07-15,26.29
2010-07-16,31.44
2010-07-19,10.16
2010-07-20,14.74
2010-07-21,18.26
2010-07-22,20.8
2010-07-23,9.52
2010-07-26,25.14
2010-07-27,13.58
2010-07-28,20.68
2010-07-29,23.47
2010-07-30,13.12
2010-08-02,29.25
2010-08-03,11.62
2010-08-04,1.67
2010-08-05,26.85
2010-08-06,17.36
2010-08-09,5.34
2010-08-10,15.31
2010-08-11,20.7
2010-08-12,16.82
2010-08-13,23.22
2010-08-16,10.76
2010-08-17,18.05
2010-08-18,14.32
2010-08-19,14.86
2010-08-20,20.23
2010-08-23,25.99
2010-08-24,15.85
2010-08-25,14.42
2010-08-26,23.14
2010-08-27,19.38
2010-08-30,-0.11
2010-08-31,16.16
2010-09-01,13.17
2010-09-02,9.25
2010-09-03,12.06
2010-09-06,11.47
2010-09-07,31.96
2010-09-08,12.37
2010-09-09,13.59
2010-09-10,1.58
2010-09-13,14.66
2010-09-14,22.53
2010-09-15,11.54
2010-09-16,20.44
2010-09-17,18.55
2010-09-20,16.06
2010-09-21,38.45
2010-09-22,10.26
2010-09-23,18.7
2010-09-24,6.27
2010-09-27,23.55
2010-09-28,11.18
2010-09-29,11.94
2010-09-30,22.18
2010-10-01,11.19
2010-10-04,23.19
2010-10-05,2.05
2010-10-06,22.82
2010-10-07,10.43
2010-10-08,0.3
2010-10-11,24.53
2010-10-12,29.88
2010-10-13,19.73
2010-10-14,29.75
2010-10-15,23.57
2010-10-18,10.66
2010-10-19,29.51
2010-10-20,15.9
2010-10-21,25.45
2010-10-22,19.87
2010-10-25,10.81
2010-10-26,14.01
2010-10-27,8.16
2010-10-28,20.8
2010-10-29,6.32
2010-11-01,32.37
2010-11-02,17.8
2010-11-03,4.56
2010-11-04,18.47
2010-11-05,8.05
2010-11-08,27.56
2010-11-09,20.22
2010-11-10,8.57
2010-11-11,27.36
2010-11-12,24.55
2010-11-15,20.78
2010-11-16,7.68
2010-11-17,9.14
2010-11-18,35.59
2010-11-19,3.28
2010-11-22,19.4
2010-11-23,18.6
2010-11-24,7.17
2010-11-25,5.36
2010-11-26,3.77
2010-11-29,25.03
2010-11-30,9.34
2010-12-01,24.12
2010-12-02,21.7
2010-12-03,17.24
2010-12-06,14.02
2010-12-07,12.72
2010-12-08,18.55
2010-12-09,12.27
2010-12-10,6.38
2010-12-13,14.29
2010-12-14,30.88
2010-12-15,27.78
2010-12-16,12.7
2010-12-17,3.9
2010-12-20,7.42
2010-12-21,9.92
2010-12-22,18.59
2010-12-23,16.33
2010-12-24,24.96
2010-12-27,30.52
2010-12-28,15.88
2010-12-29,25.18
2010-12-30,20.25
2010-12-31,10.67
2011-01-03,13.13
2011-01-04,9.69
2011-01-05,1.84
2011-01-06,24.02
2011-01-07,25.27
2011-01-10,21.92
2011-01-11,15.12
2011-01-12,18.49
2011-01-13,20.18
2011-01-14,18.45
2011-01-17,13.98
2011-01-18,16.54
2011-01-19,16.98
2011-01-20,24.27
2011-01-21,25.58
2011-01-24,8.22
2011-01-25,37.61
2011-01-26,21.52
2011-01-27,11.84
2011-01-28,5.25
2011-01-31,20.58
2011-02-01,25.62
2011-02-02,10.87
2011-02-03,14.36
2011-02-04,30.69
2011-02-07,24.94
2011-02-08,23.01
2011-02-09,22.32
2011-02-10,33.57
2011-02-11,13.65
2011-02-14,20.04
2011-02-15,13.38
2011-02-16,8.6
2011-02-17,5.06
2011-02-18,12.44
2011-02-21,11.09
2011-02-22,12.52
2011-02-23,21.92
2011-02-24,13.42
2011-02-25,10.37
2011-02-28,13.88
2011-03-01,12.55
2011-03-02,15.09
2011-03-03,26.73
2011-03-04,13.71
2011-03-07,18.03
2011-03-08,15.63
2011-03-09,12.36
2011-03-10,20.01
2011-03-11,20.62
2011-03-14,17.22
2011-03-15,23.43
2011-03-16,18.21
2011-03-17,25.11
2011-03-18,13.09
2011-03-21,23.33
2011-03-22,21.59
2011-03-23,15.74
2011-03-24,13.07
2011-03-25,11.45
2011-03-28,9.2
2011-03-29,12.99
2011-03-30,13.4
2011-03-31,14.49
2011-04-01,32.97
2011-04-04,15.87
2011-04-05,9.59
2011-04-06,27.93
2011-04-07,24.81
2011-04-08,12.17
2011-04-11,23.12
2011-04-12,19.8
2011-04-13,24.44
2011-04-14,13.9
2011-04-15,18.63
2011-04-18,15.86
2011-04-19,12.8
2011-04-20,17.26
2011-04-21,28.47
2011-04-22,15.21
2011-04-25,12.34
2011-04-26,12.29
2011-04-27,22.07
2011-04-28,16.05
2011-04-29,7.46
2011-05-02,7.62
2011-05-03,14.12
2011-05-04,22.99
2011-05-05,28.17
2011-05-06,25.43
2011-05-09,16.32
2011-05-10,20.47
2011-05-11,25.61
2011-05-12,13.55
2011-05-13,-7.85
2011-05-16,29.84
2011-05-17,26.53
2011-05-18,21.43
2011-05-19,27.65
2011-05-20,23.71
2011-05-23,12.66
2011-05-24,7.99
2011-05-25,15.56
2011-05-26,9.7
2011-05-27,13.8
2011-05-30,23.51
2011-05-31,6.99
2011-06-01,16.45
2011-06-02,33.18
2011-06-03,17.71
2011-06-06,6.65
2011-06-07,19.43
2011-06-08,15.47
2011-06-09,25.7
2011-06-10,13.51
2011-06-13,29.23
2011-06-14,26.44
2011-06-15,32.27
2011-06-16,21.09
2011-06-17,29.71
2011-06-20,1.33
2011-06-21,7.32
2011-06-22,19.19
2011-06-23,16.5
2011-06-24,12.72
2011-06-27,19.86
2011-06-28,19.9
2011-06-29,21.8
2011-06-30,3.97
2011-07-01,23.47
2011-07-04,21.39
2011-07-05,14.35
2011-07-06,10.96
2011-07-07,21.74
2011-07-08,15.72
2011-07-11,15.04
2011-07-12,23.67
2011-07-13,29.33
2011-07-14,16.21
2011-07-15,12.44
2011-07-18,17.12
2011-07-19,13.32
2011-07-20,5.38
2011-07-21,22.16
2011-07-22,19.16
2011-07-25,8.58
2011-07-26,13.5
2011-07-27,14.74
2011-07-28,8.93
2011-07-29,24.27
2011-08-01,19.23
2011-08-02,7.36
2011-08-03,2.62
2011-08-04,31.54
2011-08-05,-0.67
2011-08-08,24.1
2011-08-09,20.79
2011-08-10,22.3
2011-08-11,8.95
2011-08-12,15.43
2011-08-15,14.6
2011-08-16,30.38
2011-08-17,19.1
2011-08-18,5.5
2011-08-19,21.03
2011-08-22,24.86
2011-08-23,25.69
2011-08-24,14.98
2011-08-25,18.17
2011-08-26,11.89
2011-08-29,16.42
2011-08-30,21.33
2011-08-31,22.42
2011-09-01,4.59
2011-09-02,18.69
2011-09-05,21.36
2011-09-06,20.35
2011-09-07,-3.0
2011-09-08,15.02
2011-09-09,26.16
2011-09-12,30.9
2011-09-13,18.11
2011-09-14,18.6
2011-09-15,8.05
2011-09-16,14.55
2011-09-19,16.66
2011-09-20,33.14
2011-09-21,-1.16
2011-09-22,26.98
2011-09-23,26.36
2011-09-26,27.09
2011-09-27,9.64
2011-09-28,18.52
2011-09-29,16.05
2011-09-30,20.9
2011-10-03,14.23
2011-10-04,11.94
2011-10-05,11.86
2011-10-06,8.42
2011-10-07,27.12
2011-10-10,9.67
2011-10-11,10.93
2011-10-12,24.98
2011-10-13,15.09
2011-10-14,15.73
2011-10-17,24.7
2011-10-18,17.08
2011-10-19,21.39
2011-10-20,16.35
2011-10-21,-0.27
2011-10-24,10.94
2011-10-25,19.38
2011-10-26,13.54
2011-10-27,25.5
2011-10-28,13.02
2011-10-31,14.63
2011-11-01,12.36
2011-11-02,13.74
2011-11-03,32.2
2011-11-04,10.99
2011-11-07,2.46
2011-11-08,9.7
2011-11-09,2.55
2011-11-10,16.01
2011-11-11,16.32
2011-11-14,13.27
2011-11-15,10.9
2011-11-16,12.66
2011-11-17,-0.58
2011-11-18,15.24
2011-11-21,11.58
2011-11-22,29.54
2011-11-23,15.74
2011-11-24,18.08
2011-11-25,9.9
2011-11-28,15.75
2011-11-29,24.82
2011-11-30,8.78
2011-12-01,18.43
2011-12-02,17.06
2011-12-05,23.38
2011-12-06,14.55
2011-12-07,17.35
2011-12-08,15.47
2011-12-09,30.52
2011-12-12,26.75
2011-12-13,17.58
2011-12-14,23.25
2011-12-15,10.85
2011-12-16,17.65
2011-12-19,18.01
2011-12-20,19.39
2011-12-21,29.68
2011-12-22,15.93
2011-12-23,14.75
2011-12-26,22.64
2011-12-27,21.07
2011-12-28,29.79
2011-12-29,43.89
2011-12-30,24.91
2012-01-02,17.27
2012-01-03,16.06
2012-01-04,29.83
2012-01-05,11.19
2012-01-06,16.23
2012-01-09,21.61
2012-01-10,21.59
2012-01-11,14.64
2012-01-12,31.61
2012-01-13,28.82
2012-01-16,30.0
2012-01-17,16.03
2012-01-18,12.07
2012-01-19,23.05
2012-01-20,17.4
2012-01-23,17.05
2012-01-24,16.63
2012-01-25,27.73
2012-01-26,13.47
2012-01-27,43.04
2012-01-30,1.45
2012-01-31,15.52
2012-02-01,17.06
2012-02-02,13.46
2012-02-03,17.96
2012-02-06,15.81
2012-02-07,6.45
2012-02-08,20.74
2012-02-09,34.18
2012-02-10,7.58
2012-02-13,12.24
2012-02-14,9.34
2012-02-15,18.73
2012-02-16,7.63
2012-02-17,18.38
2012-02-20,19.22
2012-02-21,21.94
2012-02-22,27.0
2012-02-23,11.99
2012-02-24,10.56
2012-02-27,22.62
2012-02-28,25.98
2012-02-29,15.47
2012-03-01,3.23
2012-03-02,25.15
2012-03-05,25.0
2012-03-06,0.43
2012-03-07,23.06
2012-03-08,14.91
2012-03-09,3.75
2012-03-12,27.23
2012-03-13,21.84
2012-03-14,35.04
2012-03-15,20.7
2012-03-16,17.45
2012-03-19,26.63
2012-03-20,34.66
2012-03-21,26.25
2012-03-22,17.86
2012-03-23,20.41
2012-03-26,17.1
2012-03-27,10.38
2012-03-28,15.43
2012-03-29,20.26
2012-03-30,14.73
2012-04-02,24.35
2012-04-03,12.81
2012-04-04,20.9
2012-04-05,8.25
2012-04-06,4.12
2012-04-09,25.42
2012-04-10,19.52
2012-04-11,14.72
2012-04-12,23.78
2012-04-13,38.3
2012-04-16,21.72
2012-04-17,28.0
2012-04-18,15.5
2012-04-19,19.78
2012-04-20,18.1
2012-04-23,36.17
2012-04-24,26.56
2012-04-25,10.69
2012-04-26,6.09
2012-04-27,38.61
2012-04-30,24.19
2012-05-01,19.91
2012-05-02,15.47
2012-05-03,18.47
2012-05-04,12.77
2012-05-07,15.86
2012-05-08,9.14
2012-05-09,18.07
2012-05-10,14.79
2012-05-11,27.04
2012-05-14,21.24
2012-05-15,5.2
2012-05-16,14.31
2012-05-17,26.78
2012-05-18,17.81
2012-05-21,14.6
2012-05-22,24.2
2012-05-23,21.56
2012-05-24,10.69
2012-05-25,23.05
2012-05-28,18.69
2012-05-29,8.98
2012-05-30,13.87
2012-05-31,20.36
2012-06-01,11.79
2012-06-04,17.42
2012-06-05,21.76
2012-06-06,15.32
2012-06-07,10.57
2012-06-08,11.39
2012-06-11,14.59
2012-06-12,6.86
2012-06-13,32.09
2012-06-14,15.35
2012-06-15,18.71
2012-06-18,18.45
2012-06-19,27.5
2012-06-20,4.2
2012-06-21,22.95
2012-06-22,15.8
2012-06-25,13.51
2012-06-26,4.0
2012-06-27,23.36
2012-06-28,23.49
2012-06-29,20.22
2012-07-02,15.58
2012-07-03,7.88
2012-07-04,12.52
2012-07-05,24.93
2012-07-06,18.98
2012-07-09,26.73
2012-07-10,19.9
2012-07-11,26.05
2012-07-12,28.54
2012-07-13,27.95
2012-07-16,9.24
2012-07-17,24.04
2012-07-18,18.33
2012-07-19,32.38
2012-07-20,20.97
2012-07-23,28.13
2012-07-24,14.46
2012-07-25,23.3
2012-07-26,15.3
2012-07-27,13.29
2012-07-30,21.04
2012-07-31,19.34
2012-08-01,23.16
2012-08-02,5.36
2012-08-03,7.57
2012-08-06,31.4
2012-08-07,13.52
2012-08-08,17.84
2012-08-09,23.93
2012-08-10,26.77
2012-08-13,27.59
2012-08-14,11.46
2012-08-15,24.63
2012-08-16,20.58
2012-08-17,14.38
2012-08-20,18.21
2012-08-21,23.63
2012-08-22,24.98
2012-08-23,16.31
2012-08-24,25.84
2012-08-27,6.97
2012-08-28,17.26
2012-08-29,1.76
2012-08-30,31.22
2012-08-31,22.71
2012-09-03,13.46
2012-09-04,14.95
2012-09-05,16.65
2012-09-06,17.54
2012-09-07,4.65
2012-09-10,12.42
2012-09-11,24.06
2012-09-12,22.07
2012-09-13,11.1
2012-09-14,21.59
2012-09-17,28.14
2012-09-18,10.08
2012-09-19,4.26
2012-09-20,4.62
2012-09-21,26.22
2012-09-24,17.5
2012-09-25,14.88
2012-09-26,10.0
2012-09-27,27.84
2012-09-28,18.21
2012-10-01,23.21
2012-10-02,17.17
2012-10-03,5.5
2012-10-04,28.88
2012-10-05,14.55
2012-10-08,24.43
2012-10-09,21.54
2012-10-10,14.1
2012-10-11,28.91
2012-10-12,26.46
2012-10-15,23.27
2012-10-16,31.48
2012-10-17,15.92
2012-10-18,24.23
2012-10-19,15.97
2012-10-22,16.85
2012-10-23,24.72
2012-10-24,6.19
2012-10-25,22.4
2012-10-26,10.37
2012-10-29,24.82
2012-10-30,5.4
2012-10-31,13.71
2012-11-01,27.04
2012-11-02,19.27
2012-11-05,24.2
2012-11-06,14.76
2012-11-07,30.24
2012-11-08,18.47
2012-11-09,28.95
2012-11-12,13.39
2012-11-13,11.18
2012-11-14,24.15
2012-11-15,12.14
2012-11-16,19.91
2012-11-19,32.63
2012-11-20,15.55
2012-11-21,9.93
2012-11-22,24.08
2012-11-23,9.21
2012-11-26,16.66
2012-11-27,13.94
2012-11-28,15.91
2012-11-29,13.92
2012-11-30,-3.03
2012-12-03,20.51
2012-12-04,25.64
2012-12-05,25.51
2012-12-06,19.77
2012-12-07,21.4
2012-12-10,6.59
2012-12-11,9.19
2012-12-12,29.42
2012-12-13,12.72
2012-12-14,5.25
2012-12-17,15.4
2012-12-18,12.75
2012-12-19,19.48
2012-12-20,21.3
2012-12-21,6.45
2012-12-24,18.27
2012-12-25,24.49
2012-12-26,20.25
2012-12-27,12.99
2012-12-28,24.37
2012-12-31,19.24
2013-01-01,6.72
2013-01-02,6.43
2013-01-03,20.53
2013-01-04,7.03
2013-01-07,8.48
2013-01-08,20.57
2013-01-09,16.63
2013-01-10,10.12
2013-01-11,16.3
2013-01-14,11.26
2013-01-15,25.1
2013-01-16,15.37
2013-01-17,33.53
2013-01-18,29.77
2013-01-21,25.94
2013-01-22,21.38
2013-01-23,19.57
2013-01-24,12.93
2013-01-25,29.34
2013-01-28,38.05
2013-01-29,16.48
2013-01-30,17.83
2013-01-31,-8.62
2013-02-01,15.52
2013-02-04,9.69
2013-02-05,35.25
2013-02-06,8.67
2013-02-07,18.84
2013-02-08,25.73
2013-02-11,22.76
2013-02-12,8.45
2013-02-13,20.3
2013-02-14,21.71
2013-02-15,18.18
2013-02-18,17.28
2013-02-19,-0.22
2013-02-20,19.17
2013-02-21,11.13
2013-02-22,22.96
2013-02-25,6.92
2013-02-26,5.27
2013-02-27,18.51
2013-02-28,15.44
2013-03-01,6.04
2013-03-04,13.25
2013-03-05,11.9
2013-03-06,17.6
2013-03-07,17.4
2013-03-08,5.58
2013-03-11,22.11
2013-03-12,25.87
2013-03-13,2.56
2013-03-14,12.1
2013-03-15,25.13
2013-03-18,5.07
2013-03-19,7.63
2013-03-20,4.46
2013-03-21,27.72
2013-03-22,22.73
2013-03-25,7.28
2013-03-26,22.27
2013-03-27,23.03
2013-03-28,23.25
2013-03-29,24.33
2013-04-01,24.92
2013-04-02,13.67
2013-04-03,25.85
2013-04-04,12.3
2013-04-05,34.35
2013-04-08,12.23
2013-04-09,20.77
2013-04-10,30.93
2013-04-11,15.45
2013-04-12,18.56
2013-04-15,18.41
2013-04-16,15.63
2013-04-17,23.48
2013-04-18,28.22
2013-04-19,12.07
2013-04-22,29.09
2013-04-23,9.23
2013-04-24,14.67
2013-04-25,0.45
2013-04-26,3.36
2013-04-29,22.67
2013-04-30,7.51
2013-05-01,11.2
2013-05-02,1.41
2013-05-03,23.78
2013-05-06,10.27
2013-05-07,8.7
2013-05-08,32.48
2013-05-09,18.87
2013-05-10,18.89
2013-05-13,9.35
2013-05-14,32.83
2013-05-15,15.14
2013-05-16,23.89
2013-05-17,22.65
2013-05-20,8.2
2013-05-21,17.17
2013-05-22,21.43
2013-05-23,24.31
2013-05-24,21.77
2013-05-27,12.56
2013-05-28,20.93
2013-05-29,25.2
2013-05-30,6.69
2013-05-31,19.11
2013-06-03,20.4
2013-06-04,24.98
2013-06-05,17.36
2013-06-06,19.81
2013-06-07,-4.13
2013-06-10,8.69
2013-06-11,1.63
2013-06-12,18.55
2013-06-13,27.92
2013-06-14,23.95
2013-06-17,13.72
2013-06-18,30.34
2013-06-19,20.31
2013-06-20,22.85
2013-06-21,16.82
2013-06-24,22.02
2013-06-25,14.15
2013-06-26,22.02
2013-06-27,21.98
2013-06-28,12.06
2013-07-01,27.91
2013-07-02,21.16
2013-07-03,9.74
2013-07-04,1.75
2013-07-05,14.76
2013-07-08,24.48
2013-07-09,13.32
2013-07-10,26.48
2013-07-11,20.05
2013-07-12,17.81
2013-07-15,21.6
2013-07-16,21.42
2013-07-17,16.92
2013-07-18,19.69
2013-07-19,21.36
2013-07-22,16.78
2013-07-23,36.22
2013-07-24,24.21
2013-07-25,26.62
2013-07-26,26.86
2013-07-29,25.36
2013-07-30,17.3
2013-07-31,9.36
2013-08-01,14.27
2013-08-02,31.91
2013-08-05,22.39
2013-08-06,6.59
2013-08-07,18.16
2013-08-08,22.97
2013-08-09,11.67
2013-08-12,15.48
2013-08-13,17.61
2013-08-14,33.21
2013-08-15,18.66
2013-08-16,17.78
2013-08-19,6.86
2013-08-20,26.95
2013-08-21,26.49
2013-08-22,21.33
2013-08-23,17.82
2013-08-26,23.64
2013-08-27,19.45
2013-08-28,22.06
2013-08-29,27.08
2013-08-30,18.58
2013-09-02,15.28
2013-09-03,21.76
2013-09-04,10.23
2013-09-05,9.84
2013-09-06,28.27
2013-09-09,6.12
2013-09-10,4.77
2013-09-11,11.28
2013-09-12,14.81
2013-09-13,12.41
2013-09-16,23.43
2013-09-17,16.27
2013-09-18,-2.44
2013-09-19,8.35
2013-09-20,18.48
2013-09-23,-3.68
2013-09-24,23.25
2013-09-25,22.33
2013-09-26,15.76
2013-09-27,16.86
2013-09-30,2.69
2013-10-01,18.17
2013-10-02,20.7
2013-10-03,5.98
2013-10-04,19.62
2013-10-07,27.2
2013-10-08,31.87
2013-10-09,21.7
2013-10-10,17.95
2013-10-11,19.2
2013-10-14,11.29
2013-10-15,18.06
2013-10-16,21.08
2013-10-17,9.58
2013-10-18,12.75
2013-10-21,18.92
2013-10-22,12.27
2013-10-23,27.7
2013-10-24,7.69
2013-10-25,17.28
2013-10-28,19.09
2013-10-29,22.99
2013-10-30,11.52
2013-10-31,9.63
2013-11-01,16.21
2013-11-04,15.16
2013-11-05,14.66
2013-11-06,24.28
2013-11-07,11.41
2013-11-08,25.35
2013-11-11,19.88
2013-11-12,27.56
2013-11-13,21.46
2013-11-14,22.93
2013-11-15,18.44
2013-11-18,18.35
2013-11-19,3.6
2013-11-20,28.77
2013-11-21,30.39
2013-11-22,14.37
2013-11-25,25.26
2013-11-26,15.05
2013-11-27,24.34
2013-11-28,10.55
2013-11-29,17.68
2013-12-02,21.62
2013-12-03,15.37
2013-12-04,24.26
2013-12-05,9.75
2013-12-06,13.29
2013-12-09,26.58
2013-12-10,10.83
2013-12-11,14.41
2013-12-12,4.14
2013-12-13,10.76
2013-12-16,14.67
2013-12-17,29.82
2013-12-18,15.28
2013-12-19,24.06
2013-12-20,19.58
2013-12-23,14.61
2013-12-24,11.99
2013-12-25,29.94
2013-12-26,14.51
2013-12-27,11.76
2013-12-30,4.22
2013-12-31,17.21
2014-01-01,17.85
2014-01-02,19.81
2014-01-03,8.42
2014-01-06,6.29
2014-01-07,3.54
2014-01-08,13.15
2014-01-09,11.15
2014-01-10,13.26
2014-01-13,21.54
2014-01-14,11.58
2014-01-15,21.98
2014-01-16,-0.48
2014-01-17,24.66
2014-01-20,16.21
2014-01-21,12.62
2014-01-22,16.04
2014-01-23,14.95
2014-01-24,21.62
2014-01-27,15.45
2014-01-28,30.5
2014-01-29,3.81
2014-01-30,12.46
2014-01-31,14.81
2014-02-03,21.77
2014-02-04,3.51
2014-02-05,12.23
2014-02-06,32.06
2014-02-07,17.26
2014-02-10,30.49
2014-02-11,8.16
2014-02-12,18.09
2014-02-13,20.76
2014-02-14,12.55
2014-02-17,14.29
2014-02-18,11.84
2014-02-19,20.46
2014-02-20,24.02
2014-02-21,28.12
2014-02-24,21.09
2014-02-25,18.72
2014-02-26,7.56
2014-02-27,40.2
2014-02-28,35.32
2014-03-03,2.47
2014-03-04,23.94
2014-03-05,19.86
2014-03-06,15.88
2014-03-07,13.12
2014-03-10,23.35
2014-03-11,25.08
2014-03-12,28.96
2014-03-13,12.48
2014-03-14,15.74
2014-03-17,25.46
2014-03-18,20.71
2014-03-19,17.41
2014-03-20,17.99
2014-03-21,24.18
2014-03-24,12.25
2014-03-25,8.35
2014-03-26,26.85
2014-03-27,22.12
2014-03-28,10.71
2014-03-31,16.77
2014-04-01,20.43
2014-04-02,28.03
2014-04-03,21.93
2014-04-04,19.79
2014-04-07,11.06
2014-04-08,18.25
2014-04-09,8.09
2014-04-10,21.16
2014-04-11,34.78
2014-04-14,11.79
2014-04-15,25.72
2014-04-16,32.18
2014-04-17,3.84
2014-04-18,23.71
2014-04-21,14.18
2014-04-22,20.0
2014-04-23,14.99
2014-04-24,17.99
2014-04-25,22.45
2014-04-28,16.61
2014-04-29,20.49
2014-04-30,20.83
2014-05-01,20.5
2014-05-02,16.58
2014-05-05,14.9
2014-05-06,13.33
2014-05-07,31.24
2014-05-08,6.5
2014-05-09,32.83
2014-05-12,23.15
2014-05-13,27.38
2014-05-14,16.81
2014-05-15,27.86
2014-05-16,17.72
2014-05-19,11.05
2014-05-20,16.61
2014-05-21,10.72
2014-05-22,35.82
2014-05-23,23.28
2014-05-26,19.46
2014-05-27,18.39
2014-05-28,32.04
2014-05-29,28.92
2014-05-30,22.88
2014-06-02,16.8
2014-06-03,19.33
2014-06-04,27.84
2014-06-05,12.05
2014-06-06,19.64
2014-06-09,19.22
2014-06-10,12.64
2014-06-11,25.35
2014-06-12,17.05
2014-06-13,13.04
2014-06-16,10.72
2014-06-17,18.67
2014-06-18,7.59
2014-06-19,12.68
2014-06-20,16.59
2014-06-23,13.04
2014-06-24,16.35
2014-06-25,19.78
2014-06-26,1.38
2014-06-27,20.91
2014-06-30,13.5
2014-07-01,15.66
2014-07-02,21.53
2014-07-03,21.27
2014-07-04,12.07
2014-07-07,8.6
2014-07-08,15.35
2014-07-09,-0.86
2014-07-10,20.55
2014-07-11,7.27
2014-07-14,15.76
2014-07-15,12.65
2014-07-16,26.52
2014-07-17,26.9
2014-07-18,11.06
2014-07-21,25.04
2014-07-22,14.69
2014-07-23,12.76
2014-07-24,18.73
2014-07-25,10.57
2014-07-28,16.07
2014-07-29,5.81
2014-07-30,11.92
2014-07-31,20.77
2014-08-01,10.15
2014-08-04,27.85
2014-08-05,22.48
2014-08-06,10.12
2014-08-07,19.72
2014-08-08,13.51
2014-08-11,24.87
2014-08-12,26.42
2014-08-13,11.07
2014-08-14,4.17
2014-08-15,29.06
2014-08-18,12.9
2014-08-19,12.64
2014-08-20,18.72
2014-08-21,5.35
2014-08-22,27.69
2014-08-25,15.36
2014-08-26,10.23
2014-08-27,37.01
2014-08-28,37.22
2014-08-29,20.67
2014-09-01,21.51
2014-09-02,24.52
2014-09-03,10.43
2014-09-04,-7.45
2014-09-05,24.56
2014-09-08,14.2
2014-09-09,16.76
2014-09-10,20.54
2014-09-11,23.31
2014-09-12,29.15
2014-09-15,17.19
2014-09-16,9.82
2014-09-17,20.43
2014-09-18,22.46
2014-09-19,21.44
2014-09-22,26.87
2014-09-23,23.44
2014-09-24,23.53
2014-09-25,20.03
2014-09-26,8.96
2014-09-29,36.02
2014-09-30,8.7
2014-10-01,5.69
2014-10-02,17.29
2014-10-03,32.84
2014-10-06,21.14
2014-10-07,25.7
2014-10-08,-9.21
2014-10-09,17.74
2014-10-10,14.62
2014-10-13,18.58
2014-10-14,22.89
2014-10-15,27.31
2014-10-16,25.44
2014-10-17,22.16
2014-10-20,28.52
2014-10-21,10.82
2014-10-22,10.9
2014-10-23,14.21
2014-10-24,15.08
2014-10-27,11.62
2014-10-28,18.11
2014-10-29,23.67
2014-10-30,24.81
2014-10-31,16.76
2014-11-03,15.33
2014-11-04,15.56
2014-11-05,14.56
2014-11-06,20.04
2014-11-07,6.21
2014-11-10,13.12
2014-11-11,14.15
2014-11-12,40.81
2014-11-13,15.02
2014-11-14,8.31
2014-11-17,18.8
2014-11-18,9.16
2014-11-19,27.36
2014-11-20,45.71
2014-11-21,19.58
2014-11-24,12.23
2014-11-25,23.32
2014-11-26,23.39
2014-11-27,24.55
2014-11-28,21.64
2014-12-01,32.42
2014-12-02,23.96
2014-12-03,20.38
2014-12-04,24.35
2014-12-05,6.83
2014-12-08,12.84
2014-12-09,27.26
2014-12-10,14.94
2014-12-11,13.61
2014-12-12,22.78
2014-12-15,32.33
2014-12-16,18.61
2014-12-17,12.63
2014-12-18,15.52
2014-12-19,16.59
2014-12-22,26.19
2014-12-23,8.66
2014-12-24,21.07
2014-12-25,24.66
2014-12-26,16.62
2014-12-29,12.44
2014-12-30,16.35
2014-12-31,40.28
2015-01-01,21.59
2015-01-02,25.85
2015-01-05,6.15
2015-01-06,15.36
2015-01-07,9.38
2015-01-08,19.79
2015-01-09,13.47
2015-01-12,22.44
2015-01-13,16.06
2015-01-14,26.25
2015-01-15,18.46
2015-01-16,16.95
2015-01-19,16.39
2015-01-20,12.58
2015-01-21,18.1
2015-01-22,24.57
2015-01-23,9.59
2015-01-26,22.26
2015-01-27,20.14
2015-01-28,13.67
2015-01-29,14.02
2015-01-30,35.19
2015-02-02,28.59
2015-02-03,14.36
2015-02-04,15.87
2015-02-05,3.68
2015-02-06,22.01
2015-02-09,7.85
2015-02-10,19.32
2015-02-11,19.92
2015-02-12,2.48
2015-02-13,25.83
2015-02-16,25.53
2015-02-17,21.84
2015-02-18,21.82
2015-02-19,16.18
2015-02-20,24.04
2015-02-23,19.6
2015-02-24,17.32
2015-02-25,12.72
2015-02-26,14.27
2015-02-27,17.0
2015-03-02,27.15
2015-03-03,23.11
2015-03-04,8.34
2015-03-05,26.65
2015-03-06,27.07
2015-03-09,18.59
2015-03-10,24.61
2015-03-11,9.63
2015-03-12,10.21
2015-03-13,9.5
2015-03-16,23.5
2015-03-17,20.32
2015-03-18,0.34
2015-03-19,16.67
2015-03-20,4.26
2015-03-23,20.35
2015-03-24,16.24
2015-03-25,23.75
2015-03-26,16.53
2015-03-27,17.14
2015-03-30,26.31
2015-03-31,33.39
2015-04-01,19.52
2015-04-02,29.58
2015-04-03,34.8
2015-04-06,24.05
2015-04-07,9.47
2015-04-08,24.24
2015-04-09,13.97
2015-04-10,17.17
2015-04-13,26.55
2015-04-14,20.37
2015-04-15,13.56
2015-04-16,4.7
2015-04-17,24.46
2015-04-20,16.85
2015-04-21,19.53
2015-04-22,7.78
2015-04-23,8.45
2015-04-24,22.4
2015-04-27,14.41
2015-04-28,19.82
2015-04-29,21.6
2015-04-30,28.86
2015-05-01,29.36
2015-05-04,10.14
2015-05-05,4.78
2015-05-06,16.48
2015-05-07,21.22
2015-05-08,11.29
2015-05-11,26.89
2015-05-12,17.97
2015-05-13,19.2
2015-05-14,17.76
2015-05-15,18.3
2015-05-18,18.55
2015-05-19,20.41
2015-05-20,15.59
2015-05-21,16.81
2015-05-22,23.53
2015-05-25,19.82
2015-05-26,22.25
2015-05-27,20.54
2015-05-28,14.87
2015-05-29,22.65
2015-06-01,12.73
2015-06-02,25.04
2015-06-03,1.0
2015-06-04,25.31
2015-06-05,11.58
2015-06-08,25.76
2015-06-09,15.58
2015-06-10,16.93
2015-06-11,13.91
2015-06-12,10.06
2015-06-15,34.57
2015-06-16,22.65
2015-06-17,10.96
2015-06-18,4.91
2015-06-19,21.88
2015-06-22,15.3
2015-06-23,21.04
2015-06-24,22.06
2015-06-25,33.75
2015-06-26,23.93
2015-06-29,6.28
2015-06-30,27.0
2015-07-01,14.04
2015-07-02,15.09
2015-07-03,41.06
2015-07-06,18.14
2015-07-07,11.54
2015-07-08,7.42
2015-07-09,12.68
2015-07-10,10.72
2015-07-13,28.81
2015-07-14,17.33
2015-07-15,28.28
2015-07-16,30.6
2015-07-17,6.79
2015-07-20,7.79
2015-07-21,7.07
2015-07-22,10.68
2015-07-23,25.09
2015-07-24,11.76
2015-07-27,13.17
2015-07-28,17.31
2015-07-29,20.81
2015-07-30,10.9
2015-07-31,22.48
2015-08-03,2.26
2015-08-04,34.89
2015-08-05,30.39
2015-08-06,22.11
2015-08-07,28.63
2015-08-10,22.06
2015-08-11,17.43
2015-08-12,12.38
2015-08-13,26.8
2015-08-14,2.72
2015-08-17,24.42
2015-08-18,17.89
2015-08-19,40.21
2015-08-20,12.97
2015-08-21,28.94
2015-08-24,28.61
2015-08-25,8.12
2015-08-26,20.78
2015-08-27,7.49
2015-08-28,12.36
2015-08-31,21.5
2015-09-01,9.04
2015-09-02,18.32
2015-09-03,14.0
2015-09-04,8.08
2015-09-07,26.19
2015-09-08,12.79
2015-09-09,16.67
2015-09-10,23.49
2015-09-11,0.38
2015-09-14,-1.93
2015-09-15,23.5
2015-09-16,24.16
2015-09-17,23.65
2015-09-18,14.46
2015-09-21,23.65
2015-09-22,10.62
2015-09-23,30.38
2015-09-24,14.09
2015-09-25,25.08
2015-09-28,6.99
2015-09-29,27.11
2015-09-30,22.7
2015-10-01,7.73
2015-10-02,23.13
2015-10-05,-6.81
2015-10-06,11.59
2015-10-07,24.02
2015-10-08,18.81
2015-10-09,18.22
2015-10-12,6.85
2015-10-13,10.04
2015-10-14,14.46
2015-10-15,29.79
2015-10-16,26.85
2015-10-19,18.79
2015-10-20,17.07
2015-10-21,24.38
2015-10-22,18.63
2015-10-23,22.61
2015-10-26,29.08
2015-10-27,19.21
2015-10-28,16.54
2015-10-29,18.59
2015-10-30,23.07
2015-11-02,25.65
2015-11-03,20.12
2015-11-04,19.62
2015-11-05,16.04
2015-11-06,17.05
2015-11-09,12.74
2015-11-10,30.3
2015-11-11,28.61
2015-11-12,13.74
2015-11-13,11.12
2015-11-16,28.45
2015-11-17,33.2
2015-11-18,15.47
2015-11-19,19.05
2015-11-20,25.42
2015-11-23,26.35
2015-11-24,38.47
2015-11-25,20.71
2015-11-26,14.09
2015-11-27,32.23
2015-11-30,22.67
2015-12-01,15.98
2015-12-02,14.82
2015-12-03,16.41
2015-12-04,21.42
2015-12-07,22.16
2015-12-08,15.12
2015-12-09,17.46
2015-12-10,9.95
2015-12-11,27.45
2015-12-14,28.76
2015-12-15,16.29
2015-12-16,8.09
2015-12-17,21.52
2015-12-18,10.27
2015-12-21,22.73
2015-12-22,18.93
2015-12-23,13.94
2015-12-24,14.79
2015-12-25,21.17
2015-12-28,14.1
2015-12-29,7.42
2015-12-30,21.59
2015-12-31,29.24
2016-01-01,20.7
2016-01-04,18.77
2016-01-05,23.38
2016-01-06,28.82
2016-01-07,9.8
2016-01-08,13.18
2016-01-11,14.29
2016-01-12,20.27
2016-01-13,14.96
2016-01-14,17.03
2016-01-15,14.34
2016-01-18,11.36
2016-01-19,17.95
2016-01-20,17.48
2016-01-21,28.23
2016-01-22,23.49
2016-01-25,20.9
2016-01-26,6.11
2016-01-27,19.97
2016-01-28,6.47
2016-01-29,6.41
2016-02-01,-0.13
2016-02-02,13.99
2016-02-03,19.5
2016-02-04,21.71
2016-02-05,22.34
2016-02-08,31.72
2016-02-09,22.59
2016-02-10,21.52
2016-02-11,18.59
2016-02-12,12.54
2016-02-15,29.23
2016-02-16,21.5
2016-02-17,17.61
2016-02-18,15.91
2016-02-19,1.23
2016-02-22,22.11
2016-02-23,19.09
2016-02-24,5.35
2016-02-25,31.22
2016-02-26,20.18
2016-02-29,9.39
2016-03-01,17.17
2016-03-02,14.78
2016-03-03,6.21
2016-03-04,25.55
2016-03-07,12.52
2016-03-08,23.46
2016-03-09,18.21
2016-03-10,4.6
2016-03-11,12.26
2016-03-14,13.87
2016-03-15,27.64
2016-03-16,31.68
2016-03-17,17.84
2016-03-18,24.85
2016-03-21,28.96
2016-03-22,27.75
2016-03-23,18.59
2016-03-24,12.47
2016-03-25,16.44
2016-03-28,18.93
2016-03-29,15.4
2016-03-30,31.88
2016-03-31,9.1
2016-04-01,22.25
2016-04-04,17.68
2016-04-05,7.02
2016-04-06,26.68
2016-04-07,12.29
2016-04-08,24.55
2016-04-11,14.08
2016-04-12,33.45
2016-04-13,30.77
2016-04-14,9.62
2016-04-15,11.2
2016-04-18,25.28
2016-04-19,22.72
2016-04-20,18.31
2016-04-21,21.36
2016-04-22,20.97
2016-04-25,18.53
2016-04-26,11.71
2016-04-27,26.26
2016-04-28,18.55
2016-04-29,11.26
2016-05-02,18.62
2016-05-03,28.55
2016-05-04,18.22
2016-05-05,5.68
2016-05-06,17.46
2016-05-09,12.18
2016-05-10,20.66
2016-05-11,15.85
2016-05-12,19.29
2016-05-13,19.61
2016-05-16,14.97
2016-05-17,9.1
2016-05-18,33.93
2016-05-19,18.67
2016-05-20,30.04
2016-05-23,-0.59
2016-05-24,26.93
2016-05-25,4.77
2016-05-26,30.35
2016-05-27,22.93
2016-05-30,26.45
2016-05-31,26.14
2016-06-01,21.36
2016-06-02,15.7
2016-06-03,13.83
2016-06-06,8.22
2016-06-07,14.93
2016-06-08,23.42
2016-06-09,18.08
2016-06-10,20.51
2016-06-13,19.05
2016-06-14,16.36
2016-06-15,26.26
2016-06-16,9.27
2016-06-17,7.44
2016-06-20,30.82
2016-06-21,24.7
2016-06-22,12.88
2016-06-23,33.98
2016-06-24,14.64
2016-06-27,27.65
2016-06-28,18.12
2016-06-29,20.53
2016-06-30,24.57
2016-07-01,23.79
2016-07-04,26.5
2016-07-05,13.39
2016-07-06,11.6
2016-07-07,17.92
2016-07-08,20.86
2016-07-11,29.63
2016-07-12,20.2
2016-07-13,14.34
2016-07-14,30.54
2016-07-15,16.87
2016-07-18,17.62
2016-07-19,15.54
2016-07-20,2.48
2016-07-21,6.75
2016-07-22,26.4
2016-07-25,21.86
2016-07-26,25.45
2016-07-27,25.73
2016-07-28,12.35
2016-07-29,8.4
2016-08-01,16.91
2016-08-02,16.25
2016-08-03,20.1
2016-08-04,22.65
2016-08-05,20.63
2016-08-08,17.96
2016-08-09,20.45
2016-08-10,17.87
2016-08-11,14.04
2016-08-12,23.99
2016-08-15,15.75
2016-08-16,20.91
2016-08-17,9.57
2016-08-18,19.76
2016-08-19,8.65
2016-08-22,35.62
2016-08-23,15.13
2016-08-24,12.04
2016-08-25,4.33
2016-08-26,10.19
2016-08-29,30.97
2016-08-30,33.36
2016-08-31,18.98
2016-09-01,20.53
2016-09-02,14.81
2016-09-05,23.18
2016-09-06,9.61
2016-09-07,18.05
2016-09-08,16.51
2016-09-09,10.56
2016-09-12,13.78
2016-09-13,27.15
2016-09-14,20.2
2016-09-15,27.35
2016-09-16,20.53
2016-09-19,17.39
2016-09-20,25.86
2016-09-21,1.65
2016-09-22,21.46
2016-09-23,17.14
2016-09-26,12.33
2016-09-27,28.13
2016-09-28,23.67
2016-09-29,15.32
2016-09-30,16.02
2016-10-03,16.01
2016-10-04,21.09
2016-10-05,14.98
2016-10-06,18.65
2016-10-07,27.68
2016-10-10,21.48
2016-10-11,24.83
2016-10-12,13.72
2016-10-13,15.17
2016-10-14,13.47
2016-10-17,18.19
2016-10-18,19.64
2016-10-19,6.2
2016-10-20,41.2
2016-10-21,36.63
2016-10-24,5.8
2016-10-25,27.37
2016-10-26,15.95
2016-10-27,13.41
2016-10-28,13.48
2016-10-31,8.62
2016-11-01,15.09
2016-11-02,13.35
2016-11-03,8.97
2016-11-04,14.31
2016-11-07,18.2
2016-11-08,6.98
2016-11-09,21.13
2016-11-10,16.3
2016-11-11,15.82
2016-11-14,14.72
2016-11-15,5.58
2016-11-16,24.31
2016-11-17,23.5
2016-11-18,12.89
2016-11-21,10.16
2016-11-22,11.33
2016-11-23,18.48
2016-11-24,21.93
2016-11-25,18.7
2016-11-28,21.82
2016-11-29,17.28
2016-11-30,20.72
2016-12-01,31.89
2016-12-02,19.97
2016-12-05,8.1
2016-12-06,17.51
2016-12-07,27.83
2016-12-08,8.37
2016-12-09,20.82
2016-12-12,29.04
2016-12-13,22.31
2016-12-14,27.37
2016-12-15,33.43
2016-12-16,22.59
2016-12-19,13.66
2016-12-20,8.88
2016-12-21,31.87
2016-12-22,17.95
2016-12-23,21.61
2016-12-26,29.72
2016-12-27,12.32
2016-12-28,19.44
2016-12-29,13.76
2016-12-30,24.03
2017-01-02,31.19
2017-01-03,10.82
2017-01-04,10.23
2017-01-05,32.02
2017-01-06,21.03
2017-01-09,23.67
2017-01-10,32.1
2017-01-11,22.06
2017-01-12,17.28
2017-01-13,23.51
2017-01-16,15.22
2017-01-17,23.06
2017-01-18,16.05
2017-01-19,22.3
2017-01-20,11.78
2017-01-23,13.18
2017-01-24,16.5
2017-01-25,22.78
2017-01-26,31.75
2017-01-27,21.91
2017-01-30,13.91
2017-01-31,8.17
2017-02-01,14.56
2017-02-02,8.27
2017-02-03,25.92
2017-02-06,9.74
2017-02-07,16.4
2017-02-08,25.2
2017-02-09,15.06
2017-02-10,22.13
2017-02-13,36.46
2017-02-14,12.88
2017-02-15,23.01
2017-02-16,23.19
2017-02-17,17.56
2017-02-20,12.83
2017-02-21,24.38
2017-02-22,15.35
2017-02-23,19.37
2017-02-24,34.69
2017-02-27,10.31
2017-02-28,9.65
2017-03-01,31.61
2017-03-02,13.16
2017-03-03,1.85
2017-03-06,26.8
2017-03-07,13.74
2017-03-08,15.33
2017-03-09,20.75
2017-03-10,18.59
2017-03-13,10.67
2017-03-14,15.17
2017-03-15,27.53
2017-03-16,22.86
2017-03-17,2.81
2017-03-20,18.27
2017-03-21,5.35
2017-03-22,9.03
2017-03-23,13.99
2017-03-24,30.65
2017-03-27,23.23
2017-03-28,9.34
2017-03-29,27.21
2017-03-30,18.45
2017-03-31,28.77
2017-04-03,18.82
2017-04-04,9.69
2017-04-05,21.18
2017-04-06,33.07
2017-04-07,17.24
2017-04-10,22.78
2017-04-11,17.36
2017-04-12,9.07
2017-04-13,21.64
2017-04-14,20.74
2017-04-17,13.16
2017-04-18,19.58
2017-04-19,13.83
2017-04-20,26.58
2017-04-21,20.03
2017-04-24,8.58
2017-04-25,30.0
2017-04-26,4.78
2017-04-27,11.18
2017-04-28,20.3
2017-05-01,16.21
2017-05-02,23.88
2017-05-03,14.49
2017-05-04,26.2
2017-05-05,27.86
2017-05-08,22.52
2017-05-09,23.69
2017-05-10,10.15
2017-05-11,37.77
2017-05-12,17.63
2017-05-15,14.4
2017-05-16,8.35
2017-05-17,19.55
2017-05-18,18.37
2017-05-19,9.21
2017-05-22,10.93
2017-05-23,21.65
2017-05-24,9.58
2017-05-25,3.26
2017-05-26,15.41
2017-05-29,22.64
2017-05-30,27.15
2017-05-31,21.58
2017-06-01,6.22
2017-06-02,15.3
2017-06-05,12.51
2017-06-06,21.51
2017-06-07,6.33
2017-06-08,17.28
2017-06-09,27.82
2017-06-12,22.22
2017-06-13,18.59
2017-06-14,23.76
2017-06-15,19.98
2017-06-16,24.65
2017-06-19,22.58
2017-06-20,19.75
2017-06-21,18.65
2017-06-22,13.36
2017-06-23,24.56
2017-06-26,20.89
2017-06-27,15.49
2017-06-28,26.3
2017-06-29,23.74
2017-06-30,7.94
2017-07-03,14.53
2017-07-04,9.62
2017-07-05,17.47
2017-07-06,7.05
2017-07-07,13.44
2017-07-10,22.26
2017-07-11,17.04
2017-07-12,18.54
2017-07-13,28.62
2017-07-14,31.32
2017-07-17,24.25
2017-07-18,23.27
2017-07-19,16.06
2017-07-20,18.46
2017-07-21,28.48
2017-07-24,1.33
2017-07-25,12.85
2017-07-26,16.19
2017-07-27,26.13
2017-07-28,12.21
2017-07-31,28.71
2017-08-01,31.22
2017-08-02,19.19
2017-08-03,10.39
2017-08-04,7.67
2017-08-07,20.43
2017-08-08,32.24
2017-08-09,11.29
2017-08-10,29.71
2017-08-11,27.29
2017-08-14,7.03
2017-08-15,10.67
2017-08-16,23.85
2017-08-17,25.81
2017-08-18,32.84
2017-08-21,13.53
2017-08-22,18.18
2017-08-23,23.03
2017-08-24,33.5
2017-08-25,26.14
2017-08-28,27.07
2017-08-29,11.34
2017-08-30,22.34
2017-08-31,15.33
2017-09-01,8.78
2017-09-04,20.71
2017-09-05,46.01
2017-09-06,31.21
2017-09-07,16.95
2017-09-08,25.57
2017-09-11,35.26
2017-09-12,24.58
2017-09-13,37.65
2017-09-14,30.67
2017-09-15,-2.14
2017-09-18,23.72
2017-09-19,19.68
2017-09-20,11.84
2017-09-21,13.01
2017-09-22,20.47
2017-09-25,20.79
2017-09-26,20.73
2017-09-27,32.26
2017-09-28,20.44
2017-09-29,20.5
2017-10-02,20.56
2017-10-03,15.78
2017-10-04,19.59
2017-10-05,43.49
2017-10-06,-0.94
2017-10-09,17.92
2017-10-10,24.19
2017-10-11,16.41
2017-10-12,27.12
2017-10-13,19.74
2017-10-16,24.84
2017-10-17,27.78
2017-10-18,12.68
2017-10-19,21.4
2017-10-20,17.28
2017-10-23,22.04
2017-10-24,17.71
2017-10-25,22.42
2017-10-26,13.97
2017-10-27,15.77
2017-10-30,21.12
2017-10-31,18.29
2017-11-01,19.2
2017-11-02,9.77
2017-11-03,11.06
2017-11-06,24.42
2017-11-07,12.38
2017-11-08,20.24
2017-11-09,9.16
2017-11-10,16.03
2017-11-13,20.78
2017-11-14,8.4
2017-11-15,6.8
2017-11-16,13.69
2017-11-17,11.0
2017-11-20,3.88
2017-11-21,10.55
2017-11-22,16.45
2017-11-23,18.94
2017-11-24,16.72
2017-11-27,20.43
2017-11-28,15.34
2017-11-29,25.46
2017-11-30,18.48
2017-12-01,25.74
2017-12-04,22.38
2017-12-05,18.79
2017-12-06,26.31
2017-12-07,8.59
2017-12-08,4.91
2017-12-11,18.22
2017-12-12,5.5
2017-12-13,16.02
2017-12-14,0.89
2017-12-15,15.82
2017-12-18,6.45
2017-12-19,33.42
2017-12-20,17.24
2017-12-21,16.03
2017-12-22,28.62
2017-12-25,18.48
2017-12-26,25.35
2017-12-27,5.37
2017-12-28,20.13
2017-12-29,19.81
2018-01-01,4.54
2018-01-02,-0.96
2018-01-03,22.91
2018-01-04,8.72
2018-01-05,16.15
2018-01-08,28.72
2018-01-09,10.01
2018-01-10,15.64
2018-01-11,14.96
2018-01-12,8.79
2018-01-15,22.8
2018-01-16,6.47
2018-01-17,20.48
2018-01-18,21.31
2018-01-19,11.35
2018-01-22,26.87
2018-01-23,24.93
2018-01-24,19.92
2018-01-25,13.06
2018-01-26,23.47
2018-01-29,18.03
2018-01-30,10.03
2018-01-31,19.92
2018-02-01,12.22
2018-02-02,17.05
2018-02-05,17.04
2018-02-06,21.48
2018-02-07,20.94
2018-02-08,17.62
2018-02-09,21.49
2018-02-12,29.7
2018-02-13,5.1
2018-02-14,4.91
2018-02-15,5.13
2018-02-16,14.24
2018-02-19,20.85
2018-02-20,12.09
2018-02-21,21.31
2018-02-22,25.14
2018-02-23,11.63
2018-02-26,13.54
2018-02-27,22.85
2018-02-28,20.9
2018-03-01,19.8
2018-03-02,30.61
2018-03-05,6.87
2018-03-06,25.04
2018-03-07,12.0
2018-03-08,11.03
2018-03-09,14.39
2018-03-12,16.35
2018-03-13,22.73
2018-03-14,22.25
2018-03-15,13.72
2018-03-16,30.08
2018-03-19,6.77
2018-03-20,31.57
2018-03-21,23.28
2018-03-22,21.93
2018-03-23,26.83
2018-03-26,27.85
2018-03-27,24.5
2018-03-28,7.11
2018-03-29,10.92
2018-03-30,19.98
2018-04-02,18.74
2018-04-03,18.8
2018-04-04,7.28
2018-04-05,16.99
2018-04-06,30.22
2018-04-09,19.68
2018-04-10,28.01
2018-04-11,11.44
2018-04-12,28.34
2018-04-13,31.11
2018-04-16,16.52
2018-04-17,27.3
2018-04-18,18.6
2018-04-19,22.7
2018-04-20,20.16
2018-04-23,15.86
2018-04-24,15.18
2018-04-25,18.54
2018-04-26,14.16
2018-04-27,9.92
2018-04-30,8.13
2018-05-01,19.57
2018-05-02,23.9
2018-05-03,22.96
2018-05-04,30.06
2018-05-07,6.43
2018-05-08,18.08
2018-05-09,23.56
2018-05-10,12.38
2018-05-11,29.13
2018-05-14,13.16
2018-05-15,35.22
2018-05-16,13.08
2018-05-17,7.88
2018-05-18,17.25
2018-05-21,27.14
2018-05-22,10.66
2018-05-23,20.78
2018-05-24,10.25
2018-05-25,4.49
2018-05-28,16.08
2018-05-29,25.3
2018-05-30,18.83
2018-05-31,15.82
2018-06-01,3.37
2018-06-04,18.25
2018-06-05,23.14
2018-06-06,33.89
2018-06-07,18.97
2018-06-08,21.36
2018-06-11,12.21
2018-06-12,11.06
2018-06-13,28.27
2018-06-14,24.51
2018-06-15,17.65
2018-06-18,17.01
2018-06-19,18.09
2018-06-20,11.36
2018-06-21,15.37
2018-06-22,26.0
2018-06-25,2.24
2018-06-26,27.28
2018-06-27,27.67
2018-06-28,20.26
2018-06-29,30.16
2018-07-02,5.04
2018-07-03,9.43
2018-07-04,10.37
2018-07-05,13.33
2018-07-06,10.83
2018-07-09,5.5
2018-07-10,12.42
2018-07-11,10.19
2018-07-12,6.33
2018-07-13,21.41
2018-07-16,29.53
2018-07-17,19.94
2018-07-18,19.21
2018-07-19,20.02
2018-07-20,31.14
2018-07-23,21.93
2018-07-24,21.79
2018-07-25,17.95
2018-07-26,9.23
2018-07-27,28.14
2018-07-30,28.17
2018-07-31,20.36
2018-08-01,19.06
2018-08-02,28.44
2018-08-03,25.62
2018-08-06,15.39
2018-08-07,15.65
2018-08-08,25.03
2018-08-09,26.09
2018-08-10,12.04
2018-08-13,35.69
2018-08-14,8.58
2018-08-15,11.88
2018-08-16,16.06
2018-08-17,23.97
2018-08-20,16.62
2018-08-21,12.54
2018-08-22,25.19
2018-08-23,17.13
2018-08-24,20.1
2018-08-27,21.51
2018-08-28,10.79
2018-08-29,10.77
2018-08-30,17.83
2018-08-31,14.84
2018-09-03,15.12
2018-09-04,20.83
2018-09-05,14.91
2018-09-06,9.91
2018-09-07,28.21
2018-09-10,13.68
2018-09-11,19.12
2018-09-12,7.68
2018-09-13,22.52
2018-09-14,10.14
2018-09-17,18.5
2018-09-18,26.34
2018-09-19,17.26
2018-09-20,15.83
2018-09-21,30.12
2018-09-24,23.43
2018-09-25,27.01
2018-09-26,9.51
2018-09-27,17.1
2018-09-28,17.43
2018-10-01,32.84
2018-10-02,25.87
2018-10-03,12.83
2018-10-04,22.75
2018-10-05,17.24
2018-10-08,19.67
2018-10-09,12.0
2018-10-10,24.15
2018-10-11,22.41
2018-10-12,16.61
2018-10-15,17.62
2018-10-16,32.16
2018-10-17,16.74
2018-10-18,31.13
2018-10-19,12.01
2018-10-22,5.99
2018-10-23,12.61
2018-10-24,9.53
2018-10-25,21.27
2018-10-26,18.72
2018-10-29,9.21
2018-10-30,15.11
2018-10-31,9.94
2018-11-01,16.86
2018-11-02,33.99
2018-11-05,28.02
2018-11-06,6.55
2018-11-07,21.54
2018-11-08,16.73
2018-11-09,6.39
2018-11-12,23.6
2018-11-13,2.08
2018-11-14,12.48
2018-11-15,12.73
2018-11-16,18.81
2018-11-19,7.23
2018-11-20,19.3
2018-11-21,7.31
2018-11-22,28.57
2018-11-23,29.61
2018-11-26,20.85
2018-11-27,-9.39
2018-11-28,36.03
2018-11-29,3.32
2018-11-30,18.45
2018-12-03,33.45
2018-12-04,15.75
2018-12-05,12.07
2018-12-06,21.02
2018-12-07,7.2
2018-12-10,13.94
2018-12-11,15.24
2018-12-12,22.62
2018-12-13,12.86
2018-12-14,15.55
2018-12-17,6.62
2018-12-18,17.69
2018-12-19,25.15
2018-12-20,9.78
2018-12-21,26.18
2018-12-24,31.92
2018-12-25,24.41
2018-12-26,22.53
2018-12-27,33.38
2018-12-28,26.59
2018-12-31,17.2
2019-01-01,22.54
2019-01-02,21.8
2019-01-03,25.47
2019-01-04,8.43
2019-01-07,5.44
2019-01-08,11.63
2019-01-09,10.95
2019-01-10,24.73
2019-01-11,34.16
2019-01-14,12.75
2019-01-15,17.47
2019-01-16,17.41
2019-01-17,22.13
2019-01-18,24.48
2019-01-21,22.65
2019-01-22,8.49
2019-01-23,13.96
2019-01-24,13.55
2019-01-25,20.91
2019-01-28,22.28
2019-01-29,25.12
2019-01-30,14.91
2019-01-31,15.9
2019-02-01,9.87
2019-02-04,26.93
2019-02-05,23.1
2019-02-06,19.58
2019-02-07,30.01
2019-02-08,18.19
2019-02-11,19.27
2019-02-12,20.1
2019-02-13,23.65
2019-02-14,28.12
2019-02-15,19.2
2019-02-18,16.52
2019-02-19,26.07
2019-02-20,21.29
2019-02-21,8.12
2019-02-22,9.46
2019-02-25,24.98
2019-02-26,29.66
2019-02-27,23.37
2019-02-28,17.8
2019-03-01,17.6
2019-03-04,14.83
2019-03-05,9.61
2019-03-06,12.08
2019-03-07,18.23
2019-03-08,11.07
2019-03-11,27.81
2019-03-12,19.4
2019-03-13,17.94
2019-03-14,4.91
2019-03-15,18.41
2019-03-18,14.33
2019-03-19,24.56
2019-03-20,6.63
2019-03-21,3.19
2019-03-22,16.54
2019-03-25,16.33
2019-03-26,15.75
2019-03-27,25.48
2019-03-28,12.86
2019-03-29,16.84
2019-04-01,24.94
2019-04-02,37.13
2019-04-03,29.6
2019-04-04,16.46
2019-04-05,19.56
2019-04-08,28.27
2019-04-09,30.72
2019-04-10,22.52
2019-04-11,21.75
2019-04-12,7.02
2019-04-15,12.49
2019-04-16,26.05
2019-04-17,19.9
2019-04-18,16.17
2019-04-19,13.9
2019-04-22,20.98
2019-04-23,13.96
2019-04-24,21.32
2019-04-25,0.76
2019-04-26,29.04
2019-04-29,15.93
2019-04-30,20.75
2019-05-01,22.46
2019-05-02,35.22
2019-05-03,12.83
2019-05-06,15.55
2019-05-07,13.39
2019-05-08,22.91
2019-05-09,10.63
2019-05-10,22.14
2019-05-13,27.5
2019-05-14,28.17
2019-05-15,16.89
2019-05-16,28.07
2019-05-17,14.42
2019-05-20,13.08
2019-05-21,34.43
2019-05-22,35.85
2019-05-23,11.36
2019-05-24,4.39
2019-05-27,12.95
2019-05-28,20.91
2019-05-29,19.74
2019-05-30,26.79
2019-05-31,13.48
2019-06-03,30.64
2019-06-04,34.92
2019-06-05,12.6
2019-06-06,36.11
2019-06-07,16.87
2019-06-10,14.08
2019-06-11,22.5
2019-06-12,20.48
2019-06-13,18.14
2019-06-14,27.45
2019-06-17,12.31
2019-06-18,22.21
2019-06-19,11.39
2019-06-20,22.15
2019-06-21,18.26
2019-06-24,17.5
2019-06-25,22.48
2019-06-26,18.87
2019-06-27,23.48
2019-06-28,1.58
2019-07-01,7.22
2019-07-02,21.7
2019-07-03,21.55
2019-07-04,28.61
2019-07-05,28.98
2019-07-08,9.59
2019-07-09,14.6
2019-07-10,2.92
2019-07-11,21.04
2019-07-12,10.39
2019-07-15,23.54
2019-07-16,22.84
2019-07-17,8.44
2019-07-18,28.26
2019-07-19,15.27
2019-07-22,22.42
2019-07-23,23.54
2019-07-24,25.68
2019-07-25,11.95
2019-07-26,18.77
2019-07-29,9.99
2019-07-30,19.16
2019-07-31,27.03
2019-08-01,24.39
2019-08-02,20.95
2019-08-05,21.9
2019-08-06,8.48
2019-08-07,-1.15
2019-08-08,25.97
2019-08-09,0.91
2019-08-12,24.1
2019-08-13,16.78
2019-08-14,13.89
2019-08-15,13.2
2019-08-16,16.15
2019-08-19,24.7
2019-08-20,10.24
2019-08-21,10.09
2019-08-22,14.79
2019-08-23,29.69
2019-08-26,25.07
2019-08-27,16.26
2019-08-28,3.7
2019-08-29,23.97
2019-08-30,33.39
2019-09-02,21.66
2019-09-03,-0.32
2019-09-04,19.49
2019-09-05,27.15
2019-09-06,13.99
2019-09-09,17.97
2019-09-10,18.15
2019-09-11,15.93
2019-09-12,21.43
2019-09-13,30.05
2019-09-16,24.74
2019-09-17,29.72
2019-09-18,19.02
2019-09-19,20.43
2019-09-20,6.5
2019-09-23,26.17
2019-09-24,17.11
2019-09-25,20.11
2019-09-26,24.6
2019-09-27,18.17
2019-09-30,32.73
2019-10-01,24.94
2019-10-02,19.52
2019-10-03,11.24
2019-10-04,8.04
2019-10-07,29.19
2019-10-08,31.74
2019-10-09,19.32
2019-10-10,28.01
2019-10-11,-3.65
2019-10-14,13.92
2019-10-15,22.88
2019-10-16,27.59
2019-10-17,19.2
2019-10-18,17.43
2019-10-21,17.99
2019-10-22,21.27
2019-10-23,12.46
2019-10-24,15.14
2019-10-25,13.89
2019-10-28,23.12
2019-10-29,18.19
2019-10-30,9.41
2019-10-31,5.8
2019-11-01,20.82
2019-11-04,7.33
2019-11-05,21.73
2019-11-06,35.97
2019-11-07,4.17
2019-11-08,19.93
2019-11-11,21.26
2019-11-12,17.55
2019-11-13,20.97
2019-11-14,28.02
2019-11-15,14.97
2019-11-18,18.45
2019-11-19,27.17
2019-11-20,19.07
2019-11-21,6.76
2019-11-22,20.77
2019-11-25,23.35
2019-11-26,11.99
2019-11-27,13.23
2019-11-28,15.89
2019-11-29,14.25
2019-12-02,13.98
2019-12-03,15.31
2019-12-04,19.11
2019-12-05,20.68
2019-12-06,20.49
2019-12-09,21.77
2019-12-10,29.11
2019-12-11,19.64
2019-12-12,10.11
2019-12-13,17.25
2019-12-16,3.92
2019-12-17,24.94
2019-12-18,33.4
2019-12-19,11.92
2019-12-20,27.95
2019-12-23,23.99
2019-12-24,16.4
2019-12-25,17.21
2019-12-26,14.07
2019-12-27,18.98
2019-12-30,14.63
2019-12-31,32.71
2020-01-01,11.37
2020-01-02,26.39
2020-01-03,28.31
2020-01-06,7.57
2020-01-07,14.98
2020-01-08,32.2
2020-01-09,21.98
2020-01-10,24.87
2020-01-13,24.29
2020-01-14,14.32
2020-01-15,18.09
2020-01-16,-0.07
2020-01-17,25.22
2020-01-20,24.11
2020-01-21,24.24
2020-01-22,23.19
2020-01-23,24.51
2020-01-24,8.23
2020-01-27,5.41
2020-01-28,13.81
2020-01-29,10.12
2020-01-30,27.12
2020-01-31,13.7
2020-02-03,20.94
2020-02-04,9.39
2020-02-05,27.98
2020-02-06,27.56
2020-02-07,0.37
2020-02-10,21.68
2020-02-11,15.49
2020-02-12,18.3
2020-02-13,17.66
2020-02-14,13.05
2020-02-17,28.01
2020-02-18,15.35
2020-02-19,6.06
2020-02-20,17.74
2020-02-21,19.32
2020-02-24,3.8
2020-02-25,16.45
2020-02-26,17.49
2020-02-27,19.53
2020-02-28,21.96
2020-03-02,13.56
2020-03-03,23.9
2020-03-04,20.31
2020-03-05,9.45
2020-03-06,16.02
2020-03-09,21.52
2020-03-10,15.27
2020-03-11,20.11
2020-03-12,7.47
2020-03-13,9.28
2020-03-16,27.06
2020-03-17,20.78
2020-03-18,16.19
2020-03-19,19.41
2020-03-20,24.3
2020-03-23,22.74
2020-03-24,20.16
2020-03-25,13.93
2020-03-26,3.19
2020-03-27,17.24
2020-03-30,16.25
2020-03-31,30.28
2020-04-01,21.11
2020-04-02,27.92
2020-04-03,13.84
2020-04-06,21.64
2020-04-07,20.52
2020-04-08,12.19
2020-04-09,14.06
2020-04-10,12.62
2020-04-13,27.62
2020-04-14,22.9
2020-04-15,8.63
2020-04-16,7.28
2020-04-17,21.57
2020-04-20,14.66
2020-04-21,18.47
2020-04-22,28.1
2020-04-23,26.48
2020-04-24,24.58
2020-04-27,14.39
2020-04-28,19.38
2020-04-29,24.64
2020-04-30,18.33
2020-05-01,12.02
2020-05-04,9.4
2020-05-05,21.03
2020-05-06,11.75
2020-05-07,16.17
2020-05-08,12.78
2020-05-11,24.94
2020-05-12,26.98
2020-05-13,34.02
2020-05-14,8.2
2020-05-15,22.51
2020-05-18,23.64
2020-05-19,6.97
2020-05-20,28.61
2020-05-21,34.21
2020-05-22,28.19
2020-05-25,15.98
2020-05-26,7.73
2020-05-27,18.81
2020-05-28,28.4
2020-05-29,22.5
2020-06-01,17.89
2020-06-02,30.85
2020-06-03,24.69
2020-06-04,27.09
2020-06-05,11.94
2020-06-08,26.24
2020-06-09,16.01
2020-06-10,21.17
2020-06-11,16.41
2020-06-12,20.75
2020-06-15,16.3
2020-06-16,20.41
2020-06-17,-0.57
2020-06-18,7.88
2020-06-19,33.43
2020-06-22,13.62
2020-06-23,14.04
2020-06-24,17.45
2020-06-25,1.64
2020-06-26,21.26
2020-06-29,12.95
2020-06-30,21.03
2020-07-01,36.63
2020-07-02,15.09
2020-07-03,11.09
2020-07-06,29.4
2020-07-07,14.34
2020-07-08,27.38
2020-07-09,23.76
2020-07-10,23.84
2020-07-13,18.82
2020-07-14,9.64
2020-07-15,5.29
2020-07-16,16.72
2020-07-17,6.82
2020-07-20,14.71
2020-07-21,9.55
2020-07-22,14.26
2020-07-23,16.47
2020-07-24,21.9
2020-07-27,14.72
2020-07-28,20.39
2020-07-29,25.07
2020-07-30,15.1
2020-07-31,26.19
2020-08-03,24.51
2020-08-04,5.12
2020-08-05,17.22
2020-08-06,30.91
2020-08-07,26.48
2020-08-10,12.03
2020-08-11,34.06
2020-08-12,13.32
2020-08-13,10.33
2020-08-14,27.56
2020-08-17,10.76
2020-08-18,14.98
2020-08-19,15.82
2020-08-20,25.59
2020-08-21,19.9
2020-08-24,23.58
2020-08-25,17.76
2020-08-26,4.25
2020-08-27,21.24
2020-08-28,14.06
2020-08-31,19.28
2020-09-01,15.27
2020-09-02,25.07
2020-09-03,16.8
2020-09-04,4.91
2020-09-07,11.26
2020-09-08,12.57
2020-09-09,11.12
2020-09-10,37.63
2020-09-11,10.33
2020-09-14,13.58
2020-09-15,11.44
2020-09-16,5.36
2020-09-17,20.91
2020-09-18,14.68
2020-09-21,28.26
2020-09-22,29.68
2020-09-23,13.04
2020-09-24,0.88
2020-09-25,13.63
2020-09-28,23.7
2020-09-29,14.77
2020-09-30,14.39
2020-10-01,19.41
2020-10-02,17.59
2020-10-05,11.7
2020-10-06,23.03
2020-10-07,10.21
2020-10-08,27.9
2020-10-09,32.51
2020-10-12,28.58
2020-10-13,10.74
2020-10-14,9.71
2020-10-15,23.59
2020-10-16,19.41
2020-10-19,9.79
2020-10-20,17.45
2020-10-21,14.99
2020-10-22,17.29
2020-10-23,20.62
2020-10-26,14.26
2020-10-27,11.37
2020-10-28,0.93
2020-10-29,28.82
2020-10-30,10.07
2020-11-02,32.02
2020-11-03,17.7
2020-11-04,20.88
2020-11-05,15.21
2020-11-06,18.34
2020-11-09,23.97
2020-11-10,0.31
2020-11-11,30.57
2020-11-12,25.36
2020-11-13,6.64
2020-11-16,26.73
2020-11-17,10.97
2020-11-18,16.79
2020-11-19,18.65
2020-11-20,10.55
2020-11-23,13.74
2020-11-24,13.17
2020-11-25,11.88
2020-11-26,3.66
2020-11-27,30.67
2020-11-30,24.61
2020-12-01,13.12
2020-12-02,11.86
2020-12-03,28.38
2020-12-04,24.71
2020-12-07,14.59
2020-12-08,15.67
2020-12-09,21.78
2020-12-10,22.05
2020-12-11,18.66
2020-12-14,20.63
2020-12-15,15.83
2020-12-16,8.73
2020-12-17,21.37
2020-12-18,23.66
2020-12-21,18.85
2020-12-22,14.06
2020-12-23,13.4
2020-12-24,13.81
2020-12-25,24.19
2020-12-28,16.49
2020-12-29,28.97
2020-12-30,16.87
2020-12-31,9.48
2021-01-01,22.62
2021-01-04,17.54
2021-01-05,7.7
2021-01-06,22.08
2021-01-07,22.55
2021-01-08,28.31
2021-01-11,21.95
2021-01-12,13.68
2021-01-13,21.56
2021-01-14,13.12
2021-01-15,25.72
2021-01-18,29.88
2021-01-19,18.09
2021-01-20,3.5
2021-01-21,17.82
2021-01-22,20.19
2021-01-25,20.21
2021-01-26,11.35
2021-01-27,27.5
2021-01-28,27.53
2021-01-29,1.48
2021-02-01,18.74
2021-02-02,24.61
2021-02-03,26.05
2021-02-04,21.12
2021-02-05,25.96
2021-02-08,12.0
2021-02-09,11.75
2021-02-10,14.01
2021-02-11,22.78
2021-02-12,27.77
2021-02-15,17.68
2021-02-16,17.05
2021-02-17,19.54
2021-02-18,12.58
2021-02-19,20.55
2021-02-22,20.17
2021-02-23,23.74
2021-02-24,14.46
2021-02-25,24.74
2021-02-26,17.24
2021-03-01,14.92
2021-03-02,10.93
2021-03-03,23.98
2021-03-04,17.33
2021-03-05,17.93
2021-03-08,18.63
2021-03-09,5.54
2021-03-10,18.16
2021-03-11,17.29
2021-03-12,26.9
2021-03-15,23.8
2021-03-16,22.73
2021-03-17,35.35
2021-03-18,15.62
2021-03-19,12.85
2021-03-22,17.71
2021-03-23,13.75
2021-03-24,12.25
2021-03-25,35.78
2021-03-26,32.2
2021-03-29,17.67
2021-03-30,16.05
2021-03-31,7.84
2021-04-01,19.37
2021-04-02,13.76
2021-04-05,9.16
2021-04-06,17.25
2021-04-07,17.04
2021-04-08,14.05
2021-04-09,6.62
2021-04-12,20.9
2021-04-13,11.56
2021-04-14,10.26
2021-04-15,23.51
2021-04-16,6.18
2021-04-19,11.66
2021-04-20,21.63
2021-04-21,22.16
2021-04-22,18.63
2021-04-23,5.12
2021-04-26,12.46
2021-04-27,20.37
2021-04-28,10.18
2021-04-29,7.74
2021-04-30,12.27
2021-05-03,9.32
2021-05-04,18.03
2021-05-05,11.28
2021-05-06,15.81
2021-05-07,13.11
2021-05-10,26.27
2021-05-11,24.57
2021-05-12,14.92
2021-05-13,5.46
2021-05-14,21.13
2021-05-17,32.37
2021-05-18,15.08
2021-05-19,14.73
2021-05-20,9.58
2021-05-21,26.03
2021-05-24,24.33
2021-05-25,19.92
2021-05-26,32.05
2021-05-27,6.16
2021-05-28,-1.49
2021-05-31,25.6
2021-06-01,20.62
2021-06-02,20.84
2021-06-03,20.63
2021-06-04,14.82
2021-06-07,4.2
2021-06-08,13.02
2021-06-09,21.37
2021-06-10,27.44
2021-06-11,16.3
2021-06-14,28.75
2021-06-15,19.49
2021-06-16,9.25
2021-06-17,10.93
2021-06-18,-2.03
2021-06-21,21.0
2021-06-22,12.57
2021-06-23,15.48
2021-06-24,29.46
2021-06-25,0.27
2021-06-28,8.97
2021-06-29,13.51
2021-06-30,12.19
2021-07-01,27.58
2021-07-02,25.5
2021-07-05,20.58
2021-07-06,15.54
2021-07-07,18.29
2021-07-08,12.19
2021-07-09,25.91
2021-07-12,27.44
2021-07-13,25.39
2021-07-14,8.86
2021-07-15,23.58
2021-07-16,16.52
2021-07-19,31.25
2021-07-20,25.3
2021-07-21,17.82
2021-07-22,12.19
2021-07-23,19.63
2021-07-26,12.36
2021-07-27,12.69
2021-07-28,21.93
2021-07-29,16.92
2021-07-30,16.05
2021-08-02,3.87
2021-08-03,4.23
2021-08-04,5.8
2021-08-05,4.98
2021-08-06,21.39
2021-08-09,22.47
2021-08-10,16.78
2021-08-11,4.36
2021-08-12,9.81
2021-08-13,15.19
2021-08-16,16.6
2021-08-17,15.0
2021-08-18,37.06
2021-08-19,19.05
2021-08-20,24.59
2021-08-23,32.21
2021-08-24,5.96
2021-08-25,5.38
2021-08-26,22.69
2021-08-27,8.39
2021-08-30,21.68
2021-08-31,25.79
2021-09-01,13.93
2021-09-02,18.54
2021-09-03,17.9
2021-09-06,29.5
2021-09-07,17.42
2021-09-08,16.0
2021-09-09,19.7
2021-09-10,18.39
2021-09-13,18.18
2021-09-14,17.45
2021-09-15,28.96
2021-09-16,13.46
2021-09-17,19.24
2021-09-20,16.03
2021-09-21,20.67
2021-09-22,3.58
2021-09-23,25.18
2021-09-24,12.21
2021-09-27,18.33
2021-09-28,35.89
2021-09-29,8.44
2021-09-30,19.83
2021-10-01,14.64
2021-10-04,15.57
2021-10-05,15.28
2021-10-06,14.7
2021-10-07,30.57
2021-10-08,11.36
2021-10-11,32.43
2021-10-12,20.61
2021-10-13,11.16
2021-10-14,6.27
2021-10-15,25.49
2021-10-18,17.85
2021-10-19,24.49
2021-10-20,32.42
2021-10-21,12.11
2021-10-22,15.43
2021-10-25,15.55
2021-10-26,7.16
2021-10-27,16.83
2021-10-28,7.16
2021-10-29,11.55
2021-11-01,12.23
2021-11-02,11.94
2021-11-03,17.68
2021-11-04,25.28
2021-11-05,19.9
2021-11-08,-0.67
2021-11-09,25.43
2021-11-10,14.0
2021-11-11,12.3
2021-11-12,23.45
2021-11-15,8.68
2021-11-16,9.73
2021-11-17,15.45
2021-11-18,27.97
2021-11-19,17.49
2021-11-22,26.7
2021-11-23,19.03
2021-11-24,19.51
2021-11-25,10.79
2021-11-26,15.98
2021-11-29,11.94
2021-11-30,14.98
2021-12-01,24.95
2021-12-02,22.04
2021-12-03,18.62
2021-12-06,24.04
2021-12-07,11.09
2021-12-08,37.91
2021-12-09,29.22
2021-12-10,19.77
2021-12-13,16.22
2021-12-14,20.57
2021-12-15,13.82
2021-12-16,15.05
2021-12-17,9.57
2021-12-20,15.87
2021-12-21,16.24
2021-12-22,31.17
2021-12-23,19.91
2021-12-24,9.01
2021-12-27,14.28
2021-12-28,21.29
2021-12-29,22.16
2021-12-30,28.46
2021-12-31,29.6
2022-01-03,22.4
2022-01-04,18.19
2022-01-05,8.25
2022-01-06,24.08
2022-01-07,18.64
2022-01-10,15.21
2022-01-11,14.35
2022-01-12,23.52
2022-01-13,23.04
2022-01-14,11.59
2022-01-17,32.2
2022-01-18,21.77
2022-01-19,5.32
2022-01-20,36.03
2022-01-21,18.11
2022-01-24,14.02
2022-01-25,14.79
2022-01-26,25.1
2022-01-27,13.31
2022-01-28,15.78
2022-01-31,2.52
2022-02-01,18.21
2022-02-02,15.41
2022-02-03,16.34
2022-02-04,28.44
2022-02-07,18.99
2022-02-08,18.45
2022-02-09,16.65
2022-02-10,15.41
2022-02-11,15.75
2022-02-14,29.11
2022-02-15,28.59
2022-02-16,17.77
2022-02-17,22.66
2022-02-18,31.3
2022-02-21,21.18
2022-02-22,17.69
2022-02-23,19.38
2022-02-24,10.99
2022-02-25,24.47
2022-02-28,11.97
2022-03-01,8.19
2022-03-02,25.72
2022-03-03,6.83
2022-03-04,13.9
2022-03-07,5.64
2022-03-08,4.93
2022-03-09,24.48
2022-03-10,8.2
2022-03-11,23.31
2022-03-14,12.32
2022-03-15,15.2
2022-03-16,19.68
2022-03-17,28.17
2022-03-18,20.21
2022-03-21,11.55
2022-03-22,22.14
2022-03-23,24.01
2022-03-24,28.87
2022-03-25,14.69
2022-03-28,13.22
2022-03-29,9.27
2022-03-30,11.21
2022-03-31,27.58
2022-04-01,28.39
2022-04-04,8.91
2022-04-05,24.01
2022-04-06,0.76
2022-04-07,16.39
2022-04-08,5.79
2022-04-11,10.7
2022-04-12,31.02
2022-04-13,20.44
2022-04-14,18.66
2022-04-15,27.33
2022-04-18,12.37
2022-04-19,23.6
2022-04-20,22.25
2022-04-21,26.86
2022-04-22,19.84
2022-04-25,13.71
2022-04-26,19.35
2022-04-27,6.35
2022-04-28,26.75
2022-04-29,27.01
2022-05-02,19.06
2022-05-03,16.55
2022-05-04,23.61
2022-05-05,24.89
2022-05-06,21.38
2022-05-09,5.16
2022-05-10,29.15
2022-05-11,20.6
2022-05-12,11.09
2022-05-13,15.15
2022-05-16,10.91
2022-05-17,23.74
2022-05-18,11.98
2022-05-19,22.15
2022-05-20,18.16
2022-05-23,19.65
2022-05-24,25.61
2022-05-25,21.49
2022-05-26,22.42
2022-05-27,10.67
2022-05-30,12.84
2022-05-31,3.37
2022-06-01,27.92
2022-06-02,10.0
2022-06-03,13.21
2022-06-06,9.86
2022-06-07,13.07
2022-06-08,29.16
2022-06-09,6.87
2022-06-10,15.88
2022-06-13,9.59
2022-06-14,15.87
2022-06-15,19.07
2022-06-16,20.79
2022-06-17,16.15
2022-06-20,20.14
2022-06-21,12.39
2022-06-22,35.98
2022-06-23,23.26
2022-06-24,22.72
2022-06-27,9.15
2022-06-28,10.2
2022-06-29,18.44
2022-06-30,23.18
2022-07-01,28.73
2022-07-04,16.64
2022-07-05,4.19
2022-07-06,22.84
2022-07-07,8.22
2022-07-08,20.64
2022-07-11,22.56
2022-07-12,25.85
2022-07-13,25.61
2022-07-14,15.11
2022-07-15,24.11
2022-07-18,17.97
2022-07-19,33.33
2022-07-20,14.53
2022-07-21,17.26
2022-07-22,31.79
2022-07-25,10.29
2022-07-26,25.05
2022-07-27,5.37
2022-07-28,24.74
2022-07-29,7.88
2022-08-01,32.81
2022-08-02,25.15
2022-08-03,23.08
2022-08-04,29.17
2022-08-05,9.1
2022-08-08,22.05
2022-08-09,19.15
2022-08-10,19.43
2022-08-11,10.82
2022-08-12,19.94
2022-08-15,26.21
2022-08-16,14.8
2022-08-17,7.15
2022-08-18,1.85
2022-08-19,28.6
2022-08-22,8.01
2022-08-23,19.35
2022-08-24,35.08
2022-08-25,19.6
2022-08-26,27.99
2022-08-29,20.81
2022-08-30,22.05
2022-08-31,24.0
2022-09-01,16.92
2022-09-02,22.99
2022-09-05,23.99
2022-09-06,10.62
2022-09-07,22.03
2022-09-08,22.4
2022-09-09,22.81
2022-09-12,18.23
2022-09-13,15.75
2022-09-14,12.2
2022-09-15,13.34
2022-09-16,20.88
2022-09-19,24.02
2022-09-20,10.99
2022-09-21,10.13
2022-09-22,24.56
2022-09-23,30.75
2022-09-26,14.8
2022-09-27,21.78
2022-09-28,30.4
2022-09-29,8.02
2022-09-30,24.57
2022-10-03,23.79
2022-10-04,27.47
2022-10-05,21.0
2022-10-06,27.27
2022-10-07,11.11
2022-10-10,9.38
2022-10-11,21.66
2022-10-12,12.7
2022-10-13,22.88
2022-10-14,27.47
2022-10-17,17.74
2022-10-18,25.02
2022-10-19,18.37
2022-10-20,15.79
2022-10-21,15.73
2022-10-24,22.83
2022-10-25,34.3
2022-10-26,12.95
2022-10-27,10.49
2022-10-28,16.62
2022-10-31,5.11
2022-11-01,23.78
2022-11-02,31.74
2022-11-03,8.22
2022-11-04,17.96
2022-11-07,8.09
2022-11-08,19.66
2022-11-09,18.41
2022-11-10,29.4
2022-11-11,19.41
2022-11-14,27.13
2022-11-15,11.69
2022-11-16,25.17
2022-11-17,16.67
2022-11-18,5.99
2022-11-21,16.22
2022-11-22,16.86
2022-11-23,12.88
2022-11-24,19.07
2022-11-25,11.24
2022-11-28,20.95
2022-11-29,7.08
2022-11-30,28.82
2022-12-01,18.06
2022-12-02,14.68
2022-12-05,14.67
2022-12-06,18.66
2022-12-07,13.49
2022-12-08,17.37
2022-12-09,14.1
2022-12-12,24.83
2022-12-13,17.31
2022-12-14,25.98
2022-12-15,10.98
2022-12-16,22.05
2022-12-19,37.81
2022-12-20,14.13
2022-12-21,12.78
2022-12-22,11.02
2022-12-23,12.73
2022-12-26,4.17
2022-12-27,31.77
2022-12-28,20.32
2022-12-29,16.98
2022-12-30,22.6
2023-01-02,33.55
2023-01-03,9.62
2023-01-04,19.73
2023-01-05,22.77
2023-01-06,16.55
2023-01-09,39.14
2023-01-10,6.89
2023-01-11,13.38
2023-01-12,10.25
2023-01-13,20.05
2023-01-16,20.35
2023-01-17,33.3
2023-01-18,7.58
2023-01-19,26.18
2023-01-20,22.02
2023-01-23,25.16
2023-01-24,14.91
2023-01-25,14.75
2023-01-26,24.25
2023-01-27,10.23
2023-01-30,12.55
2023-01-31,24.75
2023-02-01,15.26
2023-02-02,28.47
2023-02-03,15.98
2023-02-06,20.11
2023-02-07,7.83
2023-02-08,22.11
2023-02-09,-3.39
2023-02-10,7.86
2023-02-13,26.15
2023-02-14,17.89
2023-02-15,23.89
2023-02-16,6.44
2023-02-17,21.83
2023-02-20,21.29
2023-02-21,14.29
2023-02-22,12.08
2023-02-23,21.45
2023-02-24,24.11
2023-02-27,21.34
2023-02-28,17.29
2023-03-01,21.38
2023-03-02,18.34
2023-03-03,5.62
2023-03-06,23.53
2023-03-07,16.89
2023-03-08,16.74
2023-03-09,26.5
2023-03-10,13.4
2023-03-13,18.51
2023-03-14,11.82
2023-03-15,-4.16
2023-03-16,13.92
2023-03-17,5.85
2023-03-20,3.43
2023-03-21,23.43
2023-03-22,30.6
2023-03-23,14.66
2023-03-24,25.14
2023-03-27,16.55
2023-03-28,8.93
2023-03-29,19.16
2023-03-30,23.9
2023-03-31,35.9
2023-04-03,16.09
2023-04-04,32.33
2023-04-05,23.26
2023-04-06,13.2
2023-04-07,30.01
2023-04-10,20.12
2023-04-11,13.92
2023-04-12,17.86
2023-04-13,24.98
2023-04-14,13.56
2023-04-17,8.77
2023-04-18,21.0
2023-04-19,17.66
2023-04-20,11.39
2023-04-21,9.71
2023-04-24,26.99
2023-04-25,13.39
2023-04-26,11.85
2023-04-27,1.57
2023-04-28,12.89
2023-05-01,20.61
2023-05-02,20.03
2023-05-03,6.98
2023-05-04,35.12
2023-05-05,3.11
2023-05-08,18.32
2023-05-09,-2.1
2023-05-10,13.67
2023-05-11,18.38
2023-05-12,24.48
2023-05-15,29.18
2023-05-16,11.97
2023-05-17,5.77
2023-05-18,20.11
2023-05-19,21.27
2023-05-22,14.61
2023-05-23,28.15
2023-05-24,16.36
2023-05-25,27.13
2023-05-26,5.48
2023-05-29,17.34
2023-05-30,26.74
2023-05-31,13.4
2023-06-01,32.45
2023-06-02,18.91
2023-06-05,36.71
2023-06-06,18.31
2023-06-07,11.12
2023-06-08,12.83
2023-06-09,19.51
2023-06-12,13.88
2023-06-13,4.56
2023-06-14,13.69
2023-06-15,20.63
2023-06-16,15.06
2023-06-19,12.65
2023-06-20,34.74
2023-06-21,17.23
2023-06-22,25.47
2023-06-23,13.59
2023-06-26,12.22
2023-06-27,26.55
2023-06-28,19.28
2023-06-29,12.09
2023-06-30,1.25
2023-07-03,14.73
2023-07-04,29.86
2023-07-05,26.95
2023-07-06,22.8
2023-07-07,17.13
2023-07-10,17.81
2023-07-11,17.65
2023-07-12,4.73
2023-07-13,11.26
2023-07-14,17.44
2023-07-17,27.13
2023-07-18,25.62
2023-07-19,19.23
2023-07-20,14.78
2023-07-21,15.63
2023-07-24,0.14
2023-07-25,26.33
2023-07-26,16.54
2023-07-27,19.54
2023-07-28,20.53
2023-07-31,17.11
2023-08-01,27.62
2023-08-02,27.74
2023-08-03,32.82
2023-08-04,22.25
2023-08-07,11.8
2023-08-08,19.17
2023-08-09,22.61
2023-08-10,22.3
2023-08-11,25.66
2023-08-14,31.92
2023-08-15,18.43
2023-08-16,14.99
2023-08-17,42.67
2023-08-18,11.75
2023-08-21,15.78
2023-08-22,22.49
2023-08-23,31.69
2023-08-24,20.3
2023-08-25,9.75
2023-08-28,25.0
2023-08-29,20.38
2023-08-30,13.89
2023-08-31,11.54
2023-09-01,16.93
2023-09-04,15.38
2023-09-05,14.44
2023-09-06,21.23
2023-09-07,13.11
2023-09-08,14.47
2023-09-11,21.8
2023-09-12,8.21
2023-09-13,15.85
2023-09-14,26.23
2023-09-15,16.02
2023-09-18,27.27
2023-09-19,12.23
2023-09-20,12.17
2023-09-21,7.55
2023-09-22,10.58
2023-09-25,22.78
2023-09-26,13.87
2023-09-27,9.42
2023-09-28,18.59
2023-09-29,15.02
2023-10-02,15.5
2023-10-03,19.19
2023-10-04,25.11
2023-10-05,18.46
2023-10-06,22.23
